name,Datetime,tempmax,tempmin,Temperature,feelslikemax,feelslikemin,feelslike,dew,Humidity,Precipitation,Precipitation_Probability,Precipation_Cover,Rain_Occurence,Wind_Gust,Wind_Speed,Wind_Direction,Sea_Level_Pressure,Cloud_Cover,Visibility,solarradiation,solarenergy,uvindex,severerisk,sunrise,sunset,Moon_Phase,Conditions,Description,icon,stations
lagos,7/4/2024,30,24,26.8,36.1,24,29.4,24.3,86.7,7.4,100,58.33,1,18.6,13.9,229.1,1014,42.8,5.2,200.2,17.3,6,10,2024-07-04T06:36:28,2024-07-04T19:05:34,0.95,"Rain, Partially cloudy",Partly cloudy throughout the day with a chance of rain throughout the day.,rain,DNMM
lagos,7/5/2024,30,24,27.5,36.1,24,30.6,24.4,83.4,3.8,100,45.83,1,15.2,12.8,243.3,1014.3,46.3,6.4,234.3,20.1,8,30,2024-07-05T06:36:42,2024-07-05T19:05:41,0,"Rain, Partially cloudy",Partly cloudy throughout the day with a chance of rain throughout the day.,rain,"DNMM,remote"
lagos,7/6/2024,27.3,25,26.7,30.1,25,28.1,23.2,81.5,7,100,75,1,19.9,17,225,1012.8,74.3,12.8,261.4,22.6,9,30,2024-07-06T06:36:55,2024-07-06T19:05:48,0.02,"Rain, Partially cloudy",Partly cloudy throughout the day with storms possible.,rain,DNMM
lagos,7/7/2024,27.3,25.8,26.5,30,25.8,27.1,23,81.2,10.6,96.8,66.67,1,20.1,17.9,230,1012.9,99.7,12.5,256,21.9,9,30,2024-07-07T06:37:08,2024-07-07T19:05:54,0.05,"Rain, Overcast",Cloudy skies throughout the day with storms possible.,rain,
lagos,7/8/2024,26.4,25,25.9,26.4,25,25.9,22.9,83.7,15.9,90.3,91.67,1,19.2,17.7,244.7,1012.6,98.5,10.2,83.7,7.2,3,10,2024-07-08T06:37:21,2024-07-08T19:05:59,0.08,"Rain, Overcast",Cloudy skies throughout the day with a chance of rain throughout the day.,rain,
lagos,7/9/2024,26.9,24.9,25.9,29.2,24.9,26,22.8,82.9,18.5,87.1,83.33,1,21,18.8,247.6,1012.2,95.3,8.9,115.1,9.9,6,10,2024-07-09T06:37:34,2024-07-09T19:06:04,0.11,"Rain, Overcast",Cloudy skies throughout the day with a chance of rain throughout the day.,rain,
lagos,7/10/2024,26,24.7,25.3,26,24.7,25.3,22.8,86.3,26.3,80.6,87.5,1,22.6,19,239,1013.1,92.7,5.7,98.8,8.5,5,10,2024-07-10T06:37:47,2024-07-10T19:06:08,0.15,"Rain, Overcast",Cloudy skies throughout the day with a chance of rain throughout the day.,rain,
lagos,7/11/2024,25.7,24.1,24.8,25.7,24.1,24.8,22.6,87.8,31.3,71,33.33,1,21.5,16.6,253.2,1014.7,99.9,7,26.4,2.1,1,10,2024-07-11T06:37:59,2024-07-11T19:06:11,0.18,"Rain, Overcast",Cloudy skies throughout the day with a chance of rain throughout the day.,rain,
lagos,7/12/2024,26.1,24.3,25.2,26.1,24.3,25.2,22.3,84.3,12,41.9,29.17,1,17.3,14.7,254.9,1015.6,92.6,10.1,55.6,4.8,2,10,2024-07-12T06:38:11,2024-07-12T19:06:14,0.21,Overcast,Cloudy skies throughout the day.,cloudy,
lagos,7/13/2024,26.5,25.5,26,26.5,25.5,26,22,78.6,2.5,45.2,25,1,19.9,18.8,238.1,1015.5,97.4,12.8,151.3,12.9,5,10,2024-07-13T06:38:23,2024-07-13T19:06:16,0.25,"Rain, Overcast",Cloudy skies throughout the day with rain clearing later.,rain,
lagos,7/14/2024,26.1,25.6,25.8,26.1,25.6,25.8,22.3,80.7,2.7,32.3,29.17,1,22.4,20.1,229.8,1015.5,94.2,14.2,221.8,19.2,7,10,2024-07-14T06:38:34,2024-07-14T19:06:17,0.27,Overcast,Cloudy skies throughout the day.,cloudy,
lagos,7/15/2024,26.4,25.4,25.9,26.4,25.4,25.9,21.6,77.4,3.4,38.7,29.17,1,20.4,18.6,223.8,1016.1,99.2,12.8,163.5,14.2,5,10,2024-07-15T06:38:46,2024-07-15T19:06:18,0.31,Overcast,Cloudy skies throughout the day.,cloudy,
lagos,7/16/2024,26.2,25.5,25.8,26.2,25.5,25.8,21.4,76.5,2.2,35.5,25,1,19.9,19.2,232.5,1015.8,96.4,13.9,220.9,19.2,7,10,2024-07-16T06:38:57,2024-07-16T19:06:18,0.34,Overcast,Cloudy skies throughout the day.,cloudy,
lagos,7/17/2024,26.1,25.5,25.9,26.1,25.5,25.9,20.8,73.7,0.2,29,8.33,1,17.7,16.1,236.3,1016.1,84.2,15,158,13.8,5,10,2024-07-17T06:39:07,2024-07-17T19:06:17,0.37,Partially cloudy,Partly cloudy throughout the day.,partly-cloudy-day,
lagos,7/18/2024,26,25.5,25.7,26,25.5,25.7,21.6,77.8,1,32.3,12.5,1,19.5,19,231.6,1015.4,64.6,14.9,208,18,7,10,2024-07-18T06:39:17,2024-07-18T19:06:16,0.4,Partially cloudy,Partly cloudy throughout the day.,partly-cloudy-day,
lagos,7/19/2024,26.3,25.7,26,26.3,25.7,26,20.9,73.8,0.7,16.1,25,1,20.6,19,234.4,1015.3,92.4,14.3,157.9,13.5,6,10,2024-07-19T06:39:27,2024-07-19T19:06:14,0.44,Overcast,Cloudy skies throughout the day.,cloudy,
lagos,7/20/2024,26.3,25.8,26,26.3,25.8,26,21,74.1,1.2,22.6,16.67,1,22.4,21,234.9,1015.5,38.3,14.6,201.8,17.4,8,10,2024-07-20T06:39:36,2024-07-20T19:06:11,0.47,Partially cloudy,Partly cloudy throughout the day.,partly-cloudy-day,
lagos,7/21/2024,28,23.8,25.7,0,0,32.3,23.3,87.3,9.7,0,0,,18.8,19.5,226.8,1014.4,72.1,5.6,,,,,2024-07-21T06:39:45,2024-07-21T19:06:07,0.5,Partially cloudy,,partly-cloudy-day,
lagos,7/22/2024,28.3,23.4,25.7,0,0,32.7,23.3,87.3,12.5,0,0,,18.6,17.7,233.1,1014.3,73,5.8,,,,,2024-07-22T06:39:54,2024-07-22T19:06:03,0.54,Partially cloudy,,partly-cloudy-day,
lagos,7/23/2024,28,23.7,25.8,0,0,32.5,23.4,87.3,6.5,0,0,,16.3,15.4,235.1,1014.4,72.7,5.5,,,,,2024-07-23T06:40:02,2024-07-23T19:05:58,0.57,Partially cloudy,,partly-cloudy-day,
lagos,7/24/2024,28.2,23.4,25.4,0,0,33,23.2,88.2,5,0,0,,13.4,15.7,230.3,1014.3,70.1,5.7,,,,,2024-07-24T06:40:10,2024-07-24T19:05:52,0.61,Partially cloudy,,partly-cloudy-day,
lagos,7/25/2024,28.3,23.6,25.7,0,0,32.7,23.2,86.6,3.3,0,0,,19.5,16.8,237.5,1014.3,72,5.7,,,,,2024-07-25T06:40:17,2024-07-25T19:05:46,0.64,Partially cloudy,,partly-cloudy-day,
lagos,7/26/2024,28.2,23.8,25.7,0,0,32.1,23.2,86.4,5,0,0,,17.7,17.7,237.1,1014.3,71.5,5.7,,,,,2024-07-26T06:40:24,2024-07-26T19:05:38,0.68,Partially cloudy,,partly-cloudy-day,
lagos,7/27/2024,27.9,23.8,25.6,0,0,32.4,23.3,87.7,2.3,0,0,,16.8,17.2,233,1014.2,72,5.8,,,,,2024-07-27T06:40:31,2024-07-27T19:05:30,0.71,Partially cloudy,,partly-cloudy-day,
lagos,7/28/2024,28.3,23.7,25.8,0,0,32.9,23.2,86.5,8.2,0,0,,17.9,17.2,235.6,1014,75.1,5.9,,,,,2024-07-28T06:40:37,2024-07-28T19:05:22,0.75,Partially cloudy,,partly-cloudy-day,
lagos,7/29/2024,27.9,23.9,25.6,0,0,32,23.2,87,3.7,0,0,,17.9,15.9,235.5,1014,73.2,5.8,,,,,2024-07-29T06:40:42,2024-07-29T19:05:12,0.79,Partially cloudy,,partly-cloudy-day,
lagos,7/30/2024,28.2,23.4,25.5,0,0,32.1,23.1,86.8,2.2,0,0,,21.5,16.3,238.1,1014.4,71.8,6,,,,,2024-07-30T06:40:47,2024-07-30T19:05:02,0.82,Partially cloudy,,partly-cloudy-day,
lagos,7/31/2024,28,23.7,25.5,0,0,31.7,23,86.4,2.5,5,2,,19.5,15.2,237.6,1013.9,72.8,5.8,,,,,2024-07-31T06:40:52,2024-07-31T19:04:51,0.86,Partially cloudy,,partly-cloudy-day,
lagos,8/1/2024,28.2,23.6,25.7,0,0,32,23,85.8,0.8,0,0,,13.9,16.1,236.8,1013.9,73.2,5.8,,,,,2024-08-01T06:40:56,2024-08-01T19:04:39,0.89,Partially cloudy,,partly-cloudy-day,
lagos,8/2/2024,28.2,23.5,25.6,0,0,32.2,23,86.2,2.1,0,0,,16.1,16.3,232.4,1014.3,71.3,5.9,,,,,2024-08-02T06:40:59,2024-08-02T19:04:26,0.93,Partially cloudy,,partly-cloudy-day,
lagos,8/3/2024,27.9,23.6,25.4,0,0,31.8,22.9,86.3,3.6,5,2,,13.9,21,235.3,1014,74.5,5.8,,,,,2024-08-03T06:41:02,2024-08-03T19:04:13,0.96,Partially cloudy,,partly-cloudy-day,
lagos,8/4/2024,28.3,23.5,25.5,0,0,32.3,22.8,85.5,1.8,0,0,,17.4,16.6,233.1,1014,73.4,6,,,,,2024-08-04T06:41:05,2024-08-04T19:03:59,0,Partially cloudy,,partly-cloudy-day,
lagos,8/5/2024,27.8,23.6,25.5,0,0,32.7,22.8,85.6,14.7,5.3,2,,16.1,16.1,235.5,1013.8,71.9,5.8,,,,,2024-08-05T06:41:07,2024-08-05T19:03:45,0.03,Partially cloudy,,partly-cloudy-day,
lagos,8/6/2024,27.8,23.5,25.3,0,0,32.2,22.8,86.4,0.5,0,0,,19.2,15.4,233.8,1014.4,74.4,6,,,,,2024-08-06T06:41:09,2024-08-06T19:03:29,0.07,Partially cloudy,,partly-cloudy-day,
lagos,8/7/2024,28.5,23.6,25.6,0,0,32.2,22.9,85.2,1.3,0,0,,17,16.1,233.4,1013.9,73.7,6,,,,,2024-08-07T06:41:10,2024-08-07T19:03:13,0.1,Partially cloudy,,partly-cloudy-day,
lagos,8/8/2024,28.6,23.2,25.8,0,0,32.6,22.9,84.5,4.2,0,0,,17.9,17,228.8,1014.7,73.1,6,,,,,2024-08-08T06:41:11,2024-08-08T19:02:57,0.13,Partially cloudy,,partly-cloudy-day,
lagos,8/9/2024,28.6,23.5,25.6,0,0,32.1,22.8,85.3,0.7,0,0,,18.1,16.8,230.4,1015,70.7,6,,,,,2024-08-09T06:41:11,2024-08-09T19:02:39,0.16,Partially cloudy,,partly-cloudy-day,
lagos,8/10/2024,28.5,23.4,25.5,0,0,33.5,22.9,86.4,0.2,0,0,,19,16.3,232.6,1014.1,71.1,5.8,,,,,2024-08-10T06:41:10,2024-08-10T19:02:21,0.2,Partially cloudy,,partly-cloudy-day,
lagos,8/11/2024,28.8,23.7,25.7,0,0,32.4,22.9,84.9,1.2,0,0,,18.3,16.3,234.1,1014.2,70.2,6,,,,,2024-08-11T06:41:10,2024-08-11T19:02:02,0.23,Partially cloudy,,partly-cloudy-day,
lagos,8/12/2024,28.5,23.8,25.9,0,0,32.2,22.9,84.1,0.9,0,0,,18.8,17.2,231.9,1013.8,72.1,6.2,,,,,2024-08-12T06:41:08,2024-08-12T19:01:43,0.25,Partially cloudy,,partly-cloudy-day,
lagos,8/13/2024,28,23.7,25.5,0,0,31.5,22.9,86,1.7,0,0,,15.7,17.7,233.8,1014,74.4,6,,,,,2024-08-13T06:41:07,2024-08-13T19:01:23,0.29,Partially cloudy,,partly-cloudy-day,
lagos,8/14/2024,28.1,23.8,25.6,0,0,31.7,22.9,85.5,2.7,0,0,,14.3,15.4,232.1,1014,74.2,6,,,,,2024-08-14T06:41:05,2024-08-14T19:01:02,0.33,Partially cloudy,,partly-cloudy-day,
lagos,8/15/2024,28.3,23.6,25.4,0,0,32.4,23,86.9,0.5,0,0,,13.6,15.4,226,1014.9,71.6,5.8,,,,,2024-08-15T06:41:02,2024-08-15T19:00:41,0.36,Partially cloudy,,partly-cloudy-day,
lagos,8/16/2024,28,22.9,25.4,0,0,31.8,22.7,85.6,0.5,0,0,,17.4,16.1,229.8,1014.4,71,5.9,,,,,2024-08-16T06:40:59,2024-08-16T19:00:19,0.39,Partially cloudy,,partly-cloudy-day,
lagos,8/17/2024,28.1,23.7,25.8,0,0,32.6,22.7,83.8,1.4,0,0,,16.1,15.2,231,1014.2,74,6.2,,,,,2024-08-17T06:40:55,2024-08-17T18:59:57,0.42,Partially cloudy,,partly-cloudy-day,
lagos,8/18/2024,28.6,23.7,25.8,0,0,32.5,22.9,85,0.4,0,0,,17.7,16.1,233,1013.9,72.8,6,,,,,2024-08-18T06:40:51,2024-08-18T18:59:34,0.46,Partially cloudy,,partly-cloudy-day,
lagos,8/19/2024,28.3,23.4,25.6,0,0,32.8,22.7,85.1,5.8,0,0,,18.6,14.5,215.9,1014,73,5.8,,,,,2024-08-19T06:40:47,2024-08-19T18:59:10,0.5,Partially cloudy,,partly-cloudy-day,
lagos,8/20/2024,28.4,23.6,25.5,0,0,32.3,23,86.7,6,0,0,,16.6,15.4,226.1,1014.1,74,5.7,,,,,2024-08-20T06:40:42,2024-08-20T18:58:46,0.52,Partially cloudy,,partly-cloudy-day,
lagos,8/21/2024,28.3,23.6,25.6,0,0,32.4,23,86.1,1.3,0,0,,16.6,17.2,232.7,1014.2,72.4,5.9,,,,,2024-08-21T06:40:37,2024-08-21T18:58:22,0.56,Partially cloudy,,partly-cloudy-day,
lagos,8/22/2024,27.7,23.8,25.5,0,0,31.7,23.1,87.3,2.7,0,0,,19.9,14.5,232.9,1014,73.8,5.9,,,,,2024-08-22T06:40:32,2024-08-22T18:57:57,0.59,Partially cloudy,,partly-cloudy-day,
lagos,8/23/2024,28.4,23.7,25.6,0,0,32.1,23,86.2,5.7,5.3,2,,19.5,17.9,224.5,1013.7,74.4,6.1,,,,,2024-08-23T06:40:26,2024-08-23T18:57:31,0.63,Partially cloudy,,partly-cloudy-day,
lagos,8/24/2024,28.3,23.7,25.6,0,0,32.5,23.1,86.6,2.5,0,0,,21.3,14.5,227.9,1014.5,74.4,5.9,,,,,2024-08-24T06:40:19,2024-08-24T18:57:05,0.66,Partially cloudy,,partly-cloudy-day,
lagos,8/25/2024,27.7,23.6,25.3,0,0,32.8,23.2,88.6,1.5,0,0,,19,13.6,227.2,1014,73.2,5.7,,,,,2024-08-25T06:40:13,2024-08-25T18:56:38,0.7,Partially cloudy,,partly-cloudy-day,
lagos,8/26/2024,27.9,23.7,25.3,0,0,32.3,23.2,88.3,3.7,5.3,2,,21,14.8,225.1,1013.4,72.7,5.7,,,,,2024-08-26T06:40:06,2024-08-26T18:56:11,0.75,Partially cloudy,,partly-cloudy-day,
lagos,8/27/2024,28,23.6,25.6,0,0,32.7,23.2,87.3,1.3,5,2,,18.3,14.5,224.5,1013.6,73.8,5.8,,,,,2024-08-27T06:39:59,2024-08-27T18:55:44,0.77,Partially cloudy,,partly-cloudy-day,
lagos,8/28/2024,28.3,23.5,25.4,0,0,32.7,23.2,88.3,3.2,0,0,,16.3,15.7,222.9,1013.9,71.2,5.8,,,,,2024-08-28T06:39:51,2024-08-28T18:55:16,0.8,Partially cloudy,,partly-cloudy-day,
lagos,8/29/2024,28,24.1,25.6,0,0,32.9,23.3,87.6,2.1,0,0,,18.6,13.9,227.7,1013.7,74.4,5.7,,,,,2024-08-29T06:39:43,2024-08-29T18:54:48,0.84,Partially cloudy,,partly-cloudy-day,
lagos,8/30/2024,28.1,23.7,25.5,0,0,32.6,23.4,88.8,3,5.6,2,,20.6,13.6,232.4,1014.1,72.1,5.8,,,,,2024-08-30T06:39:35,2024-08-30T18:54:19,0.87,Partially cloudy,,partly-cloudy-day,
lagos,8/31/2024,28.4,24,25.8,0,0,33.1,23.3,86.4,1.1,0,0,,16.8,13.9,229.4,1013.8,72.2,6,,,,,2024-08-31T06:39:26,2024-08-31T18:53:50,0.91,Partially cloudy,,partly-cloudy-day,
lagos,9/1/2024,27.6,23.9,25.6,0,0,32.5,23.1,87,4,5.3,2,,14.1,13,213.2,1013.5,76.4,5.5,,,,,2024-09-01T06:39:17,2024-09-01T18:53:21,0.94,Partially cloudy,,partly-cloudy-day,
lagos,9/2/2024,28.5,23.8,25.9,0,0,33.7,23.4,86.7,3.3,0,0,,15.9,13.6,224.3,1014.2,72.4,5.8,,,,,2024-09-02T06:39:08,2024-09-02T18:52:51,0.98,Partially cloudy,,partly-cloudy-day,
lagos,9/3/2024,28.1,23.7,25.5,0,0,32.2,23.4,88.5,1,0,0,,17,13.9,223.2,1014.6,68.5,5.8,,,,,2024-09-03T06:38:59,2024-09-03T18:52:22,0,Partially cloudy,,partly-cloudy-day,
lagos,9/4/2024,27.8,23.3,25.3,0,0,32.4,23.1,87.9,2.6,5.6,2,,13.6,13.9,228.9,1014.2,73.4,5.7,,,,,2024-09-04T06:38:50,2024-09-04T18:51:51,0.05,Partially cloudy,,partly-cloudy-day,
lagos,9/5/2024,27.1,23.6,25.2,0,0,32.7,23.1,88.5,3.8,0,0,,20.6,15.7,230.4,1013.9,74.6,5.8,,,,,2024-09-05T06:38:40,2024-09-05T18:51:21,0.08,Partially cloudy,,partly-cloudy-day,
lagos,9/6/2024,27.8,23.5,25.4,0,0,32.4,23.3,88.9,5,5.9,2,,16.1,14.3,229.2,1013.3,75.2,5.7,,,,,2024-09-06T06:38:30,2024-09-06T18:50:50,0.11,Partially cloudy,,partly-cloudy-day,
lagos,9/7/2024,28.4,23.1,25.7,0,0,34,23.4,87.2,8.6,0,0,,15.4,14.1,226.8,1013.5,70.8,5.8,,,,,2024-09-07T06:38:20,2024-09-07T18:50:19,0.15,Partially cloudy,,partly-cloudy-day,
lagos,9/8/2024,28.4,23.5,25.7,0,0,33.2,23.4,88.2,17.2,11.1,5,,16.3,14.1,230.3,1013.1,74.4,5.7,,,,,2024-09-08T06:38:10,2024-09-08T18:49:48,0.18,Partially cloudy,,partly-cloudy-day,
lagos,9/9/2024,28.1,23.9,25.7,0,0,33.1,23.4,87.9,3.9,15.8,7,,17.2,12.3,228.2,1013.2,74.4,5.7,,,,,2024-09-09T06:37:59,2024-09-09T18:49:17,0.21,Partially cloudy,,partly-cloudy-day,
lagos,9/10/2024,28,24,25.5,0,0,33.4,23.6,89.1,3.1,0,0,,15.2,13,227.3,1013.3,72.8,5.7,,,,,2024-09-10T06:37:49,2024-09-10T18:48:45,0.25,Partially cloudy,,partly-cloudy-day,
lagos,9/11/2024,28.3,23.3,25.6,0,0,33.3,23.5,88.6,4.5,5.9,2,,16.1,14.1,221.3,1012.7,74.3,5.7,,,,,2024-09-11T06:37:38,2024-09-11T18:48:14,0.25,Partially cloudy,,partly-cloudy-day,
lagos,9/12/2024,28.5,23.9,25.9,0,0,33.7,23.5,87.3,6.9,0,0,,13.9,12.3,215.7,1013.1,68.6,5.8,,,,,2024-09-12T06:37:28,2024-09-12T18:47:42,0.31,Partially cloudy,,partly-cloudy-day,
lagos,9/13/2024,28.6,24.1,25.9,0,0,33.9,23.6,87.4,0.9,0,0,,16.3,15.4,230.1,1013.5,71.9,6,,,,,2024-09-13T06:37:17,2024-09-13T18:47:10,0.35,Partially cloudy,,partly-cloudy-day,
lagos,9/14/2024,28.1,23.8,25.6,0,0,33.6,23.6,89,5,11.1,5,,13.2,12.1,212.3,1013.7,72.1,5.4,,,,,2024-09-14T06:37:06,2024-09-14T18:46:39,0.38,Partially cloudy,,partly-cloudy-day,
lagos,9/15/2024,28.8,24.2,26.3,0,0,33.5,23.7,86.4,0.8,6.7,3,,19,15.4,222.2,1013.7,72,6,,,,,2024-09-15T06:36:55,2024-09-15T18:46:07,0.41,Partially cloudy,,partly-cloudy-day,
lagos,9/16/2024,28.7,24.1,26.1,0,0,33.5,23.6,86.4,0.9,6.3,3,,16.6,12.8,229.5,1013.4,72.3,6,,,,,2024-09-16T06:36:44,2024-09-16T18:45:35,0.45,Partially cloudy,,partly-cloudy-day,
lagos,9/17/2024,28.3,24,25.7,0,0,34,23.7,88.8,5.2,18.8,8,,14.5,13.4,224.8,1013.3,69.1,5.7,,,,,2024-09-17T06:36:34,2024-09-17T18:45:03,0.48,Partially cloudy,,partly-cloudy-day,
lagos,9/18/2024,29.5,23.8,26.1,0,0,34.4,23.6,86.6,0.5,0,0,,16.1,14.3,227.7,1013.5,67.5,6.1,,,,,2024-09-18T06:36:23,2024-09-18T18:44:31,0.5,Partially cloudy,,partly-cloudy-day,
lagos,9/19/2024,28.5,23.8,25.8,0,0,34.7,23.7,88.8,7.9,0,0,,15.4,11.2,219.8,1013.5,71.3,5.6,,,,,2024-09-19T06:36:12,2024-09-19T18:43:59,0.55,Partially cloudy,,partly-cloudy-day,
lagos,9/20/2024,28.6,23.8,26,0,0,34,23.8,88,17.3,6.7,3,,17.2,13.2,210,1013.1,73,5.6,,,,,2024-09-20T06:36:01,2024-09-20T18:43:27,0.58,Partially cloudy,,partly-cloudy-day,
lagos,9/21/2024,29.3,23.8,26.1,0,0,34.6,23.6,86.8,5,0,0,,13.6,13.9,219.3,1013.1,67.4,5.7,,,,,2024-09-21T06:35:50,2024-09-21T18:42:55,0.61,Partially cloudy,,partly-cloudy-day,
lagos,9/22/2024,29.2,24,26.2,0,0,34.1,23.8,87.2,6.9,0,0,,16.6,15,224.6,1012.7,67.3,5.8,,,,,2024-09-22T06:35:40,2024-09-22T18:42:23,0.65,Partially cloudy,,partly-cloudy-day,
lagos,9/23/2024,29.4,23.9,26.3,0,0,34.7,23.9,87.3,8.1,0,0,,17,13.4,225.9,1013.6,68.6,5.7,,,,,2024-09-23T06:35:29,2024-09-23T18:41:52,0.68,Partially cloudy,,partly-cloudy-day,
lagos,9/24/2024,29.2,23.8,26.1,0,0,34.4,23.7,87.3,12,0,0,,13.2,12.5,226.1,1013.1,62.2,6,,,,,2024-09-24T06:35:19,2024-09-24T18:41:20,0.75,Partially cloudy,,partly-cloudy-day,
lagos,9/25/2024,30,24.1,26.6,0,0,36.2,23.9,86.1,7.9,0,0,,20.8,18.8,218.6,1013.4,65.9,5.9,,,,,2024-09-25T06:35:09,2024-09-25T18:40:49,0.75,Partially cloudy,,partly-cloudy-day,
lagos,9/26/2024,28.8,23.6,26,0,0,34.8,23.6,87.1,5.1,0,0,,16.1,12.5,212.8,1012.9,64.6,5.8,,,,,2024-09-26T06:34:59,2024-09-26T18:40:18,0.78,Partially cloudy,,partly-cloudy-day,
lagos,9/27/2024,28.9,23.5,25.9,0,0,34.6,23.5,87.3,18.3,12.5,5,,12.5,11.6,208.1,1013.1,71.8,5.7,,,,,2024-09-27T06:34:49,2024-09-27T18:39:47,0.82,Partially cloudy,,partly-cloudy-day,
lagos,9/28/2024,29.2,24.3,26.3,0,0,34.1,23.9,87.3,10.3,5.6,2,,16.8,14.3,226,1012.8,71.6,5.8,,,,,2024-09-28T06:34:39,2024-09-28T18:39:16,0.85,Partially cloudy,,partly-cloudy-day,
lagos,9/29/2024,30,24,26.5,0,0,36,23.9,86.5,15,5.6,2,,17.2,19.9,215.1,1013,67.5,5.9,,,,,2024-09-29T06:34:30,2024-09-29T18:38:45,0.89,Partially cloudy,,partly-cloudy-day,
lagos,9/30/2024,29.6,24,26.4,0,0,35,23.9,86.7,5.4,0,0,,14.1,15.4,212.8,1012.7,69.4,5.8,,,,,2024-09-30T06:34:20,2024-09-30T18:38:15,0.92,Partially cloudy,,partly-cloudy-day,
lagos,10/1/2024,30.5,24,26.3,0,0,35.4,23.7,86.5,6.5,11.1,5,,13.6,16.3,205,1012.8,70,5.7,,,,,2024-10-01T06:34:12,2024-10-01T18:37:45,0.95,Partially cloudy,,partly-cloudy-day,
lagos,10/2/2024,29.2,23.9,26.1,0,0,35.1,23.8,87.4,3,0,0,,18.6,14.1,227.6,1012.8,70.1,5.8,,,,,2024-10-02T06:34:03,2024-10-02T18:37:16,0,Partially cloudy,,partly-cloudy-day,
lagos,10/3/2024,29.3,23.9,26.1,0,0,35.5,24,88.6,3.3,0,0,,12.5,12.3,219.6,1013,68.6,5.7,,,,,2024-10-03T06:33:54,2024-10-03T18:36:46,0.02,Partially cloudy,,partly-cloudy-day,
lagos,10/4/2024,29.2,24.1,26.3,0,0,35.5,24.1,88.2,7.9,0,0,,17.7,14.5,217.8,1012.4,69.6,5.8,,,,,2024-10-04T06:33:46,2024-10-04T18:36:18,0.06,Partially cloudy,,partly-cloudy-day,
lagos,10/5/2024,29,24.2,26.3,0,0,34.5,24.1,87.9,10.4,5.6,2,,14.8,13,203.4,1011.9,72.3,5.8,,,,,2024-10-05T06:33:39,2024-10-05T18:35:49,0.09,Partially cloudy,,partly-cloudy-day,
lagos,10/6/2024,29,23.7,26.2,0,0,35.4,23.8,87.3,4.8,11.1,5,,16.8,12.3,217.8,1012.4,70.4,5.7,,,,,2024-10-06T06:33:31,2024-10-06T18:35:21,0.13,Partially cloudy,,partly-cloudy-day,
lagos,10/7/2024,29.6,24.1,26.6,0,0,35.6,24,86.5,4.8,0,0,,15.2,15.2,216.3,1012.6,72.6,5.9,,,,,2024-10-07T06:33:24,2024-10-07T18:34:53,0.16,Partially cloudy,,partly-cloudy-day,
lagos,10/8/2024,29.5,24.1,26.5,0,0,35.4,24.1,87.5,7.6,0,0,,12.1,11.9,202.9,1012.8,73.5,5.5,,,,,2024-10-08T06:33:18,2024-10-08T18:34:26,0.19,Partially cloudy,,partly-cloudy-day,
lagos,10/9/2024,29.7,24,26.5,0,0,36.4,24.3,88,3.2,17.6,7,,13.6,11.6,215.7,1012.1,69.1,5.7,,,,,2024-10-09T06:33:11,2024-10-09T18:33:59,0.23,Partially cloudy,,partly-cloudy-day,
lagos,10/10/2024,29.6,23.9,26.6,0,0,35.9,24.3,87.9,20.7,0,0,,18.8,15,219.8,1011.8,67.8,5.9,,,,,2024-10-10T06:33:06,2024-10-10T18:33:33,0.25,Partially cloudy,,partly-cloudy-day,
lagos,10/11/2024,29.2,23.7,26.1,0,0,36,24,88.5,14.4,10.5,4,,13.4,14.5,203.1,1012.4,71,5.6,,,,,2024-10-11T06:33:00,2024-10-11T18:33:07,0.3,Partially cloudy,,partly-cloudy-day,
lagos,10/12/2024,29.8,23.7,26.7,0,0,35.9,24,86,3.7,0,0,,16.6,13.4,219.7,1012.3,69.9,5.8,,,,,2024-10-12T06:32:55,2024-10-12T18:32:42,0.33,Partially cloudy,,partly-cloudy-day,
lagos,10/13/2024,29.9,24,26.5,0,0,35.6,24.1,87.1,4.3,0,0,,12.8,12.3,224.3,1012.3,70.6,5.6,,,,,2024-10-13T06:32:51,2024-10-13T18:32:17,0.36,Partially cloudy,,partly-cloudy-day,
lagos,10/14/2024,29.9,24.1,26.6,0,0,36.2,24.1,86.6,9.1,0,0,,13,13,217.5,1011.8,67.7,5.8,,,,,2024-10-14T06:32:47,2024-10-14T18:31:53,0.4,Partially cloudy,,partly-cloudy-day,
lagos,10/15/2024,30.5,24,27.1,0,0,36.5,24,83.8,3.9,0,0,,19.9,14.1,211.3,1012.2,67.8,5.8,,,,,2024-10-15T06:32:44,2024-10-15T18:31:29,0.43,Partially cloudy,,partly-cloudy-day,
lagos,10/16/2024,30.9,23.8,27.2,0,0,37.4,24.2,84.3,7.6,5.6,2,,14.5,13.2,218.4,1012.3,64.8,5.8,,,,,2024-10-16T06:32:41,2024-10-16T18:31:07,0.47,Partially cloudy,,partly-cloudy-day,
lagos,10/17/2024,31,24.3,27.4,0,0,37.7,24.4,84.2,1.4,0,0,,13.2,13.9,214.7,1011.6,66.4,6,,,,,2024-10-17T06:32:38,2024-10-17T18:30:44,0.5,Partially cloudy,,partly-cloudy-day,
lagos,10/18/2024,29.9,24.7,27,0,0,36,24.3,86.1,6.6,0,0,,23,14.5,213.5,1011.9,71.4,5.7,,,,,2024-10-18T06:32:37,2024-10-18T18:30:23,0.53,Partially cloudy,,partly-cloudy-day,
lagos,10/19/2024,30.4,23.9,26.6,0,0,36.8,24,86.4,8.9,0,0,,20.6,13.9,196.3,1012.1,66.9,5.5,,,,,2024-10-19T06:32:35,2024-10-19T18:30:02,0.57,Partially cloudy,,partly-cloudy-day,
lagos,10/20/2024,29.8,23.8,26.6,0,0,36.6,24,86.6,6.4,0,0,,16.3,15.4,195.8,1012.3,67.2,5.4,,,,,2024-10-20T06:32:35,2024-10-20T18:29:42,0.6,Partially cloudy,,partly-cloudy-day,
lagos,10/21/2024,30.4,23.6,26.8,0,0,36.7,24.1,85.8,8.2,0,0,,14.1,13.4,218.9,1011.9,68.5,5.7,,,,,2024-10-21T06:32:35,2024-10-21T18:29:22,0.63,Partially cloudy,,partly-cloudy-day,
lagos,10/22/2024,30,24.6,27.1,0,0,36.8,24.3,85.2,6.9,0,0,,16.3,14.3,223,1012.2,72,6,,,,,2024-10-22T06:32:35,2024-10-22T18:29:03,0.67,Partially cloudy,,partly-cloudy-day,
lagos,10/23/2024,30.2,24.6,27,0,0,37.6,24.3,85.9,2,0,0,,19.7,12.5,207,1012.6,70.5,5.8,,,,,2024-10-23T06:32:37,2024-10-23T18:28:45,0.7,Partially cloudy,,partly-cloudy-day,
lagos,10/24/2024,30.3,24.2,26.7,0,0,36.3,24.2,86.8,15.7,5.6,2,,25.9,15.9,224.6,1012.4,68.7,5.7,,,,,2024-10-24T06:32:39,2024-10-24T18:28:28,0.75,Partially cloudy,,partly-cloudy-day,
lagos,10/25/2024,30.7,23.5,26.7,0,0,36.7,24,86,11.6,0,0,,16.3,12.3,198.9,1012.1,65,5.5,,,,,2024-10-25T06:32:41,2024-10-25T18:28:12,0.77,Partially cloudy,,partly-cloudy-day,
lagos,10/26/2024,30.6,24.5,27.2,0,0,37.2,24.3,84.7,7.7,0,0,,16.8,13.9,221.9,1012,70.8,5.6,,,,,2024-10-26T06:32:44,2024-10-26T18:27:56,0.8,Partially cloudy,,partly-cloudy-day,
lagos,10/27/2024,30,24.2,26.7,0,0,36,24.3,86.9,5.6,0,0,,27.7,17,202.1,1011.8,69.7,5.5,,,,,2024-10-27T06:32:48,2024-10-27T18:27:41,0.83,Partially cloudy,,partly-cloudy-day,
lagos,10/28/2024,30.4,24.3,27,0,0,38.4,24.2,85.7,2,11.8,5,,17.4,11.9,216.7,1012.7,68.7,5.3,,,,,2024-10-28T06:32:53,2024-10-28T18:27:27,0.86,Partially cloudy,,partly-cloudy-day,
lagos,10/29/2024,29.9,24.5,26.8,0,0,35.5,24.2,86,1.2,5.6,2,,19.2,12.5,197.6,1012.5,70,5.6,,,,,2024-10-29T06:32:58,2024-10-29T18:27:14,0.9,Partially cloudy,,partly-cloudy-day,
lagos,10/30/2024,30.8,24.8,27.5,0,0,37.7,24.5,84.6,4.3,0,0,,17.2,14.3,208,1012,72.7,5.5,,,,,2024-10-30T06:33:04,2024-10-30T18:27:02,0.93,Partially cloudy,,partly-cloudy-day,
lagos,10/31/2024,31.4,24.4,27.3,0,0,39,24.5,85,3.7,5.9,2,,12.1,13.6,219.6,1011.5,64.9,5.6,,,,,2024-10-31T06:33:11,2024-10-31T18:26:50,0.96,Partially cloudy,,partly-cloudy-day,
lagos,11/1/2024,30,24.3,26.9,0,0,37.1,24.2,86,1.7,0,0,,11.9,10.3,188.1,1011.5,68.1,5.5,,,,,2024-11-01T06:33:18,2024-11-01T18:26:40,0,Partially cloudy,,partly-cloudy-day,
lagos,11/2/2024,30.6,25.4,27.7,0,0,38.1,24.6,84,3.5,0,0,,13,11.4,203.1,1011.5,71,5.2,,,,,2024-11-02T06:33:26,2024-11-02T18:26:30,0.03,Partially cloudy,,partly-cloudy-day,
lagos,11/3/2024,30.7,24.3,27.1,0,0,37.4,24.3,85.8,10.7,5.6,2,,15.9,11.4,213,1011.3,67.1,5.3,,,,,2024-11-03T06:33:35,2024-11-03T18:26:22,0.07,Partially cloudy,,partly-cloudy-day,
lagos,11/4/2024,31.3,24.3,27.3,0,0,39.1,24.5,85.6,4.3,5.3,2,,23.3,14.3,202.6,1011.8,65.9,5.4,,,,,2024-11-04T06:33:45,2024-11-04T18:26:14,0.1,Partially cloudy,,partly-cloudy-day,
lagos,11/5/2024,30.8,24.5,27.1,0,0,38.2,24.4,86,3.5,0,0,,15.2,11,206.2,1011.6,65.1,5.6,,,,,2024-11-05T06:33:55,2024-11-05T18:26:07,0.14,Partially cloudy,,partly-cloudy-day,
lagos,11/6/2024,31.4,24.6,27.2,0,0,38.4,24.4,85.4,4.8,0,0,,13,13.2,206.2,1011.9,67.9,5.5,,,,,2024-11-06T06:34:06,2024-11-06T18:26:01,0.17,Partially cloudy,,partly-cloudy-day,
lagos,11/7/2024,31.6,24.6,27.4,0,0,39.1,24.6,85.7,5.2,0,0,,15.7,13.2,220.1,1011.3,71,5,,,,,2024-11-07T06:34:18,2024-11-07T18:25:57,0.21,Partially cloudy,,partly-cloudy-day,
lagos,11/8/2024,31,24.5,27.5,0,0,39,24.8,86,5.5,0,0,,16.8,9.4,191.8,1011.6,70,4.8,,,,,2024-11-08T06:34:31,2024-11-08T18:25:53,0.24,Partially cloudy,,partly-cloudy-day,
lagos,11/9/2024,31.1,23.7,27.5,0,0,38.6,24.7,85.2,4.5,6.3,3,,17.9,12.1,202.6,1011.1,66.8,5.2,,,,,2024-11-09T06:34:44,2024-11-09T18:25:50,0.25,Partially cloudy,,partly-cloudy-day,
lagos,11/10/2024,30.3,24.3,27,0,0,37.8,24.2,85.2,1,0,0,,9.8,9.4,197.5,1011.1,69.3,5.8,,,,,2024-11-10T06:34:58,2024-11-10T18:25:48,0.31,Partially cloudy,,partly-cloudy-day,
lagos,11/11/2024,31.7,24.8,27.8,0,0,38.8,24.6,83.8,1.6,0,0,,15.4,12.8,204.9,1011.1,66.5,5.4,,,,,2024-11-11T06:35:13,2024-11-11T18:25:47,0.35,Partially cloudy,,partly-cloudy-day,
lagos,11/12/2024,32.1,24.8,28,0,0,40,24.7,83.2,0.1,0,0,,14.8,11.6,214.1,1010.9,65.2,5.1,,,,,2024-11-12T06:35:29,2024-11-12T18:25:47,0.38,Partially cloudy,,partly-cloudy-day,
lagos,11/13/2024,32.3,24.7,28.2,0,0,40.5,25.1,84.2,0.5,0,0,,22.8,11.6,218.9,1011,66,5.2,,,,,2024-11-13T06:35:45,2024-11-13T18:25:48,0.42,Partially cloudy,,partly-cloudy-day,
lagos,11/14/2024,32.2,24.9,28.3,0,0,39.9,24.9,83,2.2,6.3,3,,17.7,12.1,219,1010.8,66.5,5.3,,,,,2024-11-14T06:36:02,2024-11-14T18:25:50,0.45,Partially cloudy,,partly-cloudy-day,
lagos,11/15/2024,31.2,24.6,27.6,0,0,38.7,24.6,84.8,1.3,0,0,,11.4,9.8,217.8,1011.2,67.6,5,,,,,2024-11-15T06:36:20,2024-11-15T18:25:53,0.5,Partially cloudy,,partly-cloudy-day,
lagos,11/16/2024,32.4,24.8,28,0,0,40.4,24.8,84,4.6,0,0,,11,11,222.6,1010.6,61.5,5.2,,,,,2024-11-16T06:36:38,2024-11-16T18:25:57,0.52,Partially cloudy,,partly-cloudy-day,
lagos,11/17/2024,32.4,25.6,28.6,0,0,40,24.9,81.7,2.5,0,0,,15.2,12.8,205.2,1010.6,61.3,5,,,,,2024-11-17T06:36:57,2024-11-17T18:26:02,0.55,Partially cloudy,,partly-cloudy-day,
lagos,11/18/2024,32.9,24.8,28.3,0,0,40.3,25,83.6,0.9,6.7,3,,13.9,12.3,193.2,1011.1,61.1,4.7,,,,,2024-11-18T06:37:17,2024-11-18T18:26:08,0.58,Partially cloudy,,partly-cloudy-day,
lagos,11/19/2024,32,24.6,27.9,0,0,38.6,24.4,82.9,2.7,0,0,,15.2,11.9,209.4,1011.5,61.5,4.8,,,,,2024-11-19T06:37:38,2024-11-19T18:26:15,0.62,Partially cloudy,,partly-cloudy-day,
lagos,11/20/2024,32.1,24.2,27.7,0,0,39.1,24.2,82.8,1.1,6.3,3,,11,11.9,210,1011.3,57.3,4.9,,,,,2024-11-20T06:37:59,2024-11-20T18:26:23,0.65,Partially cloudy,,partly-cloudy-day,
lagos,11/21/2024,32.2,24.6,28,0,0,40,24.6,82.7,3.4,6.3,3,,11.9,11.4,222.1,1011.3,58.9,5.2,,,,,2024-11-21T06:38:21,2024-11-21T18:26:32,0.68,Partially cloudy,,partly-cloudy-day,
lagos,11/22/2024,31.9,24.3,27.8,0,0,39.7,24.8,84.4,1.2,6.7,3,,11,10.7,217,1011.5,58.1,5,,,,,2024-11-22T06:38:43,2024-11-22T18:26:42,0.71,Partially cloudy,,partly-cloudy-day,
lagos,11/23/2024,31.4,24.8,27.7,0,0,39.2,25,85.9,3.4,0,0,,10.3,13,221.6,1011,61.6,4.8,,,,,2024-11-23T06:39:06,2024-11-23T18:26:53,0.75,Partially cloudy,,partly-cloudy-day,
lagos,11/24/2024,31.9,25.3,28.1,0,0,39.5,24.7,82.9,2.1,0,0,,13.6,11.2,226.9,1011.4,60.2,4.9,,,,,2024-11-24T06:39:30,2024-11-24T18:27:05,0.78,Partially cloudy,,partly-cloudy-day,
lagos,11/25/2024,32.3,25,28.1,0,0,40.4,24.7,83.2,0.7,0,0,,10.1,10.5,211.3,1011.1,63.4,5.1,,,,,2024-11-25T06:39:54,2024-11-25T18:27:17,0.81,Partially cloudy,,partly-cloudy-day,
lagos,11/26/2024,31.8,24.6,28,0,0,39.6,24.9,84.3,0.2,0,0,,12.8,11.6,220.4,1011.3,58.6,5.2,,,,,2024-11-26T06:40:19,2024-11-26T18:27:31,0.84,Partially cloudy,,partly-cloudy-day,
lagos,11/27/2024,32.1,25.5,28.2,0,0,39.5,24.8,82.5,0,0,0,,10.5,10.7,222.1,1010.5,58.9,5.3,,,,,2024-11-27T06:40:44,2024-11-27T18:27:45,0.88,Partially cloudy,,partly-cloudy-day,
lagos,11/28/2024,32.3,24.7,28,0,0,40,24.9,84,0.8,0,0,,13.2,10.3,210.9,1011.1,59.9,5,,,,,2024-11-28T06:41:10,2024-11-28T18:28:01,0.91,Partially cloudy,,partly-cloudy-day,
lagos,11/29/2024,32.5,24.6,28,0,0,40.6,24.6,83.3,0,0,0,,15,11.9,200.5,1010.9,56.2,4.8,,,,,2024-11-29T06:41:36,2024-11-29T18:28:17,0.94,Partially cloudy,,partly-cloudy-day,
lagos,11/30/2024,33,24.7,28.4,0,0,41.2,24.7,82,0,0,0,,12.8,11,216.3,1011,56,5,,,,,2024-11-30T06:42:03,2024-11-30T18:28:34,0.97,Partially cloudy,,partly-cloudy-day,
lagos,12/1/2024,33,25.2,28.3,0,0,40,24.7,81.8,0.4,6.7,3,,8.5,11.2,207.8,1010.4,57.1,4.9,,,,,2024-12-01T06:42:30,2024-12-01T18:28:52,0,Partially cloudy,,partly-cloudy-day,
lagos,12/2/2024,32.3,25.6,28.2,0,0,39,24.8,82.5,3.2,0,0,,10.3,11.2,230.5,1010.8,60.8,4.7,,,,,2024-12-02T06:42:58,2024-12-02T18:29:11,0.04,Partially cloudy,,partly-cloudy-day,
lagos,12/3/2024,32.5,24.8,28.4,0,0,39.2,24.4,80.4,0.4,0,0,,9.4,11.6,211.4,1010.8,58.8,4.7,,,,,2024-12-03T06:43:26,2024-12-03T18:29:31,0.08,Partially cloudy,,partly-cloudy-day,
lagos,12/4/2024,32.6,24.9,28.3,0,0,39.5,24.2,80.2,0,0,0,,9.4,11.9,199.8,1010.9,55.5,4.3,,,,,2024-12-04T06:43:55,2024-12-04T18:29:51,0.11,Partially cloudy,,partly-cloudy-day,
lagos,12/5/2024,32.3,24.5,27.8,0,0,38.7,23.9,81.5,0.6,0,0,,10.5,11,205.4,1011.1,55.3,4.2,,,,,2024-12-05T06:44:23,2024-12-05T18:30:13,0.15,Partially cloudy,,partly-cloudy-day,
lagos,12/6/2024,32.7,24.3,27.9,0,0,39.1,24.1,81.3,2.5,0,0,,9.8,11,215.5,1011.1,55.5,4.4,,,,,2024-12-06T06:44:52,2024-12-06T18:30:34,0.18,Partially cloudy,,partly-cloudy-day,
lagos,12/7/2024,32.1,24.3,27.4,0,0,38.3,24,83,7.7,0,0,,12.3,11.6,220.4,1011.7,54.3,4.1,,,,,2024-12-07T06:45:22,2024-12-07T18:30:57,0.22,Partially cloudy,,partly-cloudy-day,
lagos,12/8/2024,32.4,24.1,27.7,0,0,39.3,24.2,83.1,0.5,0,0,,12.5,10.3,210.6,1011.6,55.3,4.1,,,,,2024-12-08T06:45:51,2024-12-08T18:31:20,0.25,Partially cloudy,,partly-cloudy-day,
lagos,12/9/2024,32.6,24.2,28,0,0,39,23.9,80.4,0.3,0,0,,13.4,11.6,215.6,1011.6,54.2,4.3,,,,,2024-12-09T06:46:21,2024-12-09T18:31:44,0.29,Partially cloudy,,partly-cloudy-day,
lagos,12/10/2024,32.7,24.6,28.2,0,0,39.2,24,79.9,0,0,0,,11.6,11,214.8,1010.7,53.7,4,,,,,2024-12-10T06:46:51,2024-12-10T18:32:09,0.33,Partially cloudy,,partly-cloudy-day,
lagos,12/11/2024,32.7,24.9,28.3,0,0,38.6,23.9,78.9,0,0,0,,11.4,11,210.7,1011.4,51.6,4.3,,,,,2024-12-11T06:47:21,2024-12-11T18:32:34,0.36,Partially cloudy,,partly-cloudy-day,
lagos,12/12/2024,32.1,24.5,27.7,0,0,38.3,23.6,80.4,7.6,0,0,,13.9,11.6,205.5,1011.7,54.7,4,,,,,2024-12-12T06:47:52,2024-12-12T18:33:00,0.4,Partially cloudy,,partly-cloudy-day,
lagos,12/13/2024,32.2,24.1,27.7,0,0,37.8,23.4,79.7,0.3,0,0,,12.3,11.9,224,1011.5,47.5,3.5,,,,,2024-12-13T06:48:22,2024-12-13T18:33:27,0.43,Partially cloudy,,partly-cloudy-day,
lagos,12/14/2024,32.5,23.8,27.6,0,0,38.4,23.6,80.7,12.4,0,0,,12.5,11.4,200.3,1011.2,51.4,3.6,,,,,2024-12-14T06:48:52,2024-12-14T18:33:53,0.47,Partially cloudy,,partly-cloudy-day,
lagos,12/15/2024,32.5,23.5,27.5,0,0,39.4,23.3,80.3,0,0,0,,9.8,12.1,187.3,1011.3,53.6,3.7,,,,,2024-12-15T06:49:23,2024-12-15T18:34:21,0.5,Partially cloudy,,partly-cloudy-day,
lagos,12/16/2024,32.6,23.7,27.6,0,0,38.7,23.3,79.8,0,0,0,,11.2,10.5,210.9,1012.9,54.2,4,,,,,2024-12-16T06:49:53,2024-12-16T18:34:49,0.53,Partially cloudy,,partly-cloudy-day,
lagos,12/17/2024,33.1,25,28.6,0,0,40.3,23.8,77.8,0,0,0,,9.4,11.2,213.8,1010.9,52.5,4.2,,,,,2024-12-17T06:50:24,2024-12-17T18:35:17,0.57,Partially cloudy,,partly-cloudy-day,
lagos,12/18/2024,32.6,24.5,28,0,0,40.7,24.2,81.7,2.8,0,0,,11.4,11.9,236.5,1010.5,53.2,4.1,,,,,2024-12-18T06:50:54,2024-12-18T18:35:46,0.6,Partially cloudy,,partly-cloudy-day,
lagos,12/19/2024,33.1,24.9,28.4,0,0,40.6,24.6,81.4,0,0,0,,12.1,12.1,205,1010.3,56.3,4.2,,,,,2024-12-19T06:51:24,2024-12-19T18:36:15,0.63,Partially cloudy,,partly-cloudy-day,
lagos,12/20/2024,33.4,25.2,28.9,0,0,41.1,24.5,79.2,0.6,0,0,,9.2,11,209.4,1010.8,57.2,4.2,,,,,2024-12-20T06:51:54,2024-12-20T18:36:44,0.66,Partially cloudy,,partly-cloudy-day,
lagos,12/21/2024,32.4,24.8,28,0,0,39.2,24.4,82.5,0,6.3,3,,10.5,11,212.7,1011.6,56.6,4,,,,,2024-12-21T06:52:24,2024-12-21T18:37:14,0.7,Partially cloudy,,partly-cloudy-day,
lagos,12/22/2024,32.9,24.8,28.2,0,0,39.5,24.3,81.6,2.7,0,0,,11,14.3,226.3,1011.6,54.5,4,,,,,2024-12-22T06:52:54,2024-12-22T18:37:44,0.75,Partially cloudy,,partly-cloudy-day,
lagos,12/23/2024,33.1,24.6,28.1,0,0,38.7,23.5,78.6,1.2,0,0,,11,12.3,205.3,1011.9,49.4,3.9,,,,,2024-12-23T06:53:23,2024-12-23T18:38:14,0.76,Partially cloudy,,partly-cloudy-day,
lagos,12/24/2024,33.3,23.9,28,0,0,38.9,22.9,76.4,0,0,0,,14.8,12.3,203,1012,47.8,3.5,,,,,2024-12-24T06:53:53,2024-12-24T18:38:45,0.79,Partially cloudy,,partly-cloudy-day,
lagos,12/25/2024,32.7,24,27.7,0,0,37.4,22.8,77.2,3.1,0,0,,12.8,11.2,201.2,1011.9,45.1,3.4,,,,,2024-12-25T06:54:21,2024-12-25T18:39:15,0.82,Partially cloudy,,partly-cloudy-day,
lagos,12/26/2024,32.6,23.6,27.5,0,0,37.9,22.3,75.7,0,0,0,,13.2,12.3,212.6,1011.6,45.8,3.3,,,,,2024-12-26T06:54:50,2024-12-26T18:39:46,0.86,Partially cloudy,,partly-cloudy-day,
lagos,12/27/2024,33.1,24.2,27.9,0,0,37.9,22,73.5,0,0,0,,11,11.9,168.1,1011.3,43.2,3,,,,,2024-12-27T06:55:18,2024-12-27T18:40:17,0.89,Partially cloudy,,partly-cloudy-day,
lagos,12/28/2024,32.9,23.6,27.7,0,0,37.4,22.5,75.4,0,0,0,,12.5,12.8,202.6,1011,46.4,3.2,,,,,2024-12-28T06:55:46,2024-12-28T18:40:48,0.92,Partially cloudy,,partly-cloudy-day,
lagos,12/29/2024,33.3,24.1,27.9,0,0,37.9,23,77.2,0,0,0,,11.9,12.3,203.9,1011.2,46.3,2.9,,,,,2024-12-29T06:56:13,2024-12-29T18:41:18,0.95,Partially cloudy,,partly-cloudy-day,
lagos,12/30/2024,33,24,28,0,0,38.3,23.1,76.9,0,0,0,,12.8,11.2,204.9,1010.8,43,3,,,,,2024-12-30T06:56:40,2024-12-30T18:41:49,0,Partially cloudy,,partly-cloudy-day,
lagos,12/31/2024,33,24.6,27.9,0,0,38.1,22.6,75.7,0,0,0,,13.6,11.9,202,1010.8,46.9,3.4,,,,,2024-12-31T06:57:06,2024-12-31T18:42:20,0.02,Partially cloudy,,partly-cloudy-day,
lagos,1/1/2025,32.1,23.8,27.5,0,0,36.8,22.6,77.4,0.1,0,0,,11.4,10.1,210,1011.6,47.2,3,,,,,2025-01-01T06:57:32,2025-01-01T18:42:51,0.05,Partially cloudy,,partly-cloudy-day,
lagos,1/2/2025,32.6,23.8,27.7,0,0,36.8,21.9,73.9,0,0,0,,9.6,11.6,190.4,1011,47.6,3.7,,,,,2025-01-02T06:57:57,2025-01-02T18:43:22,0.09,Partially cloudy,,partly-cloudy-day,
lagos,1/3/2025,32.7,23.3,27.6,0,0,37.2,21.8,74.4,0,0,0,,12.1,12.8,200.1,1011,47.2,3.2,,,,,2025-01-03T06:58:22,2025-01-03T18:43:52,0.13,Partially cloudy,,partly-cloudy-day,
lagos,1/4/2025,33.2,23.9,27.8,0,0,37.8,21.7,72.5,1.2,0,0,,12.8,11.9,206.3,1010.8,46.6,3.2,,,,,2025-01-04T06:58:46,2025-01-04T18:44:23,0.16,Partially cloudy,,partly-cloudy-day,
lagos,1/5/2025,32.5,23.4,27.4,0,0,37,22.1,75.3,0,0,0,,8.1,10.5,201.3,1011.1,47.4,3,,,,,2025-01-05T06:59:09,2025-01-05T18:44:53,0.2,Partially cloudy,,partly-cloudy-day,
lagos,1/6/2025,32.7,23.7,27.6,0,0,37.1,21.9,74.1,0.1,0,0,,12.3,11.9,210,1011.1,47.8,3,,,,,2025-01-06T06:59:32,2025-01-06T18:45:23,0.23,Partially cloudy,,partly-cloudy-day,
lagos,1/7/2025,32.6,23.5,27.6,0,0,36.6,21.3,71.9,0,0,0,,12.3,12.3,199.1,1010.8,46.9,2.9,,,,,2025-01-07T06:59:54,2025-01-07T18:45:53,0.25,Partially cloudy,,partly-cloudy-day,
lagos,1/8/2025,32.7,23.4,27.5,0,0,37,21.3,72.4,0.1,0,0,,13.2,12.8,192,1010.9,43.7,2.8,,,,,2025-01-08T07:00:16,2025-01-08T18:46:22,0.3,Partially cloudy,,partly-cloudy-day,
lagos,1/9/2025,32.5,23.7,27.7,0,0,36.6,20.5,68.7,0,0,0,,10.7,13.9,170.9,1010.4,50.4,3,,,,,2025-01-09T07:00:36,2025-01-09T18:46:52,0.34,Partially cloudy,,partly-cloudy-day,
lagos,1/10/2025,32.9,23.4,27.5,0,0,37.4,20.8,70.4,0,0,0,,9.6,12.5,190.8,1011.6,47.3,2.9,,,,,2025-01-10T07:00:56,2025-01-10T18:47:20,0.38,Partially cloudy,,partly-cloudy-day,
lagos,1/11/2025,32.8,24,27.7,0,0,37.3,21.8,72.9,0,0,0,,11,12.8,186.5,1010.7,52.2,2.9,,,,,2025-01-11T07:01:15,2025-01-11T18:47:49,0.41,Partially cloudy,,partly-cloudy-day,
lagos,1/12/2025,33.1,23.5,27.6,0,0,37.3,21.5,73.3,0,0,0,,15.4,13,188.4,1011,49.9,2.8,,,,,2025-01-12T07:01:33,2025-01-12T18:48:17,0.45,Partially cloudy,,partly-cloudy-day,
lagos,1/13/2025,32.3,23.7,27.6,0,0,36.7,22.1,74.8,0,0,0,,10.7,12.8,208.5,1011.2,53.6,3.3,,,,,2025-01-13T07:01:51,2025-01-13T18:48:45,0.5,Partially cloudy,,partly-cloudy-day,
lagos,1/14/2025,32.3,23.6,27.4,0,0,36.5,21.6,74.3,0.2,5.6,2,,16.6,12.1,195.1,1011.2,49.3,3.2,,,,,2025-01-14T07:02:08,2025-01-14T18:49:12,0.52,Partially cloudy,,partly-cloudy-day,
lagos,1/15/2025,32.1,23.8,27.6,0,0,36.6,21.9,74.2,0.7,0,0,,17.2,11.9,201.7,1010.9,55.8,3.4,,,,,2025-01-15T07:02:23,2025-01-15T18:49:39,0.55,Partially cloudy,,partly-cloudy-day,
lagos,1/16/2025,32.1,24.2,27.8,0,0,38,22.6,76.1,0,0,0,,11.4,12.3,210.9,1011.2,57.5,3.6,,,,,2025-01-16T07:02:38,2025-01-16T18:50:05,0.58,Partially cloudy,,partly-cloudy-day,
lagos,1/17/2025,32.4,24.6,27.9,0,0,37.4,22.7,76.6,0.7,0,0,,11,11.9,202.1,1011.3,56.7,3.5,,,,,2025-01-17T07:02:52,2025-01-17T18:50:31,0.61,Partially cloudy,,partly-cloudy-day,
lagos,1/18/2025,32.8,24,27.9,0,0,38.1,22.5,76.3,2.7,5.3,2,,13.2,15.4,205.3,1010.9,58.7,3.6,,,,,2025-01-18T07:03:06,2025-01-18T18:50:56,0.65,Partially cloudy,,partly-cloudy-day,
lagos,1/19/2025,31.9,24,27.6,0,0,36.9,22.3,76.6,1,0,0,,17.9,12.1,197,1010.4,58.7,3.5,,,,,2025-01-19T07:03:18,2025-01-19T18:51:21,0.68,Partially cloudy,,partly-cloudy-day,
lagos,1/20/2025,32.7,24.6,28,0,0,38,22.8,76,0,0,0,,11.4,11.2,219.7,1011,57.1,3.9,,,,,2025-01-20T07:03:29,2025-01-20T18:51:45,0.71,Partially cloudy,,partly-cloudy-day,
lagos,1/21/2025,32.8,24,28,0,0,37.6,22.1,74.6,1.2,0,0,,13,17.7,200.2,1011.2,56.7,3.9,,,,,2025-01-21T07:03:40,2025-01-21T18:52:08,0.75,Partially cloudy,,partly-cloudy-day,
lagos,1/22/2025,32.6,24.5,28.1,0,0,37.4,22.5,75.2,5,0,0,,11,13.6,211.3,1011.1,53.3,4,,,,,2025-01-22T07:03:49,2025-01-22T18:52:31,0.77,Partially cloudy,,partly-cloudy-day,
lagos,1/23/2025,32.6,24.1,28,0,0,38.2,23.1,76.9,2.1,0,0,,12.8,15,217.8,1011.1,55.7,4,,,,,2025-01-23T07:03:58,2025-01-23T18:52:54,0.81,Partially cloudy,,partly-cloudy-day,
lagos,1/24/2025,32.1,24.5,27.9,0,0,37,23,77.7,1.6,0,0,,12.5,13.4,197.2,1010.9,55.5,3.9,,,,,2025-01-24T07:04:06,2025-01-24T18:53:16,0.84,Partially cloudy,,partly-cloudy-day,
lagos,1/25/2025,32.9,24.4,28.2,0,0,38,22.4,74.1,2.3,0,0,,15,14.5,205.9,1010.8,52.9,4,,,,,2025-01-25T07:04:12,2025-01-25T18:53:37,0.87,Partially cloudy,,partly-cloudy-day,
lagos,1/26/2025,32.4,24.2,27.9,0,0,37.2,22.8,76.9,0,0,0,,13.6,13,219.9,1011.7,54.4,4,,,,,2025-01-26T07:04:18,2025-01-26T18:53:57,0.9,Partially cloudy,,partly-cloudy-day,
lagos,1/27/2025,32.7,24.5,27.9,0,0,38.2,23.4,78.8,0,0,0,,12.1,11.9,211.4,1010.8,57.3,4.3,,,,,2025-01-27T07:04:23,2025-01-27T18:54:17,0.93,Partially cloudy,,partly-cloudy-day,
lagos,1/28/2025,32.6,25.1,28.4,0,0,38.6,23.2,76.7,2,0,0,,13.6,14.3,227,1011,58.8,4.4,,,,,2025-01-28T07:04:27,2025-01-28T18:54:36,0.97,Partially cloudy,,partly-cloudy-day,
lagos,1/29/2025,32.8,24.9,28.4,0,0,38.2,22.8,75.7,0.6,0,0,,15.7,15,204.7,1010.8,60.4,4.3,,,,,2025-01-29T07:04:30,2025-01-29T18:54:54,0,Partially cloudy,,partly-cloudy-day,
lagos,1/30/2025,32.9,24.4,28.2,0,0,38.8,23,76.3,0,0,0,,13.9,15.2,202.5,1010.6,59.8,4.4,,,,,2025-01-30T07:04:32,2025-01-30T18:55:12,0.03,Partially cloudy,,partly-cloudy-day,
lagos,1/31/2025,32.8,24.9,28.4,0,0,37.4,22.9,75,0,0,0,,11.9,13.4,213.1,1011,57.7,4.2,,,,,2025-01-31T07:04:33,2025-01-31T18:55:29,0.07,Partially cloudy,,partly-cloudy-day,
lagos,2/1/2025,32.9,24.8,28.2,0,0,38.2,22.8,75.4,0,0,0,,11.9,13.9,211.6,1010.3,54.3,4.1,,,,,2025-02-01T07:04:33,2025-02-01T18:55:45,0.1,Partially cloudy,,partly-cloudy-day,
lagos,2/2/2025,32.7,25,28.6,0,0,38.7,24,77.9,0.1,0,0,,12.5,12.5,211.9,1010.6,54,4.5,,,,,2025-02-02T07:04:32,2025-02-02T18:56:01,0.14,Partially cloudy,,partly-cloudy-day,
lagos,2/3/2025,32.7,24.9,28.3,0,0,39.3,24.1,79.5,1.6,5.6,2,,14.5,11.9,213.7,1010.4,53.4,4.7,,,,,2025-02-03T07:04:30,2025-02-03T18:56:16,0.18,Partially cloudy,,partly-cloudy-day,
lagos,2/4/2025,32.4,25.6,28.5,0,0,39.2,24.5,80.4,0.1,0,0,,10.3,12.1,215.8,1010.7,58.3,4.5,,,,,2025-02-04T07:04:27,2025-02-04T18:56:30,0.21,Partially cloudy,,partly-cloudy-day,
lagos,2/5/2025,33.3,25.8,29,0,0,40.4,24.8,79.9,0,0,0,,11,16.1,226.7,1010,57.4,4.8,,,,,2025-02-05T07:04:23,2025-02-05T18:56:44,0.25,Partially cloudy,,partly-cloudy-day,
lagos,2/6/2025,33.7,25.3,28.7,0,0,40.4,24.1,78.7,2.7,5.9,2,,10.3,12.3,214.6,1010.5,58.2,4.7,,,,,2025-02-06T07:04:19,2025-02-06T18:56:56,0.28,Partially cloudy,,partly-cloudy-day,
lagos,2/7/2025,33.4,25.9,29.2,0,0,39.9,24,76.3,0,0,0,,12.3,12.8,217.9,1010.3,58.9,4.7,,,,,2025-02-07T07:04:13,2025-02-07T18:57:09,0.32,Partially cloudy,,partly-cloudy-day,
lagos,2/8/2025,32.4,25.4,28.5,0,0,39,24.6,81.2,0.5,5.9,2,,14.1,11.6,216.9,1010.3,61.1,4.5,,,,,2025-02-08T07:04:07,2025-02-08T18:57:20,0.35,Partially cloudy,,partly-cloudy-day,
lagos,2/9/2025,32.5,26.1,28.8,0,0,39.3,24.8,81,0.7,5.9,2,,12.8,13.2,227.9,1010.1,60.4,4.7,,,,,2025-02-09T07:04:00,2025-02-09T18:57:31,0.39,Partially cloudy,,partly-cloudy-day,
lagos,2/10/2025,32.7,25.2,28.5,0,0,39.1,24.2,79.4,0,0,0,,13.9,15.4,211.1,1009.9,53.6,4.4,,,,,2025-02-10T07:03:51,2025-02-10T18:57:41,0.42,Partially cloudy,,partly-cloudy-day,
lagos,2/11/2025,32.5,24.8,28.2,0,0,38.7,24.3,80.9,13.7,0,0,,21.9,14.5,212.6,1010.8,56.4,4.5,,,,,2025-02-11T07:03:42,2025-02-11T18:57:50,0.46,Partially cloudy,,partly-cloudy-day,
lagos,2/12/2025,32.6,25.3,28.4,0,0,39.2,24.5,81.1,0.7,0,0,,13,12.3,222.2,1010.6,57.8,4.5,,,,,2025-02-12T07:03:32,2025-02-12T18:57:59,0.5,Partially cloudy,,partly-cloudy-day,
lagos,2/13/2025,33.2,26.1,29.2,0,0,39.1,24.1,76.6,0.8,0,0,,16.3,14.1,211.8,1010.5,61.1,5,,,,,2025-02-13T07:03:22,2025-02-13T18:58:07,0.53,Partially cloudy,,partly-cloudy-day,
lagos,2/14/2025,33,25.9,29,0,0,38.7,23,74.4,1.1,5.9,2,,16.1,14.3,222.6,1009.9,62.7,4.8,,,,,2025-02-14T07:03:10,2025-02-14T18:58:14,0.56,Partially cloudy,,partly-cloudy-day,
lagos,2/15/2025,33,25.6,29,0,0,39.2,23.9,76.5,0.1,0,0,,11.9,11.4,205,1010.4,61.7,4.9,,,,,2025-02-15T07:02:57,2025-02-15T18:58:20,0.59,Partially cloudy,,partly-cloudy-day,
lagos,2/16/2025,32.9,25.4,28.8,0,0,39.6,24,78,0,0,0,,13.4,13,205.9,1009.6,60.4,5,,,,,2025-02-16T07:02:44,2025-02-16T18:58:26,0.63,Partially cloudy,,partly-cloudy-day,
lagos,2/17/2025,32.6,25.6,28.6,0,0,40,24.4,79.4,2.5,5.9,2,,17.2,14.5,202.4,1010.2,62.4,5,,,,,2025-02-17T07:02:30,2025-02-17T18:58:32,0.66,Partially cloudy,,partly-cloudy-day,
lagos,2/18/2025,32.8,26.1,29.3,0,0,39.9,24,75.6,1.2,0,0,,34,15.7,200.1,1010.6,57.7,5,,,,,2025-02-18T07:02:15,2025-02-18T18:58:36,0.69,Partially cloudy,,partly-cloudy-day,
lagos,2/19/2025,32.4,25.5,28.6,0,0,39.6,24.1,77.9,1.3,0,0,,21.9,13,218,1010.2,58.9,5.4,,,,,2025-02-19T07:02:00,2025-02-19T18:58:41,0.72,Partially cloudy,,partly-cloudy-day,
lagos,2/20/2025,32.4,26.3,29.1,0,0,39.7,24.8,78.9,0.1,0,0,,14.5,13,208.4,1010.9,68.9,5.2,,,,,2025-02-20T07:01:44,2025-02-20T18:58:44,0.75,Partially cloudy,,partly-cloudy-day,
lagos,2/21/2025,33.1,26.2,29.3,0,0,40.7,25.2,79.6,1.3,0,0,,13,13,223.2,1010.3,64.6,5.2,,,,,2025-02-21T07:01:27,2025-02-21T18:58:47,0.79,Partially cloudy,,partly-cloudy-day,
lagos,2/22/2025,32.6,27.2,29.5,0,0,40.8,25.2,79.3,0,0,0,,16.6,13.4,224.6,1010.4,71.1,6,,,,,2025-02-22T07:01:09,2025-02-22T18:58:49,0.82,Partially cloudy,,partly-cloudy-day,
lagos,2/23/2025,33.1,26.3,29.2,0,0,40.3,25,79.1,0,0,0,,15.7,14.3,208,1010.1,67,5.6,,,,,2025-02-23T07:00:51,2025-02-23T18:58:51,0.85,Partially cloudy,,partly-cloudy-day,
lagos,2/24/2025,32.8,25.8,29,0,0,40.1,24.8,79.4,7.7,0,0,,14.8,14.8,208.7,1009.9,67.4,5.5,,,,,2025-02-24T07:00:32,2025-02-24T18:58:52,0.88,Partially cloudy,,partly-cloudy-day,
lagos,2/25/2025,32.8,26.3,29,0,0,40.8,25.1,80.7,12.1,0,0,,13.2,12.8,199.3,1009.5,61.6,5.6,,,,,2025-02-25T07:00:12,2025-02-25T18:58:53,0.92,Partially cloudy,,partly-cloudy-day,
lagos,2/26/2025,33.1,25.9,29.1,0,0,40.7,25,79.8,0.1,0,0,,17.4,16.3,208.8,1010.2,64,5.9,,,,,2025-02-26T06:59:52,2025-02-26T18:58:53,0.95,Partially cloudy,,partly-cloudy-day,
lagos,2/27/2025,32.2,25.8,28.5,0,0,39.8,24.7,81.3,0,0,0,,16.1,13.6,201.9,1010.3,65.5,5.7,,,,,2025-02-27T06:59:31,2025-02-27T18:58:52,0.98,Partially cloudy,,partly-cloudy-day,
lagos,2/28/2025,33.2,26,29.3,0,0,41.1,25,78.6,1.8,0,0,,20.4,15.7,211.8,1009.9,65,6,,,,,2025-02-28T06:59:09,2025-02-28T18:58:51,0,Partially cloudy,,partly-cloudy-day,
lagos,3/1/2025,32.7,26.1,29.1,0,0,40,25,79.7,1.5,0,0,,14.5,13.2,216.3,1010.9,65.6,5.8,,,,,2025-03-01T06:58:47,2025-03-01T18:58:50,0.05,Partially cloudy,,partly-cloudy-day,
lagos,3/2/2025,32.7,25.8,29,0,0,39.8,24.5,78.3,0.9,0,0,,19.5,14.1,216.9,1011,65.9,5.4,,,,,2025-03-02T06:58:25,2025-03-02T18:58:48,0.09,Partially cloudy,,partly-cloudy-day,
lagos,3/3/2025,33.5,26.2,29.7,0,0,41,24.8,76.5,8,0,0,,19.7,14.8,216.9,1010.9,66,5.7,,,,,2025-03-03T06:58:02,2025-03-03T18:58:46,0.12,Partially cloudy,,partly-cloudy-day,
lagos,3/4/2025,33.5,26.9,29.7,0,0,41.5,25.3,78.6,0.7,0,0,,17,14.3,200.1,1010.6,66.2,5.5,,,,,2025-03-04T06:57:38,2025-03-04T18:58:43,0.16,Partially cloudy,,partly-cloudy-day,
lagos,3/5/2025,32.2,26.3,29.2,0,0,39.5,24.7,78.3,0,0,0,,12.5,13.4,204.8,1010.5,66.6,5.7,,,,,2025-03-05T06:57:14,2025-03-05T18:58:40,0.19,Partially cloudy,,partly-cloudy-day,
lagos,3/6/2025,33,25.8,29.2,0,0,40.7,24.8,78.3,0.3,0,0,,16.6,16.6,216.4,1010,69.5,5.8,,,,,2025-03-06T06:56:50,2025-03-06T18:58:37,0.25,Partially cloudy,,partly-cloudy-day,
lagos,3/7/2025,33.4,26.7,29.8,0,0,40.6,24.7,76.1,0.3,6.7,3,,16.6,14.1,208.6,1009.9,67.5,5.8,,,,,2025-03-07T06:56:25,2025-03-07T18:58:33,0.26,Partially cloudy,,partly-cloudy-day,
lagos,3/8/2025,32.8,25.7,28.7,0,0,40.5,25,81.3,1.5,0,0,,20.1,16.3,219.8,1010.1,68,5.7,,,,,2025-03-08T06:55:59,2025-03-08T18:58:29,0.3,Partially cloudy,,partly-cloudy-day,
lagos,3/9/2025,33.1,26.3,29.6,0,0,40.7,25,77.8,1,0,0,,14.1,14.1,208.7,1010.5,71.6,6,,,,,2025-03-09T06:55:34,2025-03-09T18:58:24,0.33,Partially cloudy,,partly-cloudy-day,
lagos,3/10/2025,33.4,25.6,29.1,0,0,40.6,24.7,78.9,1.5,0,0,,20.8,13.4,228.7,1010.7,71.8,6.1,,,,,2025-03-10T06:55:08,2025-03-10T18:58:19,0.37,Partially cloudy,,partly-cloudy-day,
lagos,3/11/2025,32.3,26.3,28.9,0,0,39.4,25.1,81.2,18.4,13.3,6,,13.4,11.9,225.4,1011,72,5.7,,,,,2025-03-11T06:54:41,2025-03-11T18:58:14,0.4,Partially cloudy,,partly-cloudy-day,
lagos,3/12/2025,33.8,26.6,29.7,0,0,41.4,25,77.3,0.9,0,0,,15.9,15.7,228.1,1010.3,64.8,5.8,,,,,2025-03-12T06:54:15,2025-03-12T18:58:09,0.44,Partially cloudy,,partly-cloudy-day,
lagos,3/13/2025,33,26.3,29.3,0,0,40.3,25,79,3.7,0,0,,22.1,17,212.5,1010.4,67.3,5.7,,,,,2025-03-13T06:53:48,2025-03-13T18:58:03,0.47,Partially cloudy,,partly-cloudy-day,
lagos,3/14/2025,33.3,26.1,29.4,0,0,41.3,24.9,78.1,1.5,0,0,,17,14.8,224.9,1010.2,65.3,5.6,,,,,2025-03-14T06:53:20,2025-03-14T18:57:57,0.5,Partially cloudy,,partly-cloudy-day,
lagos,3/15/2025,33.7,26.3,29.7,0,0,41.5,24.9,77,0.3,0,0,,14.3,18.8,218.9,1009.7,68.1,5.9,,,,,2025-03-15T06:52:53,2025-03-15T18:57:51,0.54,Partially cloudy,,partly-cloudy-day,
lagos,3/16/2025,33.6,26.7,29.6,0,0,41.2,24.9,77,0.1,0,0,,19.7,17.4,226,1009.8,69,5.8,,,,,2025-03-16T06:52:25,2025-03-16T18:57:44,0.57,Partially cloudy,,partly-cloudy-day,
lagos,3/17/2025,33.2,26,29,0,0,40.3,24.5,77.8,6.7,0,0,,14.3,16.8,218.4,1009.6,68.8,6.2,,,,,2025-03-17T06:51:57,2025-03-17T18:57:38,0.6,Partially cloudy,,partly-cloudy-day,
lagos,3/18/2025,32.5,27.1,29.4,0,0,40,25.1,78.7,14.3,5.6,2,,14.1,13.4,207.1,1010.1,73.3,5.8,,,,,2025-03-18T06:51:29,2025-03-18T18:57:31,0.64,Partially cloudy,,partly-cloudy-day,
lagos,3/19/2025,32.4,27.1,29.4,0,0,39.8,25.1,78.5,0.5,0,0,,27.7,13.6,226.7,1009.7,71.9,6.2,,,,,2025-03-19T06:51:01,2025-03-19T18:57:24,0.67,Partially cloudy,,partly-cloudy-day,
lagos,3/20/2025,33.3,26.1,29.2,0,0,40.9,25,79,1.4,0,0,,12.8,14.3,222.6,1009.7,67,6,,,,,2025-03-20T06:50:32,2025-03-20T18:57:17,0.7,Partially cloudy,,partly-cloudy-day,
lagos,3/21/2025,33.3,26.5,29.5,0,0,40.3,25,78,1.4,0,0,,13.2,13.6,219.4,1009.5,66.8,5.8,,,,,2025-03-21T06:50:03,2025-03-21T18:57:10,0.74,Partially cloudy,,partly-cloudy-day,
lagos,3/22/2025,32.7,26.6,29.1,0,0,39.2,24.6,77.9,0.2,0,0,,11.9,12.3,224.8,1010,65.5,5.6,,,,,2025-03-22T06:49:35,2025-03-22T18:57:03,0.75,Partially cloudy,,partly-cloudy-day,
lagos,3/23/2025,32.8,26.2,29.4,0,0,40.2,24.4,75.8,1.6,0,0,,15.9,14.3,218,1010.2,68.8,5.7,,,,,2025-03-23T06:49:06,2025-03-23T18:56:56,0.8,Partially cloudy,,partly-cloudy-day,
lagos,3/24/2025,32.8,26.3,29.2,0,0,40,24.8,78.5,1.1,0,0,,20.1,15,215.4,1009.7,69,5.8,,,,,2025-03-24T06:48:37,2025-03-24T18:56:48,0.84,Partially cloudy,,partly-cloudy-day,
lagos,3/25/2025,32.3,26.7,29.3,0,0,39.5,24.9,78.5,1.5,0,0,,15.2,15.4,219.4,1009.6,63.9,5.8,,,,,2025-03-25T06:48:08,2025-03-25T18:56:41,0.87,Partially cloudy,,partly-cloudy-day,
lagos,3/26/2025,32.6,26.6,29.1,0,0,39.8,25.2,80.3,4.7,0,0,,19.2,13.9,218.8,1010.1,65.7,5.5,,,,,2025-03-26T06:47:40,2025-03-26T18:56:34,0.9,Partially cloudy,,partly-cloudy-day,
lagos,3/27/2025,33.2,26.8,29.6,0,0,41.1,25.3,78.7,1.3,0,0,,15.7,13.9,220.5,1010.5,69.6,5.9,,,,,2025-03-27T06:47:11,2025-03-27T18:56:26,0.93,Partially cloudy,,partly-cloudy-day,
lagos,3/28/2025,32.4,27.1,29.4,0,0,40.3,25.1,79,2.2,0,0,,24.8,13.6,211.1,1010.4,70.2,5.8,,,,,2025-03-28T06:46:42,2025-03-28T18:56:19,0.97,Partially cloudy,,partly-cloudy-day,
lagos,3/29/2025,33.3,27,29.9,0,0,40.8,25.2,77,1.8,0,0,,24.8,14.8,213.7,1010.9,71.1,5.9,,,,,2025-03-29T06:46:13,2025-03-29T18:56:12,0,Partially cloudy,,partly-cloudy-day,
lagos,3/30/2025,33,26.6,29.5,0,0,40.9,25.2,78.7,1.7,0,0,,17.4,16.3,210,1010.2,68.8,5.9,,,,,2025-03-30T06:45:45,2025-03-30T18:56:04,0.03,Partially cloudy,,partly-cloudy-day,
lagos,3/31/2025,33.3,26.6,29.5,0,0,41.1,25.4,79.6,0.3,0,0,,15.7,14.3,209.9,1009.8,70.4,6,,,,,2025-03-31T06:45:16,2025-03-31T18:55:57,0.07,Partially cloudy,,partly-cloudy-day,
lagos,4/1/2025,33.3,27.2,30.1,0,0,42.1,25.5,77.6,0.4,0,0,,21.7,18.6,219.5,1009.4,70.2,6,,,,,2025-04-01T06:44:48,2025-04-01T18:55:50,0.1,Partially cloudy,,partly-cloudy-day,
lagos,4/2/2025,32.6,26.3,29.1,0,0,39.8,24.8,79.1,6.9,0,0,,16.6,13.6,220.6,1009.8,62.6,6,,,,,2025-04-02T06:44:19,2025-04-02T18:55:43,0.14,Partially cloudy,,partly-cloudy-day,
lagos,4/3/2025,32.8,26.3,29.5,0,0,40.3,25,78.1,6.1,0,0,,16.3,15,211.9,1010,68.1,6.1,,,,,2025-04-03T06:43:51,2025-04-03T18:55:36,0.17,Partially cloudy,,partly-cloudy-day,
lagos,4/4/2025,32.1,26.1,29,0,0,39.7,24.8,79,6.5,0,0,,15.4,12.5,217.9,1010.1,68,6.1,,,,,2025-04-04T06:43:23,2025-04-04T18:55:29,0.21,Partially cloudy,,partly-cloudy-day,
lagos,4/5/2025,32.7,26.4,29.3,0,0,40.5,25.2,79.5,1.3,0,0,,13.4,14.3,215.8,1010.5,65.2,6,,,,,2025-04-05T06:42:56,2025-04-05T18:55:23,0.25,Partially cloudy,,partly-cloudy-day,
lagos,4/6/2025,33,26.2,29.2,0,0,41.8,25,79.1,1.4,0,0,,13.2,14.8,213.2,1010.9,66.4,6,,,,,2025-04-06T06:42:28,2025-04-06T18:55:16,0.27,Partially cloudy,,partly-cloudy-day,
lagos,4/7/2025,33.2,26.6,29.6,0,0,41.6,24.9,77.2,2.5,0,0,,16.8,15.7,218.2,1010.7,68.5,6.2,,,,,2025-04-07T06:42:01,2025-04-07T18:55:10,0.31,Partially cloudy,,partly-cloudy-day,
lagos,4/8/2025,32.6,25.1,28.9,0,0,40.5,24.9,80,3.4,0,0,,13.9,14.5,215.4,1010.3,63.9,6,,,,,2025-04-08T06:41:34,2025-04-08T18:55:04,0.34,Partially cloudy,,partly-cloudy-day,
lagos,4/9/2025,32.5,25.7,29.1,0,0,40.2,25.1,80.1,10.9,0,0,,18.3,15.4,200.7,1010.2,63.3,6,,,,,2025-04-09T06:41:07,2025-04-09T18:54:58,0.38,Partially cloudy,,partly-cloudy-day,
lagos,4/10/2025,32.9,25.3,28.8,0,0,40.1,24.5,78.8,8.1,0,0,,17.2,15.2,206.7,1009.9,59.1,5.8,,,,,2025-04-10T06:40:41,2025-04-10T18:54:53,0.41,Partially cloudy,,partly-cloudy-day,
lagos,4/11/2025,32.5,26.4,29.2,0,0,40.2,25.1,79.8,1,0,0,,14.5,13.2,198.6,1010.1,65.4,6,,,,,2025-04-11T06:40:14,2025-04-11T18:54:47,0.45,Partially cloudy,,partly-cloudy-day,
lagos,4/12/2025,33.2,26.1,29.5,0,0,41.2,25.3,79,0,0,0,,16.8,16.3,201.6,1010.2,62.4,6.3,,,,,2025-04-12T06:39:49,2025-04-12T18:54:42,0.48,Partially cloudy,,partly-cloudy-day,
lagos,4/13/2025,32.4,26.1,29.1,0,0,39.5,25,79.2,1.2,5.6,2,,20.4,14.5,216.7,1010.1,65.2,6,,,,,2025-04-13T06:39:23,2025-04-13T18:54:37,0.5,Partially cloudy,,partly-cloudy-day,
lagos,4/14/2025,33,25.9,29.2,0,0,40.7,25.1,79.6,1.5,0,0,,19.2,15.7,212.1,1010.2,62.8,6,,,,,2025-04-14T06:38:58,2025-04-14T18:54:33,0.55,Partially cloudy,,partly-cloudy-day,
lagos,4/15/2025,32.6,25.6,28.5,0,0,40.3,25,82.1,15.4,0,0,,22.4,14.3,194.3,1010.6,62.5,5.8,,,,,2025-04-15T06:38:33,2025-04-15T18:54:28,0.58,Partially cloudy,,partly-cloudy-day,
lagos,4/16/2025,32.3,25.2,28.7,0,0,40.4,24.8,80.8,3,5.9,2,,16.3,15.9,193.5,1011.3,65.3,5.7,,,,,2025-04-16T06:38:09,2025-04-16T18:54:25,0.62,Partially cloudy,,partly-cloudy-day,
lagos,4/17/2025,32.6,25.1,28.6,0,0,40.5,24.8,80.6,6.9,0,0,,36,17.9,203.4,1011,59.7,5.9,,,,,2025-04-17T06:37:45,2025-04-17T18:54:21,0.65,Partially cloudy,,partly-cloudy-day,
lagos,4/18/2025,32.3,25.5,28.7,0,0,39.8,24.9,80.9,5.5,11.8,5,,29.5,15,203.8,1011.1,62.5,5.8,,,,,2025-04-18T06:37:22,2025-04-18T18:54:18,0.68,Partially cloudy,,partly-cloudy-day,
lagos,4/19/2025,32.1,26,28.9,0,0,39.7,25,80.4,3.4,0,0,,22.4,15.2,202,1010.7,62.4,6.2,,,,,2025-04-19T06:36:59,2025-04-19T18:54:15,0.72,Partially cloudy,,partly-cloudy-day,
lagos,4/20/2025,32.5,25.5,28.6,0,0,40.4,24.9,81,1.2,0,0,,18.3,16.1,208.5,1011.2,63.3,5.8,,,,,2025-04-20T06:36:36,2025-04-20T18:54:12,0.75,Partially cloudy,,partly-cloudy-day,
lagos,4/21/2025,32.6,25.9,29,0,0,40.3,25.2,80.6,0,5.9,2,,20.1,15.2,208.8,1010.9,64.6,6,,,,,2025-04-21T06:36:14,2025-04-21T18:54:10,0.75,Partially cloudy,,partly-cloudy-day,
lagos,4/22/2025,31.8,25.3,28.3,0,0,39.7,24.9,82.9,3.2,6.3,3,,19.9,13.9,215.2,1010.7,64.7,5.8,,,,,2025-04-22T06:35:53,2025-04-22T18:54:08,0.82,Partially cloudy,,partly-cloudy-day,
lagos,4/23/2025,31.7,25.4,28.6,0,0,40.1,25.2,82.7,9.2,6.7,3,,14.8,16.8,220.1,1010.6,65.1,6,,,,,2025-04-23T06:35:32,2025-04-23T18:54:07,0.85,Partially cloudy,,partly-cloudy-day,
lagos,4/24/2025,31.4,25.1,28.1,0,0,39.1,24.9,83.4,6.6,0,0,,23.7,14.3,202.2,1010.6,67.1,5.8,,,,,2025-04-24T06:35:11,2025-04-24T18:54:06,0.89,Partially cloudy,,partly-cloudy-day,
lagos,4/25/2025,32,25.3,28.5,0,0,39,24.6,80.8,2.3,0,0,,19.7,17.4,223.1,1011.7,62.1,5.7,,,,,2025-04-25T06:34:52,2025-04-25T18:54:05,0.92,Partially cloudy,,partly-cloudy-day,
lagos,4/26/2025,32.2,25,28.3,0,0,39.7,24.9,82.9,2.2,0,0,,19.9,15,203.5,1011.2,63.3,5.7,,,,,2025-04-26T06:34:32,2025-04-26T18:54:05,0.95,Partially cloudy,,partly-cloudy-day,
lagos,4/27/2025,32.2,25.2,28.3,0,0,40.4,24.9,82.5,2.6,0,0,,14.5,12.3,204.5,1011,63.3,5.9,,,,,2025-04-27T06:34:14,2025-04-27T18:54:05,0,Partially cloudy,,partly-cloudy-day,
lagos,4/28/2025,32,25.1,28.4,0,0,40.3,25.1,83.2,4.8,0,0,,17.9,16.3,209.5,1010.8,63.2,5.8,,,,,2025-04-28T06:33:55,2025-04-28T18:54:05,0.02,Partially cloudy,,partly-cloudy-day,
lagos,4/29/2025,32.4,25.2,28.5,0,0,40.1,25,82,9.3,0,0,,15.2,13.9,204,1010.8,63.8,5.9,,,,,2025-04-29T06:33:38,2025-04-29T18:54:06,0.06,Partially cloudy,,partly-cloudy-day,
lagos,4/30/2025,32.5,26.1,29,0,0,40.4,25.2,80.9,0.3,0,0,,15.4,14.3,203.1,1010.5,64.5,6.2,,,,,2025-04-30T06:33:21,2025-04-30T18:54:08,0.09,Partially cloudy,,partly-cloudy-day,
lagos,5/1/2025,31.9,24.2,28.2,0,0,39.1,24.8,82.8,5.9,5.6,2,,15.9,18.3,214.7,1010.9,63.6,6,,,,,2025-05-01T06:33:04,2025-05-01T18:54:10,0.12,Partially cloudy,,partly-cloudy-day,
lagos,5/2/2025,31.9,25.3,28.3,0,0,39.3,25,83.5,5.1,5.6,2,,27.7,15.7,196.7,1010.7,63.7,5.8,,,,,2025-05-02T06:32:49,2025-05-02T18:54:12,0.16,Partially cloudy,,partly-cloudy-day,
lagos,5/3/2025,32.1,25.1,28.6,0,0,40,25,82.1,5.3,0,0,,20.1,13.2,205.2,1010.5,62,5.8,,,,,2025-05-03T06:32:34,2025-05-03T18:54:15,0.19,Partially cloudy,,partly-cloudy-day,
lagos,5/4/2025,32,25.1,28.5,0,0,39.3,24.9,81.9,2.1,5.3,2,,13,13.6,220.8,1010.7,65.1,5.8,,,,,2025-05-04T06:32:19,2025-05-04T18:54:18,0.25,Partially cloudy,,partly-cloudy-day,
lagos,5/5/2025,32.1,25.2,28.3,0,0,39.9,24.9,82.9,1.9,0,0,,19.2,16.3,207.2,1010.9,65.9,5.7,,,,,2025-05-05T06:32:06,2025-05-05T18:54:22,0.26,Partially cloudy,,partly-cloudy-day,
lagos,5/6/2025,31.5,25.5,28.3,0,0,38.8,24.9,82.9,4.1,0,0,,19.2,16.3,217.8,1011.1,64.5,5.7,,,,,2025-05-06T06:31:52,2025-05-06T18:54:26,0.29,Partially cloudy,,partly-cloudy-day,
lagos,5/7/2025,31.9,25.4,28.4,0,0,39.4,24.8,82.1,7.4,5.3,2,,15,14.1,202.1,1011.7,66.2,5.7,,,,,2025-05-07T06:31:40,2025-05-07T18:54:30,0.32,Partially cloudy,,partly-cloudy-day,
lagos,5/8/2025,31.5,24.4,27.9,0,0,38.4,24.9,83.9,3.2,5.6,2,,23.7,20.4,210.1,1010.9,69.6,5.8,,,,,2025-05-08T06:31:28,2025-05-08T18:54:36,0.36,Partially cloudy,,partly-cloudy-day,
lagos,5/9/2025,31.3,25,28.1,0,0,38.8,24.8,83,3.7,0,0,,25.9,16.6,198.4,1010.8,65.9,5.8,,,,,2025-05-09T06:31:17,2025-05-09T18:54:41,0.39,Partially cloudy,,partly-cloudy-day,
lagos,5/10/2025,31.5,24.6,27.8,0,0,38.5,24.6,83.7,2.1,11.1,5,,12.8,12.3,186.9,1011.3,64.1,5.7,,,,,2025-05-10T06:31:07,2025-05-10T18:54:47,0.42,Partially cloudy,,partly-cloudy-day,
lagos,5/11/2025,30.8,24.8,27.9,0,0,37.9,24.5,82.9,11.6,0,0,,10.7,11.9,209.1,1010.9,62.8,5.6,,,,,2025-05-11T06:30:57,2025-05-11T18:54:53,0.46,Partially cloudy,,partly-cloudy-day,
lagos,5/12/2025,31.4,25,27.9,0,0,38.7,24.8,84.1,2.1,5.6,2,,12.8,14.1,209.8,1011.2,59.7,5.6,,,,,2025-05-12T06:30:48,2025-05-12T18:55:00,0.5,Partially cloudy,,partly-cloudy-day,
lagos,5/13/2025,30.8,24.7,27.7,0,0,38.3,24.5,83.8,2.3,5.3,2,,17.9,15.2,208.8,1011.7,65.6,5.7,,,,,2025-05-13T06:30:40,2025-05-13T18:55:07,0.53,Partially cloudy,,partly-cloudy-day,
lagos,5/14/2025,30.8,25,27.8,0,0,37.5,24.2,81.9,6.7,0,0,,21.3,14.3,188.2,1011.8,67,5.9,,,,,2025-05-14T06:30:33,2025-05-14T18:55:15,0.56,Partially cloudy,,partly-cloudy-day,
lagos,5/15/2025,31.5,24.7,28,0,0,38.9,24.7,83.1,4.8,4.8,2,,24.2,15.9,204.1,1011.2,67.5,5.7,,,,,2025-05-15T06:30:26,2025-05-15T18:55:23,0.6,Partially cloudy,,partly-cloudy-day,
lagos,5/16/2025,30.5,25.1,27.5,0,0,38.2,24.6,85,6.9,4.8,2,,14.1,13,222.4,1011.6,65.9,5.5,,,,,2025-05-16T06:30:20,2025-05-16T18:55:32,0.63,Partially cloudy,,partly-cloudy-day,
lagos,5/17/2025,31.3,25.3,28.1,0,0,39.2,25,83.9,1.5,0,0,,13.4,14.5,203.2,1011.2,64.7,5.7,,,,,2025-05-17T06:30:14,2025-05-17T18:55:41,0.66,Partially cloudy,,partly-cloudy-day,
lagos,5/18/2025,32,25.4,28.5,0,0,40.3,25,81.7,1.4,0,0,,17.7,16.3,189.6,1011.2,67.8,6,,,,,2025-05-18T06:30:10,2025-05-18T18:55:50,0.7,Partially cloudy,,partly-cloudy-day,
lagos,5/19/2025,31.4,25.7,28.1,0,0,38.8,25,84,8,5.3,2,,23.9,12.8,211.9,1011.3,68,6,,,,,2025-05-19T06:30:06,2025-05-19T18:56:00,0.73,Partially cloudy,,partly-cloudy-day,
lagos,5/20/2025,30.7,24.7,27.5,0,0,38.7,24.7,85.1,3.3,0,0,,20.1,15.2,211,1011.8,65,5.5,,,,,2025-05-20T06:30:02,2025-05-20T18:56:10,0.75,Partially cloudy,,partly-cloudy-day,
lagos,5/21/2025,31.2,24.6,27.7,0,0,38.4,24.6,83.8,7.6,0,0,,19,15,192.4,1011.3,65.5,5.8,,,,,2025-05-21T06:30:00,2025-05-21T18:56:20,0.8,Partially cloudy,,partly-cloudy-day,
lagos,5/22/2025,32.3,24.6,28.1,0,0,40.3,24.6,82.1,1.4,0,0,,14.3,16.1,210.8,1011.6,64.4,6,,,,,2025-05-22T06:29:58,2025-05-22T18:56:31,0.84,Partially cloudy,,partly-cloudy-day,
lagos,5/23/2025,30.9,24.9,27.7,0,0,38.4,24.8,84.9,2.2,5.3,2,,15.2,14.1,216.8,1011.5,62.7,5.8,,,,,2025-05-23T06:29:57,2025-05-23T18:56:42,0.87,Partially cloudy,,partly-cloudy-day,
lagos,5/24/2025,31.5,25.3,28.1,0,0,39.2,24.8,82.7,15.2,0,0,,14.3,13.6,203.8,1012,66.5,5.9,,,,,2025-05-24T06:29:56,2025-05-24T18:56:54,0.91,Partially cloudy,,partly-cloudy-day,
lagos,5/25/2025,31,24.6,27.7,0,0,38.7,24.7,84.4,14.3,10,4,,25.3,23.5,200.2,1011.8,68.5,5.8,,,,,2025-05-25T06:29:56,2025-05-25T18:57:06,0.94,Partially cloudy,,partly-cloudy-day,
lagos,5/26/2025,30.8,24.9,27.4,0,0,38.1,24.5,84.6,21.9,0,0,,14.8,12.8,206.7,1012,67,5.8,,,,,2025-05-26T06:29:57,2025-05-26T18:57:18,0.98,Partially cloudy,,partly-cloudy-day,
lagos,5/27/2025,30.6,24.4,27.3,0,0,37.1,24.6,85.7,15.4,5.3,2,,19.2,16.6,197.9,1012.2,65.3,5.7,,,,,2025-05-27T06:29:58,2025-05-27T18:57:30,0,Partially cloudy,,partly-cloudy-day,
lagos,5/28/2025,31.3,24.6,27.5,0,0,38.8,24.6,84.7,3.2,0,0,,11.2,12.8,228.4,1012.3,64.7,5.8,,,,,2025-05-28T06:30:00,2025-05-28T18:57:43,0.04,Partially cloudy,,partly-cloudy-day,
lagos,5/29/2025,30.5,24.6,27.5,0,0,37.2,24.7,85.6,2.6,0,0,,17.9,16.8,210.5,1012.1,65.9,6,,,,,2025-05-29T06:30:03,2025-05-29T18:57:56,0.08,Partially cloudy,,partly-cloudy-day,
lagos,5/30/2025,30.1,23.9,26.6,0,0,36.9,24.2,87.6,11.6,10.5,4,,10.3,15,206.5,1012.4,64.5,5.5,,,,,2025-05-30T06:30:07,2025-05-30T18:58:09,0.11,Partially cloudy,,partly-cloudy-day,
lagos,5/31/2025,29.5,24.1,26.7,0,0,36.1,24.4,87.9,4.6,5.3,2,,13.2,11.2,207.2,1012.4,64.9,5.5,,,,,2025-05-31T06:30:11,2025-05-31T18:58:22,0.14,Partially cloudy,,partly-cloudy-day,
lagos,6/1/2025,30.7,24.4,27.4,0,0,38.2,24.4,84.4,8.2,0,0,,10.3,15,203.7,1012.4,65.7,5.8,,,,,2025-06-01T06:30:15,2025-06-01T18:58:36,0.18,Partially cloudy,,partly-cloudy-day,
lagos,6/2/2025,29.8,24.5,27.2,0,0,36.7,24.5,86.1,4.7,0,0,,13.2,13.9,194,1012.4,67,5.3,,,,,2025-06-02T06:30:20,2025-06-02T18:58:50,0.21,Partially cloudy,,partly-cloudy-day,
lagos,6/3/2025,30.1,24.6,27,0,0,36.2,24.4,86.1,9.9,5,2,,12.3,13.2,208.4,1012.6,68.1,5.3,,,,,2025-06-03T06:30:26,2025-06-03T18:59:04,0.25,Partially cloudy,,partly-cloudy-day,
lagos,6/4/2025,30.1,24.2,26.9,0,0,36.4,24.3,86.1,14.5,0,0,,11.4,14.3,200.8,1012.9,70.2,5.7,,,,,2025-06-04T06:30:33,2025-06-04T18:59:18,0.27,Partially cloudy,,partly-cloudy-day,
lagos,6/5/2025,30.4,23.8,26.9,0,0,37.3,24.2,85.9,1.5,0,0,,12.5,19,219.4,1012.9,66.6,5.6,,,,,2025-06-05T06:30:39,2025-06-05T18:59:32,0.31,Partially cloudy,,partly-cloudy-day,
lagos,6/6/2025,30.4,23.9,26.9,0,0,37.4,24.3,86.3,12.3,10.5,4,,17.9,14.3,208.1,1012.9,69.1,5.6,,,,,2025-06-06T06:30:47,2025-06-06T18:59:46,0.34,Partially cloudy,,partly-cloudy-day,
lagos,6/7/2025,29.9,24.4,27,0,0,35.8,24.2,85.7,10.4,0,0,,9.2,13.9,207.6,1012.4,67.8,5.4,,,,,2025-06-07T06:30:55,2025-06-07T19:00:01,0.37,Partially cloudy,,partly-cloudy-day,
lagos,6/8/2025,30.5,24.6,27.5,0,0,38.3,24.5,84.3,4.1,0,0,,10.3,14.8,218.7,1012.3,69.7,5.8,,,,,2025-06-08T06:31:03,2025-06-08T19:00:15,0.41,Partially cloudy,,partly-cloudy-day,
lagos,6/9/2025,29.4,23.9,26.3,0,0,36.2,24.3,88.9,9.6,10.5,4,,16.8,15.9,223.5,1012.7,68.5,5.7,,,,,2025-06-09T06:31:12,2025-06-09T19:00:30,0.44,Partially cloudy,,partly-cloudy-day,
lagos,6/10/2025,30.4,23.7,26.6,0,0,36.8,24.2,87.4,8.5,0,0,,11.6,13.9,210.9,1012.8,67.6,5.5,,,,,2025-06-10T06:31:21,2025-06-10T19:00:44,0.47,Partially cloudy,,partly-cloudy-day,
lagos,6/11/2025,30.2,23.9,26.8,0,0,36.5,24.2,86.1,18.2,10.5,4,,17.2,15.2,223.8,1013.3,67.1,5.5,,,,,2025-06-11T06:31:31,2025-06-11T19:00:58,0.5,Partially cloudy,,partly-cloudy-day,
lagos,6/12/2025,29.2,23.8,26.4,0,0,35.6,24.2,88.4,9,10,4,,13,13.2,202.8,1013.2,68.3,5.4,,,,,2025-06-12T06:31:41,2025-06-12T19:01:13,0.54,Partially cloudy,,partly-cloudy-day,
lagos,6/13/2025,30,24.5,27,0,0,36.6,24.4,86.4,16.3,5.6,2,,11.9,15.9,216.5,1013.4,69.8,5.5,,,,,2025-06-13T06:31:52,2025-06-13T19:01:27,0.58,Partially cloudy,,partly-cloudy-day,
lagos,6/14/2025,29.7,24.3,26.8,0,0,36.3,24.5,87.8,5.8,0,0,,12.5,15,219.8,1013,68,5.7,,,,,2025-06-14T06:32:03,2025-06-14T19:01:42,0.61,Partially cloudy,,partly-cloudy-day,
lagos,6/15/2025,29.3,24.2,26.5,0,0,35.5,24.2,87.9,4.8,0,0,,14.5,13.9,218.7,1013.2,67.4,5.5,,,,,2025-06-15T06:32:14,2025-06-15T19:01:56,0.65,Partially cloudy,,partly-cloudy-day,
lagos,6/16/2025,29.5,23.8,26.6,0,0,35.3,24.1,86.8,5.9,0,0,,15.9,14.5,219.7,1013,69.4,5.7,,,,,2025-06-16T06:32:26,2025-06-16T19:02:10,0.68,Partially cloudy,,partly-cloudy-day,
lagos,6/17/2025,29.6,23.9,26.7,0,0,35.6,24.2,86.7,9.4,10,4,,12.5,14.8,223.3,1013.4,67.6,5.7,,,,,2025-06-17T06:32:38,2025-06-17T19:02:24,0.72,Partially cloudy,,partly-cloudy-day,
lagos,6/18/2025,29.2,24.3,26.6,0,0,35.1,24.3,87.7,8,0,0,,11.4,13.4,221.9,1013.2,67.4,5.5,,,,,2025-06-18T06:32:50,2025-06-18T19:02:37,0.75,Partially cloudy,,partly-cloudy-day,
lagos,6/19/2025,29.8,24.6,27,0,0,36.4,24.2,85.1,11,4.8,2,,21.5,15.4,230.5,1013.4,70.5,6.1,,,,,2025-06-19T06:33:03,2025-06-19T19:02:51,0.79,Partially cloudy,,partly-cloudy-day,
lagos,6/20/2025,28.6,24.1,26.3,0,0,35.1,24.1,88.5,3.5,5,2,,13.2,14.3,224.2,1013.3,66.9,5.5,,,,,2025-06-20T06:33:15,2025-06-20T19:03:04,0.82,Partially cloudy,,partly-cloudy-day,
lagos,6/21/2025,29.2,23.7,26.2,0,0,34.4,23.9,87.5,8.2,0,0,,8.9,12.8,212.3,1013.6,67,5.4,,,,,2025-06-21T06:33:28,2025-06-21T19:03:17,0.86,Partially cloudy,,partly-cloudy-day,
lagos,6/22/2025,28.7,23.7,26.2,0,0,34.2,24.1,88.9,9,5.3,2,,17,14.8,213.6,1013.9,73.5,5.5,,,,,2025-06-22T06:33:41,2025-06-22T19:03:30,0.89,Partially cloudy,,partly-cloudy-day,
lagos,6/23/2025,29.1,24,26.4,0,0,34.9,24.1,87.6,2.2,0,0,,10.3,14.1,204.8,1013.3,70.5,5.5,,,,,2025-06-23T06:33:55,2025-06-23T19:03:42,0.93,Partially cloudy,,partly-cloudy-day,
lagos,6/24/2025,28.6,23.7,26,0,0,34.8,23.8,88.5,8.7,5,2,,29.5,15.2,224.1,1013.3,72,5.4,,,,,2025-06-24T06:34:08,2025-06-24T19:03:55,0.97,Partially cloudy,,partly-cloudy-day,
lagos,6/25/2025,28.9,24.1,26,0,0,34.8,23.9,88.7,5.3,5,2,,13,12.1,232,1014.2,72.8,5.3,,,,,2025-06-25T06:34:22,2025-06-25T19:04:06,0,Partially cloudy,,partly-cloudy-day,
lagos,6/26/2025,28.4,23.9,26,0,0,34.6,23.9,88.7,12.9,10,4,,16.8,16.1,228.3,1014.2,70.4,5.3,,,,,2025-06-26T06:34:36,2025-06-26T19:04:18,0.03,Partially cloudy,,partly-cloudy-day,
lagos,6/27/2025,29.4,23.8,26.2,0,0,34.6,23.9,87.7,4.4,0,0,,17.2,14.5,233.6,1014.2,72.1,5.5,,,,,2025-06-27T06:34:49,2025-06-27T19:04:29,0.07,Partially cloudy,,partly-cloudy-day,
lagos,6/28/2025,28.4,24.2,26.1,0,0,34.3,23.9,88,5,0,0,,13.6,14.3,229.1,1014.4,71.6,5.5,,,,,2025-06-28T06:35:03,2025-06-28T19:04:39,0.1,Partially cloudy,,partly-cloudy-day,
lagos,6/29/2025,29.1,23.7,26.1,0,0,34.4,23.9,87.9,7.3,0,0,,17.2,15.9,225.6,1013.6,68.6,5.4,,,,,2025-06-29T06:35:17,2025-06-29T19:04:50,0.13,Partially cloudy,,partly-cloudy-day,
lagos,6/30/2025,28.4,24.1,25.8,0,0,33.8,24,90.3,6.3,5.3,2,,21.7,16.6,236.3,1013.7,71.7,5.2,,,,,2025-06-30T06:35:31,2025-06-30T19:04:59,0.16,Partially cloudy,,partly-cloudy-day,
lagos,7/1/2025,27.9,23.5,25.4,0,0,33.2,23.6,90.6,8.2,5,2,,15.7,11.9,224,1013,69.3,5.1,,,,,2025-07-01T06:35:45,2025-07-01T19:05:09,0.2,Partially cloudy,,partly-cloudy-day,
lagos,7/2/2025,29,23.9,26.1,0,0,35,23.9,88.2,2.1,5,2,,20.8,15.7,223.6,1013.9,72.2,5.3,,,,,2025-07-02T06:35:58,2025-07-02T19:05:17,0.25,Partially cloudy,,partly-cloudy-day,
lagos,7/3/2025,28.8,24,26.2,0,0,34.1,24,88.1,4.3,0,0,,16.3,15,224.7,1013.9,70.5,5.5,,,,,2025-07-03T06:36:12,2025-07-03T19:05:26,0.26,Partially cloudy,,partly-cloudy-day,
lagos,7/4/2025,29.1,23.8,26.3,0,0,34.5,23.9,87.6,6.4,10,4,,14.3,17.2,215.3,1013.8,71.3,5.5,,,,,2025-07-04T06:36:26,2025-07-04T19:05:33,0.29,Partially cloudy,,partly-cloudy-day,
lagos,7/5/2025,28.5,24.4,26.1,0,0,33.4,23.9,88,1.9,5,2,,14.5,15,223.9,1014.1,73,5.6,,,,,2025-07-05T06:36:39,2025-07-05T19:05:41,0.32,Partially cloudy,,partly-cloudy-day,
lagos,7/6/2025,28.5,23.7,25.9,0,0,34.1,23.9,89.1,2.8,0,0,,15.2,14.3,235,1013.3,72.6,5.5,,,,,2025-07-06T06:36:53,2025-07-06T19:05:47,0.36,Partially cloudy,,partly-cloudy-day,
lagos,7/7/2025,28.6,24,26,0,0,33.5,23.9,88.6,5.3,0,0,,14.8,15.2,231.2,1014,75.2,5.5,,,,,2025-07-07T06:37:06,2025-07-07T19:05:53,0.39,Partially cloudy,,partly-cloudy-day,
lagos,7/8/2025,28.6,23.6,26,0,0,34.5,23.6,87.4,4.2,0,0,,14.8,14.3,231.4,1013.8,71.7,5.7,,,,,2025-07-08T06:37:19,2025-07-08T19:05:59,0.42,Partially cloudy,,partly-cloudy-day,
lagos,7/9/2025,28.9,23.9,26,0,0,34,23.7,87.7,4.2,10,4,,18.1,16.1,233.9,1014.2,67.9,5.7,,,,,2025-07-09T06:37:32,2025-07-09T19:06:03,0.45,Partially cloudy,,partly-cloudy-day,
lagos,7/10/2025,28.5,23.7,25.9,0,0,33.9,23.7,88,4.2,5,2,,16.1,16.8,234.7,1013.8,71.8,5.6,,,,,2025-07-10T06:37:45,2025-07-10T19:06:08,0.5,Partially cloudy,,partly-cloudy-day,
lagos,7/11/2025,29,23.7,25.9,0,0,34.5,23.6,87.3,17.2,0,0,,13,14.1,236.8,1014.2,71.2,5.6,,,,,2025-07-11T06:37:57,2025-07-11T19:06:11,0.52,Partially cloudy,,partly-cloudy-day,
lagos,7/12/2025,28.9,23.7,26,0,0,33.6,23.7,87.5,9.4,0,0,,12.8,15.2,229.6,1014,70.5,5.8,,,,,2025-07-12T06:38:09,2025-07-12T19:06:14,0.56,Partially cloudy,,partly-cloudy-day,
lagos,7/13/2025,28.8,23.4,26,0,0,33.8,23.6,87.1,19.2,0,0,,16.3,15.4,231.8,1014.1,69.6,5.7,,,,,2025-07-13T06:38:21,2025-07-13T19:06:16,0.59,Partially cloudy,,partly-cloudy-day,
lagos,7/14/2025,28.6,24.3,26.3,0,0,33.4,23.8,86.5,18.2,5.3,2,,17.2,15.7,228.9,1014,73.4,5.7,,,,,2025-07-14T06:38:33,2025-07-14T19:06:18,0.63,Partially cloudy,,partly-cloudy-day,
lagos,7/15/2025,28.7,24.2,26,0,0,34,23.9,88.4,5.9,10,4,,19.7,14.8,229.3,1013.8,68.1,5.6,,,,,2025-07-15T06:38:44,2025-07-15T19:06:19,0.66,Partially cloudy,,partly-cloudy-day,
lagos,7/16/2025,28.2,23.9,25.7,0,0,33.4,23.6,88.7,14.2,0,0,,16.1,15.9,232,1014.2,72.9,5.5,,,,,2025-07-16T06:38:55,2025-07-16T19:06:19,0.7,Partially cloudy,,partly-cloudy-day,
lagos,7/17/2025,28.5,23.8,26,0,0,33.5,23.6,87.6,10.5,5.3,2,,20.8,15.4,230.5,1014.5,72.9,5.6,,,,,2025-07-17T06:39:05,2025-07-17T19:06:18,0.74,Partially cloudy,,partly-cloudy-day,
lagos,7/18/2025,28.2,24.2,25.9,0,0,32.6,23.7,88.1,10.8,0,0,,15.9,15.2,232.1,1013.8,73.1,5.6,,,,,2025-07-18T06:39:16,2025-07-18T19:06:17,0.75,Partially cloudy,,partly-cloudy-day,
lagos,7/19/2025,28.2,24,25.7,0,0,33,23.5,88.1,0.3,5,2,,17.7,14.8,230.8,1014.1,71.5,5.7,,,,,2025-07-19T06:39:26,2025-07-19T19:06:15,0.81,Partially cloudy,,partly-cloudy-day,
lagos,7/20/2025,27.9,24.3,25.9,0,0,32.6,23.6,87.5,2.9,0,0,,16.8,16.3,236.7,1014.1,76.3,5.7,,,,,2025-07-20T06:39:35,2025-07-20T19:06:13,0.84,Partially cloudy,,partly-cloudy-day,
lagos,7/21/2025,28,23.8,25.7,0,0,32.3,23.3,87.3,9.7,0,0,,18.8,19.5,226.8,1014.4,72.1,5.6,,,,,2025-07-21T06:39:44,2025-07-21T19:06:09,0.88,Partially cloudy,,partly-cloudy-day,
lagos,7/22/2025,28.3,23.4,25.7,0,0,32.7,23.3,87.3,12.5,0,0,,18.6,17.7,233.1,1014.3,73,5.8,,,,,2025-07-22T06:39:53,2025-07-22T19:06:05,0.92,Partially cloudy,,partly-cloudy-day,
lagos,7/23/2025,28,23.7,25.8,0,0,32.5,23.4,87.3,6.5,0,0,,16.3,15.4,235.1,1014.4,72.7,5.5,,,,,2025-07-23T06:40:01,2025-07-23T19:06:00,0.95,Partially cloudy,,partly-cloudy-day,
lagos,7/24/2025,28.2,23.4,25.4,0,0,33,23.2,88.2,5,0,0,,13.4,15.7,230.3,1014.3,70.1,5.7,,,,,2025-07-24T06:40:09,2025-07-24T19:05:54,0,Partially cloudy,,partly-cloudy-day,
lagos,7/25/2025,28.3,23.6,25.7,0,0,32.7,23.2,86.6,3.3,0,0,,19.5,16.8,237.5,1014.3,72,5.7,,,,,2025-07-25T06:40:16,2025-07-25T19:05:48,0.02,Partially cloudy,,partly-cloudy-day,
lagos,7/26/2025,28.2,23.8,25.7,0,0,32.1,23.2,86.4,5,0,0,,17.7,17.7,237.1,1014.3,71.5,5.7,,,,,2025-07-26T06:40:23,2025-07-26T19:05:41,0.05,Partially cloudy,,partly-cloudy-day,
lagos,7/27/2025,27.9,23.8,25.6,0,0,32.4,23.3,87.7,2.3,0,0,,16.8,17.2,233,1014.2,72,5.8,,,,,2025-07-27T06:40:30,2025-07-27T19:05:33,0.09,Partially cloudy,,partly-cloudy-day,
lagos,7/28/2025,28.3,23.7,25.8,0,0,32.9,23.2,86.5,8.2,0,0,,17.9,17.2,235.6,1014,75.1,5.9,,,,,2025-07-28T06:40:36,2025-07-28T19:05:25,0.12,Partially cloudy,,partly-cloudy-day,
lagos,7/29/2025,27.9,23.9,25.6,0,0,32,23.2,87,3.7,0,0,,17.9,15.9,235.5,1014,73.2,5.8,,,,,2025-07-29T06:40:42,2025-07-29T19:05:15,0.15,Partially cloudy,,partly-cloudy-day,
lagos,7/30/2025,28.2,23.4,25.5,0,0,32.1,23.1,86.8,2.2,0,0,,21.5,16.3,238.1,1014.4,71.8,6,,,,,2025-07-30T06:40:47,2025-07-30T19:05:05,0.18,Partially cloudy,,partly-cloudy-day,
lagos,7/31/2025,28,23.7,25.5,0,0,31.7,23,86.4,2.5,5,2,,19.5,15.2,237.6,1013.9,72.8,5.8,,,,,2025-07-31T06:40:51,2025-07-31T19:04:54,0.21,Partially cloudy,,partly-cloudy-day,
lagos,8/1/2025,28.2,23.6,25.7,0,0,32,23,85.8,0.8,0,0,,13.9,16.1,236.8,1013.9,73.2,5.8,,,,,2025-08-01T06:40:56,2025-08-01T19:04:43,0.25,Partially cloudy,,partly-cloudy-day,
lagos,8/2/2025,28.2,23.5,25.6,0,0,32.2,23,86.2,2.1,0,0,,16.1,16.3,232.4,1014.3,71.3,5.9,,,,,2025-08-02T06:40:59,2025-08-02T19:04:30,0.28,Partially cloudy,,partly-cloudy-day,
lagos,8/3/2025,27.9,23.6,25.4,0,0,31.8,22.9,86.3,3.6,5,2,,13.9,21,235.3,1014,74.5,5.8,,,,,2025-08-03T06:41:02,2025-08-03T19:04:17,0.31,Partially cloudy,,partly-cloudy-day,
lagos,8/4/2025,28.3,23.5,25.5,0,0,32.3,22.8,85.5,1.8,0,0,,17.4,16.6,233.1,1014,73.4,6,,,,,2025-08-04T06:41:05,2025-08-04T19:04:04,0.34,Partially cloudy,,partly-cloudy-day,
lagos,8/5/2025,27.8,23.6,25.5,0,0,32.7,22.8,85.6,14.7,5.3,2,,16.1,16.1,235.5,1013.8,71.9,5.8,,,,,2025-08-05T06:41:07,2025-08-05T19:03:49,0.38,Partially cloudy,,partly-cloudy-day,
lagos,8/6/2025,27.8,23.5,25.3,0,0,32.2,22.8,86.4,0.5,0,0,,19.2,15.4,233.8,1014.4,74.4,6,,,,,2025-08-06T06:41:09,2025-08-06T19:03:34,0.41,Partially cloudy,,partly-cloudy-day,
lagos,8/7/2025,28.5,23.6,25.6,0,0,32.2,22.9,85.2,1.3,0,0,,17,16.1,233.4,1013.9,73.7,6,,,,,2025-08-07T06:41:10,2025-08-07T19:03:18,0.44,Partially cloudy,,partly-cloudy-day,
lagos,8/8/2025,28.6,23.2,25.8,0,0,32.6,22.9,84.5,4.2,0,0,,17.9,17,228.8,1014.7,73.1,6,,,,,2025-08-08T06:41:11,2025-08-08T19:03:02,0.47,Partially cloudy,,partly-cloudy-day,
lagos,8/9/2025,28.6,23.5,25.6,0,0,32.1,22.8,85.3,0.7,0,0,,18.1,16.8,230.4,1015,70.7,6,,,,,2025-08-09T06:41:12,2025-08-09T19:02:44,0.5,Partially cloudy,,partly-cloudy-day,
lagos,8/10/2025,28.5,23.4,25.5,0,0,33.5,22.9,86.4,0.2,0,0,,19,16.3,232.6,1014.1,71.1,5.8,,,,,2025-08-10T06:41:11,2025-08-10T19:02:26,0.54,Partially cloudy,,partly-cloudy-day,
lagos,8/11/2025,28.8,23.7,25.7,0,0,32.4,22.9,84.9,1.2,0,0,,18.3,16.3,234.1,1014.2,70.2,6,,,,,2025-08-11T06:41:11,2025-08-11T19:02:08,0.58,Partially cloudy,,partly-cloudy-day,
lagos,8/12/2025,28.5,23.8,25.9,0,0,32.2,22.9,84.1,0.9,0,0,,18.8,17.2,231.9,1013.8,72.1,6.2,,,,,2025-08-12T06:41:10,2025-08-12T19:01:49,0.61,Partially cloudy,,partly-cloudy-day,
lagos,8/13/2025,28,23.7,25.5,0,0,31.5,22.9,86,1.7,0,0,,15.7,17.7,233.8,1014,74.4,6,,,,,2025-08-13T06:41:08,2025-08-13T19:01:29,0.65,Partially cloudy,,partly-cloudy-day,
lagos,8/14/2025,28.1,23.8,25.6,0,0,31.7,22.9,85.5,2.7,0,0,,14.3,15.4,232.1,1014,74.2,6,,,,,2025-08-14T06:41:06,2025-08-14T19:01:08,0.68,Partially cloudy,,partly-cloudy-day,
lagos,8/15/2025,28.3,23.6,25.4,0,0,32.4,23,86.9,0.5,0,0,,13.6,15.4,226,1014.9,71.6,5.8,,,,,2025-08-15T06:41:03,2025-08-15T19:00:47,0.72,Partially cloudy,,partly-cloudy-day,
lagos,8/16/2025,28,22.9,25.4,0,0,31.8,22.7,85.6,0.5,0,0,,17.4,16.1,229.8,1014.4,71,5.9,,,,,2025-08-16T06:41:00,2025-08-16T19:00:25,0.75,Partially cloudy,,partly-cloudy-day,
lagos,8/17/2025,28.1,23.7,25.8,0,0,32.6,22.7,83.8,1.4,0,0,,16.1,15.2,231,1014.2,74,6.2,,,,,2025-08-17T06:40:57,2025-08-17T19:00:03,0.79,Partially cloudy,,partly-cloudy-day,
lagos,8/18/2025,28.6,23.7,25.8,0,0,32.5,22.9,85,0.4,0,0,,17.7,16.1,233,1013.9,72.8,6,,,,,2025-08-18T06:40:53,2025-08-18T18:59:40,0.83,Partially cloudy,,partly-cloudy-day,
lagos,8/19/2025,28.3,23.4,25.6,0,0,32.8,22.7,85.1,5.8,0,0,,18.6,14.5,215.9,1014,73,5.8,,,,,2025-08-19T06:40:49,2025-08-19T18:59:17,0.86,Partially cloudy,,partly-cloudy-day,
lagos,8/20/2025,28.4,23.6,25.5,0,0,32.3,23,86.7,6,0,0,,16.6,15.4,226.1,1014.1,74,5.7,,,,,2025-08-20T06:40:44,2025-08-20T18:58:53,0.9,Partially cloudy,,partly-cloudy-day,
lagos,8/21/2025,28.3,23.6,25.6,0,0,32.4,23,86.1,1.3,0,0,,16.6,17.2,232.7,1014.2,72.4,5.9,,,,,2025-08-21T06:40:39,2025-08-21T18:58:28,0.94,Partially cloudy,,partly-cloudy-day,
lagos,8/22/2025,27.7,23.8,25.5,0,0,31.7,23.1,87.3,2.7,0,0,,19.9,14.5,232.9,1014,73.8,5.9,,,,,2025-08-22T06:40:34,2025-08-22T18:58:03,0.97,Partially cloudy,,partly-cloudy-day,
lagos,8/23/2025,28.4,23.7,25.6,0,0,32.1,23,86.2,5.7,5.3,2,,19.5,17.9,224.5,1013.7,74.4,6.1,,,,,2025-08-23T06:40:28,2025-08-23T18:57:38,0,Partially cloudy,,partly-cloudy-day,
lagos,8/24/2025,28.3,23.7,25.6,0,0,32.5,23.1,86.6,2.5,0,0,,21.3,14.5,227.9,1014.5,74.4,5.9,,,,,2025-08-24T06:40:22,2025-08-24T18:57:12,0.04,Partially cloudy,,partly-cloudy-day,
lagos,8/25/2025,27.7,23.6,25.3,0,0,32.8,23.2,88.6,1.5,0,0,,19,13.6,227.2,1014,73.2,5.7,,,,,2025-08-25T06:40:15,2025-08-25T18:56:45,0.07,Partially cloudy,,partly-cloudy-day,
lagos,8/26/2025,27.9,23.7,25.3,0,0,32.3,23.2,88.3,3.7,5.3,2,,21,14.8,225.1,1013.4,72.7,5.7,,,,,2025-08-26T06:40:08,2025-08-26T18:56:19,0.1,Partially cloudy,,partly-cloudy-day,
lagos,8/27/2025,28,23.6,25.6,0,0,32.7,23.2,87.3,1.3,5,2,,18.3,14.5,224.5,1013.6,73.8,5.8,,,,,2025-08-27T06:40:01,2025-08-27T18:55:51,0.14,Partially cloudy,,partly-cloudy-day,
lagos,8/28/2025,28.3,23.5,25.4,0,0,32.7,23.2,88.3,3.2,0,0,,16.3,15.7,222.9,1013.9,71.2,5.8,,,,,2025-08-28T06:39:54,2025-08-28T18:55:24,0.17,Partially cloudy,,partly-cloudy-day,
lagos,8/29/2025,28,24.1,25.6,0,0,32.9,23.3,87.6,2.1,0,0,,18.6,13.9,227.7,1013.7,74.4,5.7,,,,,2025-08-29T06:39:46,2025-08-29T18:54:55,0.2,Partially cloudy,,partly-cloudy-day,
lagos,8/30/2025,28.1,23.7,25.5,0,0,32.6,23.4,88.8,3,5.6,2,,20.6,13.6,232.4,1014.1,72.1,5.8,,,,,2025-08-30T06:39:37,2025-08-30T18:54:27,0.23,Partially cloudy,,partly-cloudy-day,
lagos,8/31/2025,28.4,24,25.8,0,0,33.1,23.3,86.4,1.1,0,0,,16.8,13.9,229.4,1013.8,72.2,6,,,,,2025-08-31T06:39:29,2025-08-31T18:53:58,0.25,Partially cloudy,,partly-cloudy-day,
lagos,9/1/2025,27.6,23.9,25.6,0,0,32.5,23.1,87,4,5.3,2,,14.1,13,213.2,1013.5,76.4,5.5,,,,,2025-09-01T06:39:20,2025-09-01T18:53:29,0.3,Partially cloudy,,partly-cloudy-day,
lagos,9/2/2025,28.5,23.8,25.9,0,0,33.7,23.4,86.7,3.3,0,0,,15.9,13.6,224.3,1014.2,72.4,5.8,,,,,2025-09-02T06:39:11,2025-09-02T18:52:59,0.33,Partially cloudy,,partly-cloudy-day,
lagos,9/3/2025,28.1,23.7,25.5,0,0,32.2,23.4,88.5,1,0,0,,17,13.9,223.2,1014.6,68.5,5.8,,,,,2025-09-03T06:39:02,2025-09-03T18:52:29,0.36,Partially cloudy,,partly-cloudy-day,
lagos,9/4/2025,27.8,23.3,25.3,0,0,32.4,23.1,87.9,2.6,5.6,2,,13.6,13.9,228.9,1014.2,73.4,5.7,,,,,2025-09-04T06:38:53,2025-09-04T18:51:59,0.39,Partially cloudy,,partly-cloudy-day,
lagos,9/5/2025,27.1,23.6,25.2,0,0,32.7,23.1,88.5,3.8,0,0,,20.6,15.7,230.4,1013.9,74.6,5.8,,,,,2025-09-05T06:38:43,2025-09-05T18:51:29,0.43,Partially cloudy,,partly-cloudy-day,
lagos,9/6/2025,27.8,23.5,25.4,0,0,32.4,23.3,88.9,5,5.9,2,,16.1,14.3,229.2,1013.3,75.2,5.7,,,,,2025-09-06T06:38:33,2025-09-06T18:50:58,0.46,Partially cloudy,,partly-cloudy-day,
lagos,9/7/2025,28.4,23.1,25.7,0,0,34,23.4,87.2,8.6,0,0,,15.4,14.1,226.8,1013.5,70.8,5.8,,,,,2025-09-07T06:38:23,2025-09-07T18:50:28,0.5,Partially cloudy,,partly-cloudy-day,
lagos,9/8/2025,28.4,23.5,25.7,0,0,33.2,23.4,88.2,17.2,11.1,5,,16.3,14.1,230.3,1013.1,74.4,5.7,,,,,2025-09-08T06:38:13,2025-09-08T18:49:56,0.52,Partially cloudy,,partly-cloudy-day,
lagos,9/9/2025,28.1,23.9,25.7,0,0,33.1,23.4,87.9,3.9,15.8,7,,17.2,12.3,228.2,1013.2,74.4,5.7,,,,,2025-09-09T06:38:03,2025-09-09T18:49:25,0.56,Partially cloudy,,partly-cloudy-day,
lagos,9/10/2025,28,24,25.5,0,0,33.4,23.6,89.1,3.1,0,0,,15.2,13,227.3,1013.3,72.8,5.7,,,,,2025-09-10T06:37:52,2025-09-10T18:48:54,0.6,Partially cloudy,,partly-cloudy-day,
lagos,9/11/2025,28.3,23.3,25.6,0,0,33.3,23.5,88.6,4.5,5.9,2,,16.1,14.1,221.3,1012.7,74.3,5.7,,,,,2025-09-11T06:37:42,2025-09-11T18:48:22,0.63,Partially cloudy,,partly-cloudy-day,
lagos,9/12/2025,28.5,23.9,25.9,0,0,33.7,23.5,87.3,6.9,0,0,,13.9,12.3,215.7,1013.1,68.6,5.8,,,,,2025-09-12T06:37:31,2025-09-12T18:47:51,0.67,Partially cloudy,,partly-cloudy-day,
lagos,9/13/2025,28.6,24.1,25.9,0,0,33.9,23.6,87.4,0.9,0,0,,16.3,15.4,230.1,1013.5,71.9,6,,,,,2025-09-13T06:37:20,2025-09-13T18:47:19,0.7,Partially cloudy,,partly-cloudy-day,
lagos,9/14/2025,28.1,23.8,25.6,0,0,33.6,23.6,89,5,11.1,5,,13.2,12.1,212.3,1013.7,72.1,5.4,,,,,2025-09-14T06:37:09,2025-09-14T18:46:47,0.75,Partially cloudy,,partly-cloudy-day,
lagos,9/15/2025,28.8,24.2,26.3,0,0,33.5,23.7,86.4,0.8,6.7,3,,19,15.4,222.2,1013.7,72,6,,,,,2025-09-15T06:36:59,2025-09-15T18:46:15,0.77,Partially cloudy,,partly-cloudy-day,
lagos,9/16/2025,28.7,24.1,26.1,0,0,33.5,23.6,86.4,0.9,6.3,3,,16.6,12.8,229.5,1013.4,72.3,6,,,,,2025-09-16T06:36:48,2025-09-16T18:45:43,0.81,Partially cloudy,,partly-cloudy-day,
lagos,9/17/2025,28.3,24,25.7,0,0,34,23.7,88.8,5.2,18.8,8,,14.5,13.4,224.8,1013.3,69.1,5.7,,,,,2025-09-17T06:36:37,2025-09-17T18:45:11,0.84,Partially cloudy,,partly-cloudy-day,
lagos,9/18/2025,29.5,23.8,26.1,0,0,34.4,23.6,86.6,0.5,0,0,,16.1,14.3,227.7,1013.5,67.5,6.1,,,,,2025-09-18T06:36:26,2025-09-18T18:44:39,0.88,Partially cloudy,,partly-cloudy-day,
lagos,9/19/2025,28.5,23.8,25.8,0,0,34.7,23.7,88.8,7.9,0,0,,15.4,11.2,219.8,1013.5,71.3,5.6,,,,,2025-09-19T06:36:15,2025-09-19T18:44:07,0.92,Partially cloudy,,partly-cloudy-day,
lagos,9/20/2025,28.6,23.8,26,0,0,34,23.8,88,17.3,6.7,3,,17.2,13.2,210,1013.1,73,5.6,,,,,2025-09-20T06:36:04,2025-09-20T18:43:35,0.95,Partially cloudy,,partly-cloudy-day,
lagos,9/21/2025,29.3,23.8,26.1,0,0,34.6,23.6,86.8,5,0,0,,13.6,13.9,219.3,1013.1,67.4,5.7,,,,,2025-09-21T06:35:54,2025-09-21T18:43:03,0,Partially cloudy,,partly-cloudy-day,
lagos,9/22/2025,29.2,24,26.2,0,0,34.1,23.8,87.2,6.9,0,0,,16.6,15,224.6,1012.7,67.3,5.8,,,,,2025-09-22T06:35:43,2025-09-22T18:42:32,0.02,Partially cloudy,,partly-cloudy-day,
lagos,9/23/2025,29.4,23.9,26.3,0,0,34.7,23.9,87.3,8.1,0,0,,17,13.4,225.9,1013.6,68.6,5.7,,,,,2025-09-23T06:35:33,2025-09-23T18:42:00,0.05,Partially cloudy,,partly-cloudy-day,
lagos,9/24/2025,29.2,23.8,26.1,0,0,34.4,23.7,87.3,12,0,0,,13.2,12.5,226.1,1013.1,62.2,6,,,,,2025-09-24T06:35:22,2025-09-24T18:41:28,0.09,Partially cloudy,,partly-cloudy-day,
lagos,9/25/2025,30,24.1,26.6,0,0,36.2,23.9,86.1,7.9,0,0,,20.8,18.8,218.6,1013.4,65.9,5.9,,,,,2025-09-25T06:35:12,2025-09-25T18:40:57,0.12,Partially cloudy,,partly-cloudy-day,
lagos,9/26/2025,28.8,23.6,26,0,0,34.8,23.6,87.1,5.1,0,0,,16.1,12.5,212.8,1012.9,64.6,5.8,,,,,2025-09-26T06:35:02,2025-09-26T18:40:26,0.15,Partially cloudy,,partly-cloudy-day,
lagos,9/27/2025,28.9,23.5,25.9,0,0,34.6,23.5,87.3,18.3,12.5,5,,12.5,11.6,208.1,1013.1,71.8,5.7,,,,,2025-09-27T06:34:52,2025-09-27T18:39:55,0.18,Partially cloudy,,partly-cloudy-day,
lagos,9/28/2025,29.2,24.3,26.3,0,0,34.1,23.9,87.3,10.3,5.6,2,,16.8,14.3,226,1012.8,71.6,5.8,,,,,2025-09-28T06:34:42,2025-09-28T18:39:24,0.22,Partially cloudy,,partly-cloudy-day,
lagos,9/29/2025,30,24,26.5,0,0,36,23.9,86.5,15,5.6,2,,17.2,19.9,215.1,1013,67.5,5.9,,,,,2025-09-29T06:34:33,2025-09-29T18:38:54,0.25,Partially cloudy,,partly-cloudy-day,
lagos,9/30/2025,29.6,24,26.4,0,0,35,23.9,86.7,5.4,0,0,,14.1,15.4,212.8,1012.7,69.4,5.8,,,,,2025-09-30T06:34:23,2025-09-30T18:38:23,0.25,Partially cloudy,,partly-cloudy-day,
lagos,10/1/2025,30.5,24,26.3,0,0,35.4,23.7,86.5,6.5,11.1,5,,13.6,16.3,205,1012.8,70,5.7,,,,,2025-10-01T06:34:14,2025-10-01T18:37:53,0.31,Partially cloudy,,partly-cloudy-day,
lagos,10/2/2025,29.2,23.9,26.1,0,0,35.1,23.8,87.4,3,0,0,,18.6,14.1,227.6,1012.8,70.1,5.8,,,,,2025-10-02T06:34:06,2025-10-02T18:37:24,0.35,Partially cloudy,,partly-cloudy-day,
lagos,10/3/2025,29.3,23.9,26.1,0,0,35.5,24,88.6,3.3,0,0,,12.5,12.3,219.6,1013,68.6,5.7,,,,,2025-10-03T06:33:57,2025-10-03T18:36:54,0.38,Partially cloudy,,partly-cloudy-day,
lagos,10/4/2025,29.2,24.1,26.3,0,0,35.5,24.1,88.2,7.9,0,0,,17.7,14.5,217.8,1012.4,69.6,5.8,,,,,2025-10-04T06:33:49,2025-10-04T18:36:25,0.41,Partially cloudy,,partly-cloudy-day,
lagos,10/5/2025,29,24.2,26.3,0,0,34.5,24.1,87.9,10.4,5.6,2,,14.8,13,203.4,1011.9,72.3,5.8,,,,,2025-10-05T06:33:41,2025-10-05T18:35:57,0.44,Partially cloudy,,partly-cloudy-day,
lagos,10/6/2025,29,23.7,26.2,0,0,35.4,23.8,87.3,4.8,11.1,5,,16.8,12.3,217.8,1012.4,70.4,5.7,,,,,2025-10-06T06:33:34,2025-10-06T18:35:28,0.48,Partially cloudy,,partly-cloudy-day,
lagos,10/7/2025,29.6,24.1,26.6,0,0,35.6,24,86.5,4.8,0,0,,15.2,15.2,216.3,1012.6,72.6,5.9,,,,,2025-10-07T06:33:27,2025-10-07T18:35:01,0.5,Partially cloudy,,partly-cloudy-day,
lagos,10/8/2025,29.5,24.1,26.5,0,0,35.4,24.1,87.5,7.6,0,0,,12.1,11.9,202.9,1012.8,73.5,5.5,,,,,2025-10-08T06:33:20,2025-10-08T18:34:33,0.55,Partially cloudy,,partly-cloudy-day,
lagos,10/9/2025,29.7,24,26.5,0,0,36.4,24.3,88,3.2,17.6,7,,13.6,11.6,215.7,1012.1,69.1,5.7,,,,,2025-10-09T06:33:14,2025-10-09T18:34:06,0.58,Partially cloudy,,partly-cloudy-day,
lagos,10/10/2025,29.6,23.9,26.6,0,0,35.9,24.3,87.9,20.7,0,0,,18.8,15,219.8,1011.8,67.8,5.9,,,,,2025-10-10T06:33:08,2025-10-10T18:33:40,0.61,Partially cloudy,,partly-cloudy-day,
lagos,10/11/2025,29.2,23.7,26.1,0,0,36,24,88.5,14.4,10.5,4,,13.4,14.5,203.1,1012.4,71,5.6,,,,,2025-10-11T06:33:02,2025-10-11T18:33:14,0.65,Partially cloudy,,partly-cloudy-day,
lagos,10/12/2025,29.8,23.7,26.7,0,0,35.9,24,86,3.7,0,0,,16.6,13.4,219.7,1012.3,69.9,5.8,,,,,2025-10-12T06:32:57,2025-10-12T18:32:49,0.68,Partially cloudy,,partly-cloudy-day,
lagos,10/13/2025,29.9,24,26.5,0,0,35.6,24.1,87.1,4.3,0,0,,12.8,12.3,224.3,1012.3,70.6,5.6,,,,,2025-10-13T06:32:53,2025-10-13T18:32:24,0.75,Partially cloudy,,partly-cloudy-day,
lagos,10/14/2025,29.9,24.1,26.6,0,0,36.2,24.1,86.6,9.1,0,0,,13,13,217.5,1011.8,67.7,5.8,,,,,2025-10-14T06:32:49,2025-10-14T18:31:59,0.75,Partially cloudy,,partly-cloudy-day,
lagos,10/15/2025,30.5,24,27.1,0,0,36.5,24,83.8,3.9,0,0,,19.9,14.1,211.3,1012.2,67.8,5.8,,,,,2025-10-15T06:32:45,2025-10-15T18:31:36,0.79,Partially cloudy,,partly-cloudy-day,
lagos,10/16/2025,30.9,23.8,27.2,0,0,37.4,24.2,84.3,7.6,5.6,2,,14.5,13.2,218.4,1012.3,64.8,5.8,,,,,2025-10-16T06:32:42,2025-10-16T18:31:13,0.82,Partially cloudy,,partly-cloudy-day,
lagos,10/17/2025,31,24.3,27.4,0,0,37.7,24.4,84.2,1.4,0,0,,13.2,13.9,214.7,1011.6,66.4,6,,,,,2025-10-17T06:32:40,2025-10-17T18:30:50,0.86,Partially cloudy,,partly-cloudy-day,
lagos,10/18/2025,29.9,24.7,27,0,0,36,24.3,86.1,6.6,0,0,,23,14.5,213.5,1011.9,71.4,5.7,,,,,2025-10-18T06:32:38,2025-10-18T18:30:28,0.89,Partially cloudy,,partly-cloudy-day,
lagos,10/19/2025,30.4,23.9,26.6,0,0,36.8,24,86.4,8.9,0,0,,20.6,13.9,196.3,1012.1,66.9,5.5,,,,,2025-10-19T06:32:36,2025-10-19T18:30:07,0.93,Partially cloudy,,partly-cloudy-day,
lagos,10/20/2025,29.8,23.8,26.6,0,0,36.6,24,86.6,6.4,0,0,,16.3,15.4,195.8,1012.3,67.2,5.4,,,,,2025-10-20T06:32:36,2025-10-20T18:29:47,0.96,Partially cloudy,,partly-cloudy-day,
lagos,10/21/2025,30.4,23.6,26.8,0,0,36.7,24.1,85.8,8.2,0,0,,14.1,13.4,218.9,1011.9,68.5,5.7,,,,,2025-10-21T06:32:35,2025-10-21T18:29:27,0,Partially cloudy,,partly-cloudy-day,
lagos,10/22/2025,30,24.6,27.1,0,0,36.8,24.3,85.2,6.9,0,0,,16.3,14.3,223,1012.2,72,6,,,,,2025-10-22T06:32:36,2025-10-22T18:29:08,0.03,Partially cloudy,,partly-cloudy-day,
lagos,10/23/2025,30.2,24.6,27,0,0,37.6,24.3,85.9,2,0,0,,19.7,12.5,207,1012.6,70.5,5.8,,,,,2025-10-23T06:32:37,2025-10-23T18:28:50,0.06,Partially cloudy,,partly-cloudy-day,
lagos,10/24/2025,30.3,24.2,26.7,0,0,36.3,24.2,86.8,15.7,5.6,2,,25.9,15.9,224.6,1012.4,68.7,5.7,,,,,2025-10-24T06:32:39,2025-10-24T18:28:33,0.1,Partially cloudy,,partly-cloudy-day,
lagos,10/25/2025,30.7,23.5,26.7,0,0,36.7,24,86,11.6,0,0,,16.3,12.3,198.9,1012.1,65,5.5,,,,,2025-10-25T06:32:41,2025-10-25T18:28:16,0.13,Partially cloudy,,partly-cloudy-day,
lagos,10/26/2025,30.6,24.5,27.2,0,0,37.2,24.3,84.7,7.7,0,0,,16.8,13.9,221.9,1012,70.8,5.6,,,,,2025-10-26T06:32:44,2025-10-26T18:28:00,0.16,Partially cloudy,,partly-cloudy-day,
lagos,10/27/2025,30,24.2,26.7,0,0,36,24.3,86.9,5.6,0,0,,27.7,17,202.1,1011.8,69.7,5.5,,,,,2025-10-27T06:32:48,2025-10-27T18:27:45,0.2,Partially cloudy,,partly-cloudy-day,
lagos,10/28/2025,30.4,24.3,27,0,0,38.4,24.2,85.7,2,11.8,5,,17.4,11.9,216.7,1012.7,68.7,5.3,,,,,2025-10-28T06:32:52,2025-10-28T18:27:31,0.23,Partially cloudy,,partly-cloudy-day,
lagos,10/29/2025,29.9,24.5,26.8,0,0,35.5,24.2,86,1.2,5.6,2,,19.2,12.5,197.6,1012.5,70,5.6,,,,,2025-10-29T06:32:57,2025-10-29T18:27:18,0.25,Partially cloudy,,partly-cloudy-day,
lagos,10/30/2025,30.8,24.8,27.5,0,0,37.7,24.5,84.6,4.3,0,0,,17.2,14.3,208,1012,72.7,5.5,,,,,2025-10-30T06:33:03,2025-10-30T18:27:05,0.3,Partially cloudy,,partly-cloudy-day,
lagos,10/31/2025,31.4,24.4,27.3,0,0,39,24.5,85,3.7,5.9,2,,12.1,13.6,219.6,1011.5,64.9,5.6,,,,,2025-10-31T06:33:10,2025-10-31T18:26:54,0.33,Partially cloudy,,partly-cloudy-day,
lagos,11/1/2025,30,24.3,26.9,0,0,37.1,24.2,86,1.7,0,0,,11.9,10.3,188.1,1011.5,68.1,5.5,,,,,2025-11-01T06:33:17,2025-11-01T18:26:43,0.36,Partially cloudy,,partly-cloudy-day,
lagos,11/2/2025,30.6,25.4,27.7,0,0,38.1,24.6,84,3.5,0,0,,13,11.4,203.1,1011.5,71,5.2,,,,,2025-11-02T06:33:25,2025-11-02T18:26:33,0.4,Partially cloudy,,partly-cloudy-day,
lagos,11/3/2025,30.7,24.3,27.1,0,0,37.4,24.3,85.8,10.7,5.6,2,,15.9,11.4,213,1011.3,67.1,5.3,,,,,2025-11-03T06:33:34,2025-11-03T18:26:24,0.43,Partially cloudy,,partly-cloudy-day,
lagos,11/4/2025,31.3,24.3,27.3,0,0,39.1,24.5,85.6,4.3,5.3,2,,23.3,14.3,202.6,1011.8,65.9,5.4,,,,,2025-11-04T06:33:43,2025-11-04T18:26:16,0.46,Partially cloudy,,partly-cloudy-day,
lagos,11/5/2025,30.8,24.5,27.1,0,0,38.2,24.4,86,3.5,0,0,,15.2,11,206.2,1011.6,65.1,5.6,,,,,2025-11-05T06:33:53,2025-11-05T18:26:09,0.5,Partially cloudy,,partly-cloudy-day,
lagos,11/6/2025,31.4,24.6,27.2,0,0,38.4,24.4,85.4,4.8,0,0,,13,13.2,206.2,1011.9,67.9,5.5,,,,,2025-11-06T06:34:04,2025-11-06T18:26:03,0.53,Partially cloudy,,partly-cloudy-day,
lagos,11/7/2025,31.6,24.6,27.4,0,0,39.1,24.6,85.7,5.2,0,0,,15.7,13.2,220.1,1011.3,71,5,,,,,2025-11-07T06:34:16,2025-11-07T18:25:58,0.56,Partially cloudy,,partly-cloudy-day,
lagos,11/8/2025,31,24.5,27.5,0,0,39,24.8,86,5.5,0,0,,16.8,9.4,191.8,1011.6,70,4.8,,,,,2025-11-08T06:34:28,2025-11-08T18:25:54,0.6,Partially cloudy,,partly-cloudy-day,
lagos,11/9/2025,31.1,23.7,27.5,0,0,38.6,24.7,85.2,4.5,6.3,3,,17.9,12.1,202.6,1011.1,66.8,5.2,,,,,2025-11-09T06:34:42,2025-11-09T18:25:51,0.63,Partially cloudy,,partly-cloudy-day,
lagos,11/10/2025,30.3,24.3,27,0,0,37.8,24.2,85.2,1,0,0,,9.8,9.4,197.5,1011.1,69.3,5.8,,,,,2025-11-10T06:34:55,2025-11-10T18:25:49,0.67,Partially cloudy,,partly-cloudy-day,
lagos,11/11/2025,31.7,24.8,27.8,0,0,38.8,24.6,83.8,1.6,0,0,,15.4,12.8,204.9,1011.1,66.5,5.4,,,,,2025-11-11T06:35:10,2025-11-11T18:25:48,0.7,Partially cloudy,,partly-cloudy-day,
lagos,11/12/2025,32.1,24.8,28,0,0,40,24.7,83.2,0.1,0,0,,14.8,11.6,214.1,1010.9,65.2,5.1,,,,,2025-11-12T06:35:26,2025-11-12T18:25:48,0.75,Partially cloudy,,partly-cloudy-day,
lagos,11/13/2025,32.3,24.7,28.2,0,0,40.5,25.1,84.2,0.5,0,0,,22.8,11.6,218.9,1011,66,5.2,,,,,2025-11-13T06:35:42,2025-11-13T18:25:48,0.77,Partially cloudy,,partly-cloudy-day,
lagos,11/14/2025,32.2,24.9,28.3,0,0,39.9,24.9,83,2.2,6.3,3,,17.7,12.1,219,1010.8,66.5,5.3,,,,,2025-11-14T06:35:58,2025-11-14T18:25:50,0.8,Partially cloudy,,partly-cloudy-day,
lagos,11/15/2025,31.2,24.6,27.6,0,0,38.7,24.6,84.8,1.3,0,0,,11.4,9.8,217.8,1011.2,67.6,5,,,,,2025-11-15T06:36:16,2025-11-15T18:25:53,0.84,Partially cloudy,,partly-cloudy-day,
lagos,11/16/2025,32.4,24.8,28,0,0,40.4,24.8,84,4.6,0,0,,11,11,222.6,1010.6,61.5,5.2,,,,,2025-11-16T06:36:34,2025-11-16T18:25:57,0.87,Partially cloudy,,partly-cloudy-day,
lagos,11/17/2025,32.4,25.6,28.6,0,0,40,24.9,81.7,2.5,0,0,,15.2,12.8,205.2,1010.6,61.3,5,,,,,2025-11-17T06:36:53,2025-11-17T18:26:01,0.9,Partially cloudy,,partly-cloudy-day,
lagos,11/18/2025,32.9,24.8,28.3,0,0,40.3,25,83.6,0.9,6.7,3,,13.9,12.3,193.2,1011.1,61.1,4.7,,,,,2025-11-18T06:37:13,2025-11-18T18:26:07,0.94,Partially cloudy,,partly-cloudy-day,
lagos,11/19/2025,32,24.6,27.9,0,0,38.6,24.4,82.9,2.7,0,0,,15.2,11.9,209.4,1011.5,61.5,4.8,,,,,2025-11-19T06:37:33,2025-11-19T18:26:14,0.97,Partially cloudy,,partly-cloudy-day,
lagos,11/20/2025,32.1,24.2,27.7,0,0,39.1,24.2,82.8,1.1,6.3,3,,11,11.9,210,1011.3,57.3,4.9,,,,,2025-11-20T06:37:54,2025-11-20T18:26:22,0,Partially cloudy,,partly-cloudy-day,
lagos,11/21/2025,32.2,24.6,28,0,0,40,24.6,82.7,3.4,6.3,3,,11.9,11.4,222.1,1011.3,58.9,5.2,,,,,2025-11-21T06:38:16,2025-11-21T18:26:30,0.04,Partially cloudy,,partly-cloudy-day,
lagos,11/22/2025,31.9,24.3,27.8,0,0,39.7,24.8,84.4,1.2,6.7,3,,11,10.7,217,1011.5,58.1,5,,,,,2025-11-22T06:38:38,2025-11-22T18:26:40,0.07,Partially cloudy,,partly-cloudy-day,
lagos,11/23/2025,31.4,24.8,27.7,0,0,39.2,25,85.9,3.4,0,0,,10.3,13,221.6,1011,61.6,4.8,,,,,2025-11-23T06:39:01,2025-11-23T18:26:51,0.11,Partially cloudy,,partly-cloudy-day,
lagos,11/24/2025,31.9,25.3,28.1,0,0,39.5,24.7,82.9,2.1,0,0,,13.6,11.2,226.9,1011.4,60.2,4.9,,,,,2025-11-24T06:39:25,2025-11-24T18:27:02,0.14,Partially cloudy,,partly-cloudy-day,
lagos,11/25/2025,32.3,25,28.1,0,0,40.4,24.7,83.2,0.7,0,0,,10.1,10.5,211.3,1011.1,63.4,5.1,,,,,2025-11-25T06:39:49,2025-11-25T18:27:15,0.18,Partially cloudy,,partly-cloudy-day,
lagos,11/26/2025,31.8,24.6,28,0,0,39.6,24.9,84.3,0.2,0,0,,12.8,11.6,220.4,1011.3,58.6,5.2,,,,,2025-11-26T06:40:13,2025-11-26T18:27:28,0.21,Partially cloudy,,partly-cloudy-day,
lagos,11/27/2025,32.1,25.5,28.2,0,0,39.5,24.8,82.5,0,0,0,,10.5,10.7,222.1,1010.5,58.9,5.3,,,,,2025-11-27T06:40:39,2025-11-27T18:27:42,0.24,Partially cloudy,,partly-cloudy-day,
lagos,11/28/2025,32.3,24.7,28,0,0,40,24.9,84,0.8,0,0,,13.2,10.3,210.9,1011.1,59.9,5,,,,,2025-11-28T06:41:04,2025-11-28T18:27:58,0.25,Partially cloudy,,partly-cloudy-day,
lagos,11/29/2025,32.5,24.6,28,0,0,40.6,24.6,83.3,0,0,0,,15,11.9,200.5,1010.9,56.2,4.8,,,,,2025-11-29T06:41:30,2025-11-29T18:28:14,0.31,Partially cloudy,,partly-cloudy-day,
lagos,11/30/2025,33,24.7,28.4,0,0,41.2,24.7,82,0,0,0,,12.8,11,216.3,1011,56,5,,,,,2025-11-30T06:41:57,2025-11-30T18:28:31,0.35,Partially cloudy,,partly-cloudy-day,
lagos,12/1/2025,33,25.2,28.3,0,0,40,24.7,81.8,0.4,6.7,3,,8.5,11.2,207.8,1010.4,57.1,4.9,,,,,2025-12-01T06:42:24,2025-12-01T18:28:49,0.38,Partially cloudy,,partly-cloudy-day,
lagos,12/2/2025,32.3,25.6,28.2,0,0,39,24.8,82.5,3.2,0,0,,10.3,11.2,230.5,1010.8,60.8,4.7,,,,,2025-12-02T06:42:52,2025-12-02T18:29:07,0.41,Partially cloudy,,partly-cloudy-day,
lagos,12/3/2025,32.5,24.8,28.4,0,0,39.2,24.4,80.4,0.4,0,0,,9.4,11.6,211.4,1010.8,58.8,4.7,,,,,2025-12-03T06:43:20,2025-12-03T18:29:27,0.45,Partially cloudy,,partly-cloudy-day,
lagos,12/4/2025,32.6,24.9,28.3,0,0,39.5,24.2,80.2,0,0,0,,9.4,11.9,199.8,1010.9,55.5,4.3,,,,,2025-12-04T06:43:48,2025-12-04T18:29:47,0.48,Partially cloudy,,partly-cloudy-day,
lagos,12/5/2025,32.3,24.5,27.8,0,0,38.7,23.9,81.5,0.6,0,0,,10.5,11,205.4,1011.1,55.3,4.2,,,,,2025-12-05T06:44:17,2025-12-05T18:30:08,0.5,Partially cloudy,,partly-cloudy-day,
lagos,12/6/2025,32.7,24.3,27.9,0,0,39.1,24.1,81.3,2.5,0,0,,9.8,11,215.5,1011.1,55.5,4.4,,,,,2025-12-06T06:44:46,2025-12-06T18:30:30,0.55,Partially cloudy,,partly-cloudy-day,
lagos,12/7/2025,32.1,24.3,27.4,0,0,38.3,24,83,7.7,0,0,,12.3,11.6,220.4,1011.7,54.3,4.1,,,,,2025-12-07T06:45:15,2025-12-07T18:30:52,0.58,Partially cloudy,,partly-cloudy-day,
lagos,12/8/2025,32.4,24.1,27.7,0,0,39.3,24.2,83.1,0.5,0,0,,12.5,10.3,210.6,1011.6,55.3,4.1,,,,,2025-12-08T06:45:45,2025-12-08T18:31:15,0.62,Partially cloudy,,partly-cloudy-day,
lagos,12/9/2025,32.6,24.2,28,0,0,39,23.9,80.4,0.3,0,0,,13.4,11.6,215.6,1011.6,54.2,4.3,,,,,2025-12-09T06:46:14,2025-12-09T18:31:39,0.65,Partially cloudy,,partly-cloudy-day,
lagos,12/10/2025,32.7,24.6,28.2,0,0,39.2,24,79.9,0,0,0,,11.6,11,214.8,1010.7,53.7,4,,,,,2025-12-10T06:46:44,2025-12-10T18:32:04,0.68,Partially cloudy,,partly-cloudy-day,
lagos,12/11/2025,32.7,24.9,28.3,0,0,38.6,23.9,78.9,0,0,0,,11.4,11,210.7,1011.4,51.6,4.3,,,,,2025-12-11T06:47:15,2025-12-11T18:32:29,0.75,Partially cloudy,,partly-cloudy-day,
lagos,12/12/2025,32.1,24.5,27.7,0,0,38.3,23.6,80.4,7.6,0,0,,13.9,11.6,205.5,1011.7,54.7,4,,,,,2025-12-12T06:47:45,2025-12-12T18:32:54,0.75,Partially cloudy,,partly-cloudy-day,
lagos,12/13/2025,32.2,24.1,27.7,0,0,37.8,23.4,79.7,0.3,0,0,,12.3,11.9,224,1011.5,47.5,3.5,,,,,2025-12-13T06:48:15,2025-12-13T18:33:21,0.78,Partially cloudy,,partly-cloudy-day,
lagos,12/14/2025,32.5,23.8,27.6,0,0,38.4,23.6,80.7,12.4,0,0,,12.5,11.4,200.3,1011.2,51.4,3.6,,,,,2025-12-14T06:48:46,2025-12-14T18:33:47,0.81,Partially cloudy,,partly-cloudy-day,
lagos,12/15/2025,32.5,23.5,27.5,0,0,39.4,23.3,80.3,0,0,0,,9.8,12.1,187.3,1011.3,53.6,3.7,,,,,2025-12-15T06:49:16,2025-12-15T18:34:15,0.85,Partially cloudy,,partly-cloudy-day,
lagos,12/16/2025,32.6,23.7,27.6,0,0,38.7,23.3,79.8,0,0,0,,11.2,10.5,210.9,1012.9,54.2,4,,,,,2025-12-16T06:49:46,2025-12-16T18:34:42,0.88,Partially cloudy,,partly-cloudy-day,
lagos,12/17/2025,33.1,25,28.6,0,0,40.3,23.8,77.8,0,0,0,,9.4,11.2,213.8,1010.9,52.5,4.2,,,,,2025-12-17T06:50:17,2025-12-17T18:35:11,0.91,Partially cloudy,,partly-cloudy-day,
lagos,12/18/2025,32.6,24.5,28,0,0,40.7,24.2,81.7,2.8,0,0,,11.4,11.9,236.5,1010.5,53.2,4.1,,,,,2025-12-18T06:50:47,2025-12-18T18:35:39,0.95,Partially cloudy,,partly-cloudy-day,
lagos,12/19/2025,33.1,24.9,28.4,0,0,40.6,24.6,81.4,0,0,0,,12.1,12.1,205,1010.3,56.3,4.2,,,,,2025-12-19T06:51:18,2025-12-19T18:36:08,0.98,Partially cloudy,,partly-cloudy-day,
lagos,12/20/2025,33.4,25.2,28.9,0,0,41.1,24.5,79.2,0.6,0,0,,9.2,11,209.4,1010.8,57.2,4.2,,,,,2025-12-20T06:51:48,2025-12-20T18:36:38,0,Partially cloudy,,partly-cloudy-day,
lagos,12/21/2025,32.4,24.8,28,0,0,39.2,24.4,82.5,0,6.3,3,,10.5,11,212.7,1011.6,56.6,4,,,,,2025-12-21T06:52:18,2025-12-21T18:37:07,0.05,Partially cloudy,,partly-cloudy-day,
lagos,12/22/2025,32.9,24.8,28.2,0,0,39.5,24.3,81.6,2.7,0,0,,11,14.3,226.3,1011.6,54.5,4,,,,,2025-12-22T06:52:47,2025-12-22T18:37:37,0.08,Partially cloudy,,partly-cloudy-day,
lagos,12/23/2025,33.1,24.6,28.1,0,0,38.7,23.5,78.6,1.2,0,0,,11,12.3,205.3,1011.9,49.4,3.9,,,,,2025-12-23T06:53:17,2025-12-23T18:38:07,0.12,Partially cloudy,,partly-cloudy-day,
lagos,12/24/2025,33.3,23.9,28,0,0,38.9,22.9,76.4,0,0,0,,14.8,12.3,203,1012,47.8,3.5,,,,,2025-12-24T06:53:46,2025-12-24T18:38:38,0.15,Partially cloudy,,partly-cloudy-day,
lagos,12/25/2025,32.7,24,27.7,0,0,37.4,22.8,77.2,3.1,0,0,,12.8,11.2,201.2,1011.9,45.1,3.4,,,,,2025-12-25T06:54:15,2025-12-25T18:39:08,0.19,Partially cloudy,,partly-cloudy-day,
lagos,12/26/2025,32.6,23.6,27.5,0,0,37.9,22.3,75.7,0,0,0,,13.2,12.3,212.6,1011.6,45.8,3.3,,,,,2025-12-26T06:54:44,2025-12-26T18:39:39,0.22,Partially cloudy,,partly-cloudy-day,
lagos,12/27/2025,33.1,24.2,27.9,0,0,37.9,22,73.5,0,0,0,,11,11.9,168.1,1011.3,43.2,3,,,,,2025-12-27T06:55:12,2025-12-27T18:40:10,0.25,Partially cloudy,,partly-cloudy-day,
lagos,12/28/2025,32.9,23.6,27.7,0,0,37.4,22.5,75.4,0,0,0,,12.5,12.8,202.6,1011,46.4,3.2,,,,,2025-12-28T06:55:40,2025-12-28T18:40:41,0.29,Partially cloudy,,partly-cloudy-day,
lagos,12/29/2025,33.3,24.1,27.9,0,0,37.9,23,77.2,0,0,0,,11.9,12.3,203.9,1011.2,46.3,2.9,,,,,2025-12-29T06:56:07,2025-12-29T18:41:12,0.33,Partially cloudy,,partly-cloudy-day,
lagos,12/30/2025,33,24,28,0,0,38.3,23.1,76.9,0,0,0,,12.8,11.2,204.9,1010.8,43,3,,,,,2025-12-30T06:56:34,2025-12-30T18:41:42,0.36,Partially cloudy,,partly-cloudy-day,
lagos,12/31/2025,33,24.6,27.9,0,0,38.1,22.6,75.7,0,0,0,,13.6,11.9,202,1010.8,46.9,3.4,,,,,2025-12-31T06:57:00,2025-12-31T18:42:13,0.4,Partially cloudy,,partly-cloudy-day,
