name,datetime,tempmax,tempmin,temp,feelslikemax,feelslikemin,feelslike,dew,humidity,precip,precipprob,precipcover,preciptype,snow,snowdepth,windgust,windspeed,winddir,sealevelpressure,cloudcover,visibility,solarradiation,solarenergy,uvindex,severerisk,sunrise,sunset,moonphase,conditions,description,icon,stations
Lagos,2002-01-01,28.6,25.6,27.2,33.8,25.6,30.7,25.2,88.7,0,0,0,,,,,16.6,279.9,1010.9,90,6.5,,,,,2002-01-01T06:57:21,2002-01-01T18:42:38,0.57,Partially cloudy,Clearing in the afternoon.,partly-cloudy-day,65201099999
Lagos,2002-01-02,33.1,26.1,29,39.4,26.1,33.8,25.1,80.5,0,0,0,,,,,18.4,11,1011.2,90,8.4,,,,,2002-01-02T06:57:46,2002-01-02T18:43:08,0.61,Partially cloudy,Partly cloudy throughout the day.,partly-cloudy-day,65201099999
Lagos,2002-01-03,34.1,25.1,29.1,35.2,25.1,31.7,23.2,74.6,0,0,0,,,,,18.4,218.6,1011.7,90,4.9,,,,,2002-01-03T06:58:11,2002-01-03T18:43:39,0.64,Partially cloudy,Partly cloudy throughout the day.,partly-cloudy-day,65201099999
Lagos,2002-01-04,33.1,33.1,33.1,39.4,39.4,39.4,24.1,59.3,0,0,0,,,,,14.8,170,1010.2,90,8,,,,,2002-01-04T06:58:35,2002-01-04T18:44:10,0.68,Partially cloudy,Becoming cloudy in the afternoon.,partly-cloudy-day,65201099999
Lagos,2002-01-05,31.1,25.6,28.3,37.4,25.6,33.1,25.4,85,0,0,0,,,,,20.5,193.4,1010,90,5.3,,,,,2002-01-05T06:58:59,2002-01-05T18:44:40,0.71,Partially cloudy,Partly cloudy throughout the day.,partly-cloudy-day,65201099999
Lagos,2002-01-06,29.6,26.1,27.2,33.7,26.1,29.4,24.6,86.5,1.5,100,8.33,rain,,,,22.3,179.1,1010.2,90,8,,,,,2002-01-06T06:59:22,2002-01-06T18:45:10,0.75,"Rain, Partially cloudy",Partly cloudy throughout the day with a chance of rain throughout the day.,rain,65201099999
Lagos,2002-01-07,31.6,23.1,27,36.1,23.1,28.8,23.3,81.4,0,0,0,,,,,18.4,337.9,1009.4,90,7.1,,,,,2002-01-07T06:59:45,2002-01-07T18:45:40,0.78,Partially cloudy,Partly cloudy throughout the day.,partly-cloudy-day,65201099999
Lagos,2002-01-08,31.6,25.1,28.2,39.3,25.1,32.6,24.9,82.6,0,0,0,,,,,14.8,152.6,1010.1,90,5.8,,,,,2002-01-08T07:00:06,2002-01-08T18:46:10,0.82,Partially cloudy,Partly cloudy throughout the day.,partly-cloudy-day,65201099999
Lagos,2002-01-09,30.1,23.1,27.7,29.5,23.1,27.6,15,47.5,0,0,0,,,,,24.1,29.3,1011,90,1,,,,,2002-01-09T07:00:27,2002-01-09T18:46:39,0.85,Partially cloudy,Partly cloudy throughout the day.,partly-cloudy-day,65201099999
Lagos,2002-01-10,27.7,21.4,24.7,27.8,21.4,24.6,13.5,50.9,0,0,0,,,,,24.1,317.7,1012.1,90,1,,,,,2002-01-10T07:00:47,2002-01-10T18:47:08,0.89,Partially cloudy,Clearing in the afternoon.,partly-cloudy-day,65201099999
Lagos,2002-01-11,31.1,21.1,25.8,29.8,21.1,25.6,16.6,58.9,0,0,0,,,,,22.3,56.2,1012.5,90,1,,,,,2002-01-11T07:01:07,2002-01-11T18:47:36,0.93,Partially cloudy,Partly cloudy throughout the day.,partly-cloudy-day,65201099999
Lagos,2002-01-12,30.6,21.6,26.2,29.1,21.6,25.8,12.9,46.7,0,0,0,,,,,33.5,35.4,1012.2,90,1.4,,,,,2002-01-12T07:01:25,2002-01-12T18:48:05,0.96,Partially cloudy,Partly cloudy throughout the day.,partly-cloudy-day,65201099999
Lagos,2002-01-13,30.1,20.1,25,28.6,20.1,24.7,12.1,46.9,0,0,0,,,,,20.5,0.4,1012.9,90,1,,,,,2002-01-13T07:01:43,2002-01-13T18:48:33,0,Partially cloudy,Partly cloudy throughout the day.,partly-cloudy-day,65201099999
Lagos,2002-01-14,29.1,19.9,24.2,28.4,19.9,24,15.1,58.7,0,0,0,,,,,14.8,64,1011.9,90,1,,,,,2002-01-14T07:02:00,2002-01-14T18:49:00,0.03,Partially cloudy,Partly cloudy throughout the day.,partly-cloudy-day,65201099999
Lagos,2002-01-15,30.6,20.1,23.5,29.3,20.1,23.3,14.4,60.1,0,0,0,,,,,27.7,6,1011.6,90,1.2,,,,,2002-01-15T07:02:16,2002-01-15T18:49:27,0.06,Partially cloudy,Partly cloudy throughout the day.,partly-cloudy-day,65201099999
Lagos,2002-01-16,23.1,22.1,22.3,23.1,22.1,22.3,16.7,70.7,0,0,0,,,,,20.5,327.3,1011.1,90,1,,,,,2002-01-16T07:02:32,2002-01-16T18:49:53,0.09,Partially cloudy,Clearing in the afternoon.,partly-cloudy-day,65201099999
Lagos,2002-01-17,30.1,25.1,28,32.1,25.1,29.4,21.2,67.5,0,0,0,,,,,18.4,187.5,1010.2,90,3.1,,,,,2002-01-17T07:02:46,2002-01-17T18:50:19,0.13,Partially cloudy,Partly cloudy throughout the day.,partly-cloudy-day,"65205099999,65201099999"
Lagos,2002-01-18,33.1,22.1,27.5,37.1,22.1,30.1,23.1,78.3,0,0,0,,,,,16.6,201.1,1008.9,90,2.3,,,,,2002-01-18T07:03:00,2002-01-18T18:50:45,0.16,Partially cloudy,Partly cloudy throughout the day.,partly-cloudy-day,65201099999
Lagos,2002-01-19,32.1,24.6,28.3,35.9,24.6,31.8,24.1,79.3,0,0,0,,,,,18.4,200.9,1011.2,90,2.8,,,,,2002-01-19T07:03:12,2002-01-19T18:51:10,0.19,Partially cloudy,Partly cloudy throughout the day.,partly-cloudy-day,65201099999
Lagos,2002-01-20,32.1,26.1,29.1,38,26.1,33.6,25,79.4,0,0,0,,,,,27.7,195,1010.5,90,4.9,,,,,2002-01-20T07:03:24,2002-01-20T18:51:34,0.22,Partially cloudy,Partly cloudy throughout the day.,partly-cloudy-day,65201099999
Lagos,2002-01-21,33.1,26.1,28.7,39.4,26.1,32.7,25.2,82.9,0,0,0,,,,,24.1,202.8,1011.3,90,5.3,,,,,2002-01-21T07:03:35,2002-01-21T18:51:58,0.25,Partially cloudy,Becoming cloudy in the afternoon.,partly-cloudy-day,65201099999
Lagos,2002-01-22,33.1,26.2,28.9,39.4,26.2,33,25.2,81.8,0,0,0,,,,,18.4,235.1,1012.2,88.9,5.9,,,,,2002-01-22T07:03:45,2002-01-22T18:52:21,0.29,Partially cloudy,Partly cloudy throughout the day.,partly-cloudy-day,65201099999
Lagos,2002-01-23,32.1,26.1,28.2,39.3,26.1,31,25,84,0,0,0,,,,,24.1,214.3,1011.5,90,8.8,,,,,2002-01-23T07:03:54,2002-01-23T18:52:44,0.32,Partially cloudy,Partly cloudy throughout the day.,partly-cloudy-day,65201099999
Lagos,2002-01-24,32.1,25.2,27.7,36.5,25.2,30.2,24.8,85.5,0,0,0,,,,,22.3,85.5,1013,90,6,,,,,2002-01-24T07:04:02,2002-01-24T18:53:06,0.35,Partially cloudy,Partly cloudy throughout the day.,partly-cloudy-day,65201099999
Lagos,2002-01-25,34.1,26.1,29.7,39.4,26.1,32.8,23.7,73,0,0,0,,,,,33.5,181.1,1012.2,90,5.1,,,,,2002-01-25T07:04:09,2002-01-25T18:53:27,0.39,Partially cloudy,Partly cloudy throughout the day.,partly-cloudy-day,65201099999
Lagos,2002-01-26,32.4,25.1,27.6,35.1,25.1,30.9,25,86.9,0,0,0,,,,,20.5,180.7,1012.6,90,4.6,,,,,2002-01-26T07:04:15,2002-01-26T18:53:48,0.42,Partially cloudy,Partly cloudy throughout the day.,partly-cloudy-day,65201099999
Lagos,2002-01-27,32.1,25.7,27.9,37,25.7,30.1,24.7,84.5,0,0,0,,,,,18.4,170.6,1012.7,90,4.5,,,,,2002-01-27T07:04:20,2002-01-27T18:54:08,0.45,Partially cloudy,Partly cloudy throughout the day.,partly-cloudy-day,65201099999
Lagos,2002-01-28,35.1,25.7,29.1,37.8,25.7,31,23.7,76.3,0,0,0,,,,,20.5,314.6,1011.6,90,5.3,,,,,2002-01-28T07:04:24,2002-01-28T18:54:27,0.5,Partially cloudy,Partly cloudy throughout the day.,partly-cloudy-day,65201099999
Lagos,2002-01-29,34.1,24.7,30,33.4,24.7,29.5,16.2,48.7,0,0,0,,,,,22.3,111.3,1010.7,90,3.2,,,,,2002-01-29T07:04:28,2002-01-29T18:54:46,0.52,Partially cloudy,Partly cloudy throughout the day.,partly-cloudy-day,65201099999
Lagos,2002-01-30,32.1,23.1,27.2,31.4,23.1,27.4,16.8,55.8,0,0,0,,,,,22.3,1.5,1012.9,90,2.7,,,,,2002-01-30T07:04:30,2002-01-30T18:55:04,0.55,Partially cloudy,Partly cloudy throughout the day.,partly-cloudy-day,65201099999
Lagos,2002-01-31,32.6,22.1,26.6,30.9,22.1,26.2,17,60.9,0,0,0,,,,,18.4,26.9,1012,90,2.8,,,,,2002-01-31T07:04:31,2002-01-31T18:55:21,0.59,Partially cloudy,Partly cloudy throughout the day.,partly-cloudy-day,65201099999
Lagos,2002-02-01,33.1,23.2,26.3,31.1,23.2,25.8,12.4,45.8,0,0,0,,,,,27.7,354.1,1011.3,65,2.3,,,,,2002-02-01T07:04:32,2002-02-01T18:55:38,0.62,Partially cloudy,Partly cloudy throughout the day.,partly-cloudy-day,65201099999
Lagos,2002-02-02,,,,,,,,,,,0,,,,,0,,,,,,,,,2002-02-02T07:04:31,2002-02-02T18:55:54,0.66,,,,
Lagos,2002-02-03,,,,,,,,,,,0,,,,,0,,,,,,,,,2002-02-03T07:04:30,2002-02-03T18:56:09,0.69,,,,
Lagos,2002-02-04,27.1,27.1,27.1,30.8,30.8,30.8,25.1,88.8,0,0,0,,,,,14.8,210,1009.1,90,4,,,,,2002-02-04T07:04:28,2002-02-04T18:56:23,0.75,Partially cloudy,Partly cloudy throughout the day.,partly-cloudy-day,65201099999
Lagos,2002-02-05,29.1,25.1,27.6,34.7,25.1,31.6,25.2,86.9,0,0,0,,,,,25.9,191.9,1009.5,90,4.8,,,,,2002-02-05T07:04:24,2002-02-05T18:56:37,0.76,Partially cloudy,Clearing in the afternoon.,partly-cloudy-day,65201099999
Lagos,2002-02-06,,,,,,,,,,,0,,,,,0,,,,,,,,,2002-02-06T07:04:20,2002-02-06T18:56:50,0.8,,,,
Lagos,2002-02-07,30.1,30.1,30.1,36.3,36.3,36.3,25.1,74.6,0,0,0,,,,,14.8,160,1011.9,90,6,,,,,2002-02-07T07:04:15,2002-02-07T18:57:02,0.83,Partially cloudy,Clearing in the afternoon.,partly-cloudy-day,65201099999
Lagos,2002-02-08,,,,,,,,,,,0,,,,,0,,,,,,,,,2002-02-08T07:04:09,2002-02-08T18:57:14,0.87,,,,
Lagos,2002-02-09,28.1,28.1,28.1,33.7,33.7,33.7,26.1,88.9,0,0,0,,,,,16.6,200,1008.1,90,8,,,,,2002-02-09T07:04:02,2002-02-09T18:57:25,0.9,Partially cloudy,Partly cloudy throughout the day.,partly-cloudy-day,65201099999
Lagos,2002-02-10,,,,,,,,,,,0,,,,,0,,,,,,,,,2002-02-10T07:03:54,2002-02-10T18:57:35,0.94,,,,
Lagos,2002-02-11,,,,,,,,,,,0,,,,,0,,,,,,,,,2002-02-11T07:03:45,2002-02-11T18:57:45,0.97,,,,
Lagos,2002-02-12,33.1,25.1,27.5,38.2,25.1,29.4,24.7,86.6,0,0,0,,,,,25.9,269.6,1011,90,6.5,,,,,2002-02-12T07:03:35,2002-02-12T18:57:54,0,Partially cloudy,Partly cloudy throughout the day.,partly-cloudy-day,65201099999
Lagos,2002-02-13,31.1,27.1,29.2,33.1,30.8,32.1,22.4,68.6,0,0,0,,,,,27.7,188.4,1009.8,90,6.7,,,,,2002-02-13T07:03:25,2002-02-13T18:58:02,0.04,Partially cloudy,Partly cloudy throughout the day.,partly-cloudy-day,65201099999
Lagos,2002-02-14,,,,,,,,,,,0,,,,,0,,,,,,,,,2002-02-14T07:03:14,2002-02-14T18:58:10,0.07,,,,
Lagos,2002-02-15,31.1,31.1,31.1,36.7,36.7,36.7,24.1,66.4,0,0,0,,,,,29.5,190,1009.1,90,,,,,,2002-02-15T07:03:02,2002-02-15T18:58:16,0.1,Partially cloudy,Partly cloudy throughout the day.,partly-cloudy-day,65201099999
Lagos,2002-02-16,31.1,26.1,28.1,37.9,26.1,32.1,25.4,85.6,0,0,0,,,,,18.4,196.2,1011.3,90,7.3,,,,,2002-02-16T07:02:49,2002-02-16T18:58:23,0.14,Partially cloudy,Clearing in the afternoon.,partly-cloudy-day,65201099999
Lagos,2002-02-17,28.6,26.1,27.8,33.9,26.1,31.7,24.7,83.4,39.9,100,4.17,rain,,,,18.4,192.4,1010.9,90,8,,,,,2002-02-17T07:02:35,2002-02-17T18:58:28,0.17,"Rain, Partially cloudy",Becoming cloudy in the afternoon with rain.,rain,65201099999
Lagos,2002-02-18,32.2,27.1,30.3,39.9,30.8,36.6,25.3,75.4,0,0,0,,,,,27.7,192.7,1010,90,8,,,,,2002-02-18T07:02:20,2002-02-18T18:58:33,0.2,Partially cloudy,Becoming cloudy in the afternoon.,partly-cloudy-day,65201099999
Lagos,2002-02-19,28.1,28.1,28.1,34.7,33.7,34.2,26.6,91.6,0,0,0,,,,,16.6,195,1010.5,90,8,,,,,2002-02-19T07:02:05,2002-02-19T18:58:37,0.24,Partially cloudy,Partly cloudy throughout the day.,partly-cloudy-day,65201099999
Lagos,2002-02-20,27.1,26.2,26.9,31.4,26.2,30.1,26,94.8,0,0,0,,,,,13,210,1010.5,90,7.5,,,,,2002-02-20T07:01:49,2002-02-20T18:58:41,0.25,Partially cloudy,Clearing in the afternoon.,partly-cloudy-day,65201099999
Lagos,2002-02-21,32.1,26.1,28.1,40.5,26.1,32.2,25.6,86.8,0,0,0,,,,,29.5,210,1009.3,90,7.5,,,,,2002-02-21T07:01:32,2002-02-21T18:58:44,0.3,Partially cloudy,Partly cloudy throughout the day.,partly-cloudy-day,65201099999
Lagos,2002-02-22,28.1,26.7,27.4,33.7,26.7,30.2,25.9,91.6,0,0,0,,,,,20.5,188,1007.9,90,8,,,,,2002-02-22T07:01:15,2002-02-22T18:58:47,0.34,Partially cloudy,Clearing in the afternoon.,partly-cloudy-day,65201099999
Lagos,2002-02-23,29.9,29.9,29.9,36.4,36.4,36.4,25.4,76.9,0,0,0,,,,,22.3,210,1007.5,90,10,,,,,2002-02-23T07:00:57,2002-02-23T18:58:49,0.37,Partially cloudy,Partly cloudy throughout the day.,partly-cloudy-day,65201099999
Lagos,2002-02-24,,,,,,,,,,,0,,,,,0,,,,,,,,,2002-02-24T07:00:38,2002-02-24T18:58:50,0.4,,,,
Lagos,2002-02-25,,,,,,,,,,,0,,,,,0,,,,,,,,,2002-02-25T07:00:19,2002-02-25T18:58:51,0.44,,,,
Lagos,2002-02-26,,,,,,,,,,,0,,,,,0,,,,,,,,,2002-02-26T06:59:59,2002-02-26T18:58:51,0.47,,,,
Lagos,2002-02-27,27.1,27.1,27.1,30.8,30.8,30.8,25.1,88.8,0,0,0,,,,,22.3,180,1010.8,90,8,,,,,2002-02-27T06:59:38,2002-02-27T18:58:51,0.5,Partially cloudy,Becoming cloudy in the afternoon.,partly-cloudy-day,65201099999
Lagos,2002-02-28,,,,,,,,,,,0,,,,,0,,,,,,,,,2002-02-28T06:59:17,2002-02-28T18:58:50,0.54,,,,
Lagos,2002-03-01,28.1,26.1,27.4,32.8,26.1,30.6,24.8,85.4,0,0,0,,,,,18.4,195,1009.8,90,8,,,,,2002-03-01T06:58:55,2002-03-01T18:58:49,0.57,Partially cloudy,Clearing in the afternoon.,partly-cloudy-day,65201099999
Lagos,2002-03-02,33.1,26.1,28.6,39.4,26.1,32.5,25.1,82.8,0,0,0,,,,,22.3,190.6,1009.4,90,9.5,,,,,2002-03-02T06:58:32,2002-03-02T18:58:47,0.6,Partially cloudy,Partly cloudy throughout the day.,partly-cloudy-day,65201099999
Lagos,2002-03-03,,,,,,,,,,,0,,,,,0,,,,,,,,,2002-03-03T06:58:10,2002-03-03T18:58:45,0.64,,,,
Lagos,2002-03-04,27.1,27.1,27.1,31.4,31.4,31.4,26.1,94.3,0,0,0,,,,,0,,1009.1,90,8,,,,,2002-03-04T06:57:46,2002-03-04T18:58:42,0.67,Partially cloudy,Clearing in the afternoon.,partly-cloudy-day,65201099999
Lagos,2002-03-05,29.1,29.1,29.1,35.8,35.8,35.8,26.1,83.9,0,0,0,,,,,24.1,210,1009.1,90,8,,,,,2002-03-05T06:57:22,2002-03-05T18:58:39,0.71,Partially cloudy,Partly cloudy throughout the day.,partly-cloudy-day,65201099999
Lagos,2002-03-06,29.1,28.1,28.6,35.8,33.7,34.8,26.1,86.4,0,0,0,,,,,22.3,202,1009.2,90,8,,,,,2002-03-06T06:56:58,2002-03-06T18:58:36,0.75,Partially cloudy,Partly cloudy throughout the day.,partly-cloudy-day,65201099999
Lagos,2002-03-07,29.1,28.1,28.6,35.8,33.7,34.8,26.1,86.4,0,0,0,,,,,14.8,210,1010.2,90,8,,,,,2002-03-07T06:56:33,2002-03-07T18:58:32,0.77,Partially cloudy,Partly cloudy throughout the day.,partly-cloudy-day,65201099999
Lagos,2002-03-08,,,,,,,,,,,0,,,,,0,,,,,,,,,2002-03-08T06:56:08,2002-03-08T18:58:28,0.81,,,,
Lagos,2002-03-09,33.1,32.1,32.8,39.4,39.3,39.4,24.4,61.7,0,0,0,,,,,37.1,208.3,1008.1,90,11,,,,,2002-03-09T06:55:42,2002-03-09T18:58:24,0.84,Partially cloudy,Becoming cloudy in the afternoon.,partly-cloudy-day,65201099999
Lagos,2002-03-10,,,,,,,,,,,0,,,,,0,,,,,,,,,2002-03-10T06:55:16,2002-03-10T18:58:19,0.88,,,,
Lagos,2002-03-11,29.1,29.1,29.1,35.8,35.8,35.8,26.1,83.9,0,0,0,,,,,18.4,240,1012.9,90,11,,,,,2002-03-11T06:54:50,2002-03-11T18:58:14,0.91,Partially cloudy,Clearing in the afternoon.,partly-cloudy-day,65201099999
Lagos,2002-03-12,,,,,,,,,,,0,,,,,0,,,,,,,,,2002-03-12T06:54:24,2002-03-12T18:58:09,0.94,,,,
Lagos,2002-03-13,,,,,,,,,,,0,,,,,0,,,,,,,,,2002-03-13T06:53:57,2002-03-13T18:58:03,0.98,,,,
Lagos,2002-03-14,34.6,27.1,31.9,44.6,31.4,39.4,25.8,71.9,0,0,0,,,,,18.4,195.6,1008.9,90,9.7,,,,,2002-03-14T06:53:29,2002-03-14T18:57:57,0,Partially cloudy,Becoming cloudy in the afternoon.,partly-cloudy-day,65201099999
Lagos,2002-03-15,33.1,29.6,31.4,41.2,37.5,39.4,26.1,74.3,0,0,0,,,,,27.7,180,1007.7,90,9,,,,,2002-03-15T06:53:02,2002-03-15T18:57:51,0.05,Partially cloudy,Becoming cloudy in the afternoon.,partly-cloudy-day,65201099999
Lagos,2002-03-16,,,,,,,,,,,0,,,,,0,,,,,,,,,2002-03-16T06:52:34,2002-03-16T18:57:45,0.08,,,,
Lagos,2002-03-17,,,,,,,,,,,0,,,,,0,,,,,,,,,2002-03-17T06:52:06,2002-03-17T18:57:38,0.11,,,,
Lagos,2002-03-18,28.1,28.1,28.1,32.8,32.8,32.8,25.1,83.8,0,0,0,,,,,18.4,180,1008.1,90,8,,,,,2002-03-18T06:51:38,2002-03-18T18:57:31,0.15,Partially cloudy,Partly cloudy throughout the day.,partly-cloudy-day,65201099999
Lagos,2002-03-19,33.1,27.1,30.5,39.4,30.8,36.7,25.1,73.7,0,0,0,,,,,35.3,203.4,1010.5,90,9.8,,,,,2002-03-19T06:51:10,2002-03-19T18:57:24,0.18,Partially cloudy,Partly cloudy throughout the day.,partly-cloudy-day,65201099999
Lagos,2002-03-20,,,,,,,,,,,0,,,,,0,,,,,,,,,2002-03-20T06:50:41,2002-03-20T18:57:17,0.22,,,,
Lagos,2002-03-21,,,,,,,,,,,0,,,,,0,,,,,,,,,2002-03-21T06:50:13,2002-03-21T18:57:10,0.25,,,,
Lagos,2002-03-22,29.1,27.1,28.3,35.8,31.1,34,26,87.9,0,0,0,,,,,14.8,212,1008.5,90,8.9,,,,,2002-03-22T06:49:44,2002-03-22T18:57:03,0.25,Partially cloudy,Clearing in the afternoon.,partly-cloudy-day,65201099999
Lagos,2002-03-23,27.1,27.1,27.1,30.2,30.2,30.2,24.1,83.7,0,0,0,,,,,5.4,170,1010.2,90,6,,,,,2002-03-23T06:49:15,2002-03-23T18:56:56,0.32,Partially cloudy,Partly cloudy throughout the day.,partly-cloudy-day,65201099999
Lagos,2002-03-24,33.1,27.1,29.4,39.4,30.8,34.8,25.1,78.6,0,0,0,,,,,27.7,208.9,1008.2,90,7.5,,,,,2002-03-24T06:48:47,2002-03-24T18:56:48,0.35,Partially cloudy,Becoming cloudy in the afternoon.,partly-cloudy-day,65201099999
Lagos,2002-03-25,31.1,27.1,28.9,37.9,31.4,34.5,25.5,82.2,0,0,0,,,,,27.7,216,1009.5,90,7.5,,,,,2002-03-25T06:48:18,2002-03-25T18:56:41,0.39,Partially cloudy,Partly cloudy throughout the day.,partly-cloudy-day,65201099999
Lagos,2002-03-26,32.1,27.1,28.6,38,30.2,32.7,24.3,78.1,0,0,0,,,,,25.9,196.5,1009,90,7.6,,,,,2002-03-26T06:47:49,2002-03-26T18:56:34,0.42,Partially cloudy,Partly cloudy throughout the day.,partly-cloudy-day,65201099999
Lagos,2002-03-27,30.1,27.1,28.7,37.6,31.4,34.6,25.9,85.1,0,0,0,,,,,22.3,220.1,1009.9,90,9.8,,,,,2002-03-27T06:47:20,2002-03-27T18:56:26,0.46,Partially cloudy,Clearing in the afternoon.,partly-cloudy-day,65201099999
Lagos,2002-03-28,34.1,27.1,30,40.7,31.1,36.1,25.4,77.6,0,0,0,,,,,33.5,197.2,1009.7,90,8.6,,,,,2002-03-28T06:46:51,2002-03-28T18:56:19,0.5,Partially cloudy,Partly cloudy throughout the day.,partly-cloudy-day,65201099999
Lagos,2002-03-29,29.6,29.6,29.6,35.3,35.3,35.3,24.9,75.9,0,0,0,,,,,11.2,190,1008.1,90,8,,,,,2002-03-29T06:46:22,2002-03-29T18:56:11,0.52,Partially cloudy,Partly cloudy throughout the day.,partly-cloudy-day,65201099999
Lagos,2002-03-30,35.1,26.1,31.1,43.5,26.1,36.9,25.4,73.4,0,0,0,,,,,27.7,198.4,1009.2,90,9.6,,,,,2002-03-30T06:45:54,2002-03-30T18:56:04,0.56,Partially cloudy,Partly cloudy throughout the day.,partly-cloudy-day,65201099999
Lagos,2002-03-31,35.1,28.1,30.5,43.5,33.7,37.4,25.7,76.7,0,0,0,,,,,29.5,185.3,1008.9,90,9.1,,,,,2002-03-31T06:45:25,2002-03-31T18:55:57,0.59,Partially cloudy,Becoming cloudy in the afternoon.,partly-cloudy-day,65201099999
Lagos,2002-04-01,33.1,27.1,28.8,40.7,30.8,34.5,25.8,84.1,0,0,0,,,,,25.9,208.1,1008.8,90,9.1,,,,,2002-04-01T06:44:56,2002-04-01T18:55:50,0.62,Partially cloudy,Partly cloudy throughout the day.,partly-cloudy-day,65201099999
Lagos,2002-04-02,28.1,28.1,28.1,34.7,33.7,34,26.4,90.7,0,0,0,,,,,13,213.3,1009.1,90,10.3,,,,,2002-04-02T06:44:28,2002-04-02T18:55:42,0.66,Partially cloudy,Partly cloudy throughout the day.,partly-cloudy-day,65201099999
Lagos,2002-04-03,35.1,28.1,32.8,45.8,33.7,41.9,26.3,69.4,0,0,0,,,,,33.5,202.2,1009.8,90,10,,,,,2002-04-03T06:44:00,2002-04-03T18:55:35,0.69,Partially cloudy,Partly cloudy throughout the day.,partly-cloudy-day,65201099999
Lagos,2002-04-04,,,,,,,,,,,0,,,,,0,,,,,,,,,2002-04-04T06:43:32,2002-04-04T18:55:29,0.75,,,,
Lagos,2002-04-05,,,,,,,,,,,0,,,,,0,,,,,,,,,2002-04-05T06:43:04,2002-04-05T18:55:22,0.76,,,,
Lagos,2002-04-06,,,,,,,,,,,0,,,,,0,,,,,,,,,2002-04-06T06:42:36,2002-04-06T18:55:15,0.79,,,,
Lagos,2002-04-07,,,,,,,,,,,0,,,,,0,,,,,,,,,2002-04-07T06:42:09,2002-04-07T18:55:09,0.82,,,,
Lagos,2002-04-08,29.1,27.1,28.1,33.7,30.8,32.4,24.7,82.1,0,0,0,,,,,27.7,184.5,1007.1,90,11,,,,,2002-04-08T06:41:41,2002-04-08T18:55:03,0.86,Partially cloudy,Becoming cloudy in the afternoon.,partly-cloudy-day,65201099999
Lagos,2002-04-09,,,,,,,,,,,0,,,,,0,,,,,,,,,2002-04-09T06:41:15,2002-04-09T18:54:57,0.89,,,,
Lagos,2002-04-10,,,,,,,,,,,0,,,,,0,,,,,,,,,2002-04-10T06:40:48,2002-04-10T18:54:51,0.92,,,,
Lagos,2002-04-11,27.1,27.1,27.1,31.4,31.4,31.4,26.1,94.3,0,0,0,,,,,14.8,210,1007.1,90,8,,,,,2002-04-11T06:40:22,2002-04-11T18:54:45,0.96,Partially cloudy,Partly cloudy throughout the day.,partly-cloudy-day,65201099999
Lagos,2002-04-12,31.1,27.1,29.3,37.9,31.4,35.7,25.9,82.4,0,0,0,,,,,22.3,212.2,1008.9,90,9.8,,,,,2002-04-12T06:39:56,2002-04-12T18:54:40,0,Partially cloudy,Clearing in the afternoon.,partly-cloudy-day,65201099999
Lagos,2002-04-13,28.1,26.1,27.1,31.4,26.1,29.8,24.1,84,0,0,0,,,,,14.8,231.7,1009.1,90,9.8,,,,,2002-04-13T06:39:30,2002-04-13T18:54:35,0.02,Partially cloudy,Partly cloudy throughout the day.,partly-cloudy-day,65201099999
Lagos,2002-04-14,33.1,28.1,29.9,39.4,32.1,35,24.5,73.7,0,0,0,,,,,18.4,189.5,1008.5,90,9.2,,,,,2002-04-14T06:39:05,2002-04-14T18:54:30,0.06,Partially cloudy,Becoming cloudy in the afternoon.,partly-cloudy-day,65201099999
Lagos,2002-04-15,31.1,23.1,26,39.3,23.1,28.6,24.2,90.4,0,0,0,,,,,14.8,231.8,1009.1,90,7.5,,,,,2002-04-15T06:38:40,2002-04-15T18:54:26,0.09,Partially cloudy,Clearing in the afternoon.,partly-cloudy-day,65201099999
Lagos,2002-04-16,31.1,23.1,25.1,37.9,23.1,26.8,23.6,92.6,0,0,0,,,,,14.8,190,1008.9,92.5,7.3,,,,,2002-04-16T06:38:15,2002-04-16T18:54:22,0.13,Overcast,Cloudy skies throughout the day.,cloudy,65201099999
Lagos,2002-04-17,30.1,27.1,28.6,36.3,31.4,33.8,25.6,84.5,0,0,0,,,,,20.5,220.5,1010.5,90,11,,,,,2002-04-17T06:37:51,2002-04-17T18:54:18,0.16,Partially cloudy,Partly cloudy throughout the day.,partly-cloudy-day,65201099999
Lagos,2002-04-18,33.1,26.1,30.8,40.7,26.1,35.8,25.1,73.4,0,0,0,,,,,33.5,184.7,1008.8,90,10,,,,,2002-04-18T06:37:27,2002-04-18T18:54:14,0.2,Partially cloudy,Becoming cloudy in the afternoon.,partly-cloudy-day,65201099999
Lagos,2002-04-19,28.1,25.1,26.9,32.8,25.1,29.9,24.7,88,0,0,0,,,,,18.4,95.2,1009.9,90,8,,,,,2002-04-19T06:37:04,2002-04-19T18:54:11,0.23,Partially cloudy,Clearing in the afternoon.,partly-cloudy-day,65201099999
Lagos,2002-04-20,32.1,27.1,29.3,39.3,30.8,34.7,25.1,78.7,0,0,0,,,,,27.7,192.1,1008.9,90,9.2,,,,,2002-04-20T06:36:41,2002-04-20T18:54:09,0.25,Partially cloudy,Becoming cloudy in the afternoon.,partly-cloudy-day,65201099999
Lagos,2002-04-21,27.1,24.6,26,30.2,24.6,26.8,24.4,91,0,0,0,,,,,37.1,148.5,1009.3,90,8.8,,,,,2002-04-21T06:36:19,2002-04-21T18:54:06,0.3,Partially cloudy,Clearing in the afternoon.,partly-cloudy-day,65201099999
Lagos,2002-04-22,25.1,25.1,25.1,25.1,25.1,25.1,24.4,95.9,0.7,100,4.17,rain,,,,0,,1009.6,90,6,,,,,2002-04-22T06:35:57,2002-04-22T18:54:04,0.34,"Rain, Partially cloudy",Clearing in the afternoon with morning rain.,rain,65201099999
Lagos,2002-04-23,,,,,,,,,,,0,,,,,0,,,,,,,,,2002-04-23T06:35:36,2002-04-23T18:54:02,0.37,,,,
Lagos,2002-04-24,28.2,26.1,26.9,32.5,26.1,28.7,24.2,85.3,0,0,0,,,,,0,,1007.2,90,8,,,,,2002-04-24T06:35:15,2002-04-24T18:54:01,0.41,Partially cloudy,Partly cloudy throughout the day.,partly-cloudy-day,65201099999
Lagos,2002-04-25,29.1,25.1,26.9,34.7,25.1,29.4,24.4,86.4,0,0,0,,,,,18.4,204.4,1007,90,7.8,,,,,2002-04-25T06:34:55,2002-04-25T18:54:00,0.44,Partially cloudy,Partly cloudy throughout the day.,partly-cloudy-day,65201099999
Lagos,2002-04-26,30.1,26.1,27.5,37.6,26.1,31,25,86,0,0,0,,,,,24.1,224.7,1007.2,90,9.3,,,,,2002-04-26T06:34:36,2002-04-26T18:54:00,0.48,Partially cloudy,Clearing in the afternoon.,partly-cloudy-day,65201099999
Lagos,2002-04-27,32.6,25.9,29,40.5,25.9,33.7,25.4,81.8,0,0,0,,,,,22.3,200.1,1008.6,90,8.8,,,,,2002-04-27T06:34:17,2002-04-27T18:54:00,0.5,Partially cloudy,Partly cloudy throughout the day.,partly-cloudy-day,65201099999
Lagos,2002-04-28,32.7,27.1,31,40.8,32,38.5,26.1,76.5,0,0,0,,,,,25.9,219.9,1009.8,90,10,,,,,2002-04-28T06:33:58,2002-04-28T18:54:00,0.54,Partially cloudy,Partly cloudy throughout the day.,partly-cloudy-day,65201099999
Lagos,2002-04-29,29.1,29.1,29.1,35.8,34.7,35.4,25.8,82.3,0,0,0,,,,,18.4,202.3,1009.8,90,8,,,,,2002-04-29T06:33:40,2002-04-29T18:54:01,0.58,Partially cloudy,Partly cloudy throughout the day.,partly-cloudy-day,65201099999
Lagos,2002-04-30,32.1,32.1,32.1,42.5,42.5,42.5,27.1,75,0,0,0,,,,,20.5,230,1009.1,90,11,,,,,2002-04-30T06:33:23,2002-04-30T18:54:02,0.61,Partially cloudy,Becoming cloudy in the afternoon.,partly-cloudy-day,65201099999
Lagos,2002-05-01,31.1,9.1,24.6,39.3,6.4,28.8,21.4,83.2,0,0,0,,,,,27.7,199.9,1007.8,90,9,,,,,2002-05-01T06:33:06,2002-05-01T18:54:04,0.64,Partially cloudy,Partly cloudy throughout the day.,partly-cloudy-day,65201099999
Lagos,2002-05-02,27.1,26.6,27,31.4,26.6,30.4,26.1,95,0,0,0,,,,,14.8,214.6,1009.6,90,8,,,,,2002-05-02T06:32:50,2002-05-02T18:54:06,0.67,Partially cloudy,Clearing in the afternoon.,partly-cloudy-day,65201099999
Lagos,2002-05-03,32.1,23.1,28.5,39.3,23.1,32.9,24.4,79.8,0,0,0,,,,,22.3,151.6,1009.1,90,9.3,,,,,2002-05-03T06:32:35,2002-05-03T18:54:08,0.71,Partially cloudy,Becoming cloudy in the afternoon.,partly-cloudy-day,65201099999
Lagos,2002-05-04,29.1,27.1,27.8,35.8,30.8,32.6,25.6,87.9,3,100,4.17,rain,,,,9.4,310,1009.4,90,6,,,,,2002-05-04T06:32:20,2002-05-04T18:54:11,0.75,"Rain, Partially cloudy",Becoming cloudy in the afternoon with late afternoon rain.,rain,65201099999
Lagos,2002-05-05,32.1,24.1,27.1,40.8,24.1,30.4,24.9,88.6,0,0,0,,,,,18.4,205.1,1010.9,90,7,,,,,2002-05-05T06:32:06,2002-05-05T18:54:15,0.77,Partially cloudy,Partly cloudy throughout the day.,partly-cloudy-day,65201099999
Lagos,2002-05-06,28.1,26.1,27.1,32.1,26.1,29.7,24.8,87.3,0,0,0,,,,,14.8,193.3,1009.8,90,9,,,,,2002-05-06T06:31:53,2002-05-06T18:54:19,0.8,Partially cloudy,Partly cloudy throughout the day.,partly-cloudy-day,65201099999
Lagos,2002-05-07,31.1,28.1,29.1,37.9,32.8,34.6,25.1,79.3,0,0,0,,,,,18.4,210.5,1011.6,90,9.5,,,,,2002-05-07T06:31:40,2002-05-07T18:54:23,0.84,Partially cloudy,Clearing in the afternoon.,partly-cloudy-day,65201099999
Lagos,2002-05-08,32.6,27.1,28.8,40.2,30.8,33.9,25.4,82.9,0,0,0,,,,,35.3,184.8,1011.4,90,8.8,,,,,2002-05-08T06:31:28,2002-05-08T18:54:28,0.87,Partially cloudy,Partly cloudy throughout the day.,partly-cloudy-day,65201099999
Lagos,2002-05-09,33.1,29.1,30.5,40.7,34.7,37.4,25.6,75.5,0,0,0,,,,,25.9,216.3,1011.5,90,9.6,,,,,2002-05-09T06:31:16,2002-05-09T18:54:33,0.9,Partially cloudy,Becoming cloudy in the afternoon.,partly-cloudy-day,65201099999
Lagos,2002-05-10,29.1,26.7,27.8,35.8,26.7,32.3,26,90.5,0,0,0,,,,,14.8,210,1012.2,90,7.7,,,,,2002-05-10T06:31:06,2002-05-10T18:54:39,0.94,Partially cloudy,Clearing in the afternoon.,partly-cloudy-day,65201099999
Lagos,2002-05-11,26.7,26.7,26.7,26.7,26.7,26.7,25.4,92.6,0,0,0,,,,,0,,1011.6,90,4,,,,,2002-05-11T06:30:56,2002-05-11T18:54:45,0.97,Partially cloudy,Clearing in the afternoon.,partly-cloudy-day,65201099999
Lagos,2002-05-12,,,,,,,,,,,0,,,,,0,,,,,,,,,2002-05-12T06:30:46,2002-05-12T18:54:51,0,,,,
Lagos,2002-05-13,32.1,23.1,28.4,39.5,23.1,32.2,24.7,81.4,0,0,0,,,,,31.3,189,1010.7,91.7,8.7,,,,,2002-05-13T06:30:38,2002-05-13T18:54:58,0.04,Overcast,Cloudy skies throughout the day.,cloudy,65201099999
Lagos,2002-05-14,32.1,27.1,28.9,39.3,30.8,34.4,25.6,83.3,0,0,0,,,,,18.4,206.4,1011.9,90,8.8,,,,,2002-05-14T06:30:30,2002-05-14T18:55:06,0.07,Partially cloudy,Becoming cloudy in the afternoon.,partly-cloudy-day,65201099999
Lagos,2002-05-15,32.6,28.1,30.4,42.5,33.7,38.1,26.2,79.1,0,0,0,,,,,20.5,229.7,1011.6,90,9.8,,,,,2002-05-15T06:30:23,2002-05-15T18:55:14,0.11,Partially cloudy,Partly cloudy throughout the day.,partly-cloudy-day,65201099999
Lagos,2002-05-16,28.1,26.7,27.4,34.7,26.7,31.1,25.6,90.1,0,0,0,,,,,18.4,175.5,1010.1,90,7.8,,,,,2002-05-16T06:30:16,2002-05-16T18:55:22,0.14,Partially cloudy,Partly cloudy throughout the day.,partly-cloudy-day,65201099999
Lagos,2002-05-17,31.1,31.1,31.1,37.9,37.9,37.9,25.1,70.5,0,0,0,,,,,20.5,210,1010.2,90,11,,,,,2002-05-17T06:30:11,2002-05-17T18:55:31,0.18,Partially cloudy,Becoming cloudy in the afternoon.,partly-cloudy-day,65201099999
Lagos,2002-05-18,33.1,25.1,29.6,42.3,25.1,35.3,25.6,80.3,0,0,0,,,,,29.5,203.3,1010,85,9.5,,,,,2002-05-18T06:30:06,2002-05-18T18:55:40,0.21,Partially cloudy,Partly cloudy throughout the day.,partly-cloudy-day,65201099999
Lagos,2002-05-19,32.1,27.1,29.2,40.8,31.4,35.6,26.2,84.5,0.7,100,4.17,rain,,,,14.8,220,1010.1,90,8.7,,,,,2002-05-19T06:30:01,2002-05-19T18:55:49,0.25,"Rain, Partially cloudy",Becoming cloudy in the afternoon with afternoon rain.,rain,65201099999
Lagos,2002-05-20,,,,,,,,,,,0,,,,,0,,,,,,,,,2002-05-20T06:29:58,2002-05-20T18:55:59,0.29,,,,
Lagos,2002-05-21,,,,,,,,,,,0,,,,,0,,,,,,,,,2002-05-21T06:29:55,2002-05-21T18:56:09,0.32,,,,
Lagos,2002-05-22,,,,,,,,,,,0,,,,,0,,,,,,,,,2002-05-22T06:29:52,2002-05-22T18:56:20,0.36,,,,
Lagos,2002-05-23,,,,,,,,,,,0,,,,,0,,,,,,,,,2002-05-23T06:29:51,2002-05-23T18:56:31,0.39,,,,
Lagos,2002-05-24,,,,,,,,,,,0,,,,,0,,,,,,,,,2002-05-24T06:29:50,2002-05-24T18:56:42,0.43,,,,
Lagos,2002-05-25,28.7,27.1,27.6,34.6,31.4,32.5,26,90.8,0,0,0,,,,,18.4,207.7,1010,90,8.7,,,,,2002-05-25T06:29:50,2002-05-25T18:56:54,0.46,Partially cloudy,Partly cloudy throughout the day.,partly-cloudy-day,65201099999
Lagos,2002-05-26,29.7,25.9,27.4,36.6,25.9,30.7,25.5,89.7,0.7,100,4.17,rain,,,,22.3,209.1,1009.6,90,9,,,,,2002-05-26T06:29:50,2002-05-26T18:57:06,0.5,"Rain, Partially cloudy",Clearing in the afternoon with morning rain.,rain,65201099999
Lagos,2002-05-27,28.1,27.1,27.5,34.7,30.8,32.4,26.1,91.9,0,0,0,,,,,14.8,227.2,1009.7,90,10.8,,,,,2002-05-27T06:29:51,2002-05-27T18:57:18,0.53,Partially cloudy,Clearing in the afternoon.,partly-cloudy-day,65201099999
Lagos,2002-05-28,32.1,26.1,30,40.8,26.1,35.7,25.2,76.1,0,0,0,,,,,27.7,178.6,1010.1,75,10,,,,,2002-05-28T06:29:53,2002-05-28T18:57:31,0.56,Partially cloudy,Becoming cloudy in the afternoon.,partly-cloudy-day,65201099999
Lagos,2002-05-29,29.1,24.1,27.2,34.7,24.1,29.6,24.7,87,0.8,100,4.17,rain,,,,25.9,161.9,1011.2,90,8.1,,,,,2002-05-29T06:29:56,2002-05-29T18:57:44,0.6,"Rain, Partially cloudy",Partly cloudy throughout the day with late afternoon rain.,rain,65201099999
Lagos,2002-05-30,32.1,24.1,26.5,39.3,24.1,28.3,24.3,89.2,0,0,0,,,,,7.6,240,1011.1,90,6.5,,,,,2002-05-30T06:29:59,2002-05-30T18:57:57,0.63,Partially cloudy,Becoming cloudy in the afternoon.,partly-cloudy-day,65201099999
Lagos,2002-05-31,26.7,26.1,26.4,26.7,26.1,26.4,25.2,92.9,0,0,0,,,,,11.2,196.3,1010.5,90,8,,,,,2002-05-31T06:30:02,2002-05-31T18:58:10,0.66,Partially cloudy,Partly cloudy throughout the day.,partly-cloudy-day,65201099999
Lagos,2002-06-01,31.1,27.2,29.1,37.9,30.6,34.4,24.9,78.4,0,0,0,,,,,24.1,210,1010.5,90,9.5,,,,,2002-06-01T06:30:07,2002-06-01T18:58:23,0.69,Partially cloudy,Becoming cloudy in the afternoon.,partly-cloudy-day,65201099999
Lagos,2002-06-02,29.1,23.1,25.6,35.8,23.1,27.5,24.1,91.4,0,0,0,,,,,18.4,179.7,1010.5,92.7,7.5,,,,,2002-06-02T06:30:11,2002-06-02T18:58:37,0.72,Overcast,Cloudy skies throughout the day.,cloudy,65201099999
Lagos,2002-06-03,30.1,24.1,27.3,36.3,24.1,30.9,24.7,85.9,0,0,0,,,,,18.4,214.1,1010.7,90,8.6,,,,,2002-06-03T06:30:17,2002-06-03T18:58:51,0.75,Partially cloudy,Partly cloudy throughout the day.,partly-cloudy-day,65201099999
Lagos,2002-06-04,29.1,23.7,25.6,35.5,23.7,26.6,24.3,92.7,9.9,100,4.17,rain,,,,14.8,219.9,1011.3,90,8.4,,,,,2002-06-04T06:30:23,2002-06-04T18:59:05,0.79,"Rain, Partially cloudy",Partly cloudy throughout the day with late afternoon rain.,rain,65201099999
Lagos,2002-06-05,31.1,22.9,26.4,36.7,22.9,28.5,23.3,84.4,9.9,100,4.17,rain,,,,25.9,244,1010.7,90,9.1,,,,,2002-06-05T06:30:30,2002-06-05T18:59:19,0.82,"Rain, Partially cloudy",Partly cloudy throughout the day with morning rain.,rain,65201099999
Lagos,2002-06-06,28.1,21.1,23.8,32.8,21.1,24.4,23,95.5,78,100,8.33,rain,,,,37.1,127.1,1012,90,7.1,,,,,2002-06-06T06:30:37,2002-06-06T18:59:33,0.85,"Rain, Partially cloudy",Clearing in the afternoon with rain clearing later.,rain,65201099999
Lagos,2002-06-07,30.6,23.1,27.9,36.9,23.1,31.5,24.4,81.9,0,0,0,,,,,25.9,276.8,1011.4,90,9.3,,,,,2002-06-07T06:30:44,2002-06-07T18:59:48,0.89,Partially cloudy,Partly cloudy throughout the day.,partly-cloudy-day,65201099999
Lagos,2002-06-08,32.1,24.1,28.4,39.3,24.1,32.4,24.4,79.9,0,0,0,,,,,25.9,245.5,1010.8,90,8.7,,,,,2002-06-08T06:30:53,2002-06-08T19:00:02,0.92,Partially cloudy,Partly cloudy throughout the day.,partly-cloudy-day,65201099999
Lagos,2002-06-09,31.1,23.1,26.9,39.3,23.1,29.7,24.8,89.3,0,0,0,,,,,27.7,222.4,1010,90,8.9,,,,,2002-06-09T06:31:01,2002-06-09T19:00:16,0.95,Partially cloudy,Partly cloudy throughout the day.,partly-cloudy-day,65201099999
Lagos,2002-06-10,30.1,23.1,25.6,36.5,23.1,26.6,24.5,93.7,65.7,100,8.33,rain,,,,18.4,347,1011.9,90,7.3,,,,,2002-06-10T06:31:10,2002-06-10T19:00:31,0.98,"Rain, Partially cloudy",Partly cloudy throughout the day with a chance of rain throughout the day.,rain,65201099999
Lagos,2002-06-11,32.1,24.1,28,39.3,24.1,31.7,24.4,81.9,0.7,100,4.17,rain,,,,22.3,237.9,1011.8,90,9,,,,,2002-06-11T06:31:20,2002-06-11T19:00:45,0,"Rain, Partially cloudy",Partly cloudy throughout the day with late afternoon rain.,rain,65201099999
Lagos,2002-06-12,30.1,22.1,27.6,36.3,22.1,31.7,24.6,84.3,0,0,0,,,,,25.9,200.2,1011.9,90,9,,,,,2002-06-12T06:31:30,2002-06-12T19:01:00,0.05,Partially cloudy,Partly cloudy throughout the day.,partly-cloudy-day,65201099999
Lagos,2002-06-13,30.1,25.1,27.4,36.3,25.1,29.8,24.8,86.5,0,0,0,,,,,22.3,196.9,1012.8,90,9.4,,,,,2002-06-13T06:31:40,2002-06-13T19:01:14,0.09,Partially cloudy,Partly cloudy throughout the day.,partly-cloudy-day,65201099999
Lagos,2002-06-14,26.1,23.7,24.5,26.1,23.7,24.5,23.9,96.6,44,100,8.33,rain,,,,54,215.2,1012.1,90,7.1,,,,,2002-06-14T06:31:51,2002-06-14T19:01:28,0.12,"Rain, Partially cloudy",Partly cloudy throughout the day with rain.,rain,65201099999
Lagos,2002-06-15,30.1,23.1,26.5,36.3,23.1,28.7,24.2,88.3,18,100,4.17,rain,,,,24.1,211.1,1012.7,90,8.7,,,,,2002-06-15T06:32:02,2002-06-15T19:01:43,0.16,"Rain, Partially cloudy",Partly cloudy throughout the day with morning rain.,rain,65201099999
Lagos,2002-06-16,29.1,23.1,26.2,32.9,23.1,27.3,23.3,84.9,9.9,100,4.17,rain,,,,22.3,167.6,1012.2,90,9.3,,,,,2002-06-16T06:32:14,2002-06-16T19:01:57,0.2,"Rain, Partially cloudy",Partly cloudy throughout the day with rain in the morning and afternoon.,rain,65201099999
Lagos,2002-06-17,31.1,26.1,28.6,37.9,26.1,32.7,24.6,79.6,0,0,0,,,,,27.7,191.8,1011.6,90,9.8,,,,,2002-06-17T06:32:25,2002-06-17T19:02:11,0.23,Partially cloudy,Becoming cloudy in the afternoon.,partly-cloudy-day,65201099999
Lagos,2002-06-18,29.1,24.6,26.4,35.8,24.6,28.4,24.4,89.1,0,0,0,,,,,27.7,222.4,1012.6,90,8.9,,,,,2002-06-18T06:32:38,2002-06-18T19:02:24,0.25,Partially cloudy,Partly cloudy throughout the day.,partly-cloudy-day,65201099999
Lagos,2002-06-19,30.6,25.2,27.3,36.3,25.2,29.4,24.6,85.4,0,0,0,,,,,31.3,210.2,1012,89.2,9,,,,,2002-06-19T06:32:50,2002-06-19T19:02:38,0.3,Partially cloudy,Partly cloudy throughout the day.,partly-cloudy-day,65201099999
Lagos,2002-06-20,30.1,24.4,26.6,36.3,24.4,28.2,24.3,88,0.7,100,4.17,rain,,,,22.3,199.3,1013.4,90,9.3,,,,,2002-06-20T06:33:03,2002-06-20T19:02:51,0.34,"Rain, Partially cloudy",Partly cloudy throughout the day with rain clearing later.,rain,65201099999
Lagos,2002-06-21,30.1,24.1,25.7,35.2,24.1,26.2,24.2,91.9,4.1,100,4.17,rain,,,,20.5,216.3,1013.4,90,7.4,,,,,2002-06-21T06:33:15,2002-06-21T19:03:04,0.38,"Rain, Partially cloudy",Partly cloudy throughout the day with morning rain.,rain,65201099999
Lagos,2002-06-22,31.1,24.1,26.8,36.7,24.1,29.4,24.5,88,6.1,100,4.17,rain,,,,37.1,214.9,1013.5,90,9.2,,,,,2002-06-22T06:33:29,2002-06-22T19:03:17,0.41,"Rain, Partially cloudy",Partly cloudy throughout the day with morning rain.,rain,65201099999
Lagos,2002-06-23,30.1,24.7,27.3,36.3,24.7,30.2,24.6,85.7,0,0,0,,,,,35.3,207.6,1013.6,90,9.3,,,,,2002-06-23T06:33:42,2002-06-23T19:03:30,0.45,Partially cloudy,Partly cloudy throughout the day.,partly-cloudy-day,65201099999
Lagos,2002-06-24,26.1,23.4,25.1,26.1,23.4,25.1,24.7,97.7,52.9,100,8.33,rain,,,,13,224.4,1013.6,90.9,8,,,,,2002-06-24T06:33:55,2002-06-24T19:03:42,0.5,"Rain, Overcast",Cloudy skies throughout the day with rain.,rain,65201099999
Lagos,2002-06-25,30.4,24.1,26.7,37.2,24.1,29,24.9,90.7,23.1,100,4.17,rain,,,,18.4,219.4,1014.1,85,8.3,,,,,2002-06-25T06:34:09,2002-06-25T19:03:54,0.52,"Rain, Partially cloudy",Partly cloudy throughout the day with morning rain.,rain,65201099999
Lagos,2002-06-26,30.1,22.1,26.5,37.6,22.1,28.9,24.9,91.1,26.9,100,8.33,rain,,,,33.5,215.4,1013.9,92,7.1,,,,,2002-06-26T06:34:22,2002-06-26T19:04:06,0.55,"Rain, Overcast",Cloudy skies throughout the day with rain.,rain,65201099999
Lagos,2002-06-27,29.1,23.1,25.4,34.7,23.1,26.6,24,92.5,9.9,100,4.17,rain,,,,22.3,217.5,1014,90.8,7.8,,,,,2002-06-27T06:34:36,2002-06-27T19:04:17,0.58,"Rain, Overcast",Cloudy skies throughout the day with early morning rain.,rain,65201099999
Lagos,2002-06-28,29.4,23.1,25.6,34.7,23.1,26.6,23.9,90.4,0,0,0,,,,,27.7,203.6,1014.5,90,8.5,,,,,2002-06-28T06:34:50,2002-06-28T19:04:28,0.61,Partially cloudy,Partly cloudy throughout the day.,partly-cloudy-day,65201099999
Lagos,2002-06-29,30.1,23.7,26.2,36.3,23.7,27.8,24.3,89.6,0,0,0,,,,,27.7,204.4,1014.5,90,8.6,,,,,2002-06-29T06:35:04,2002-06-29T19:04:38,0.65,Partially cloudy,Partly cloudy throughout the day.,partly-cloudy-day,65201099999
Lagos,2002-06-30,30.1,24.7,26.4,35.8,24.7,27.9,24.3,88.2,1,100,4.17,rain,,,,22.3,206.2,1014.9,85.6,9.4,,,,,2002-06-30T06:35:18,2002-06-30T19:04:48,0.68,"Rain, Partially cloudy",Partly cloudy throughout the day with morning rain.,rain,65201099999
Lagos,2002-07-01,29.1,24.1,25.9,34.7,24.1,27.2,24.3,91.6,0,0,0,,,,,16.6,236,1013.8,90,8.5,,,,,2002-07-01T06:35:31,2002-07-01T19:04:57,0.71,Partially cloudy,Partly cloudy throughout the day.,partly-cloudy-day,65201099999
Lagos,2002-07-02,31.1,24.2,27.2,37.9,24.2,29.6,24.5,85.7,0,0,0,,,,,37.1,226.3,1013.1,90,9.4,,,,,2002-07-02T06:35:45,2002-07-02T19:05:06,0.75,Partially cloudy,Partly cloudy throughout the day.,partly-cloudy-day,65201099999
Lagos,2002-07-03,26.4,25.1,25.6,26.4,25.1,25.6,24.7,94.8,0.5,100,4.17,rain,,,,18.4,218.4,1013.2,90,8,,,,,2002-07-03T06:35:59,2002-07-03T19:05:15,0.78,"Rain, Partially cloudy",Clearing in the afternoon with morning rain.,rain,65201099999
Lagos,2002-07-04,29.1,24.1,25.9,34.7,24.1,27.3,24.3,91.4,5.1,100,4.17,rain,,,,16.6,207.6,1013.1,90,9.1,,,,,2002-07-04T06:36:13,2002-07-04T19:05:23,0.81,"Rain, Partially cloudy",Partly cloudy throughout the day with late afternoon rain.,rain,65201099999
Lagos,2002-07-05,27.1,24.1,25.5,29.7,24.1,26.3,23.2,87.7,1,100,4.17,rain,,,,18.4,116.2,1013.1,90,8.3,,,,,2002-07-05T06:36:26,2002-07-05T19:05:30,0.84,"Rain, Partially cloudy",Partly cloudy throughout the day with afternoon rain.,rain,65201099999
Lagos,2002-07-06,30.1,23.1,25.7,35.2,23.1,27.2,23.5,88.3,0,0,0,,,,,27.7,229.9,1012.7,90,8.1,,,,,2002-07-06T06:36:40,2002-07-06T19:05:37,0.87,Partially cloudy,Partly cloudy throughout the day.,partly-cloudy-day,65201099999
Lagos,2002-07-07,31.1,23.1,27.9,37.9,23.1,31.4,24.1,80.6,0,0,0,,,,,22.3,203,1012.6,90,10,,,,,2002-07-07T06:36:53,2002-07-07T19:05:43,0.9,Partially cloudy,Partly cloudy throughout the day.,partly-cloudy-day,65201099999
Lagos,2002-07-08,30.1,24.1,26.5,36.3,24.1,28.1,24.3,87.9,0,0,0,,,,,18.4,220.7,1013.6,90,9.3,,,,,2002-07-08T06:37:06,2002-07-08T19:05:49,0.94,Partially cloudy,Partly cloudy throughout the day.,partly-cloudy-day,65201099999
Lagos,2002-07-09,29.1,24.4,26.5,33.7,24.4,28.4,24.3,87.6,0,0,0,,,,,37.1,210.6,1014.1,90,9,,,,,2002-07-09T06:37:19,2002-07-09T19:05:54,0.97,Partially cloudy,Partly cloudy throughout the day.,partly-cloudy-day,65201099999
Lagos,2002-07-10,29.1,25.1,27.2,34.7,25.1,29.9,24.5,85.2,0.7,100,4.17,rain,,,,27.7,212.8,1013.8,90,9.5,,,,,2002-07-10T06:37:32,2002-07-10T19:05:59,0,"Rain, Partially cloudy",Partly cloudy throughout the day with rain clearing later.,rain,65201099999
Lagos,2002-07-11,30.1,24.2,26.2,35.3,24.2,27.5,24.3,89.6,4.1,100,4.17,rain,,,,25.9,223.4,1013.7,90,8.6,,,,,2002-07-11T06:37:44,2002-07-11T19:06:03,0.04,"Rain, Partially cloudy",Partly cloudy throughout the day with morning rain.,rain,65201099999
Lagos,2002-07-12,29.1,22.6,25.9,33.7,22.6,27.2,24.2,90.5,72.1,100,8.33,rain,,,,27.7,209.8,1012.7,90,9.1,,,,,2002-07-12T06:37:56,2002-07-12T19:06:06,0.07,"Rain, Partially cloudy",Partly cloudy throughout the day with rain.,rain,65201099999
Lagos,2002-07-13,30.1,24.1,26.8,35.2,24.1,28.9,24.3,86.7,0.7,100,4.17,rain,,,,25.9,223.6,1012.9,90,9.3,,,,,2002-07-13T06:38:08,2002-07-13T19:06:08,0.11,"Rain, Partially cloudy",Partly cloudy throughout the day with late afternoon rain.,rain,65201099999
Lagos,2002-07-14,30.1,24.1,26.5,36.3,24.1,28.2,24.3,88.6,0.7,100,4.17,rain,,,,24.1,213.6,1012.9,90,9.1,,,,,2002-07-14T06:38:20,2002-07-14T19:06:10,0.14,"Rain, Partially cloudy",Partly cloudy throughout the day with late afternoon rain.,rain,65201099999
Lagos,2002-07-15,28.7,25.1,26.4,34.1,25.1,27.7,25,92.6,1,100,4.17,rain,,,,16.6,197.3,1013.1,90,8.5,,,,,2002-07-15T06:38:32,2002-07-15T19:06:11,0.18,"Rain, Partially cloudy",Partly cloudy throughout the day with rain in the morning and afternoon.,rain,65201099999
Lagos,2002-07-16,25.6,24.1,25,25.6,24.1,25,24.6,97.7,75.9,100,8.33,rain,,,,27.7,216.4,1012.7,90,7.5,,,,,2002-07-16T06:38:43,2002-07-16T19:06:12,0.22,"Rain, Partially cloudy",Becoming cloudy in the afternoon with rain.,rain,65201099999
Lagos,2002-07-17,27.1,25.1,26.1,30.8,25.1,26.8,24.5,91,0,0,0,,,,,33.5,219.5,1013.2,91,9.8,,,,,2002-07-17T06:38:53,2002-07-17T19:06:12,0.25,Overcast,Cloudy skies throughout the day.,cloudy,65201099999
Lagos,2002-07-18,26.1,24.1,24.7,26.1,24.1,24.7,24,95.9,42.9,100,8.33,rain,,,,33.5,218.1,1013,90.6,7.8,,,,,2002-07-18T06:39:04,2002-07-18T19:06:11,0.29,"Rain, Overcast",Cloudy skies throughout the day with rain.,rain,65201099999
Lagos,2002-07-19,27.1,24.1,25,30.8,24.1,25.4,23.8,93.1,0,0,0,,,,,25.9,214.9,1012.6,90,8.3,,,,,2002-07-19T06:39:14,2002-07-19T19:06:09,0.32,Partially cloudy,Partly cloudy throughout the day.,partly-cloudy-day,65201099999
Lagos,2002-07-20,28.1,25.4,26.7,32.1,25.4,28.3,23.5,82.8,0,0,0,,,,,22.3,219.4,1011.9,90,10.3,,,,,2002-07-20T06:39:24,2002-07-20T19:06:07,0.36,Partially cloudy,Becoming cloudy in the afternoon.,partly-cloudy-day,65201099999
Lagos,2002-07-21,28.1,24.1,25.6,32.1,24.1,26.3,24,90.8,1.7,100,8.33,rain,,,,29.5,207.7,1011.9,90,8.6,,,,,2002-07-21T06:39:33,2002-07-21T19:06:04,0.4,"Rain, Partially cloudy",Partly cloudy throughout the day with rain.,rain,65201099999
Lagos,2002-07-22,27.1,24.1,25.4,30.8,24.1,25.8,24.2,93.4,67.1,100,4.17,rain,,,,27.7,209.8,1012.3,90,8.9,,,,,2002-07-22T06:39:42,2002-07-22T19:06:00,0.43,"Rain, Partially cloudy",Becoming cloudy in the afternoon with late afternoon rain.,rain,65201099999
Lagos,2002-07-23,24.2,23.1,23.6,24.2,23.1,23.6,23.4,99,67.1,100,4.17,rain,,,,14.8,202.9,1013.8,92.3,6.1,,,,,2002-07-23T06:39:50,2002-07-23T19:05:55,0.47,"Rain, Overcast",Cloudy skies throughout the day with morning rain.,rain,65201099999
Lagos,2002-07-24,29.1,23.1,25.4,33.7,23.1,26.8,23.8,91.2,39.1,100,8.33,rain,,,,31.3,232.7,1014.7,85,8.6,,,,,2002-07-24T06:39:58,2002-07-24T19:05:50,0.5,"Rain, Partially cloudy",Partly cloudy throughout the day with rain in the morning and afternoon.,rain,65201099999
Lagos,2002-07-25,28.1,24.1,24.8,32.1,24.1,25.2,23.9,95.1,0,0,0,,,,,27.7,227.6,1014.9,90,8.7,,,,,2002-07-25T06:40:06,2002-07-25T19:05:44,0.53,Partially cloudy,Partly cloudy throughout the day.,partly-cloudy-day,65201099999
Lagos,2002-07-26,27.4,25.1,26.3,30.3,25.1,27.6,23.3,83.9,0,0,0,,,,,24.1,211.2,1013.3,90,10.2,,,,,2002-07-26T06:40:13,2002-07-26T19:05:37,0.57,Partially cloudy,Partly cloudy throughout the day.,partly-cloudy-day,65201099999
Lagos,2002-07-27,28.2,23.1,25.8,32.1,23.1,26.9,23.4,86.9,0,0,0,,,,,27.7,219.9,1013.8,90,9.5,,,,,2002-07-27T06:40:20,2002-07-27T19:05:30,0.6,Partially cloudy,Partly cloudy throughout the day.,partly-cloudy-day,65201099999
Lagos,2002-07-28,29.1,23.1,25.4,33.7,23.1,26.5,23.5,89.6,0,0,0,,,,,25.9,211.1,1014,90,8.7,,,,,2002-07-28T06:40:26,2002-07-28T19:05:21,0.63,Partially cloudy,Partly cloudy throughout the day.,partly-cloudy-day,65201099999
Lagos,2002-07-29,28.6,24.1,24.9,32.6,24.1,25.4,23.6,92.5,0,0,0,,,,,18.4,224.4,1015,90,8,,,,,2002-07-29T06:40:32,2002-07-29T19:05:12,0.66,Partially cloudy,Partly cloudy throughout the day.,partly-cloudy-day,65201099999
Lagos,2002-07-30,29.1,23.6,25.6,33.5,23.6,27.1,23.9,90.8,0.7,100,4.17,rain,,,,29.5,225.5,1014,90,9.3,,,,,2002-07-30T06:40:37,2002-07-30T19:05:03,0.7,"Rain, Partially cloudy",Partly cloudy throughout the day with rain in the morning and afternoon.,rain,65201099999
Lagos,2002-07-31,26.6,24.6,25.3,26.6,24.6,25.3,23.4,89.7,0.7,100,4.17,rain,,,,29.5,221.4,1012.8,90,9,,,,,2002-07-31T06:40:42,2002-07-31T19:04:52,0.73,"Rain, Partially cloudy",Partly cloudy throughout the day with afternoon rain.,rain,65201099999
Lagos,2002-08-01,27.1,24.1,25.3,30.2,24.1,25.6,23.4,89.1,5.1,100,8.33,rain,,,,29.5,213.8,1012.4,90,8.9,,,,,2002-08-01T06:40:47,2002-08-01T19:04:41,0.75,"Rain, Partially cloudy",Partly cloudy throughout the day with rain in the morning and afternoon.,rain,65201099999
Lagos,2002-08-02,28.6,23.1,25.2,31.8,23.1,25.8,23,88.6,0,0,0,,,,,36,223.5,1013.9,90,7.9,,,,,2002-08-02T06:40:51,2002-08-02T19:04:29,0.79,Partially cloudy,Partly cloudy throughout the day.,partly-cloudy-day,65201099999
Lagos,2002-08-03,28.1,23.1,25.1,30.8,23.1,25.7,22.7,86.9,0,0,0,,,,,27.7,223.8,1013,90,9,,,,,2002-08-03T06:40:54,2002-08-03T19:04:16,0.83,Partially cloudy,Partly cloudy throughout the day.,partly-cloudy-day,65201099999
Lagos,2002-08-04,27.1,24.1,25.5,29.7,24.1,25.8,22.8,85.3,0,0,0,,,,,27.7,207.6,1012,90,9.2,,,,,2002-08-04T06:40:57,2002-08-04T19:04:03,0.86,Partially cloudy,Partly cloudy throughout the day.,partly-cloudy-day,65201099999
Lagos,2002-08-05,25.1,24.6,24.9,25.1,24.6,24.9,23.1,90,0,0,0,,,,,22.3,215,1012.1,90,8,,,,,2002-08-05T06:40:59,2002-08-05T19:03:49,0.89,Partially cloudy,Partly cloudy throughout the day.,partly-cloudy-day,65201099999
Lagos,2002-08-06,25.9,24.7,25.3,25.9,24.7,25.3,23,87.5,0,0,0,,,,,18.4,231.1,1014.3,90,9,,,,,2002-08-06T06:41:01,2002-08-06T19:03:34,0.92,Partially cloudy,Partly cloudy throughout the day.,partly-cloudy-day,65201099999
Lagos,2002-08-07,30.1,23.4,26.6,33.4,23.4,28,22.6,79.5,0,0,0,,,,,25.9,200.5,1014,90,9.2,,,,,2002-08-07T06:41:03,2002-08-07T19:03:18,0.96,Partially cloudy,Partly cloudy throughout the day.,partly-cloudy-day,65201099999
Lagos,2002-08-08,30.1,22.9,25.4,34.3,22.9,26.2,22.4,84.6,0,0,0,,,,,54,200.4,1013.3,90,8.5,,,,,2002-08-08T06:41:04,2002-08-08T19:03:02,0,Partially cloudy,Partly cloudy throughout the day.,wind,65201099999
Lagos,2002-08-09,30.1,23.1,25.6,33.4,23.1,26.9,22.6,85.1,0,0,0,,,,,29.5,226.1,1013.1,90,8.9,,,,,2002-08-09T06:41:05,2002-08-09T19:02:45,0.02,Partially cloudy,Partly cloudy throughout the day.,partly-cloudy-day,65201099999
Lagos,2002-08-10,30.1,24.1,26.2,34.3,24.1,27.2,23.1,83.8,0,0,0,,,,,29.5,215.6,1012.7,90,9.2,,,,,2002-08-10T06:41:05,2002-08-10T19:02:28,0.06,Partially cloudy,Partly cloudy throughout the day.,partly-cloudy-day,65201099999
Lagos,2002-08-11,29.1,23.7,25.7,32.9,23.7,26.6,23.1,85.9,0,0,0,,,,,22.3,226.1,1013.9,90,8.6,,,,,2002-08-11T06:41:04,2002-08-11T19:02:09,0.09,Partially cloudy,Partly cloudy throughout the day.,partly-cloudy-day,65201099999
Lagos,2002-08-12,29.1,24.1,27,32.9,24.1,28.7,23,79.3,0,0,0,,,,,29.5,201.6,1013.6,90,9.6,,,,,2002-08-12T06:41:03,2002-08-12T19:01:50,0.13,Partially cloudy,Partly cloudy throughout the day.,partly-cloudy-day,65201099999
Lagos,2002-08-13,27.6,24.1,25.5,30.6,24.1,26,23.2,87.6,0,0,0,,,,,37.1,221.2,1014.1,90,9.1,,,,,2002-08-13T06:41:02,2002-08-13T19:01:31,0.16,Partially cloudy,Partly cloudy throughout the day.,partly-cloudy-day,65201099999
Lagos,2002-08-14,26.1,24.1,24.7,26.1,24.1,24.7,23.9,95.4,8.9,100,8.33,rain,,,,25.9,217.1,1014.8,90,7.1,,,,,2002-08-14T06:41:00,2002-08-14T19:01:11,0.2,"Rain, Partially cloudy",Partly cloudy throughout the day with a chance of rain throughout the day.,rain,65201099999
Lagos,2002-08-15,27.4,24.2,25.1,31.1,24.2,25.9,23.6,91.3,0,0,0,,,,,18.4,202.9,1015.6,90,8,,,,,2002-08-15T06:40:58,2002-08-15T19:00:50,0.25,Partially cloudy,Partly cloudy throughout the day.,partly-cloudy-day,65201099999
Lagos,2002-08-16,,,,,,,,,,,0,,,,,0,,,,,,,,,2002-08-16T06:40:55,2002-08-16T19:00:29,0.27,,,,
Lagos,2002-08-17,29.1,25.1,27.1,33.7,25.1,29,23.3,79.9,0.7,100,4.17,rain,,,,33.5,211.5,1012.6,90,9.9,,,,,2002-08-17T06:40:52,2002-08-17T19:00:07,0.31,"Rain, Partially cloudy",Becoming cloudy in the afternoon with afternoon rain.,rain,65201099999
Lagos,2002-08-18,25.9,24.6,25.4,25.9,24.6,25.4,23.6,90.2,0.7,100,4.17,rain,,,,18.4,216.8,1013.7,90,8.5,,,,,2002-08-18T06:40:48,2002-08-18T18:59:44,0.34,"Rain, Partially cloudy",Partly cloudy throughout the day with late afternoon rain.,rain,65201099999
Lagos,2002-08-19,28.1,23.9,25.3,32.1,23.9,26.3,23.9,92.3,0,0,0,,,,,18.4,212.3,1012.9,90,8,,,,,2002-08-19T06:40:44,2002-08-19T18:59:21,0.38,Partially cloudy,Partly cloudy throughout the day.,partly-cloudy-day,65201099999
Lagos,2002-08-20,26.1,24.1,25.3,26.1,24.1,25.3,24,92.4,13.7,100,8.33,rain,,,,37.1,205.6,1013.5,90,9.2,,,,,2002-08-20T06:40:40,2002-08-20T18:58:57,0.41,"Rain, Partially cloudy",Partly cloudy throughout the day with rain.,rain,65201099999
Lagos,2002-08-21,28.1,24.1,25.3,32.1,24.1,25.8,23.8,91.9,0.7,100,4.17,rain,,,,33.5,214.7,1013.6,90,7.9,,,,,2002-08-21T06:40:35,2002-08-21T18:58:33,0.45,"Rain, Partially cloudy",Partly cloudy throughout the day with morning rain.,rain,65201099999
Lagos,2002-08-22,27.1,23.6,25.6,29.7,23.6,26.3,22.9,85.1,0.7,100,4.17,rain,,,,29.5,222.9,1013.7,90,9.8,,,,,2002-08-22T06:40:30,2002-08-22T18:58:08,0.5,"Rain, Partially cloudy",Partly cloudy throughout the day with morning rain.,rain,65201099999
Lagos,2002-08-23,29.1,24.1,25.8,32.9,24.1,26.8,22.2,80.9,0,0,0,,,,,25.9,205,1012.2,90,9.8,,,,,2002-08-23T06:40:24,2002-08-23T18:57:43,0.52,Partially cloudy,Partly cloudy throughout the day.,partly-cloudy-day,65201099999
Lagos,2002-08-24,27.1,23.1,25.1,29.7,23.1,25.7,22.9,87.9,0,0,0,,,,,27.7,218.3,1012.8,90,9.8,,,,,2002-08-24T06:40:18,2002-08-24T18:57:17,0.55,Partially cloudy,Partly cloudy throughout the day.,partly-cloudy-day,65201099999
Lagos,2002-08-25,28.1,23.1,25.5,31.4,23.1,26.4,23.1,87,0,0,0,,,,,24.1,209.8,1012.1,90,9.4,,,,,2002-08-25T06:40:12,2002-08-25T18:56:51,0.58,Partially cloudy,Partly cloudy throughout the day.,partly-cloudy-day,65201099999
Lagos,2002-08-26,27.1,23.1,24.7,29.7,23.1,24.9,23.5,93.1,5.1,100,4.17,rain,,,,37.1,211.7,1011.9,90,8.8,,,,,2002-08-26T06:40:05,2002-08-26T18:56:24,0.62,"Rain, Partially cloudy",Partly cloudy throughout the day with afternoon rain.,rain,65201099999
Lagos,2002-08-27,29.4,23.1,25.8,34.7,23.1,27.3,23.2,86.7,0,0,0,,,,,31.3,221.5,1012.4,90,8.9,,,,,2002-08-27T06:39:58,2002-08-27T18:55:57,0.65,Partially cloudy,Partly cloudy throughout the day.,partly-cloudy-day,65201099999
Lagos,2002-08-28,29.1,22.1,24.8,32.1,22.1,25.4,22.2,86,0,0,0,,,,,29.5,214,1011.4,90,9,,,,,2002-08-28T06:39:51,2002-08-28T18:55:30,0.68,Partially cloudy,Partly cloudy throughout the day.,partly-cloudy-day,65201099999
Lagos,2002-08-29,25.4,24.1,24.6,25.4,24.1,24.6,23.2,91.8,6.1,100,4.17,rain,,,,22.3,216.2,1012.3,91.1,8.3,,,,,2002-08-29T06:39:43,2002-08-29T18:55:02,0.71,"Rain, Overcast",Cloudy skies throughout the day with afternoon rain.,rain,65201099999
Lagos,2002-08-30,24.1,24.1,24.1,24.1,24.1,24.1,23.1,94.2,0,0,0,,,,,13,220,1014.9,90,8,,,,,2002-08-30T06:39:35,2002-08-30T18:54:33,0.75,Partially cloudy,Partly cloudy throughout the day.,partly-cloudy-day,65201099999
Lagos,2002-08-31,29.1,23.6,25.3,33.7,23.6,26.2,23.3,89.3,0,0,0,,,,,22.3,209.5,1013.6,90,8.2,,,,,2002-08-31T06:39:27,2002-08-31T18:54:05,0.75,Partially cloudy,Clearing in the afternoon.,partly-cloudy-day,65201099999
Lagos,2002-09-01,27.4,25.2,26.6,30,25.2,28.2,22.7,79.5,0,0,0,,,,,25.9,208.8,1010.2,90,10.3,,,,,2002-09-01T06:39:18,2002-09-01T18:53:36,0.81,Partially cloudy,Becoming cloudy in the afternoon.,partly-cloudy-day,65201099999
Lagos,2002-09-02,30.1,23.1,26.5,34.3,23.1,28,23.1,82.2,0,0,0,,,,,24.1,209.1,1011.8,90,9.6,,,,,2002-09-02T06:39:09,2002-09-02T18:53:06,0.85,Partially cloudy,Partly cloudy throughout the day.,partly-cloudy-day,65201099999
Lagos,2002-09-03,31.1,23.6,25.1,35.6,23.6,25.6,23.2,89.6,0,0,0,,,,,31.3,217.9,1012.6,90,8.6,,,,,2002-09-03T06:39:00,2002-09-03T18:52:37,0.88,Partially cloudy,Partly cloudy throughout the day.,partly-cloudy-day,65201099999
Lagos,2002-09-04,28.1,24.1,26,31.4,24.1,26.9,23.2,84.8,0,0,0,,,,,33.5,209.2,1011.9,90,9.1,,,,,2002-09-04T06:38:51,2002-09-04T18:52:07,0.91,Partially cloudy,Partly cloudy throughout the day.,partly-cloudy-day,65201099999
Lagos,2002-09-05,28.1,22.1,25.7,32.1,22.1,26.9,22.9,85.2,0,0,0,,,,,27.7,233.6,1013.5,90.8,9.3,,,,,2002-09-05T06:38:41,2002-09-05T18:51:36,0.94,Overcast,Cloudy skies throughout the day.,cloudy,65201099999
Lagos,2002-09-06,26.1,22.1,23.8,26.1,22.1,23.8,22.5,92.7,0,0,0,,,,,40.7,224.2,1012,90,8.8,,,,,2002-09-06T06:38:32,2002-09-06T18:51:06,0.98,Partially cloudy,Partly cloudy throughout the day.,partly-cloudy-day,65201099999
Lagos,2002-09-07,27.1,9.1,23,29.7,5.8,22.9,21.4,91.1,0,0,0,,,,,31.3,204.5,1013,90,8.8,,,,,2002-09-07T06:38:22,2002-09-07T18:50:35,0,Partially cloudy,Partly cloudy throughout the day.,partly-cloudy-day,65201099999
Lagos,2002-09-08,29.1,23.1,25.7,32.9,23.1,26.8,23,85.7,0,0,0,,,,,25.9,221.9,1013.4,90,9.4,,,,,2002-09-08T06:38:12,2002-09-08T18:50:04,0.05,Partially cloudy,Partly cloudy throughout the day.,partly-cloudy-day,65201099999
Lagos,2002-09-09,28.1,23.1,24.4,31.4,23.1,24.6,23.1,92.7,0,0,0,,,,,33.5,222.4,1013,90,8.8,,,,,2002-09-09T06:38:01,2002-09-09T18:49:33,0.08,Partially cloudy,Partly cloudy throughout the day.,partly-cloudy-day,65201099999
Lagos,2002-09-10,29.1,24.1,25.4,32.9,24.1,26.3,23.3,88.2,0,0,0,,,,,18.4,226.5,1013.2,90,9,,,,,2002-09-10T06:37:51,2002-09-10T18:49:02,0.12,Partially cloudy,Partly cloudy throughout the day.,partly-cloudy-day,65201099999
Lagos,2002-09-11,28.1,24.1,25.7,32.1,24.1,27,23.5,87.6,0,0,0,,,,,20.5,225.4,1012.9,90,9.3,,,,,2002-09-11T06:37:41,2002-09-11T18:48:30,0.15,Partially cloudy,Partly cloudy throughout the day.,partly-cloudy-day,65201099999
Lagos,2002-09-12,29.1,25.1,27,32.9,25.1,28.7,22.9,79,0,0,0,,,,,27.7,206.4,1012.6,90.8,10.3,,,,,2002-09-12T06:37:30,2002-09-12T18:47:59,0.18,Overcast,Cloudy skies throughout the day.,cloudy,65201099999
Lagos,2002-09-13,28.1,24.1,25.7,31.4,24.1,26.5,23.2,86.5,0,0,0,,,,,27.7,206.7,1013.7,90,9.7,,,,,2002-09-13T06:37:19,2002-09-13T18:47:27,0.25,Partially cloudy,Partly cloudy throughout the day.,partly-cloudy-day,65201099999
Lagos,2002-09-14,29.1,23.7,25.5,33.7,23.7,26.6,23.2,88.1,0,0,0,,,,,13,222.6,1014,90,8.4,,,,,2002-09-14T06:37:09,2002-09-14T18:46:55,0.25,Partially cloudy,Partly cloudy throughout the day.,partly-cloudy-day,65201099999
Lagos,2002-09-15,,,,,,,,,,,0,,,,,0,,,,,,,,,2002-09-15T06:36:58,2002-09-15T18:46:24,0.29,,,,
Lagos,2002-09-16,,,,,,,,,,,0,,,,,0,,,,,,,,,2002-09-16T06:36:47,2002-09-16T18:45:52,0.32,,,,
Lagos,2002-09-17,,,,,,,,,,,0,,,,,0,,,,,,,,,2002-09-17T06:36:36,2002-09-17T18:45:20,0.36,,,,
Lagos,2002-09-18,,,,,,,,,,,0,,,,,0,,,,,,,,,2002-09-18T06:36:25,2002-09-18T18:44:48,0.39,,,,
Lagos,2002-09-19,,,,,,,,,,,0,,,,,0,,,,,,,,,2002-09-19T06:36:15,2002-09-19T18:44:16,0.43,,,,
Lagos,2002-09-20,,,,,,,,,,,0,,,,,0,,,,,,,,,2002-09-20T06:36:04,2002-09-20T18:43:44,0.46,,,,
Lagos,2002-09-21,,,,,,,,,,,0,,,,,0,,,,,,,,,2002-09-21T06:35:53,2002-09-21T18:43:12,0.5,,,,
Lagos,2002-09-22,,,,,,,,,,,0,,,,,0,,,,,,,,,2002-09-22T06:35:43,2002-09-22T18:42:40,0.53,,,,
Lagos,2002-09-23,,,,,,,,,,,0,,,,,0,,,,,,,,,2002-09-23T06:35:32,2002-09-23T18:42:09,0.56,,,,
Lagos,2002-09-24,,,,,,,,,,,0,,,,,0,,,,,,,,,2002-09-24T06:35:22,2002-09-24T18:41:37,0.6,,,,
Lagos,2002-09-25,,,,,,,,,,,0,,,,,0,,,,,,,,,2002-09-25T06:35:11,2002-09-25T18:41:06,0.63,,,,
Lagos,2002-09-26,,,,,,,,,,,0,,,,,0,,,,,,,,,2002-09-26T06:35:01,2002-09-26T18:40:34,0.66,,,,
Lagos,2002-09-27,,,,,,,,,,,0,,,,,0,,,,,,,,,2002-09-27T06:34:51,2002-09-27T18:40:03,0.7,,,,
Lagos,2002-09-28,,,,,,,,,,,0,,,,,0,,,,,,,,,2002-09-28T06:34:41,2002-09-28T18:39:33,0.73,,,,
Lagos,2002-09-29,,,,,,,,,,,0,,,,,0,,,,,,,,,2002-09-29T06:34:32,2002-09-29T18:39:02,0.75,,,,
Lagos,2002-09-30,,,,,,,,,,,0,,,,,0,,,,,,,,,2002-09-30T06:34:23,2002-09-30T18:38:32,0.8,,,,
Lagos,2002-10-01,,,,,,,,,,,0,,,,,0,,,,,,,,,2002-10-01T06:34:13,2002-10-01T18:38:02,0.83,,,,
Lagos,2002-10-02,,,,,,,,,,,0,,,,,0,,,,,,,,,2002-10-02T06:34:05,2002-10-02T18:37:32,0.87,,,,
Lagos,2002-10-03,,,,,,,,,,,0,,,,,0,,,,,,,,,2002-10-03T06:33:56,2002-10-03T18:37:02,0.9,,,,
Lagos,2002-10-04,,,,,,,,,,,0,,,,,0,,,,,,,,,2002-10-04T06:33:48,2002-10-04T18:36:33,0.93,,,,
Lagos,2002-10-05,,,,,,,,,,,0,,,,,0,,,,,,,,,2002-10-05T06:33:40,2002-10-05T18:36:04,0.97,,,,
Lagos,2002-10-06,,,,,,,,,,,0,,,,,0,,,,,,,,,2002-10-06T06:33:32,2002-10-06T18:35:36,0,,,,
Lagos,2002-10-07,,,,,,,,,,,0,,,,,0,,,,,,,,,2002-10-07T06:33:25,2002-10-07T18:35:08,0.03,,,,
Lagos,2002-10-08,,,,,,,,,,,0,,,,,0,,,,,,,,,2002-10-08T06:33:18,2002-10-08T18:34:41,0.07,,,,
Lagos,2002-10-09,,,,,,,,,,,0,,,,,0,,,,,,,,,2002-10-09T06:33:12,2002-10-09T18:34:14,0.1,,,,
Lagos,2002-10-10,,,,,,,,,,,0,,,,,0,,,,,,,,,2002-10-10T06:33:06,2002-10-10T18:33:47,0.13,,,,
Lagos,2002-10-11,,,,,,,,,,,0,,,,,0,,,,,,,,,2002-10-11T06:33:00,2002-10-11T18:33:21,0.17,,,,
Lagos,2002-10-12,,,,,,,,,,,0,,,,,0,,,,,,,,,2002-10-12T06:32:55,2002-10-12T18:32:55,0.2,,,,
Lagos,2002-10-13,,,,,,,,,,,0,,,,,0,,,,,,,,,2002-10-13T06:32:50,2002-10-13T18:32:30,0.25,,,,
Lagos,2002-10-14,,,,,,,,,,,0,,,,,0,,,,,,,,,2002-10-14T06:32:46,2002-10-14T18:32:06,0.27,,,,
Lagos,2002-10-15,,,,,,,,,,,0,,,,,0,,,,,,,,,2002-10-15T06:32:42,2002-10-15T18:31:42,0.3,,,,
Lagos,2002-10-16,,,,,,,,,,,0,,,,,0,,,,,,,,,2002-10-16T06:32:39,2002-10-16T18:31:19,0.34,,,,
Lagos,2002-10-17,,,,,,,,,,,0,,,,,0,,,,,,,,,2002-10-17T06:32:37,2002-10-17T18:30:56,0.37,,,,
Lagos,2002-10-18,32.1,31.1,31.4,39.3,36.7,37.6,24.4,66.5,0,0,0,,,,,27.7,172.9,1010,90,11,,,,,2002-10-18T06:32:35,2002-10-18T18:30:34,0.4,Partially cloudy,Becoming cloudy in the afternoon.,partly-cloudy-day,65201099999
Lagos,2002-10-19,30.1,24.1,27.3,35.2,24.1,29.7,23.6,81.1,0,0,0,,,,,14.8,160,1010.4,90,9.5,,,,,2002-10-19T06:32:33,2002-10-19T18:30:13,0.44,Partially cloudy,Becoming cloudy in the afternoon.,partly-cloudy-day,65201099999
Lagos,2002-10-20,27.1,23.1,24.9,30.8,23.1,25.4,23.4,91.1,0,0,0,,,,,13,230,1011.1,90,6.3,,,,,2002-10-20T06:32:32,2002-10-20T18:29:52,0.47,Partially cloudy,Clearing in the afternoon.,partly-cloudy-day,65201099999
Lagos,2002-10-21,,,,,,,,,,,0,,,,,0,,,,,,,,,2002-10-21T06:32:32,2002-10-21T18:29:32,0.5,,,,
Lagos,2002-10-22,,,,,,,,,,,0,,,,,0,,,,,,,,,2002-10-22T06:32:32,2002-10-22T18:29:13,0.54,,,,
Lagos,2002-10-23,,,,,,,,,,,0,,,,,0,,,,,,,,,2002-10-23T06:32:33,2002-10-23T18:28:54,0.57,,,,
Lagos,2002-10-24,,,,,,,,,,,0,,,,,0,,,,,,,,,2002-10-24T06:32:34,2002-10-24T18:28:37,0.61,,,,
Lagos,2002-10-25,,,,,,,,,,,0,,,,,0,,,,,,,,,2002-10-25T06:32:36,2002-10-25T18:28:20,0.64,,,,
Lagos,2002-10-26,,,,,,,,,,,0,,,,,0,,,,,,,,,2002-10-26T06:32:39,2002-10-26T18:28:03,0.68,,,,
Lagos,2002-10-27,,,,,,,,,,,0,,,,,0,,,,,,,,,2002-10-27T06:32:43,2002-10-27T18:27:48,0.71,,,,
Lagos,2002-10-28,,,,,,,,,,,0,,,,,0,,,,,,,,,2002-10-28T06:32:47,2002-10-28T18:27:34,0.75,,,,
Lagos,2002-10-29,28.1,26.1,27.6,32.1,26.1,30.7,23.9,80.5,0,0,0,,,,,18.4,84.3,1009.2,90,9.5,,,,,2002-10-29T06:32:52,2002-10-29T18:27:20,0.75,Partially cloudy,Becoming cloudy in the afternoon.,partly-cloudy-day,65201099999
Lagos,2002-10-30,30.1,25.1,28,36.3,25.1,31.4,24.5,81.8,2,100,4.17,rain,,,,29.5,200,1010.6,90,8.9,,,,,2002-10-30T06:32:57,2002-10-30T18:27:07,0.81,"Rain, Partially cloudy",Partly cloudy throughout the day with morning rain.,rain,65201099999
Lagos,2002-10-31,,,,,,,,,,,0,,,,,0,,,,,,,,,2002-10-31T06:33:04,2002-10-31T18:26:55,0.85,,,,
Lagos,2002-11-01,,,,,,,,,,,0,,,,,0,,,,,,,,,2002-11-01T06:33:11,2002-11-01T18:26:44,0.88,,,,
Lagos,2002-11-02,32.1,32.1,32.1,40.8,40.8,40.8,26.1,70.7,0,0,0,,,,,14.8,180,1009.1,90,11,,,,,2002-11-02T06:33:18,2002-11-02T18:26:34,0.92,Partially cloudy,Becoming cloudy in the afternoon.,partly-cloudy-day,65201099999
Lagos,2002-11-03,,,,,,,,,,,0,,,,,0,,,,,,,,,2002-11-03T06:33:27,2002-11-03T18:26:25,0.95,,,,
Lagos,2002-11-04,,,,,,,,,,,0,,,,,0,,,,,,,,,2002-11-04T06:33:36,2002-11-04T18:26:17,0,,,,
Lagos,2002-11-05,,,,,,,,,,,0,,,,,0,,,,,,,,,2002-11-05T06:33:46,2002-11-05T18:26:09,0.02,,,,
Lagos,2002-11-06,,,,,,,,,,,0,,,,,0,,,,,,,,,2002-11-06T06:33:57,2002-11-06T18:26:03,0.05,,,,
Lagos,2002-11-07,,,,,,,,,,,0,,,,,0,,,,,,,,,2002-11-07T06:34:08,2002-11-07T18:25:58,0.09,,,,
Lagos,2002-11-08,,,,,,,,,,,0,,,,,0,,,,,,,,,2002-11-08T06:34:20,2002-11-08T18:25:53,0.12,,,,
Lagos,2002-11-09,,,,,,,,,,,0,,,,,0,,,,,,,,,2002-11-09T06:34:33,2002-11-09T18:25:50,0.15,,,,
Lagos,2002-11-10,0,0,,0,0,,,,,,0,,,,,,,,,,,,,,2002-11-10T06:34:47,2002-11-10T18:25:47,0.18,,,,
Lagos,2002-11-11,0,0,,0,0,,,,,,0,,,,,,,,,,,,,,2002-11-11T06:35:01,2002-11-11T18:25:45,0.25,,,,
Lagos,2002-11-12,0,0,,0,0,,,,,,0,,,,,,,,,,,,,,2002-11-12T06:35:16,2002-11-12T18:25:45,0.25,,,,
Lagos,2002-11-13,0,0,,0,0,,,,,,0,,,,,,,,,,,,,,2002-11-13T06:35:32,2002-11-13T18:25:45,0.28,,,,
Lagos,2002-11-14,0,0,,0,0,,,,,,0,,,,,,,,,,,,,,2002-11-14T06:35:49,2002-11-14T18:25:47,0.32,,,,
Lagos,2002-11-15,0,0,,0,0,,,,,,0,,,,,,,,,,,,,,2002-11-15T06:36:06,2002-11-15T18:25:49,0.35,,,,
Lagos,2002-11-16,0,0,,0,0,,,,,,0,,,,,,,,,,,,,,2002-11-16T06:36:24,2002-11-16T18:25:53,0.38,,,,
Lagos,2002-11-17,0,0,,0,0,,,,,,0,,,,,,,,,,,,,,2002-11-17T06:36:43,2002-11-17T18:25:57,0.41,,,,
Lagos,2002-11-18,0,0,,0,0,,,,,,0,,,,,,,,,,,,,,2002-11-18T06:37:02,2002-11-18T18:26:02,0.45,,,,
Lagos,2002-11-19,0,0,,0,0,,,,,,0,,,,,,,,,,,,,,2002-11-19T06:37:22,2002-11-19T18:26:09,0.48,,,,
Lagos,2002-11-20,0,0,,0,0,,,,,,0,,,,,,,,,,,,,,2002-11-20T06:37:43,2002-11-20T18:26:16,0.5,,,,
Lagos,2002-11-21,0,0,,0,0,,,,,,0,,,,,,,,,,,,,,2002-11-21T06:38:04,2002-11-21T18:26:24,0.55,,,,
Lagos,2002-11-22,0,0,,0,0,,,,,,0,,,,,,,,,,,,,,2002-11-22T06:38:27,2002-11-22T18:26:34,0.58,,,,
Lagos,2002-11-23,0,0,,0,0,,,,,,0,,,,,,,,,,,,,,2002-11-23T06:38:49,2002-11-23T18:26:44,0.62,,,,
Lagos,2002-11-24,0,0,,0,0,,,,,,0,,,,,,,,,,,,,,2002-11-24T06:39:13,2002-11-24T18:26:55,0.65,,,,
Lagos,2002-11-25,0,0,,0,0,,,,,,0,,,,,,,,,,,,,,2002-11-25T06:39:36,2002-11-25T18:27:07,0.69,,,,
Lagos,2002-11-26,0,0,,0,0,,,,,,0,,,,,,,,,,,,,,2002-11-26T06:40:01,2002-11-26T18:27:20,0.72,,,,
Lagos,2002-11-27,0,0,,0,0,,,,,,0,,,,,,,,,,,,,,2002-11-27T06:40:26,2002-11-27T18:27:34,0.75,,,,
Lagos,2002-11-28,0,0,,0,0,,,,,,0,,,,,,,,,,,,,,2002-11-28T06:40:51,2002-11-28T18:27:49,0.79,,,,
Lagos,2002-11-29,0,0,,0,0,,,,,,0,,,,,,,,,,,,,,2002-11-29T06:41:17,2002-11-29T18:28:05,0.83,,,,
Lagos,2002-11-30,0,0,,0,0,,,,,,0,,,,,,,,,,,,,,2002-11-30T06:41:44,2002-11-30T18:28:22,0.86,,,,
Lagos,2002-12-01,0,0,,0,0,,,,,,0,,,,,,,,,,,,,,2002-12-01T06:42:11,2002-12-01T18:28:39,0.9,,,,
Lagos,2002-12-02,0,0,,0,0,,,,,,0,,,,,,,,,,,,,,2002-12-02T06:42:38,2002-12-02T18:28:57,0.93,,,,
Lagos,2002-12-03,0,0,,0,0,,,,,,0,,,,,,,,,,,,,,2002-12-03T06:43:06,2002-12-03T18:29:17,0.97,,,,
Lagos,2002-12-04,0,0,,0,0,,,,,,0,,,,,,,,,,,,,,2002-12-04T06:43:35,2002-12-04T18:29:37,0,,,,
Lagos,2002-12-05,0,0,,0,0,,,,,,0,,,,,,,,,,,,,,2002-12-05T06:44:03,2002-12-05T18:29:57,0.04,,,,
Lagos,2002-12-06,0,0,,0,0,,,,,,0,,,,,,,,,,,,,,2002-12-06T06:44:32,2002-12-06T18:30:19,0.07,,,,
Lagos,2002-12-07,0,0,,0,0,,,,,,0,,,,,,,,,,,,,,2002-12-07T06:45:01,2002-12-07T18:30:41,0.1,,,,
Lagos,2002-12-08,0,0,,0,0,,,,,,0,,,,,,,,,,,,,,2002-12-08T06:45:31,2002-12-08T18:31:04,0.13,,,,
Lagos,2002-12-09,0,0,,0,0,,,,,,0,,,,,,,,,,,,,,2002-12-09T06:46:00,2002-12-09T18:31:27,0.17,,,,
Lagos,2002-12-10,0,0,,0,0,,,,,,0,,,,,,,,,,,,,,2002-12-10T06:46:30,2002-12-10T18:31:52,0.2,,,,
Lagos,2002-12-11,0,0,,0,0,,,,,,0,,,,,,,,,,,,,,2002-12-11T06:47:00,2002-12-11T18:32:17,0.25,,,,
Lagos,2002-12-12,0,0,,0,0,,,,,,0,,,,,,,,,,,,,,2002-12-12T06:47:31,2002-12-12T18:32:42,0.26,,,,
Lagos,2002-12-13,0,0,,0,0,,,,,,0,,,,,,,,,,,,,,2002-12-13T06:48:01,2002-12-13T18:33:08,0.3,,,,
Lagos,2002-12-14,0,0,,0,0,,,,,,0,,,,,,,,,,,,,,2002-12-14T06:48:31,2002-12-14T18:33:35,0.33,,,,
Lagos,2002-12-15,0,0,,0,0,,,,,,0,,,,,,,,,,,,,,2002-12-15T06:49:02,2002-12-15T18:34:02,0.36,,,,
Lagos,2002-12-16,0,0,,0,0,,,,,,0,,,,,,,,,,,,,,2002-12-16T06:49:32,2002-12-16T18:34:29,0.39,,,,
Lagos,2002-12-17,0,0,,0,0,,,,,,0,,,,,,,,,,,,,,2002-12-17T06:50:03,2002-12-17T18:34:57,0.42,,,,
Lagos,2002-12-18,0,0,,0,0,,,,,,0,,,,,,,,,,,,,,2002-12-18T06:50:33,2002-12-18T18:35:26,0.46,,,,
Lagos,2002-12-19,0,0,,0,0,,,,,,0,,,,,,,,,,,,,,2002-12-19T06:51:04,2002-12-19T18:35:55,0.5,,,,
Lagos,2002-12-20,0,0,,0,0,,,,,,0,,,,,,,,,,,,,,2002-12-20T06:51:34,2002-12-20T18:36:24,0.52,,,,
Lagos,2002-12-21,0,0,,0,0,,,,,,0,,,,,,,,,,,,,,2002-12-21T06:52:04,2002-12-21T18:36:53,0.56,,,,
Lagos,2002-12-22,0,0,,0,0,,,,,,0,,,,,,,,,,,,,,2002-12-22T06:52:34,2002-12-22T18:37:23,0.59,,,,
Lagos,2002-12-23,0,0,,0,0,,,,,,0,,,,,,,,,,,,,,2002-12-23T06:53:03,2002-12-23T18:37:53,0.63,,,,
Lagos,2002-12-24,0,0,,0,0,,,,,,0,,,,,,,,,,,,,,2002-12-24T06:53:33,2002-12-24T18:38:24,0.67,,,,
Lagos,2002-12-25,0,0,,0,0,,,,,,0,,,,,,,,,,,,,,2002-12-25T06:54:02,2002-12-25T18:38:54,0.7,,,,
Lagos,2002-12-26,0,0,,0,0,,,,,,0,,,,,,,,,,,,,,2002-12-26T06:54:30,2002-12-26T18:39:25,0.74,,,,
Lagos,2002-12-27,0,0,,0,0,,,,,,0,,,,,,,,,,,,,,2002-12-27T06:54:59,2002-12-27T18:39:56,0.75,,,,
Lagos,2002-12-28,0,0,,0,0,,,,,,0,,,,,,,,,,,,,,2002-12-28T06:55:27,2002-12-28T18:40:26,0.81,,,,
Lagos,2002-12-29,0,0,,0,0,,,,,,0,,,,,,,,,,,,,,2002-12-29T06:55:54,2002-12-29T18:40:57,0.84,,,,
Lagos,2002-12-30,0,0,,0,0,,,,,,0,,,,,,,,,,,,,,2002-12-30T06:56:22,2002-12-30T18:41:28,0.88,,,,
Lagos,2002-12-31,0,0,,0,0,,,,,,0,,,,,,,,,,,,,,2002-12-31T06:56:48,2002-12-31T18:41:59,0.91,,,,
