name,datetime,tempmax,tempmin,temp,feelslikemax,feelslikemin,feelslike,dew,humidity,precip,precipprob,precipcover,preciptype,snow,snowdepth,windgust,windspeed,winddir,sealevelpressure,cloudcover,visibility,solarradiation,solarenergy,uvindex,severerisk,sunrise,sunset,moonphase,conditions,description,icon,stations
Lagos,2005-01-01,31.1,27.1,28.9,37.9,30.8,34.1,25.1,80.6,0,0,0,,,,,18.4,267.1,1012.9,90,5.4,,,,,2005-01-01T06:57:28,2005-01-01T18:42:46,0.7,Partially cloudy,Partly cloudy throughout the day.,partly-cloudy-day,65201099999
Lagos,2005-01-02,32.2,25.1,29.7,37.9,25.1,33.8,24,73.5,0,0,0,,,,,18.4,6.5,1013.6,88.9,8.8,,,,,2005-01-02T06:57:53,2005-01-02T18:43:17,0.73,Partially cloudy,Partly cloudy throughout the day.,partly-cloudy-day,65201099999
Lagos,2005-01-03,32.1,25.1,29.1,36.7,25.1,32,23,71.4,0,0,0,,,,,18.4,205.2,1010.7,90,5.7,,,,,2005-01-03T06:58:18,2005-01-03T18:43:47,0.75,Partially cloudy,Partly cloudy throughout the day.,partly-cloudy-day,65201099999
Lagos,2005-01-04,31.1,24.1,27.3,37,24.1,29.5,23.8,83.2,0,0,0,,,,,27.7,225.1,1011.4,90,4,,,,,2005-01-04T06:58:42,2005-01-04T18:44:18,0.8,Partially cloudy,Partly cloudy throughout the day.,partly-cloudy-day,65201099999
Lagos,2005-01-05,33.1,25.2,30.5,39.5,25.2,36.1,24.8,72.9,0,0,0,,,,,27.7,101.2,1010.8,90,6.1,,,,,2005-01-05T06:59:06,2005-01-05T18:44:48,0.83,Partially cloudy,Partly cloudy throughout the day.,partly-cloudy-day,65201099999
Lagos,2005-01-06,30.6,25.1,27.5,30.2,25.1,27.3,15.4,50.8,0,0,0,,,,,38.9,30.2,,90,1.2,,,,,2005-01-06T06:59:28,2005-01-06T18:45:18,0.86,Partially cloudy,Partly cloudy throughout the day.,partly-cloudy-day,65201099999
Lagos,2005-01-07,30.1,22.1,26.6,29.5,22.1,26.3,11.2,38.2,0,0,0,,,,,27.7,1.7,1012.2,90,0.1,,,,,2005-01-07T06:59:51,2005-01-07T18:45:48,0.9,Partially cloudy,Partly cloudy throughout the day.,fog,65201099999
Lagos,2005-01-08,30.1,22.1,26.2,28.9,22.1,25.9,9.8,35.9,0,0,0,,,,,37.1,30,1011,90,0.2,,,,,2005-01-08T07:00:12,2005-01-08T18:46:18,0.93,Partially cloudy,Partly cloudy throughout the day.,fog,65201099999
Lagos,2005-01-09,32.1,19.1,27.4,30.8,19.1,26.5,9.7,33.8,0,0,0,,,,,33.5,22.9,1009.8,90,1,,,,,2005-01-09T07:00:33,2005-01-09T18:46:47,0.96,Partially cloudy,Partly cloudy throughout the day.,partly-cloudy-day,65201099999
Lagos,2005-01-10,33.1,25.1,29.1,32,25.1,28.5,12.1,35.4,0,0,0,,,,,33.5,55,1009.3,90,1.2,,,,,2005-01-10T07:00:53,2005-01-10T18:47:16,0,Partially cloudy,Partly cloudy throughout the day.,partly-cloudy-day,65201099999
Lagos,2005-01-11,32.4,22.1,27.3,31.2,22.1,27,12.9,42.2,0,0,0,,,,,29.5,24,1010.6,90,1,,,,,2005-01-11T07:01:12,2005-01-11T18:47:44,0.03,Partially cloudy,Partly cloudy throughout the day.,partly-cloudy-day,65201099999
Lagos,2005-01-12,32.1,20.1,26,31.7,20.1,25.6,13.9,50.7,0,0,0,,,,,22.3,48.9,1012.2,90,1,,,,,2005-01-12T07:01:30,2005-01-12T18:48:12,0.07,Partially cloudy,Partly cloudy throughout the day.,partly-cloudy-day,65201099999
Lagos,2005-01-13,32.4,20.1,27.3,32,20.1,27.2,15.7,51.7,0,0,0,,,,,22.3,53.3,1010.4,90,1.3,,,,,2005-01-13T07:01:48,2005-01-13T18:48:40,0.1,Partially cloudy,Partly cloudy throughout the day.,partly-cloudy-day,65201099999
Lagos,2005-01-14,33.6,20.4,27.7,32.3,20.4,26.9,12.9,43.9,0,0,0,,,,,18.4,41.7,1010.5,90,1.1,,,,,2005-01-14T07:02:05,2005-01-14T18:49:07,0.13,Partially cloudy,Partly cloudy throughout the day.,partly-cloudy-day,65201099999
Lagos,2005-01-15,34.1,20.6,29.6,34.2,20.6,29.8,16.8,49,0,0,0,,,,,11.2,259.1,1010,90,1.4,,,,,2005-01-15T07:02:21,2005-01-15T18:49:34,0.17,Partially cloudy,Partly cloudy throughout the day.,partly-cloudy-day,65201099999
Lagos,2005-01-16,34.7,23.1,29.6,36.3,23.1,31.4,20.8,62.3,0,0,0,,,,,22.3,204,1007.1,90,1.6,,,,,2005-01-16T07:02:36,2005-01-16T18:50:01,0.2,Partially cloudy,Partly cloudy throughout the day.,partly-cloudy-day,65201099999
Lagos,2005-01-17,33.1,25.1,28.1,38.2,25.1,30,23.7,79.2,0,0,0,,,,,14.8,16.8,1009.3,90,1.4,,,,,2005-01-17T07:02:50,2005-01-17T18:50:26,0.25,Partially cloudy,Partly cloudy throughout the day.,partly-cloudy-day,65201099999
Lagos,2005-01-18,35.1,21.9,30.1,35.3,21.9,29.9,16.6,48.9,0,0,0,,,,,27.7,71.6,1010,90,2.1,,,,,2005-01-18T07:03:03,2005-01-18T18:50:52,0.27,Partially cloudy,Partly cloudy throughout the day.,partly-cloudy-day,65201099999
Lagos,2005-01-19,34.2,21.1,29.6,33,21.1,29.1,14.5,43.8,0,0,0,,,,,27.7,100.2,1009.9,90,2.5,,,,,2005-01-19T07:03:16,2005-01-19T18:51:17,0.3,Partially cloudy,Partly cloudy throughout the day.,partly-cloudy-day,65201099999
Lagos,2005-01-20,34.1,28.2,31.1,36.6,30.7,32.8,19.4,50.8,0,0,0,,,,,18.4,235.5,1007.1,90,3.3,,,,,2005-01-20T07:03:27,2005-01-20T18:51:41,0.33,Partially cloudy,Partly cloudy throughout the day.,partly-cloudy-day,"65202099999,65201099999"
Lagos,2005-01-21,36.1,21.9,29.1,35.5,21.9,29.3,18.1,57.3,0,0,0,,,,,18.4,324.6,1009.5,90,2.9,,,,,2005-01-21T07:03:38,2005-01-21T18:52:04,0.37,Partially cloudy,Partly cloudy throughout the day.,partly-cloudy-day,65201099999
Lagos,2005-01-22,33.1,25.1,30,39.4,25.1,34.5,24.2,72.4,0,0,0,,,,,24.1,188.3,1009.4,90,3.6,,,,,2005-01-22T07:03:47,2005-01-22T18:52:27,0.4,Partially cloudy,Partly cloudy throughout the day.,partly-cloudy-day,65201099999
Lagos,2005-01-23,33.1,24.7,29.4,38.2,24.7,33.3,24.2,75.3,0,0,0,,,,,18.4,249.3,1011.3,90,4.3,,,,,2005-01-23T07:03:56,2005-01-23T18:52:50,0.43,Partially cloudy,Partly cloudy throughout the day.,partly-cloudy-day,65201099999
Lagos,2005-01-24,33.1,26.1,30.4,40.7,26.1,35.8,24.7,72.6,0,0,0,,,,,24.1,127.4,1011.8,90,3.5,,,,,2005-01-24T07:04:04,2005-01-24T18:53:12,0.47,Partially cloudy,Partly cloudy throughout the day.,partly-cloudy-day,65201099999
Lagos,2005-01-25,30.1,28.6,29.4,36.3,33,34.7,24.7,75.9,0,0,0,,,,,25.9,261.7,1010.2,90,5,,,,,2005-01-25T07:04:11,2005-01-25T18:53:33,0.5,Partially cloudy,Partly cloudy throughout the day.,partly-cloudy-day,65201099999
Lagos,2005-01-26,33.1,25.1,30.2,39.4,25.1,34.9,24.6,73.7,0,0,0,,,,,25.9,235.4,1011.9,90,4.3,,,,,2005-01-26T07:04:17,2005-01-26T18:53:53,0.54,Partially cloudy,Partly cloudy throughout the day.,partly-cloudy-day,65201099999
Lagos,2005-01-27,34.1,25.1,29.2,39.5,25.1,32.7,24.1,76,0,0,0,,,,,27.7,231.2,1010,89,8.8,,,,,2005-01-27T07:04:22,2005-01-27T18:54:13,0.57,Partially cloudy,Partly cloudy throughout the day.,partly-cloudy-day,65201099999
Lagos,2005-01-28,34.1,24.6,30.3,37,24.6,33.4,23,68.4,0,0,0,,,,,29.5,242.9,1010,90,8.7,,,,,2005-01-28T07:04:26,2005-01-28T18:54:32,0.6,Partially cloudy,Partly cloudy throughout the day.,partly-cloudy-day,65201099999
Lagos,2005-01-29,34.1,25.6,28.6,40.7,25.6,32.2,24.9,82,0,0,0,,,,,35.3,260.7,1009.5,90,7.2,,,,,2005-01-29T07:04:29,2005-01-29T18:54:51,0.64,Partially cloudy,Partly cloudy throughout the day.,partly-cloudy-day,65201099999
Lagos,2005-01-30,34.1,27.1,30.9,42.1,31.4,37.4,25.2,72.7,0,0,0,,,,,31.3,235.4,1009,90,9.3,,,,,2005-01-30T07:04:31,2005-01-30T18:55:09,0.67,Partially cloudy,Partly cloudy throughout the day.,partly-cloudy-day,65201099999
Lagos,2005-01-31,31.1,26.4,28.2,37.9,26.4,31.7,25.2,84.5,0,0,0,,,,,9.4,280,1010.2,90,9.7,,,,,2005-01-31T07:04:32,2005-01-31T18:55:26,0.71,Partially cloudy,Clearing in the afternoon.,partly-cloudy-day,65201099999
Lagos,2005-02-01,33.2,28.6,31.2,38.2,33,36.2,23.6,65,0,0,0,,,,,29.5,239.5,1006.4,90,10.7,,,,,2005-02-01T07:04:32,2005-02-01T18:55:42,0.74,Partially cloudy,Becoming cloudy in the afternoon.,partly-cloudy-day,65201099999
Lagos,2005-02-02,,,,,,,,,,,0,,,,,0,,,,,,,,,2005-02-02T07:04:31,2005-02-02T18:55:58,0.75,,,,
Lagos,2005-02-03,33.1,25.1,29.8,39.4,25.1,34.3,24.5,74.9,0,0,0,,,,,29.5,236.6,1009.2,85,8.9,,,,,2005-02-03T07:04:29,2005-02-03T18:56:13,0.81,Partially cloudy,Partly cloudy throughout the day.,partly-cloudy-day,65201099999
Lagos,2005-02-04,34.1,26.1,29.4,40.7,26.1,34.3,25.5,81,0,0,0,,,,,25.9,230.5,1010.1,90,8.9,,,,,2005-02-04T07:04:27,2005-02-04T18:56:27,0.85,Partially cloudy,Partly cloudy throughout the day.,partly-cloudy-day,65201099999
Lagos,2005-02-05,33.7,26.7,30.8,42.3,26.7,37,25.6,75.3,0,0,0,,,,,46.4,244,1007.4,90,9.3,,,,,2005-02-05T07:04:23,2005-02-05T18:56:41,0.88,Partially cloudy,Partly cloudy throughout the day.,partly-cloudy-day,65201099999
Lagos,2005-02-06,26.1,22.9,24,26.1,22.9,24,22.7,93,7.1,100,4.17,rain,,,,22.3,243.9,1008.9,75.7,8.3,,,,,2005-02-06T07:04:19,2005-02-06T18:56:54,0.91,"Rain, Partially cloudy",Partly cloudy throughout the day with rain.,rain,65201099999
Lagos,2005-02-07,31.6,23.6,28.1,37.9,23.6,32,24.2,80.6,0,0,0,,,,,14.8,147.5,1009.8,90,7.5,,,,,2005-02-07T07:04:13,2005-02-07T18:57:06,0.95,Partially cloudy,Partly cloudy throughout the day.,partly-cloudy-day,65201099999
Lagos,2005-02-08,32.1,25.1,29.2,38.8,25.1,33.8,24.7,77.5,0,0,0,,,,,33.5,200,1010.3,89,9.6,,,,,2005-02-08T07:04:07,2005-02-08T18:57:17,0,Partially cloudy,Partly cloudy throughout the day.,partly-cloudy-day,65201099999
Lagos,2005-02-09,30.2,25.6,28.4,37.6,25.6,33.3,25.9,86.9,5.1,100,4.17,rain,,,,25.9,258.6,1010.4,90,9.1,,,,,2005-02-09T07:04:00,2005-02-09T18:57:28,0.02,"Rain, Partially cloudy",Partly cloudy throughout the day with rain.,rain,65201099999
Lagos,2005-02-10,31.7,25.2,28.9,39.5,25.2,34.4,25.6,82.9,0,0,0,,,,,33.5,254.3,1009.4,90,7.3,,,,,2005-02-10T07:03:52,2005-02-10T18:57:38,0.05,Partially cloudy,Partly cloudy throughout the day.,partly-cloudy-day,65201099999
Lagos,2005-02-11,32.1,26.1,30.4,40.8,26.1,36.9,25.7,76.9,0,0,0,,,,,27.7,243.1,1008.6,90,10.3,,,,,2005-02-11T07:03:43,2005-02-11T18:57:48,0.08,Partially cloudy,Partly cloudy throughout the day.,partly-cloudy-day,65201099999
Lagos,2005-02-12,32.6,26.6,29.9,42,26.6,36.1,26,80.7,0,0,0,,,,,18.4,286.3,1009.3,91.3,9.4,,,,,2005-02-12T07:03:33,2005-02-12T18:57:56,0.12,Overcast,Cloudy skies throughout the day.,cloudy,65201099999
Lagos,2005-02-13,33.1,28.1,31.2,42.3,34.7,38.4,25.5,72.4,0,0,0,,,,,33.5,219.3,1008.8,90,10.8,,,,,2005-02-13T07:03:22,2005-02-13T18:58:04,0.15,Partially cloudy,Partly cloudy throughout the day.,partly-cloudy-day,65201099999
Lagos,2005-02-14,34.1,26.4,30.5,43.7,26.4,36.8,25.7,76.4,0,0,0,,,,,29.5,220,1007.3,90,10.1,,,,,2005-02-14T07:03:11,2005-02-14T18:58:12,0.18,Partially cloudy,Partly cloudy throughout the day.,partly-cloudy-day,65201099999
Lagos,2005-02-15,34.1,26.2,31.1,42.1,26.2,37.1,25.5,73.9,0,0,0,,,,,11.2,255.4,1008.1,90,9.5,,,,,2005-02-15T07:02:58,2005-02-15T18:58:18,0.21,Partially cloudy,Partly cloudy throughout the day.,partly-cloudy-day,65201099999
Lagos,2005-02-16,34.1,27.1,30.5,43.7,31.4,37.9,26.2,78.8,0,0,0,,,,,29.5,226,1007.2,90,8.4,,,,,2005-02-16T07:02:45,2005-02-16T18:58:24,0.25,Partially cloudy,Partly cloudy throughout the day.,partly-cloudy-day,65201099999
Lagos,2005-02-17,35.1,27.1,30.4,43.5,31.4,37.4,26,78.8,0,0,0,,,,,27.7,219,1009.5,90,7.6,,,,,2005-02-17T07:02:31,2005-02-17T18:58:30,0.28,Partially cloudy,Partly cloudy throughout the day.,partly-cloudy-day,65201099999
Lagos,2005-02-18,33.1,27.1,30.6,40.7,31.4,36.8,25,72.9,0,0,0,,,,,27.7,231.5,1007.9,90,6.3,,,,,2005-02-18T07:02:16,2005-02-18T18:58:34,0.31,Partially cloudy,Partly cloudy throughout the day.,partly-cloudy-day,65201099999
Lagos,2005-02-19,33.1,27.1,30.8,40.9,31.1,37.8,25.7,75.5,0,0,0,,,,,37.1,244.1,1008.9,90,9.4,,,,,2005-02-19T07:02:01,2005-02-19T18:58:39,0.34,Partially cloudy,Partly cloudy throughout the day.,partly-cloudy-day,65201099999
Lagos,2005-02-20,34.1,26.9,30.9,43.7,31.2,38.7,26.3,77.4,0,0,0,,,,,37.1,250.4,1007.9,90,9.6,,,,,2005-02-20T07:01:45,2005-02-20T18:58:42,0.38,Partially cloudy,Partly cloudy throughout the day.,partly-cloudy-day,65201099999
Lagos,2005-02-21,32.6,28.1,31.2,40.9,34.7,38.4,25.5,72.3,0,0,0,,,,,29.5,225.7,1008.1,90,8,,,,,2005-02-21T07:01:28,2005-02-21T18:58:45,0.41,Partially cloudy,Partly cloudy throughout the day.,partly-cloudy-day,65201099999
Lagos,2005-02-22,34.1,29.1,31.7,43.5,37,39.1,25.4,71,0,0,0,,,,,18.4,206.4,1010.2,90,9.5,,,,,2005-02-22T07:01:10,2005-02-22T18:58:47,0.44,Partially cloudy,Partly cloudy throughout the day.,partly-cloudy-day,65201099999
Lagos,2005-02-23,34.1,28.1,30.5,43,33.7,37.8,26.1,78.2,0,0,0,,,,,18.4,236.5,1010.2,90,9.3,,,,,2005-02-23T07:00:52,2005-02-23T18:58:49,0.48,Partially cloudy,Partly cloudy throughout the day.,partly-cloudy-day,65201099999
Lagos,2005-02-24,,,,,,,,,,,0,,,,,0,,,,,,,,,2005-02-24T07:00:33,2005-02-24T18:58:50,0.5,,,,
Lagos,2005-02-25,,,,,,,,,,,0,,,,,0,,,,,,,,,2005-02-25T07:00:13,2005-02-25T18:58:51,0.54,,,,
Lagos,2005-02-26,,,,,,,,,,,0,,,,,0,,,,,,,,,2005-02-26T06:59:53,2005-02-26T18:58:51,0.58,,,,
Lagos,2005-02-27,,,,,,,,,,,0,,,,,0,,,,,,,,,2005-02-27T06:59:32,2005-02-27T18:58:51,0.61,,,,
Lagos,2005-02-28,29.7,29.7,29.7,36.9,36.9,36.9,26.1,81.1,0,0,0,,,,,42.5,230,,90,10,,,,,2005-02-28T06:59:11,2005-02-28T18:58:50,0.65,Partially cloudy,Partly cloudy throughout the day.,partly-cloudy-day,65201099999
Lagos,2005-03-01,30.6,30.6,30.6,40.7,40.7,40.7,27.6,84.1,0,0,0,,,,,27.7,240,,90,10,,,,,2005-03-01T06:58:49,2005-03-01T18:58:49,0.69,Partially cloudy,Clearing in the afternoon.,partly-cloudy-day,65201099999
Lagos,2005-03-02,,,,,,,,,,,0,,,,,0,,,,,,,,,2005-03-02T06:58:26,2005-03-02T18:58:47,0.72,,,,
Lagos,2005-03-03,32.9,32.9,32.9,41.7,41.7,41.7,25.9,66.8,0,0,0,,,,,20.5,260,,90,10,,,,,2005-03-03T06:58:03,2005-03-03T18:58:45,0.75,Partially cloudy,Becoming cloudy in the afternoon.,partly-cloudy-day,65201099999
Lagos,2005-03-04,,,,,,,,,,,0,,,,,0,,,,,,,,,2005-03-04T06:57:40,2005-03-04T18:58:42,0.79,,,,
Lagos,2005-03-05,35.1,33.4,34.3,43.5,40.6,42.1,24.9,58.4,0,0,0,,,,,37.1,211.6,1011.9,90,13,,,,,2005-03-05T06:57:16,2005-03-05T18:58:39,0.83,Partially cloudy,Becoming cloudy in the afternoon.,partly-cloudy-day,65201099999
Lagos,2005-03-06,33.6,32.1,32.9,43.2,40.8,42.1,26.1,67.6,0,0,0,,,,,37.1,242.8,1012.4,90,12.3,,,,,2005-03-06T06:56:51,2005-03-06T18:58:35,0.86,Partially cloudy,Partly cloudy throughout the day.,partly-cloudy-day,65201099999
Lagos,2005-03-07,,,,,,,,,,,0,,,,,0,,,,,,,,,2005-03-07T06:56:27,2005-03-07T18:58:31,0.9,,,,
Lagos,2005-03-08,,,,,,,,,,,0,,,,,0,,,,,,,,,2005-03-08T06:56:01,2005-03-08T18:58:27,0.93,,,,
Lagos,2005-03-09,,,,,,,,,,,0,,,,,0,,,,,,,,,2005-03-09T06:55:36,2005-03-09T18:58:23,0.97,,,,
Lagos,2005-03-10,32.2,23.6,28.3,40.3,23.6,32.7,24.2,79.2,9.9,100,4.17,rain,,,,27.7,234.9,,90,9,,,,,2005-03-10T06:55:10,2005-03-10T18:58:18,0,"Rain, Partially cloudy",Partly cloudy throughout the day with morning rain.,rain,65201099999
Lagos,2005-03-11,27.1,26.6,26.9,32,26.6,29.3,26.4,97.1,210.4,100,4.17,rain,,,,0,,1010.2,90,5,,,,,2005-03-11T06:54:43,2005-03-11T18:58:13,0.03,"Rain, Partially cloudy",Clearing in the afternoon with morning rain.,rain,65201099999
Lagos,2005-03-12,,,,,,,,,,,0,,,,,0,,,,,,,,,2005-03-12T06:54:16,2005-03-12T18:58:07,0.07,,,,
Lagos,2005-03-13,28.7,28.7,28.7,34.5,34.5,34.5,25.6,83.4,0,0,0,,,,,22.3,250,,90,10,,,,,2005-03-13T06:53:49,2005-03-13T18:58:02,0.1,Partially cloudy,Partly cloudy throughout the day.,partly-cloudy-day,65201099999
Lagos,2005-03-14,,,,,,,,,,,0,,,,,0,,,,,,,,,2005-03-14T06:53:22,2005-03-14T18:57:56,0.13,,,,
Lagos,2005-03-15,34.1,26.1,29.9,39.5,26.1,33.8,23.9,71.5,0,0,0,,,,,18.4,308.8,1008.1,90,8.7,,,,,2005-03-15T06:52:55,2005-03-15T18:57:49,0.16,Partially cloudy,Partly cloudy throughout the day.,partly-cloudy-day,65201099999
Lagos,2005-03-16,,,,,,,,,,,0,,,,,0,,,,,,,,,2005-03-16T06:52:27,2005-03-16T18:57:43,0.2,,,,
Lagos,2005-03-17,,,,,,,,,,,0,,,,,0,,,,,,,,,2005-03-17T06:51:59,2005-03-17T18:57:36,0.25,,,,
Lagos,2005-03-18,30.1,26.1,28,38.4,26.1,33,26.2,90.4,0,0,0,,,,,27.7,187.5,1010.2,90,6.6,,,,,2005-03-18T06:51:31,2005-03-18T18:57:30,0.26,Partially cloudy,Clearing in the afternoon.,partly-cloudy-day,65201099999
Lagos,2005-03-19,33.1,33.1,33.1,40.7,40.7,40.7,25.1,62.9,0,0,0,,,,,18.4,240,,90,11,,,,,2005-03-19T06:51:02,2005-03-19T18:57:23,0.29,Partially cloudy,Becoming cloudy in the afternoon.,partly-cloudy-day,65201099999
Lagos,2005-03-20,,,,,,,,,,,0,,,,,0,,,,,,,,,2005-03-20T06:50:34,2005-03-20T18:57:16,0.33,,,,
Lagos,2005-03-21,30.1,24.9,28.1,36.3,24.9,31.8,24.6,82.2,0,0,0,,,,,33.5,133.9,1009.7,90,9.2,,,,,2005-03-21T06:50:05,2005-03-21T18:57:09,0.36,Partially cloudy,Partly cloudy throughout the day.,partly-cloudy-day,65201099999
Lagos,2005-03-22,28.9,28.9,28.9,33.9,33.9,33.9,24.7,78.1,0,0,0,,,,,22.3,250,,90,10,,,,,2005-03-22T06:49:37,2005-03-22T18:57:01,0.39,Partially cloudy,Partly cloudy throughout the day.,partly-cloudy-day,65201099999
Lagos,2005-03-23,32.1,25.1,29.8,38.8,25.1,34,24,72.1,0,0,0,,,,,33.5,198,1010.8,90,9.7,,,,,2005-03-23T06:49:08,2005-03-23T18:56:54,0.42,Partially cloudy,Partly cloudy throughout the day.,partly-cloudy-day,65201099999
Lagos,2005-03-24,31.1,31.1,31.1,37.9,37.9,37.9,25.1,70.5,0,0,0,,,,,14.8,190,1010.2,90,11,,,,,2005-03-24T06:48:39,2005-03-24T18:56:47,0.45,Partially cloudy,Becoming cloudy in the afternoon.,partly-cloudy-day,65201099999
Lagos,2005-03-25,33.1,29.6,31.6,40.7,36.5,38.4,25,68.7,0,0,0,,,,,31.3,214.8,1008.6,90,11.3,,,,,2005-03-25T06:48:10,2005-03-25T18:56:39,0.5,Partially cloudy,Becoming cloudy in the afternoon.,partly-cloudy-day,65201099999
Lagos,2005-03-26,29.4,25.1,27.7,37,25.1,32.1,25.3,87,0,0,0,,,,,24.1,208.1,1009.7,90,7,,,,,2005-03-26T06:47:41,2005-03-26T18:56:32,0.52,Partially cloudy,Partly cloudy throughout the day.,partly-cloudy-day,65201099999
Lagos,2005-03-27,32.1,31.9,32,38.4,36.9,37.9,24,62.8,0,0,0,,,,,29.5,211.4,1009.1,90,12,,,,,2005-03-27T06:47:12,2005-03-27T18:56:25,0.56,Partially cloudy,Becoming cloudy in the afternoon.,partly-cloudy-day,65201099999
Lagos,2005-03-28,29.1,29.1,29.1,35.8,35.8,35.8,26.1,83.9,0,0,0,,,,,11.2,250,1010.8,90,8,,,,,2005-03-28T06:46:43,2005-03-28T18:56:17,0.59,Partially cloudy,Clearing in the afternoon.,partly-cloudy-day,65201099999
Lagos,2005-03-29,34.1,26.1,31.5,42.1,26.1,38.5,25.7,72.6,0,0,0,,,,,27.7,234.6,1010.1,90,10.7,,,,,2005-03-29T06:46:15,2005-03-29T18:56:10,0.63,Partially cloudy,Partly cloudy throughout the day.,partly-cloudy-day,65201099999
Lagos,2005-03-30,34.1,29.6,31.5,43.7,35.9,39.4,25.9,72.8,0,0,0,,,,,33.5,217.9,1009.1,90,11,,,,,2005-03-30T06:45:46,2005-03-30T18:56:02,0.66,Partially cloudy,Partly cloudy throughout the day.,partly-cloudy-day,65201099999
Lagos,2005-03-31,33.1,26.6,30.4,42.4,26.6,36.6,26,78.8,0,0,0,,,,,29.5,226.9,,90,10.3,,,,,2005-03-31T06:45:17,2005-03-31T18:55:55,0.7,Partially cloudy,Partly cloudy throughout the day.,partly-cloudy-day,65201099999
Lagos,2005-04-01,32.6,28.9,30.8,41.2,33.7,37.5,25.2,72.3,0,0,0,,,,,29.5,224.6,,90,10,,,,,2005-04-01T06:44:49,2005-04-01T18:55:48,0.74,Partially cloudy,Becoming cloudy in the afternoon.,partly-cloudy-day,65201099999
Lagos,2005-04-02,,,,,,,,,,,0,,,,,0,,,,,,,,,2005-04-02T06:44:21,2005-04-02T18:55:41,0.75,,,,
Lagos,2005-04-03,,,,,,,,,,,0,,,,,0,,,,,,,,,2005-04-03T06:43:52,2005-04-03T18:55:34,0.81,,,,
Lagos,2005-04-04,31.4,26.2,29.5,41,26.2,35.9,26.5,84.4,0,0,0,,,,,18.4,230.8,1012.1,90,11.5,,,,,2005-04-04T06:43:24,2005-04-04T18:55:27,0.84,Partially cloudy,Clearing in the afternoon.,partly-cloudy-day,65201099999
Lagos,2005-04-05,33.1,31.1,32.4,42.5,41,42.1,26.7,72.2,0,0,0,,,,,29.5,222.6,1011.9,90,11,,,,,2005-04-05T06:42:56,2005-04-05T18:55:20,0.88,Partially cloudy,Partly cloudy throughout the day.,partly-cloudy-day,65201099999
Lagos,2005-04-06,,,,,,,,,,,0,,,,,0,,,,,,,,,2005-04-06T06:42:29,2005-04-06T18:55:14,0.91,,,,
Lagos,2005-04-07,33.6,33.6,33.6,42.7,42.7,42.7,25.9,64.2,0,0,0,,,,,31.3,240,,90,10,,,,,2005-04-07T06:42:01,2005-04-07T18:55:08,0.95,Partially cloudy,Becoming cloudy in the afternoon.,partly-cloudy-day,65201099999
Lagos,2005-04-08,,,,,,,,,,,0,,,,,0,,,,,,,,,2005-04-08T06:41:34,2005-04-08T18:55:01,0,,,,
Lagos,2005-04-09,32.1,27.1,29.8,40.8,31.4,37.4,26.6,83.7,0,0,0,,,,,37.1,211.8,1008.6,90,9.7,,,,,2005-04-09T06:41:08,2005-04-09T18:54:55,0.02,Partially cloudy,Partly cloudy throughout the day.,partly-cloudy-day,65201099999
Lagos,2005-04-10,,,,,,,,,,,0,,,,,0,,,,,,,,,2005-04-10T06:40:41,2005-04-10T18:54:50,0.05,,,,
Lagos,2005-04-11,33.6,33.6,33.6,40.9,40.9,40.9,24.7,59.8,0,0,0,,,,,27.7,260,,90,10,,,,,2005-04-11T06:40:15,2005-04-11T18:54:44,0.08,Partially cloudy,Becoming cloudy in the afternoon.,partly-cloudy-day,65201099999
Lagos,2005-04-12,,,,,,,,,,,0,,,,,0,,,,,,,,,2005-04-12T06:39:49,2005-04-12T18:54:39,0.12,,,,
Lagos,2005-04-13,33.1,28.1,30.6,38.2,34.7,36.5,25.1,75.1,0,0,0,,,,,20.5,220,1011.6,90,8.5,,,,,2005-04-13T06:39:23,2005-04-13T18:54:34,0.15,Partially cloudy,Partly cloudy throughout the day.,partly-cloudy-day,65201099999
Lagos,2005-04-14,33.1,28.1,31,42.3,34.7,38.8,26.2,76.4,2,100,4.17,rain,,,,33.5,224.8,1009.5,90,10.2,,,,,2005-04-14T06:38:58,2005-04-14T18:54:30,0.18,"Rain, Partially cloudy",Partly cloudy throughout the day with rain in the morning and afternoon.,rain,65201099999
Lagos,2005-04-15,31.1,24.6,28.8,39.4,24.6,34.2,24.9,80.1,0,0,0,,,,,35.3,202.7,,90,10.7,,,,,2005-04-15T06:38:33,2005-04-15T18:54:25,0.21,Partially cloudy,Partly cloudy throughout the day.,partly-cloudy-day,65201099999
Lagos,2005-04-16,33.1,25.2,30.8,40.7,25.2,36.7,25.1,72.6,0,0,0,,,,,29.5,215.8,1012,90,10.8,,,,,2005-04-16T06:38:09,2005-04-16T18:54:21,0.25,Partially cloudy,Partly cloudy throughout the day.,partly-cloudy-day,65201099999
Lagos,2005-04-17,,,,,,,,,,,0,,,,,0,,,,,,,,,2005-04-17T06:37:45,2005-04-17T18:54:17,0.28,,,,
Lagos,2005-04-18,32.1,29.1,30.6,42.5,37,39.8,27.1,82,0,0,0,,,,,18.4,256.7,1010.2,90,11,,,,,2005-04-18T06:37:21,2005-04-18T18:54:14,0.31,Partially cloudy,Clearing in the afternoon.,partly-cloudy-day,65201099999
Lagos,2005-04-19,33.4,32.1,32.7,42.1,39.3,40.7,25.5,66.1,0,0,0,,,,,35.3,196.2,1010.2,90,12,,,,,2005-04-19T06:36:58,2005-04-19T18:54:11,0.34,Partially cloudy,Partly cloudy throughout the day.,partly-cloudy-day,65201099999
Lagos,2005-04-20,30.7,23.7,26.4,37.3,23.7,28.7,24.5,90.1,5.1,100,4.17,rain,,,,22.3,291.1,,92,9.8,,,,,2005-04-20T06:36:36,2005-04-20T18:54:08,0.37,"Rain, Overcast",Cloudy skies throughout the day with morning rain.,rain,65201099999
Lagos,2005-04-21,33.1,32.9,33,44,40.9,42.5,26.3,67.8,0,0,0,,,,,22.3,215,1010.2,90,11.5,,,,,2005-04-21T06:36:14,2005-04-21T18:54:06,0.4,Partially cloudy,Becoming cloudy in the afternoon.,partly-cloudy-day,65201099999
Lagos,2005-04-22,30.1,26.1,27.4,39,26.1,30.4,25.8,90.8,0,0,0,,,,,27.7,212,1010,90,11,,,,,2005-04-22T06:35:52,2005-04-22T18:54:04,0.44,Partially cloudy,Clearing in the afternoon.,partly-cloudy-day,65201099999
Lagos,2005-04-23,31.6,26.2,29.6,40.5,26.2,35.8,26.1,82.2,0,0,0,,,,,33.5,240.5,1008,90,10.4,,,,,2005-04-23T06:35:31,2005-04-23T18:54:02,0.47,Partially cloudy,Partly cloudy throughout the day.,partly-cloudy-day,65201099999
Lagos,2005-04-24,32.1,26.2,30.1,40.8,26.2,35.9,25.6,77.8,37.1,100,4.17,rain,,,,27.7,231.1,1008.1,90,10.2,,,,,2005-04-24T06:35:10,2005-04-24T18:54:01,0.5,"Rain, Partially cloudy",Partly cloudy throughout the day with morning rain.,rain,65201099999
Lagos,2005-04-25,29.1,24.6,27.1,35.8,24.6,30.2,24.8,87,0,0,0,,,,,44.3,245.5,1010.2,90,7.7,,,,,2005-04-25T06:34:50,2005-04-25T18:54:01,0.54,Partially cloudy,Partly cloudy throughout the day.,partly-cloudy-day,65201099999
Lagos,2005-04-26,32.1,26.6,30,39.3,26.6,36.1,25.7,78.5,0,0,0,,,,,42.5,233.2,1010.4,90,11.1,,,,,2005-04-26T06:34:31,2005-04-26T18:54:00,0.57,Partially cloudy,Partly cloudy throughout the day.,partly-cloudy-day,65201099999
Lagos,2005-04-27,31.1,26.1,29.4,40.8,26.1,35.6,26,82.8,0,0,0,,,,,24.1,241.1,1010.9,90,9.8,,,,,2005-04-27T06:34:12,2005-04-27T18:54:00,0.61,Partially cloudy,Partly cloudy throughout the day.,partly-cloudy-day,65201099999
Lagos,2005-04-28,33.1,26.6,30.3,42.8,26.6,37.1,26.4,80.7,0,0,0,,,,,33.5,234.5,1010.9,90,9.7,,,,,2005-04-28T06:33:54,2005-04-28T18:54:01,0.64,Partially cloudy,Partly cloudy throughout the day.,partly-cloudy-day,65201099999
Lagos,2005-04-29,32.1,26.6,29.3,40.8,26.6,35.4,26.2,84.1,0,0,0,,,,,27.7,237.9,1010.6,90,10.2,,,,,2005-04-29T06:33:36,2005-04-29T18:54:02,0.68,Partially cloudy,Partly cloudy throughout the day.,partly-cloudy-day,65201099999
Lagos,2005-04-30,30.7,25.1,28.4,37.7,25.1,32.8,25,82.4,0,0,0,,,,,31.3,210.9,1011.6,90,11,,,,,2005-04-30T06:33:19,2005-04-30T18:54:03,0.72,Partially cloudy,Partly cloudy throughout the day.,partly-cloudy-day,65201099999
Lagos,2005-05-01,32.6,25.7,29.8,40.8,25.7,36,25.6,78.9,1,100,4.17,rain,,,,37.1,236.2,1011.5,90,10.4,,,,,2005-05-01T06:33:02,2005-05-01T18:54:05,0.75,"Rain, Partially cloudy",Partly cloudy throughout the day with late afternoon rain.,rain,65201099999
Lagos,2005-05-02,32.4,25.1,29.3,39.9,25.1,34.5,25.3,80.2,0,0,0,,,,,33.5,232.9,1011.8,90,10.8,,,,,2005-05-02T06:32:47,2005-05-02T18:54:07,0.79,Partially cloudy,Partly cloudy throughout the day.,partly-cloudy-day,65201099999
Lagos,2005-05-03,26.6,26.6,26.6,26.6,26.6,26.6,26.4,98.8,0,0,0,,,,,0,,,90,10,,,,,2005-05-03T06:32:31,2005-05-03T18:54:10,0.82,Partially cloudy,Clearing in the afternoon.,partly-cloudy-day,65201099999
Lagos,2005-05-04,27.1,27.1,27.1,31.4,31.4,31.4,26.1,94.3,0,0,0,,,,,9.4,260,1012.9,90,8,,,,,2005-05-04T06:32:17,2005-05-04T18:54:13,0.86,Partially cloudy,Clearing in the afternoon.,partly-cloudy-day,65201099999
Lagos,2005-05-05,,,,,,,,,,,0,,,,,0,,,,,,,,,2005-05-05T06:32:03,2005-05-05T18:54:16,0.9,,,,
Lagos,2005-05-06,30.1,26.1,28.1,35.6,26.1,32.1,24.8,82.5,0,0,0,,,,,27.7,206.9,1014.4,90,9.6,,,,,2005-05-06T06:31:50,2005-05-06T18:54:20,0.93,Partially cloudy,Partly cloudy throughout the day.,partly-cloudy-day,65201099999
Lagos,2005-05-07,31.1,28.1,29.8,36.7,32.8,34.8,24.3,72.8,0,0,0,,,,,29.5,224.1,1011.7,90,10.3,,,,,2005-05-07T06:31:37,2005-05-07T18:54:25,0.97,Partially cloudy,Partly cloudy throughout the day.,partly-cloudy-day,65201099999
Lagos,2005-05-08,29.1,26.1,27.9,34.7,26.1,31,24.5,82.6,6.1,100,4.17,rain,,,,29.5,242.1,1012.8,90,9.8,,,,,2005-05-08T06:31:25,2005-05-08T18:54:30,0,"Rain, Partially cloudy",Partly cloudy throughout the day with late afternoon rain.,rain,65201099999
Lagos,2005-05-09,30.1,25.1,28.1,36.6,25.1,32.8,25.2,84.6,0,0,0,,,,,22.3,255.8,1012.1,88.8,8.9,,,,,2005-05-09T06:31:14,2005-05-09T18:54:35,0.04,Partially cloudy,Partly cloudy throughout the day.,partly-cloudy-day,65201099999
Lagos,2005-05-10,30.9,24.2,28.6,37.3,24.2,32.9,24.5,79.4,0,0,0,,,,,18.4,150,1010.8,90,8.8,,,,,2005-05-10T06:31:03,2005-05-10T18:54:41,0.07,Partially cloudy,Partly cloudy throughout the day.,partly-cloudy-day,65201099999
Lagos,2005-05-11,32.1,24.7,30.1,40.8,24.7,35.9,24.9,74.4,0,0,0,,,,,25.9,200.2,1011.1,90,10.9,,,,,2005-05-11T06:30:54,2005-05-11T18:54:47,0.1,Partially cloudy,Partly cloudy throughout the day.,partly-cloudy-day,65201099999
Lagos,2005-05-12,32.1,24.9,30.2,40.8,24.9,35.9,25.1,75,0,0,0,,,,,27.7,223.1,1011.1,90,10,,,,,2005-05-12T06:30:45,2005-05-12T18:54:54,0.13,Partially cloudy,Partly cloudy throughout the day.,partly-cloudy-day,65201099999
Lagos,2005-05-13,32.1,27.1,30.3,40.8,27.5,36,23.9,69,0,0,0,,,,,35.3,226,1011.1,88.9,10.4,,,,,2005-05-13T06:30:36,2005-05-13T18:55:01,0.16,Partially cloudy,Partly cloudy throughout the day.,partly-cloudy-day,65201099999
Lagos,2005-05-14,32.4,25.2,29.5,40.5,25.2,34.8,25.2,78.7,0,0,0,,,,,24.1,203.1,1011,88.3,9.8,,,,,2005-05-14T06:30:28,2005-05-14T18:55:09,0.2,Partially cloudy,Partly cloudy throughout the day.,partly-cloudy-day,65201099999
Lagos,2005-05-15,30.7,23.9,28,38.7,23.9,32.6,25.4,86.7,31,100,4.17,rain,,,,22.3,243.8,1009.7,90,8.8,,,,,2005-05-15T06:30:22,2005-05-15T18:55:17,0.23,"Rain, Partially cloudy",Partly cloudy throughout the day with morning rain.,rain,65201099999
Lagos,2005-05-16,30.1,25.6,27.6,37.6,25.6,31.5,25.7,89.8,0,0,0,,,,,25.9,240,1008.7,90,8.3,,,,,2005-05-16T06:30:15,2005-05-16T18:55:25,0.25,Partially cloudy,Clearing in the afternoon.,partly-cloudy-day,65201099999
Lagos,2005-05-17,31.1,26.2,29.4,39.3,26.2,35.7,26,82.1,0,0,0,,,,,33.5,233.9,1008.8,90,9,,,,,2005-05-17T06:30:10,2005-05-17T18:55:34,0.29,Partially cloudy,Partly cloudy throughout the day.,partly-cloudy-day,65201099999
Lagos,2005-05-18,30.1,25.1,27.9,36.3,25.1,31.4,24.7,83,1,100,4.17,rain,,,,27.7,109.7,1010.1,90,10.1,,,,,2005-05-18T06:30:05,2005-05-18T18:55:43,0.33,"Rain, Partially cloudy",Partly cloudy throughout the day with afternoon rain.,rain,65201099999
Lagos,2005-05-19,32.1,27.1,30.1,40.8,31.4,37.6,26.2,80.2,0,0,0,,,,,33.5,215.1,1009,90,10.8,,,,,2005-05-19T06:30:01,2005-05-19T18:55:53,0.36,Partially cloudy,Partly cloudy throughout the day.,partly-cloudy-day,65201099999
Lagos,2005-05-20,31.1,27.1,29.6,40.8,31.4,37.1,26.6,84.4,0,0,0,,,,,24.1,248.9,1010.5,90,9.8,,,,,2005-05-20T06:29:57,2005-05-20T18:56:03,0.39,Partially cloudy,Partly cloudy throughout the day.,partly-cloudy-day,65201099999
Lagos,2005-05-21,33.1,26.1,30,44,26.1,36.9,26.2,80.5,0,0,0,,,,,35.3,250.6,1009.1,90,10,,,,,2005-05-21T06:29:54,2005-05-21T18:56:13,0.42,Partially cloudy,Partly cloudy throughout the day.,partly-cloudy-day,65201099999
Lagos,2005-05-22,33.1,26.6,30.7,40.7,26.6,37.4,25.6,75,0,0,0,,,,,37.1,237.7,1009.8,90,10.5,,,,,2005-05-22T06:29:52,2005-05-22T18:56:24,0.46,Partially cloudy,Partly cloudy throughout the day.,partly-cloudy-day,65201099999
Lagos,2005-05-23,31.1,26.1,29.2,38,26.1,34.4,25.4,80.7,0,0,0,,,,,18.4,254.8,1012,90,10,,,,,2005-05-23T06:29:51,2005-05-23T18:56:35,0.5,Partially cloudy,Partly cloudy throughout the day.,partly-cloudy-day,65201099999
Lagos,2005-05-24,32.1,25.4,30,40.8,25.4,36.6,25.6,77.7,0,0,0,,,,,29.5,220.7,1010.5,89.1,10.5,,,,,2005-05-24T06:29:50,2005-05-24T18:56:46,0.52,Partially cloudy,Partly cloudy throughout the day.,partly-cloudy-day,65201099999
Lagos,2005-05-25,32.4,26.2,29.9,42.5,26.2,36.4,26.1,81,180.5,100,4.17,rain,,,,35.3,252.8,1011.2,88.6,9.9,,,,,2005-05-25T06:29:50,2005-05-25T18:56:58,0.56,"Rain, Partially cloudy",Partly cloudy throughout the day with afternoon rain.,rain,65201099999
Lagos,2005-05-26,26.1,22.1,24.6,26.1,22.1,24.6,23.5,93.8,0,0,0,,,,,22.3,242.8,1011.4,90,8,,,,,2005-05-26T06:29:51,2005-05-26T18:57:10,0.59,Partially cloudy,Partly cloudy throughout the day.,partly-cloudy-day,65201099999
Lagos,2005-05-27,31.1,24.6,27.6,37.9,24.6,31,24.9,85.8,3,100,4.17,rain,,,,22.3,215.7,1012.2,90,6.9,,,,,2005-05-27T06:29:52,2005-05-27T18:57:22,0.63,"Rain, Partially cloudy",Partly cloudy throughout the day with morning rain.,rain,65201099999
Lagos,2005-05-28,34.2,25.1,29.5,40.6,25.1,34.7,25,78.1,0,0,0,,,,,33.5,251.1,1011.9,85,9.5,,,,,2005-05-28T06:29:54,2005-05-28T18:57:35,0.66,Partially cloudy,Partly cloudy throughout the day.,partly-cloudy-day,65201099999
Lagos,2005-05-29,31.1,26.1,29,39.3,26.1,34.1,25.2,80.3,0,0,0,,,,,37.1,216.8,1011.2,90,11.5,,,,,2005-05-29T06:29:57,2005-05-29T18:57:48,0.7,Partially cloudy,Becoming cloudy in the afternoon.,partly-cloudy-day,65201099999
Lagos,2005-05-30,26.1,23.1,24.5,26.1,23.1,24.5,24,97.4,18.1,100,8.33,rain,,,,29.5,171.7,1012.4,91.7,9,,,,,2005-05-30T06:30:00,2005-05-30T18:58:01,0.75,"Rain, Overcast",Cloudy skies throughout the day with rain.,rain,65201099999
Lagos,2005-05-31,27.1,24.9,25.9,30.8,24.9,26.4,24.6,92.5,0,0,0,,,,,18.4,195.1,1013.2,90,5.6,,,,,2005-05-31T06:30:04,2005-05-31T18:58:14,0.77,Partially cloudy,Partly cloudy throughout the day.,partly-cloudy-day,65201099999
Lagos,2005-06-01,31.1,23.2,27.9,38.7,23.2,32.4,25.1,85.2,15,100,4.17,rain,,,,25.9,238.1,1012.2,90,8.7,,,,,2005-06-01T06:30:09,2005-06-01T18:58:28,0.81,"Rain, Partially cloudy",Partly cloudy throughout the day with morning rain.,rain,65201099999
Lagos,2005-06-02,29.1,24.7,28.1,35.8,24.7,33,25.5,86.3,1,100,4.17,rain,,,,22.3,231.9,1011,85.6,9.7,,,,,2005-06-02T06:30:14,2005-06-02T18:58:42,0.84,"Rain, Partially cloudy",Partly cloudy throughout the day with afternoon rain.,rain,65201099999
Lagos,2005-06-03,29.6,27.1,28.3,36.7,30.8,33.2,25.1,82.9,0,0,0,,,,,27.7,190,1010.8,90,6.9,,,,,2005-06-03T06:30:19,2005-06-03T18:58:55,0.88,Partially cloudy,Becoming cloudy in the afternoon.,partly-cloudy-day,65201099999
Lagos,2005-06-04,29.1,24.9,27.6,35.8,24.9,32.3,25.7,89.5,180.3,100,4.17,rain,,,,20.5,256.3,1011.2,90,9.2,,,,,2005-06-04T06:30:25,2005-06-04T18:59:10,0.91,"Rain, Partially cloudy",Partly cloudy throughout the day with afternoon rain.,rain,65201099999
Lagos,2005-06-05,30.9,23.2,28,37.7,23.2,32.2,24.5,81.9,1,100,4.17,rain,,,,22.3,258.3,1010.2,90,10.4,,,,,2005-06-05T06:30:32,2005-06-05T18:59:24,0.95,"Rain, Partially cloudy",Partly cloudy throughout the day with morning rain.,rain,65201099999
Lagos,2005-06-06,30.1,23.4,27.3,37.6,23.4,31.2,25.2,88.6,27.9,100,8.33,rain,,,,33.5,234.5,1011.1,90,8.9,,,,,2005-06-06T06:30:39,2005-06-06T18:59:38,0,"Rain, Partially cloudy",Partly cloudy throughout the day with rain.,rain,65201099999
Lagos,2005-06-07,31.1,26.1,29.1,38.2,26.1,34.5,25.4,80.8,0,0,0,,,,,37.1,194.1,1011.3,82.7,9.5,,,,,2005-06-07T06:30:47,2005-06-07T18:59:52,0.02,Partially cloudy,Partly cloudy throughout the day.,partly-cloudy-day,65201099999
Lagos,2005-06-08,30.1,29.1,29.5,36.3,34.7,35.3,25.1,77.6,0,0,0,,,,,33.5,210,1011.4,90,10.7,,,,,2005-06-08T06:30:56,2005-06-08T19:00:07,0.05,Partially cloudy,Becoming cloudy in the afternoon.,partly-cloudy-day,65201099999
Lagos,2005-06-09,31.1,24.6,27.6,40.8,24.6,32.3,25.7,89.1,0,0,0,,,,,18.4,270,1013.6,90,9.5,,,,,2005-06-09T06:31:04,2005-06-09T19:00:21,0.08,Partially cloudy,Partly cloudy throughout the day.,partly-cloudy-day,65201099999
Lagos,2005-06-10,30.6,22.7,27.7,38.6,22.7,32.2,25.2,86.5,0,0,0,,,,,29.5,226.6,1012.4,90,10.2,,,,,2005-06-10T06:31:14,2005-06-10T19:00:36,0.12,Partially cloudy,Partly cloudy throughout the day.,partly-cloudy-day,65201099999
Lagos,2005-06-11,28.1,22.1,23.8,32.8,22.1,24.4,22.9,95.1,145,100,8.33,rain,,,,18.4,279.5,1012.3,88.8,6.5,,,,,2005-06-11T06:31:23,2005-06-11T19:00:50,0.15,"Rain, Partially cloudy",Partly cloudy throughout the day with rain.,rain,65201099999
Lagos,2005-06-12,24.9,22.7,23.6,24.9,22.7,23.6,23.2,98.1,34,100,4.17,rain,,,,22.3,340,,93.3,4.3,,,,,2005-06-12T06:31:33,2005-06-12T19:01:04,0.18,"Rain, Overcast",Cloudy skies throughout the day with late afternoon rain.,rain,65201099999
Lagos,2005-06-13,28.1,26.4,27.1,32.8,26.4,29.5,25.2,89.6,0,0,0,,,,,31.3,199.8,1011.5,90,7,,,,,2005-06-13T06:31:44,2005-06-13T19:01:19,0.21,Partially cloudy,Becoming cloudy in the afternoon.,partly-cloudy-day,65201099999
Lagos,2005-06-14,30.2,25.1,27.5,37.5,25.1,30.8,25.5,89,0,0,0,,,,,20.5,239.4,1012,90,9.8,,,,,2005-06-14T06:31:55,2005-06-14T19:01:33,0.25,Partially cloudy,Partly cloudy throughout the day.,partly-cloudy-day,65201099999
Lagos,2005-06-15,28.7,28.7,28.7,34,34,34,25.1,80.9,0,0,0,,,,,25.9,240,,90,10,,,,,2005-06-15T06:32:06,2005-06-15T19:01:47,0.25,Partially cloudy,Becoming cloudy in the afternoon.,partly-cloudy-day,65201099999
Lagos,2005-06-16,30.1,29.4,29.8,36.3,35.3,35.8,25.1,75.8,0,0,0,,,,,35.3,242.8,1011.9,90,13.7,,,,,2005-06-16T06:32:18,2005-06-16T19:02:01,0.31,Partially cloudy,Becoming cloudy in the afternoon.,partly-cloudy-day,65201099999
Lagos,2005-06-17,29.1,24.7,27.2,34.5,24.7,30.3,24.8,87.2,0,0,0,,,,,33.5,248.8,1012.4,90,8.8,,,,,2005-06-17T06:32:30,2005-06-17T19:02:15,0.35,Partially cloudy,Partly cloudy throughout the day.,partly-cloudy-day,65201099999
Lagos,2005-06-18,27.1,25.6,26.4,30.8,25.6,27.6,25,92.3,0,0,0,,,,,18.4,250,1011.9,90,9.7,,,,,2005-06-18T06:32:42,2005-06-18T19:02:29,0.38,Partially cloudy,Becoming cloudy in the afternoon.,partly-cloudy-day,65201099999
Lagos,2005-06-19,29.6,29.6,29.6,35.5,35.5,35.5,25.1,76.8,0,0,0,,,,,29.5,210,,90,15,,,,,2005-06-19T06:32:54,2005-06-19T19:02:43,0.41,Partially cloudy,Becoming cloudy in the afternoon.,partly-cloudy-day,65201099999
Lagos,2005-06-20,26.1,25.1,25.4,26.1,25.1,25.4,24.8,96.1,0,0,0,,,,,11.2,255.4,1013.6,90,8.3,,,,,2005-06-20T06:33:07,2005-06-20T19:02:56,0.44,Partially cloudy,Clearing in the afternoon.,partly-cloudy-day,65201099999
Lagos,2005-06-21,,,,,,,,,,,0,,,,,0,,,,,,,,,2005-06-21T06:33:20,2005-06-21T19:03:09,0.48,,,,
Lagos,2005-06-22,27.6,24.2,25.9,32,24.2,27.5,24.8,93.9,0,0,0,,,,,14.8,271.5,1013.5,90,6.4,,,,,2005-06-22T06:33:33,2005-06-22T19:03:22,0.5,Partially cloudy,Partly cloudy throughout the day.,partly-cloudy-day,65201099999
Lagos,2005-06-23,28.7,22.1,27,32.5,22.1,29.7,23.7,82.8,0,0,0,,,,,18.4,114.5,1011.6,90,9.9,,,,,2005-06-23T06:33:46,2005-06-23T19:03:34,0.54,Partially cloudy,Partly cloudy throughout the day.,partly-cloudy-day,65201099999
Lagos,2005-06-24,26.1,26.1,26.1,26.1,26.1,26.1,24.3,89.8,0,0,0,,,,,18.4,230,1011.9,90,9.7,,,,,2005-06-24T06:34:00,2005-06-24T19:03:46,0.58,Partially cloudy,Partly cloudy throughout the day.,partly-cloudy-day,65201099999
Lagos,2005-06-25,26.6,25.4,26,26.6,25.4,26,24.7,92.3,2,100,4.17,rain,,,,22.3,240,1012.9,90,8,,,,,2005-06-25T06:34:13,2005-06-25T19:03:58,0.61,"Rain, Partially cloudy",Partly cloudy throughout the day with afternoon rain.,rain,65201099999
Lagos,2005-06-26,25.1,25.1,25.1,25.1,25.1,25.1,24.2,94.8,0,0,0,,,,,14.8,270,,90,10,,,,,2005-06-26T06:34:27,2005-06-26T19:04:10,0.65,Partially cloudy,Clearing in the afternoon.,partly-cloudy-day,65201099999
Lagos,2005-06-27,31.1,24.1,26.3,37.9,24.1,27.9,24.2,89.1,0,0,0,,,,,33.5,260,1014.2,90,9,,,,,2005-06-27T06:34:41,2005-06-27T19:04:21,0.68,Partially cloudy,Partly cloudy throughout the day.,partly-cloudy-day,65201099999
Lagos,2005-06-28,29.9,24.1,27.7,34.5,24.1,30.8,24.3,82.3,0,0,0,,,,,37.1,243.2,1012.9,90,9.3,,,,,2005-06-28T06:34:54,2005-06-28T19:04:31,0.75,Partially cloudy,Partly cloudy throughout the day.,partly-cloudy-day,65201099999
Lagos,2005-06-29,29.1,25.1,27.1,33.7,25.1,29.3,23.9,83.4,0,0,0,,,,,33.5,245.7,1012.2,90,10.2,,,,,2005-06-29T06:35:08,2005-06-29T19:04:42,0.75,Partially cloudy,Clearing in the afternoon.,partly-cloudy-day,65201099999
Lagos,2005-06-30,28.1,25.1,26.4,32.1,25.1,28,24.3,88.4,5.1,100,4.17,rain,,,,29.5,259.2,1013.7,90,8.8,,,,,2005-06-30T06:35:22,2005-06-30T19:04:51,0.79,"Rain, Partially cloudy",Partly cloudy throughout the day with morning rain.,rain,65201099999
Lagos,2005-07-01,25.1,24.1,24.6,25.1,24.1,24.6,23.6,94.2,0,0,0,,,,,27.7,95.1,1013.6,90,8,,,,,2005-07-01T06:35:36,2005-07-01T19:05:01,0.82,Partially cloudy,Partly cloudy throughout the day.,partly-cloudy-day,65201099999
Lagos,2005-07-02,25.7,24.1,24.7,25.7,24.1,24.7,24.3,97.4,0,0,0,,,,,25.9,187.4,1014.2,97.1,5.1,,,,,2005-07-02T06:35:50,2005-07-02T19:05:10,0.86,Overcast,Cloudy skies throughout the day.,cloudy,65201099999
Lagos,2005-07-03,28.1,24.1,26.7,32.1,24.1,29,24.2,86.4,0,0,0,,,,,31.3,201,1014.6,90,9.8,,,,,2005-07-03T06:36:04,2005-07-03T19:05:18,0.89,Partially cloudy,Partly cloudy throughout the day.,partly-cloudy-day,65201099999
Lagos,2005-07-04,27.1,23.9,25.6,30.2,23.9,26.3,24,91.4,0,0,0,,,,,24.1,233.9,1014.4,90,7.8,,,,,2005-07-04T06:36:17,2005-07-04T19:05:26,0.93,Partially cloudy,Clearing in the afternoon.,partly-cloudy-day,65201099999
Lagos,2005-07-05,28.4,26.1,27.2,32.3,26.1,29.6,23.8,81.7,0,0,0,,,,,29.5,247,1014.6,90,11.3,,,,,2005-07-05T06:36:31,2005-07-05T19:05:33,0.96,Partially cloudy,Partly cloudy throughout the day.,partly-cloudy-day,65201099999
Lagos,2005-07-06,25.4,23.1,24.4,25.4,23.1,24.4,23.9,97.5,0,0,0,,,,,24.1,259.8,1013.9,90,6.6,,,,,2005-07-06T06:36:44,2005-07-06T19:05:40,0,Partially cloudy,Partly cloudy throughout the day.,partly-cloudy-day,65201099999
Lagos,2005-07-07,27.7,24.1,25.5,31.8,24.1,26.7,24,91.9,0,0,0,,,,,22.3,260.8,1016.2,90,7.8,,,,,2005-07-07T06:36:57,2005-07-07T19:05:46,0.03,Partially cloudy,Partly cloudy throughout the day.,partly-cloudy-day,65201099999
Lagos,2005-07-08,28.1,23.9,26.1,31.8,23.9,27.5,23.8,87.7,0,0,0,,,,,27.7,228.5,,90,7.8,,,,,2005-07-08T06:37:10,2005-07-08T19:05:51,0.07,Partially cloudy,Partly cloudy throughout the day.,partly-cloudy-day,65201099999
Lagos,2005-07-09,26.1,24.4,25.4,26.1,24.4,25.4,24.1,92.6,0,0,0,,,,,31.3,249.4,1013.9,90,9,,,,,2005-07-09T06:37:23,2005-07-09T19:05:56,0.1,Partially cloudy,Partly cloudy throughout the day.,partly-cloudy-day,65201099999
Lagos,2005-07-10,28.1,25.1,26.6,32.1,25.1,28.6,23.9,85.1,0,0,0,,,,,33.5,242.9,1015.2,90,9.7,,,,,2005-07-10T06:37:36,2005-07-10T19:06:01,0.13,Partially cloudy,Partly cloudy throughout the day.,partly-cloudy-day,65201099999
Lagos,2005-07-11,31.1,24.1,26.6,37.9,24.1,28.6,24.1,86.5,0,0,0,,,,,18.4,251.7,1014.9,90,8,,,,,2005-07-11T06:37:48,2005-07-11T19:06:04,0.17,Partially cloudy,Partly cloudy throughout the day.,partly-cloudy-day,65201099999
Lagos,2005-07-12,28.1,24.1,26.7,32.8,24.1,28.9,24.4,87.7,0,0,0,,,,,33.5,250.5,1013.6,90,9,,,,,2005-07-12T06:38:01,2005-07-12T19:06:07,0.2,Partially cloudy,Partly cloudy throughout the day.,partly-cloudy-day,65201099999
Lagos,2005-07-13,25.1,23.1,24.1,25.1,23.1,24.1,23.1,94.2,0,0,0,,,,,41,180.6,1013.3,78,6,,,,,2005-07-13T06:38:13,2005-07-13T19:06:10,0.23,Partially cloudy,Partly cloudy throughout the day.,partly-cloudy-day,65201099999
Lagos,2005-07-14,28.6,23.1,26.6,32.1,23.1,28.6,23.5,83.8,0,0,0,,,,,29.5,241.2,1012.9,90,8.9,,,,,2005-07-14T06:38:24,2005-07-14T19:06:11,0.25,Partially cloudy,Partly cloudy throughout the day.,partly-cloudy-day,65201099999
Lagos,2005-07-15,29.1,23.1,26.4,33.7,23.1,28.5,23.6,85.2,0,0,0,,,,,35.3,239.3,1015.6,90,10,,,,,2005-07-15T06:38:36,2005-07-15T19:06:12,0.3,Partially cloudy,Partly cloudy throughout the day.,partly-cloudy-day,65201099999
Lagos,2005-07-16,26.4,24.4,25.7,26.4,24.4,25.7,24.4,92.8,0,0,0,,,,,25.9,248.8,,90,6.7,,,,,2005-07-16T06:38:47,2005-07-16T19:06:13,0.33,Partially cloudy,Clearing in the afternoon.,partly-cloudy-day,65201099999
Lagos,2005-07-17,29.1,23.1,26.9,34.7,23.1,29.8,24.3,86,0,0,0,,,,,25.9,236.2,1013.7,90,11.4,,,,,2005-07-17T06:38:57,2005-07-17T19:06:12,0.37,Partially cloudy,Partly cloudy throughout the day.,partly-cloudy-day,65201099999
Lagos,2005-07-18,29.1,27.1,27.9,34.7,30.8,32.3,25,84.2,21.1,100,4.17,rain,,,,33.5,232.9,1012.4,90,10.5,,,,,2005-07-18T06:39:08,2005-07-18T19:06:11,0.4,"Rain, Partially cloudy",Becoming cloudy in the afternoon with afternoon rain.,rain,65201099999
Lagos,2005-07-19,28.1,25.1,26.6,32.1,25.1,28.2,23.7,84.2,0,0,0,,,,,24.1,259.2,1012.6,90,9.8,,,,,2005-07-19T06:39:18,2005-07-19T19:06:09,0.43,Partially cloudy,Partly cloudy throughout the day.,partly-cloudy-day,65201099999
Lagos,2005-07-20,25.9,25.1,25.5,25.9,25.1,25.5,24,91.5,0,0,0,,,,,22.3,275,1013.9,90,10.5,,,,,2005-07-20T06:39:27,2005-07-20T19:06:07,0.47,Partially cloudy,Partly cloudy throughout the day.,partly-cloudy-day,65201099999
Lagos,2005-07-21,29.1,23.9,27,33.7,23.9,29.2,23.9,83.7,0,0,0,,,,,35.3,249.7,1012.9,90,10.3,,,,,2005-07-21T06:39:36,2005-07-21T19:06:04,0.5,Partially cloudy,Partly cloudy throughout the day.,partly-cloudy-day,65201099999
Lagos,2005-07-22,29.1,24.1,27.2,34.7,24.1,29.9,24.4,84.9,0,0,0,,,,,33.5,244.1,1014.1,90,10.6,,,,,2005-07-22T06:39:45,2005-07-22T19:06:00,0.53,Partially cloudy,Partly cloudy throughout the day.,partly-cloudy-day,65201099999
Lagos,2005-07-23,27.4,25.1,26.4,31,25.1,27.6,24.5,89.4,0,0,0,,,,,18.4,253.4,1013.9,90,9.3,,,,,2005-07-23T06:39:53,2005-07-23T19:05:55,0.57,Partially cloudy,Partly cloudy throughout the day.,partly-cloudy-day,65201099999
Lagos,2005-07-24,28.9,23.7,26.4,33.9,23.7,28.1,24.2,88.3,0,0,0,,,,,31.3,247.4,,90,9,,,,,2005-07-24T06:40:01,2005-07-24T19:05:49,0.6,Partially cloudy,Partly cloudy throughout the day.,partly-cloudy-day,65201099999
Lagos,2005-07-25,27.1,26.1,26.4,30.2,26.1,27.5,24.1,87.3,0,0,0,,,,,37.1,252,1014.4,90,9.7,,,,,2005-07-25T06:40:09,2005-07-25T19:05:43,0.64,Partially cloudy,Partly cloudy throughout the day.,partly-cloudy-day,65201099999
Lagos,2005-07-26,27.1,25.1,26,30.2,25.1,27.1,24,88.9,0,0,0,,,,,18.4,240,,90,10.7,,,,,2005-07-26T06:40:16,2005-07-26T19:05:36,0.67,Partially cloudy,Clearing in the afternoon.,partly-cloudy-day,65201099999
Lagos,2005-07-27,27.2,24.1,25.8,30.1,24.1,26.7,23.2,85.8,0,0,0,,,,,33.5,234.9,1014.6,90,9.5,,,,,2005-07-27T06:40:23,2005-07-27T19:05:28,0.7,Partially cloudy,Partly cloudy throughout the day.,partly-cloudy-day,65201099999
Lagos,2005-07-28,26.1,24.2,25.6,26.1,24.2,25.6,23.4,87.5,0,0,0,,,,,31.3,249.4,1014.2,90,10.7,,,,,2005-07-28T06:40:29,2005-07-28T19:05:20,0.75,Partially cloudy,Partly cloudy throughout the day.,partly-cloudy-day,65201099999
Lagos,2005-07-29,27.1,23.7,26,30.2,23.7,27.6,23.5,86.5,0,0,0,,,,,35.3,253.6,1014.2,90,9.6,,,,,2005-07-29T06:40:34,2005-07-29T19:05:11,0.77,Partially cloudy,Partly cloudy throughout the day.,partly-cloudy-day,65201099999
Lagos,2005-07-30,28.4,25.1,26.7,31.4,25.1,27.8,22.5,78.2,0,0,0,,,,,31.3,255.2,1014.7,90,10.9,,,,,2005-07-30T06:40:40,2005-07-30T19:05:01,0.81,Partially cloudy,Partly cloudy throughout the day.,partly-cloudy-day,65201099999
Lagos,2005-07-31,27.1,22.4,25,28.9,22.4,25.4,22,83.8,0,0,0,,,,,33.5,234.5,1013.9,90,9.1,,,,,2005-07-31T06:40:44,2005-07-31T19:04:50,0.84,Partially cloudy,Partly cloudy throughout the day.,partly-cloudy-day,65201099999
Lagos,2005-08-01,29.1,23.1,26.9,32.1,23.1,28.6,22.1,75.8,0,0,0,,,,,33.5,236.4,1014,90,10,,,,,2005-08-01T06:40:49,2005-08-01T19:04:39,0.87,Partially cloudy,Partly cloudy throughout the day.,partly-cloudy-day,65201099999
Lagos,2005-08-02,28.1,22.6,25.8,30.8,22.6,26.6,22.6,83.2,0,0,0,,,,,31.3,226.5,1013.8,90,9.1,,,,,2005-08-02T06:40:53,2005-08-02T19:04:26,0.91,Partially cloudy,Partly cloudy throughout the day.,partly-cloudy-day,65201099999
Lagos,2005-08-03,28.1,22.7,25.9,31.4,22.7,27.3,22.9,84.3,0,0,0,,,,,43.2,251.3,1013.9,90,9.3,,,,,2005-08-03T06:40:56,2005-08-03T19:04:14,0.94,Partially cloudy,Partly cloudy throughout the day.,partly-cloudy-day,65201099999
Lagos,2005-08-04,29.1,23.1,26,31.8,23.1,27,22.5,82.4,0,0,0,,,,,31.3,253.5,1014.4,90,10,,,,,2005-08-04T06:40:59,2005-08-04T19:04:00,0.98,Partially cloudy,Partly cloudy throughout the day.,partly-cloudy-day,65201099999
Lagos,2005-08-05,28.2,25.1,26.7,31.1,25.1,28,22.2,77,0,0,0,,,,,33.5,244.3,1013.5,90,10.4,,,,,2005-08-05T06:41:01,2005-08-05T19:03:46,0,Partially cloudy,Partly cloudy throughout the day.,partly-cloudy-day,65201099999
Lagos,2005-08-06,26.1,23.9,25.1,26.1,23.9,25.1,22.3,84.5,0,0,0,,,,,37.1,243.6,1013.7,90,10.6,,,,,2005-08-06T06:41:03,2005-08-06T19:03:31,0.05,Partially cloudy,Partly cloudy throughout the day.,partly-cloudy-day,65201099999
Lagos,2005-08-07,26.1,24.1,25.1,26.1,24.1,25.1,22.1,83.5,0,0,0,,,,,29.5,247.3,1014.3,90,11,,,,,2005-08-07T06:41:04,2005-08-07T19:03:15,0.08,Partially cloudy,Partly cloudy throughout the day.,partly-cloudy-day,65201099999
Lagos,2005-08-08,30.1,25.1,27.3,34.3,25.1,29.3,22.6,75.7,0,0,0,,,,,33.5,241.7,1013.8,88.3,11.4,,,,,2005-08-08T06:41:05,2005-08-08T19:02:58,0.11,Partially cloudy,Partly cloudy throughout the day.,partly-cloudy-day,65201099999
Lagos,2005-08-09,28.7,25.7,27.4,32,25.7,29.5,22.3,73.8,0,0,0,,,,,29.5,251.8,1014.9,90,11.3,,,,,2005-08-09T06:41:05,2005-08-09T19:02:41,0.15,Partially cloudy,Becoming cloudy in the afternoon.,partly-cloudy-day,65201099999
Lagos,2005-08-10,30.1,22.6,25.7,34.3,22.6,26.7,22.7,83.8,0,0,0,,,,,28.8,255.6,1015.3,90,9.4,,,,,2005-08-10T06:41:05,2005-08-10T19:02:24,0.18,Partially cloudy,Partly cloudy throughout the day.,partly-cloudy-day,65201099999
Lagos,2005-08-11,28.1,24.1,25.6,31.4,24.1,26.3,22.6,83.8,0,0,0,,,,,33.5,249.1,1013.5,90,10.9,,,,,2005-08-11T06:41:05,2005-08-11T19:02:05,0.22,Partially cloudy,Partly cloudy throughout the day.,partly-cloudy-day,65201099999
Lagos,2005-08-12,28.1,24.1,26.4,31.1,24.1,27.9,22.7,80.6,0,0,0,,,,,37.1,249.1,1012.1,90,10.1,,,,,2005-08-12T06:41:04,2005-08-12T19:01:46,0.25,Partially cloudy,Partly cloudy throughout the day.,partly-cloudy-day,65201099999
Lagos,2005-08-13,28.1,24.1,25.9,30.8,24.1,27,22.7,83.2,0,0,0,,,,,33.5,232.1,1013.7,90,10.7,,,,,2005-08-13T06:41:02,2005-08-13T19:01:26,0.25,Partially cloudy,Partly cloudy throughout the day.,partly-cloudy-day,65201099999
Lagos,2005-08-14,28.1,26.7,27.5,30.8,26.7,29.4,22.4,74.2,0,0,0,,,,,33.5,234.5,1013.9,90,10.5,,,,,2005-08-14T06:41:00,2005-08-14T19:01:06,0.32,Partially cloudy,Becoming cloudy in the afternoon.,partly-cloudy-day,65201099999
Lagos,2005-08-15,27.1,24.1,25.8,29.3,24.1,26.5,23,85.2,0,0,0,,,,,29.5,233,1015.9,90,9.7,,,,,2005-08-15T06:40:58,2005-08-15T19:00:45,0.35,Partially cloudy,Clearing in the afternoon.,partly-cloudy-day,65201099999
Lagos,2005-08-16,27.1,23.1,25.5,29.3,23.1,26.2,22.1,81.8,0,0,0,,,,,25.9,247.8,1013.4,90,10.5,,,,,2005-08-16T06:40:55,2005-08-16T19:00:23,0.39,Partially cloudy,Partly cloudy throughout the day.,partly-cloudy-day,65201099999
Lagos,2005-08-17,29.1,25.1,27.1,32.1,25.1,28.7,22,74,0,0,0,,,,,33.5,251.7,1013.6,90,10.4,,,,,2005-08-17T06:40:52,2005-08-17T19:00:01,0.42,Partially cloudy,Partly cloudy throughout the day.,partly-cloudy-day,65201099999
Lagos,2005-08-18,30.1,22.7,26.9,32.6,22.7,28.4,22.1,76.3,0,0,0,,,,,33.5,235.2,1014.2,90,10.7,,,,,2005-08-18T06:40:48,2005-08-18T18:59:38,0.46,Partially cloudy,Partly cloudy throughout the day.,partly-cloudy-day,65201099999
Lagos,2005-08-19,29.1,23.1,27.6,32.9,23.1,29.9,22.4,73.7,0,0,0,,,,,37.1,243.8,1013.9,90,11.3,,,,,2005-08-19T06:40:44,2005-08-19T18:59:15,0.5,Partially cloudy,Partly cloudy throughout the day.,partly-cloudy-day,65201099999
Lagos,2005-08-20,28.9,25.1,26.8,32.3,25.1,28.4,22.4,77.5,0,0,0,,,,,40.7,229.9,1014.3,90,10.8,,,,,2005-08-20T06:40:39,2005-08-20T18:58:51,0.52,Partially cloudy,Partly cloudy throughout the day.,partly-cloudy-day,65201099999
Lagos,2005-08-21,30.1,24.1,27.6,32.6,24.1,29.2,21.7,71,0,0,0,,,,,46.8,238.5,1014,90,11.3,,,,,2005-08-21T06:40:34,2005-08-21T18:58:27,0.56,Partially cloudy,Partly cloudy throughout the day.,partly-cloudy-day,65201099999
Lagos,2005-08-22,28.2,23.1,26.5,31,23.1,27.9,22.2,78.4,0,0,0,,,,,29.5,236.8,1013.6,90,10,,,,,2005-08-22T06:40:29,2005-08-22T18:58:02,0.59,Partially cloudy,Partly cloudy throughout the day.,partly-cloudy-day,65201099999
Lagos,2005-08-23,26.1,23.7,25.5,26.1,23.7,25.5,22.3,83.1,52.1,100,4.17,rain,,,,31.3,246.6,1014.1,89,10.1,,,,,2005-08-23T06:40:23,2005-08-23T18:57:37,0.62,"Rain, Partially cloudy",Partly cloudy throughout the day with morning rain.,rain,65201099999
Lagos,2005-08-24,24.1,24.1,24.1,24.1,24.1,24.1,23.3,95.4,0,0,0,,,,,27.7,252.6,1014.2,90,8.6,,,,,2005-08-24T06:40:17,2005-08-24T18:57:11,0.66,Partially cloudy,Becoming cloudy in the afternoon.,partly-cloudy-day,65201099999
Lagos,2005-08-25,24.1,24.1,24.1,24.1,24.1,24.1,23.1,94.2,0,0,0,,,,,11.2,250,1015.9,90,5,,,,,2005-08-25T06:40:11,2005-08-25T18:56:44,0.69,Partially cloudy,Clearing in the afternoon.,partly-cloudy-day,65201099999
Lagos,2005-08-26,25.7,25.7,25.7,25.7,25.7,25.7,22.6,83,0,0,0,,,,,18.4,180,,90,10,,,,,2005-08-26T06:40:04,2005-08-26T18:56:18,0.75,Partially cloudy,Partly cloudy throughout the day.,partly-cloudy-day,65201099999
Lagos,2005-08-27,25.6,25.6,25.6,25.6,25.6,25.6,22.7,84,0,0,0,,,,,14.8,250,,90,10,,,,,2005-08-27T06:39:57,2005-08-27T18:55:50,0.76,Partially cloudy,Clearing in the afternoon.,partly-cloudy-day,65201099999
Lagos,2005-08-28,,,,,,,,,,,0,,,,,0,,,,,,,,,2005-08-28T06:39:49,2005-08-28T18:55:23,0.79,,,,
Lagos,2005-08-29,26.1,24.4,25.4,26.1,24.4,25.4,22.8,86.1,0,0,0,,,,,25.9,232.7,1012.9,90,10.3,,,,,2005-08-29T06:39:42,2005-08-29T18:54:55,0.82,Partially cloudy,Partly cloudy throughout the day.,partly-cloudy-day,65201099999
Lagos,2005-08-30,26.1,26.1,26.1,26.1,26.1,26.1,24.7,92,0,0,0,,,,,9.4,210,,90,10,,,,,2005-08-30T06:39:33,2005-08-30T18:54:26,0.86,Partially cloudy,Clearing in the afternoon.,partly-cloudy-day,65201099999
Lagos,2005-08-31,31.1,26.2,28.7,34.7,26.2,30.5,23,73,0,0,0,,,,,20.5,265.8,1010.8,90,10.5,,,,,2005-08-31T06:39:25,2005-08-31T18:53:58,0.89,Partially cloudy,Partly cloudy throughout the day.,partly-cloudy-day,65201099999
Lagos,2005-09-01,21.4,21.4,21.4,21.4,21.4,21.4,21.2,98.8,0,0,0,,,,,27.7,30,,100,1,,,,,2005-09-01T06:39:16,2005-09-01T18:53:28,0.92,Overcast,Cloudy skies throughout the day.,cloudy,65201099999
Lagos,2005-09-02,25.6,25.6,25.6,25.6,25.6,25.6,24.2,92,0,0,0,,,,,18.4,180,,90,6,,,,,2005-09-02T06:39:08,2005-09-02T18:52:59,0.96,Partially cloudy,Clearing in the afternoon.,partly-cloudy-day,65201099999
Lagos,2005-09-03,,,,,,,,,,,0,,,,,0,,,,,,,,,2005-09-03T06:38:58,2005-09-03T18:52:29,0,,,,
Lagos,2005-09-04,26.2,26.2,26.2,26.2,26.2,26.2,23.4,84.6,0,0,0,,,,,24.1,240,,90,10,,,,,2005-09-04T06:38:49,2005-09-04T18:51:59,0.02,Partially cloudy,Partly cloudy throughout the day.,partly-cloudy-day,65201099999
Lagos,2005-09-05,27.1,24.1,25.6,30.2,24.1,26.6,24,91,0,0,0,,,,,27.7,235.7,1012.9,90,10.3,,,,,2005-09-05T06:38:39,2005-09-05T18:51:29,0.06,Partially cloudy,Partly cloudy throughout the day.,partly-cloudy-day,65201099999
Lagos,2005-09-06,,,,,,,,,,,0,,,,,0,,,,,,,,,2005-09-06T06:38:30,2005-09-06T18:50:58,0.09,,,,
Lagos,2005-09-07,26.2,26.2,26.2,26.2,26.2,26.2,24.2,88.8,0,0,0,,,,,22.3,280,,90,10,,,,,2005-09-07T06:38:20,2005-09-07T18:50:27,0.13,Partially cloudy,Clearing in the afternoon.,partly-cloudy-day,65201099999
Lagos,2005-09-08,,,,,,,,,,,0,,,,,0,,,,,,,,,2005-09-08T06:38:10,2005-09-08T18:49:57,0.16,,,,
Lagos,2005-09-09,,,,,,,,,,,0,,,,,0,,,,,,,,,2005-09-09T06:37:59,2005-09-09T18:49:25,0.2,,,,
Lagos,2005-09-10,,,,,,,,,,,0,,,,,0,,,,,,,,,2005-09-10T06:37:49,2005-09-10T18:48:54,0.23,,,,
Lagos,2005-09-11,,,,,,,,,,,0,,,,,0,,,,,,,,,2005-09-11T06:37:38,2005-09-11T18:48:22,0.25,,,,
Lagos,2005-09-12,,,,,,,,,,,0,,,,,0,,,,,,,,,2005-09-12T06:37:28,2005-09-12T18:47:51,0.3,,,,
Lagos,2005-09-13,,,,,,,,,,,0,,,,,0,,,,,,,,,2005-09-13T06:37:17,2005-09-13T18:47:19,0.34,,,,
Lagos,2005-09-14,26.1,26.1,26.1,26.1,26.1,26.1,24.1,88.8,0,0,0,,,,,14.8,240,1013.9,90,11,,,,,2005-09-14T06:37:06,2005-09-14T18:46:47,0.37,Partially cloudy,Clearing in the afternoon.,partly-cloudy-day,65201099999
Lagos,2005-09-15,,,,,,,,,,,0,,,,,0,,,,,,,,,2005-09-15T06:36:56,2005-09-15T18:46:15,0.41,,,,
Lagos,2005-09-16,,,,,,,,,,,0,,,,,0,,,,,,,,,2005-09-16T06:36:45,2005-09-16T18:45:43,0.44,,,,
Lagos,2005-09-17,,,,,,,,,,,0,,,,,0,,,,,,,,,2005-09-17T06:36:34,2005-09-17T18:45:12,0.48,,,,
Lagos,2005-09-18,,,,,,,,,,,0,,,,,0,,,,,,,,,2005-09-18T06:36:23,2005-09-18T18:44:40,0.5,,,,
Lagos,2005-09-19,,,,,,,,,,,0,,,,,0,,,,,,,,,2005-09-19T06:36:12,2005-09-19T18:44:08,0.54,,,,
Lagos,2005-09-20,,,,,,,,,,,0,,,,,0,,,,,,,,,2005-09-20T06:36:02,2005-09-20T18:43:36,0.58,,,,
Lagos,2005-09-21,,,,,,,,,,,0,,,,,0,,,,,,,,,2005-09-21T06:35:51,2005-09-21T18:43:04,0.61,,,,
Lagos,2005-09-22,,,,,,,,,,,0,,,,,0,,,,,,,,,2005-09-22T06:35:40,2005-09-22T18:42:32,0.64,,,,
Lagos,2005-09-23,,,,,,,,,,,0,,,,,0,,,,,,,,,2005-09-23T06:35:30,2005-09-23T18:42:01,0.68,,,,
Lagos,2005-09-24,,,,,,,,,,,0,,,,,0,,,,,,,,,2005-09-24T06:35:19,2005-09-24T18:41:29,0.71,,,,
Lagos,2005-09-25,,,,,,,,,,,0,,,,,0,,,,,,,,,2005-09-25T06:35:09,2005-09-25T18:40:58,0.75,,,,
Lagos,2005-09-26,,,,,,,,,,,0,,,,,0,,,,,,,,,2005-09-26T06:34:59,2005-09-26T18:40:26,0.77,,,,
Lagos,2005-09-27,,,,,,,,,,,0,,,,,0,,,,,,,,,2005-09-27T06:34:49,2005-09-27T18:39:55,0.81,,,,
Lagos,2005-09-28,29.1,29.1,29.1,33.8,33.8,33.8,24.2,74.9,0,0,0,,,,,35.3,220,,90,10,,,,,2005-09-28T06:34:39,2005-09-28T18:39:25,0.84,Partially cloudy,Becoming cloudy in the afternoon.,partly-cloudy-day,65201099999
Lagos,2005-09-29,31.1,25.1,28.5,37.9,25.1,33.5,25.4,83.8,0,0,0,,,,,33.5,236.6,1011.4,90,9.9,,,,,2005-09-29T06:34:30,2005-09-29T18:38:54,0.87,Partially cloudy,Partly cloudy throughout the day.,partly-cloudy-day,65201099999
Lagos,2005-09-30,29.4,28.1,28.8,34.5,32.1,33.3,24.3,76.7,0,0,0,,,,,27.7,220,,90,11.5,,,,,2005-09-30T06:34:21,2005-09-30T18:38:24,0.9,Partially cloudy,Becoming cloudy in the afternoon.,partly-cloudy-day,65201099999
Lagos,2005-10-01,30.1,26.6,28.4,36.3,26.6,31.8,24.2,78.5,0,0,0,,,,,54,210,1011.9,90,10.3,,,,,2005-10-01T06:34:12,2005-10-01T18:37:54,0.94,Partially cloudy,Becoming cloudy in the afternoon.,wind,65201099999
Lagos,2005-10-02,31.1,27.1,29.1,36.7,30.8,33.6,24.2,75.5,0,0,0,,,,,33.5,227.9,1011.1,90,10.8,,,,,2005-10-02T06:34:03,2005-10-02T18:37:24,0.97,Partially cloudy,Partly cloudy throughout the day.,partly-cloudy-day,65201099999
Lagos,2005-10-03,27.1,27.1,27.1,31.1,31.1,31.1,25.7,92.1,0,0,0,,,,,13,260,,90,8,,,,,2005-10-03T06:33:54,2005-10-03T18:36:55,0,Partially cloudy,Clearing in the afternoon.,partly-cloudy-day,65201099999
Lagos,2005-10-04,29.1,25.1,27.3,34.8,25.1,30.1,25,87.7,0,0,0,,,,,33.5,248.9,1010.2,90,8.3,,,,,2005-10-04T06:33:46,2005-10-04T18:36:26,0.04,Partially cloudy,Partly cloudy throughout the day.,partly-cloudy-day,65201099999
Lagos,2005-10-05,27.1,22.1,24,30.8,22.1,24.3,23.1,95.2,13,100,4.17,rain,,,,18.4,344.8,1014.3,87,9.2,,,,,2005-10-05T06:33:38,2005-10-05T18:35:57,0.07,"Rain, Partially cloudy",Partly cloudy throughout the day with afternoon rain.,rain,65201099999
Lagos,2005-10-06,32.1,24.1,28.6,39.3,24.1,32.2,23.8,75.9,0,0,0,,,,,27.7,210.8,1011.9,90,10,,,,,2005-10-06T06:33:31,2005-10-06T18:35:29,0.11,Partially cloudy,Partly cloudy throughout the day.,partly-cloudy-day,65201099999
Lagos,2005-10-07,30.1,24.1,28.2,35.2,24.1,31.9,23.9,78,0,0,0,,,,,36,219.5,1011.5,78.6,10,,,,,2005-10-07T06:33:24,2005-10-07T18:35:01,0.14,Partially cloudy,Partly cloudy throughout the day.,partly-cloudy-day,65201099999
Lagos,2005-10-08,31.1,25.1,28.1,37.9,25.1,31.4,25.1,85.2,0,0,0,,,,,29.5,210,1013.2,90,8,,,,,2005-10-08T06:33:17,2005-10-08T18:34:34,0.18,Partially cloudy,Partly cloudy throughout the day.,partly-cloudy-day,65201099999
Lagos,2005-10-09,30.6,26.4,28.3,36.9,26.4,32.1,24.5,80.2,2,100,4.17,rain,,,,22.3,243.7,1010,90,11.3,,,,,2005-10-09T06:33:11,2005-10-09T18:34:07,0.21,"Rain, Partially cloudy",Partly cloudy throughout the day with late afternoon rain.,rain,65201099999
Lagos,2005-10-10,30.1,25.1,28.1,37.2,25.1,32.1,25.3,85.3,297.7,100,4.17,rain,,,,27.7,206.7,1013.2,90,7.9,,,,,2005-10-10T06:33:05,2005-10-10T18:33:40,0.25,"Rain, Partially cloudy",Partly cloudy throughout the day with afternoon rain.,rain,65201099999
Lagos,2005-10-11,27.4,23.4,25.4,31.3,23.4,25.9,23.1,87.4,2,100,4.17,rain,,,,16.6,242.5,1011.1,90,9,,,,,2005-10-11T06:32:59,2005-10-11T18:33:14,0.29,"Rain, Partially cloudy",Partly cloudy throughout the day with late afternoon rain.,rain,65201099999
Lagos,2005-10-12,31.1,24.1,29.6,36.3,24.1,33.5,23.3,69.9,0,0,0,,,,,22.3,209.2,1011.4,90,9.7,,,,,2005-10-12T06:32:54,2005-10-12T18:32:49,0.32,Partially cloudy,Partly cloudy throughout the day.,partly-cloudy-day,65201099999
Lagos,2005-10-13,30.1,27.1,28.8,36.3,30.8,34.1,25.1,80.8,0,0,0,,,,,31.3,241.6,1012.6,90,9.8,,,,,2005-10-13T06:32:50,2005-10-13T18:32:24,0.36,Partially cloudy,Partly cloudy throughout the day.,partly-cloudy-day,65201099999
Lagos,2005-10-14,29.1,27.1,28.1,34.7,31.4,33,25.5,86.3,0,0,0,,,,,29.5,222.6,1011.6,90,10.8,,,,,2005-10-14T06:32:46,2005-10-14T18:32:00,0.39,Partially cloudy,Partly cloudy throughout the day.,partly-cloudy-day,65201099999
Lagos,2005-10-15,31.1,27.1,29.6,36.8,30.2,34.2,23.8,71.4,0,0,0,,,,,22.3,185.5,1011.7,88,10.8,,,,,2005-10-15T06:32:42,2005-10-15T18:31:36,0.43,Partially cloudy,Partly cloudy throughout the day.,partly-cloudy-day,65201099999
Lagos,2005-10-16,31.1,28.1,29.4,37.9,32.8,34.8,24.8,76.2,0,0,0,,,,,33.5,203.3,1010.6,90,11,,,,,2005-10-16T06:32:39,2005-10-16T18:31:13,0.46,Partially cloudy,Partly cloudy throughout the day.,partly-cloudy-day,65201099999
Lagos,2005-10-17,31.2,24.6,29.2,36.3,24.6,33,23.8,73.7,0,0,0,,,,,31.3,216.2,1011.2,89,10.2,,,,,2005-10-17T06:32:36,2005-10-17T18:30:50,0.5,Partially cloudy,Partly cloudy throughout the day.,partly-cloudy-day,65201099999
Lagos,2005-10-18,31.1,27.6,29.3,36.7,31.4,34.4,24.7,76.9,0,0,0,,,,,33.5,224.6,1010.2,90,10.3,,,,,2005-10-18T06:32:34,2005-10-18T18:30:28,0.53,Partially cloudy,Partly cloudy throughout the day.,partly-cloudy-day,65201099999
Lagos,2005-10-19,27.1,25.4,26.3,30.8,25.4,28.1,25,93,0,0,0,,,,,22.3,30,1010.8,95,4.5,,,,,2005-10-19T06:32:33,2005-10-19T18:30:07,0.56,Overcast,Cloudy skies throughout the day.,cloudy,65201099999
Lagos,2005-10-20,30.4,23.9,27.6,36.8,23.9,31.1,24.9,85.9,30,100,4.17,rain,,,,33.5,135.3,1013.2,90,9,,,,,2005-10-20T06:32:32,2005-10-20T18:29:47,0.59,"Rain, Partially cloudy",Partly cloudy throughout the day with morning rain.,rain,65201099999
Lagos,2005-10-21,31.1,23.6,28.9,37.9,23.6,33.7,24.6,78.1,0,0,0,,,,,31.3,226.6,1010,90,9.7,,,,,2005-10-21T06:32:32,2005-10-21T18:29:27,0.63,Partially cloudy,Partly cloudy throughout the day.,partly-cloudy-day,65201099999
Lagos,2005-10-22,30.2,28.1,29.2,36.5,32.1,34.3,24.6,76.6,0,0,0,,,,,33.5,240,1011.9,90,11.5,,,,,2005-10-22T06:32:32,2005-10-22T18:29:08,0.66,Partially cloudy,Partly cloudy throughout the day.,partly-cloudy-day,65201099999
Lagos,2005-10-23,32.6,30.1,31.6,40.9,37.6,39.8,26,72.3,0,0,0,,,,,27.7,223.4,1009.1,90,11.3,,,,,2005-10-23T06:32:34,2005-10-23T18:28:50,0.69,Partially cloudy,Becoming cloudy in the afternoon.,partly-cloudy-day,65201099999
Lagos,2005-10-24,27.1,26.1,26.6,31.4,26.1,28.3,26,96.6,0,0,0,,,,,14.8,270,,90,7.6,,,,,2005-10-24T06:32:35,2005-10-24T18:28:32,0.72,Partially cloudy,Partly cloudy throughout the day.,partly-cloudy-day,65201099999
Lagos,2005-10-25,31.1,23.7,27.6,37.9,23.7,30.8,24.1,82,0,0,0,,,,,27.7,216.4,1011.1,90,7.8,,,,,2005-10-25T06:32:38,2005-10-25T18:28:15,0.75,Partially cloudy,Partly cloudy throughout the day.,partly-cloudy-day,65201099999
Lagos,2005-10-26,32.1,25.1,28.1,40.8,25.1,31.6,24.4,81,0,0,0,,,,,24.1,227.2,1010.2,90,8.5,,,,,2005-10-26T06:32:41,2005-10-26T18:27:59,0.79,Partially cloudy,Partly cloudy throughout the day.,partly-cloudy-day,65201099999
Lagos,2005-10-27,32.1,27.1,29.8,39.3,30.8,35.4,24.9,75.2,0,0,0,,,,,35.3,212.6,1011.1,90,7.8,,,,,2005-10-27T06:32:44,2005-10-27T18:27:44,0.82,Partially cloudy,Partly cloudy throughout the day.,partly-cloudy-day,65201099999
Lagos,2005-10-28,30.1,30.1,30.1,36.3,36.3,36.3,25.1,74.6,0,0,0,,,,,25.9,270,1010.8,90,11,,,,,2005-10-28T06:32:49,2005-10-28T18:27:30,0.85,Partially cloudy,Becoming cloudy in the afternoon.,partly-cloudy-day,65201099999
Lagos,2005-10-29,31.1,28.1,29.3,35.8,33.1,34.5,24.6,77.2,0,0,0,,,,,14.8,256.9,,90,10,,,,,2005-10-29T06:32:54,2005-10-29T18:27:17,0.88,Partially cloudy,Partly cloudy throughout the day.,partly-cloudy-day,65201099999
Lagos,2005-10-30,31.1,27.1,29.4,39.3,30.8,35.7,25.6,80.4,0,0,0,,,,,25.9,213.2,1012,88,9.4,,,,,2005-10-30T06:32:59,2005-10-30T18:27:04,0.92,Partially cloudy,Partly cloudy throughout the day.,partly-cloudy-day,65201099999
Lagos,2005-10-31,31.4,25.6,27.9,41.8,25.6,32.6,25.7,88.1,0,0,0,,,,,22.3,241.5,1012.5,90,9.3,,,,,2005-10-31T06:33:06,2005-10-31T18:26:52,0.95,Partially cloudy,Partly cloudy throughout the day.,partly-cloudy-day,65201099999
Lagos,2005-11-01,25.4,23.4,24.7,25.4,23.4,24.7,23.9,95.1,3,100,4.17,rain,,,,22.3,88.3,1012.4,94,6.4,,,,,2005-11-01T06:33:13,2005-11-01T18:26:42,0.98,"Rain, Overcast",Cloudy skies throughout the day with afternoon rain.,rain,65201099999
Lagos,2005-11-02,32.1,32.1,32.1,40.8,39.3,40.1,25.6,68.6,0,0,0,,,,,14.8,210.6,1011.9,90,8.5,,,,,2005-11-02T06:33:21,2005-11-02T18:26:32,0,Partially cloudy,Becoming cloudy in the afternoon.,partly-cloudy-day,65201099999
Lagos,2005-11-03,27.2,23.2,25.2,31.5,23.2,26,24.4,95.9,4.1,100,4.17,rain,,,,14.8,270,,90,5.8,,,,,2005-11-03T06:33:30,2005-11-03T18:26:23,0.05,"Rain, Partially cloudy",Clearing in the afternoon with late afternoon rain.,rain,65201099999
Lagos,2005-11-04,31.1,25.1,27.6,37.3,25.1,30.8,25.1,87.1,0,0,0,,,,,13,144,1012.9,87.5,4,,,,,2005-11-04T06:33:39,2005-11-04T18:26:15,0.09,Partially cloudy,Partly cloudy throughout the day.,partly-cloudy-day,65201099999
Lagos,2005-11-05,30.1,24.4,27.8,36.5,24.4,31.3,24.9,84.7,0,0,0,,,,,27.7,217.5,1011.9,90,9.4,,,,,2005-11-05T06:33:49,2005-11-05T18:26:08,0.12,Partially cloudy,Partly cloudy throughout the day.,partly-cloudy-day,65201099999
Lagos,2005-11-06,33.1,32.6,32.9,40.9,40.7,40.8,25.4,65,0,0,0,,,,,9.4,30,1010.2,90,11.5,,,,,2005-11-06T06:34:00,2005-11-06T18:26:02,0.16,Partially cloudy,Becoming cloudy in the afternoon.,partly-cloudy-day,65201099999
Lagos,2005-11-07,29.6,29.6,29.6,35.9,35.9,35.9,25.4,78.2,0,0,0,,,,,9.4,240,,90,5,,,,,2005-11-07T06:34:12,2005-11-07T18:25:56,0.19,Partially cloudy,Becoming cloudy in the afternoon.,partly-cloudy-day,65201099999
Lagos,2005-11-08,28.4,25.1,26.9,34.9,25.1,30.5,25.9,94.8,0,0,0,,,,,0,,1011.4,90,4,,,,,2005-11-08T06:34:24,2005-11-08T18:25:52,0.23,Partially cloudy,Clearing in the afternoon.,partly-cloudy-day,65201099999
Lagos,2005-11-09,33.1,26.1,30.1,40.7,26.1,36.8,26.1,79.8,0,0,0,,,,,33.5,225,1010.6,88.8,9,,,,,2005-11-09T06:34:37,2005-11-09T18:25:49,0.25,Partially cloudy,Partly cloudy throughout the day.,partly-cloudy-day,65201099999
Lagos,2005-11-10,33.1,25.7,29.2,40.7,25.7,34.3,25.6,82.1,0,0,0,,,,,22.3,226,1011.3,87.1,7.9,,,,,2005-11-10T06:34:51,2005-11-10T18:25:47,0.3,Partially cloudy,Partly cloudy throughout the day.,partly-cloudy-day,65201099999
Lagos,2005-11-11,30.1,26.1,28.5,36.3,26.1,32.8,25.5,84.3,0,0,0,,,,,27.7,226.7,1010.5,90,7,,,,,2005-11-11T06:35:05,2005-11-11T18:25:45,0.34,Partially cloudy,Partly cloudy throughout the day.,partly-cloudy-day,65201099999
Lagos,2005-11-12,33.1,29.1,31.4,40.7,34.7,38.3,25.1,69.7,0,0,0,,,,,16.6,230,1008.1,90,6.7,,,,,2005-11-12T06:35:21,2005-11-12T18:25:45,0.37,Partially cloudy,Becoming cloudy in the afternoon.,partly-cloudy-day,65201099999
Lagos,2005-11-13,29.4,26.1,27.9,37,26.1,32.3,25.9,89.4,0,0,0,,,,,0,,,90,4.3,,,,,2005-11-13T06:35:37,2005-11-13T18:25:46,0.41,Partially cloudy,Clearing in the afternoon.,partly-cloudy-day,65201099999
Lagos,2005-11-14,33.1,29.4,31.5,44,37.4,40.7,26.7,76,0,0,0,,,,,16.6,232.7,1010.8,90,8,,,,,2005-11-14T06:35:54,2005-11-14T18:25:47,0.44,Partially cloudy,Partly cloudy throughout the day.,partly-cloudy-day,65201099999
Lagos,2005-11-15,33.1,29.1,31.2,42.3,35.8,38.8,25.8,73.4,0,0,0,,,,,27.7,212.4,1009.3,90,7.6,,,,,2005-11-15T06:36:11,2005-11-15T18:25:50,0.48,Partially cloudy,Partly cloudy throughout the day.,partly-cloudy-day,65201099999
Lagos,2005-11-16,33.1,25.4,29.2,42.3,25.4,34.1,25.8,83.2,0,0,0,,,,,25.9,224.3,1009.5,90,6.8,,,,,2005-11-16T06:36:29,2005-11-16T18:25:54,0.5,Partially cloudy,Partly cloudy throughout the day.,partly-cloudy-day,65201099999
Lagos,2005-11-17,34.1,32.1,33,44,39.8,42.1,26.1,67.1,0,0,0,,,,,27.7,191.1,1009.7,90,8.4,,,,,2005-11-17T06:36:48,2005-11-17T18:25:58,0.55,Partially cloudy,Becoming cloudy in the afternoon.,partly-cloudy-day,65201099999
Lagos,2005-11-18,34.1,26.1,29.9,43.7,26.1,36.4,26.3,82.3,0,0,0,,,,,33.5,217,1009.1,90,6,,,,,2005-11-18T06:37:08,2005-11-18T18:26:04,0.58,Partially cloudy,Partly cloudy throughout the day.,partly-cloudy-day,65201099999
Lagos,2005-11-19,32.6,26.1,29.8,40.6,26.1,35.5,25.9,81,0,0,0,,,,,27.7,184.5,1010.8,87.5,5,,,,,2005-11-19T06:37:28,2005-11-19T18:26:11,0.61,Partially cloudy,Partly cloudy throughout the day.,partly-cloudy-day,65201099999
Lagos,2005-11-20,32.6,27.1,30.2,40.9,27.5,36.8,24.6,73.1,0,0,0,,,,,33.5,199,1010.4,90,7.7,,,,,2005-11-20T06:37:49,2005-11-20T18:26:18,0.64,Partially cloudy,Partly cloudy throughout the day.,partly-cloudy-day,65201099999
Lagos,2005-11-21,32.4,27.1,29.7,40.6,30.2,36.1,25.5,78.7,0,0,0,,,,,14.8,270,1010.4,90,8.5,,,,,2005-11-21T06:38:11,2005-11-21T18:26:27,0.67,Partially cloudy,Partly cloudy throughout the day.,partly-cloudy-day,65201099999
Lagos,2005-11-22,30.1,25.6,28.1,37.8,25.6,33.1,26.1,89.1,0,0,0,,,,,20.5,240,1010.2,87.5,5.3,,,,,2005-11-22T06:38:33,2005-11-22T18:26:36,0.71,Partially cloudy,Clearing in the afternoon.,partly-cloudy-day,65201099999
Lagos,2005-11-23,30.1,26.1,28.5,38.5,26.1,34,26.4,89,0,0,0,,,,,14.8,270,1010.5,90,6.3,,,,,2005-11-23T06:38:56,2005-11-23T18:26:47,0.75,Partially cloudy,Clearing in the afternoon.,partly-cloudy-day,65201099999
Lagos,2005-11-24,34.1,26.1,31,43.7,26.1,38.2,25.9,75.3,0,0,0,,,,,25.9,248.9,1010.4,85.6,8.1,,,,,2005-11-24T06:39:19,2005-11-24T18:26:58,0.77,Partially cloudy,Partly cloudy throughout the day.,partly-cloudy-day,65201099999
Lagos,2005-11-25,30.1,26.2,27.8,38.4,26.2,32,26.1,90.6,0,0,0,,,,,16.6,228,1009.1,90,6,,,,,2005-11-25T06:39:43,2005-11-25T18:27:11,0.8,Partially cloudy,Partly cloudy throughout the day.,partly-cloudy-day,65201099999
Lagos,2005-11-26,,,,,,,,,,,0,,,,,0,,,,,,,,,2005-11-26T06:40:08,2005-11-26T18:27:24,0.83,,,,
Lagos,2005-11-27,32.1,31.4,31.8,39.3,38.7,39,25.3,68.6,0,0,0,,,,,29.5,235.2,1008.1,90,10.5,,,,,2005-11-27T06:40:33,2005-11-27T18:27:38,0.87,Partially cloudy,Becoming cloudy in the afternoon.,partly-cloudy-day,65201099999
Lagos,2005-11-28,29.1,28.1,28.6,36.7,34.7,35.7,27,91.1,0,0,0,,,,,16.6,250,,90,8,,,,,2005-11-28T06:40:59,2005-11-28T18:27:53,0.9,Partially cloudy,Clearing in the afternoon.,partly-cloudy-day,65201099999
Lagos,2005-11-29,,,,,,,,,,,0,,,,,0,,,,,,,,,2005-11-29T06:41:25,2005-11-29T18:28:09,0.93,,,,
Lagos,2005-11-30,,,,,,,,,,,0,,,,,0,,,,,,,,,2005-11-30T06:41:52,2005-11-30T18:28:26,0.96,,,,
Lagos,2005-12-01,32.1,31.2,31.8,39.3,37.8,38.8,25,67.5,0,0,0,,,,,35.3,222.5,1007.6,76.7,10.7,,,,,2005-12-01T06:42:19,2005-12-01T18:28:44,0,Partially cloudy,Becoming cloudy in the afternoon.,partly-cloudy-day,65201099999
Lagos,2005-12-02,30.1,30.1,30.1,36.3,36.3,36.3,25.1,74.6,0,0,0,,,,,20.5,250,,90,10,,,,,2005-12-02T06:42:46,2005-12-02T18:29:03,0.03,Partially cloudy,Clearing in the afternoon.,partly-cloudy-day,65201099999
Lagos,2005-12-03,32.1,29.7,31,39.3,36.4,37.9,25.2,71.4,0,0,0,,,,,33.5,230.4,1008.6,90,10.4,,,,,2005-12-03T06:43:14,2005-12-03T18:29:22,0.07,Partially cloudy,Partly cloudy throughout the day.,partly-cloudy-day,65201099999
Lagos,2005-12-04,,,,,,,,,,,0,,,,,0,,,,,,,,,2005-12-04T06:43:42,2005-12-04T18:29:42,0.1,,,,
Lagos,2005-12-05,33.1,25.2,28.3,42.3,25.2,32.9,25.8,86.8,0,0,0,,,,,27.7,231.6,1008.4,90,7,,,,,2005-12-05T06:44:11,2005-12-05T18:30:03,0.14,Partially cloudy,Partly cloudy throughout the day.,partly-cloudy-day,65201099999
Lagos,2005-12-06,31.1,26.1,29.8,42.6,26.1,36.3,26,80.8,0,0,0,,,,,25.9,243.9,1008.5,90,8.5,,,,,2005-12-06T06:44:40,2005-12-06T18:30:25,0.17,Partially cloudy,Partly cloudy throughout the day.,partly-cloudy-day,65201099999
Lagos,2005-12-07,,,,,,,,,,,0,,,,,0,,,,,,,,,2005-12-07T06:45:09,2005-12-07T18:30:47,0.21,,,,
Lagos,2005-12-08,27.1,27.1,27.1,32,32,32,27.1,100,0,0,0,,,,,0,,,90,5,,,,,2005-12-08T06:45:39,2005-12-08T18:31:10,0.25,Partially cloudy,Clearing in the afternoon.,partly-cloudy-day,65201099999
Lagos,2005-12-09,32.2,25.2,28.4,40.3,25.2,33,25.7,86.2,0,0,0,,,,,14.8,254.3,1011.2,87.1,6.4,,,,,2005-12-09T06:46:09,2005-12-09T18:31:34,0.28,Partially cloudy,Partly cloudy throughout the day.,partly-cloudy-day,65201099999
Lagos,2005-12-10,33.1,24.7,30.1,40.8,24.7,36,25.5,77.6,0,0,0,,,,,33.5,237.4,1008.5,90,10.7,,,,,2005-12-10T06:46:39,2005-12-10T18:31:58,0.31,Partially cloudy,Partly cloudy throughout the day.,partly-cloudy-day,65201099999
Lagos,2005-12-11,,,,,,,,,,,0,,,,,0,,,,,,,,,2005-12-11T06:47:09,2005-12-11T18:32:24,0.35,,,,
Lagos,2005-12-12,29.1,28.7,28.9,35.8,35.1,35.5,26.2,85.1,0,0,0,,,,,18.4,233.4,1011.9,90,9.5,,,,,2005-12-12T06:47:39,2005-12-12T18:32:49,0.39,Partially cloudy,Clearing in the afternoon.,partly-cloudy-day,65201099999
Lagos,2005-12-13,,,,,,,,,,,0,,,,,0,,,,,,,,,2005-12-13T06:48:09,2005-12-13T18:33:15,0.42,,,,
Lagos,2005-12-14,32.4,25.1,29,40.5,25.1,34.5,25.6,82.6,0,0,0,,,,,33.5,227.1,1009.2,88.6,5.6,,,,,2005-12-14T06:48:40,2005-12-14T18:33:42,0.46,Partially cloudy,Partly cloudy throughout the day.,partly-cloudy-day,65201099999
Lagos,2005-12-15,31.7,24.9,27.8,38.2,24.9,31.2,25.1,86.7,0,0,0,,,,,28.1,240,1009,90,5,,,,,2005-12-15T06:49:10,2005-12-15T18:34:09,0.5,Partially cloudy,Partly cloudy throughout the day.,partly-cloudy-day,65201099999
Lagos,2005-12-16,28.6,25.1,26.9,35.9,25.1,30.8,26.1,95.3,0,0,0,,,,,9.4,250,1010.5,90,3.3,,,,,2005-12-16T06:49:41,2005-12-16T18:34:37,0.53,Partially cloudy,Clearing in the afternoon.,partly-cloudy-day,65201099999
Lagos,2005-12-17,,,,,,,,,,,0,,,,,0,,,,,,,,,2005-12-17T06:50:11,2005-12-17T18:35:05,0.56,,,,
Lagos,2005-12-18,32.2,28.7,29.9,41.4,34.1,37.3,26.2,80.6,0,0,0,,,,,29.5,219,,90,9,,,,,2005-12-18T06:50:42,2005-12-18T18:35:34,0.59,Partially cloudy,Partly cloudy throughout the day.,partly-cloudy-day,65201099999
Lagos,2005-12-19,32.4,26.1,30.8,41.7,26.1,37.5,26.2,77.8,0,0,0,,,,,33.5,193.8,1010.8,90,6.3,,,,,2005-12-19T06:51:12,2005-12-19T18:36:03,0.62,Partially cloudy,Partly cloudy throughout the day.,partly-cloudy-day,65201099999
Lagos,2005-12-20,34.1,26.1,31.1,39.5,26.1,35.3,24.1,69.4,0,0,0,,,,,24.1,259.5,1008.2,90,8.2,,,,,2005-12-20T06:51:42,2005-12-20T18:36:32,0.65,Partially cloudy,Partly cloudy throughout the day.,partly-cloudy-day,65201099999
Lagos,2005-12-21,33.2,26.1,29.7,39.9,26.1,34.9,25.6,80.6,0,0,0,,,,,29.5,164.8,1009.2,90,5.2,,,,,2005-12-21T06:52:12,2005-12-21T18:37:02,0.69,Partially cloudy,Partly cloudy throughout the day.,partly-cloudy-day,65201099999
Lagos,2005-12-22,31.1,27.1,29.1,39.3,31.4,35.3,26.1,84.5,0,0,0,,,,,33.5,243.2,1010.8,90,4,,,,,2005-12-22T06:52:42,2005-12-22T18:37:32,0.72,Partially cloudy,Partly cloudy throughout the day.,partly-cloudy-day,65201099999
Lagos,2005-12-23,26.4,26.4,26.4,26.4,26.4,26.4,25.2,93.1,0,0,0,,,,,11.2,240,,90,3,,,,,2005-12-23T06:53:11,2005-12-23T18:38:02,0.75,Partially cloudy,Clearing in the afternoon.,partly-cloudy-day,65201099999
Lagos,2005-12-24,30.2,26.1,27.7,34.9,26.1,30.3,24.8,85.2,0,0,0,,,,,14.8,270,1011.3,90,3.8,,,,,2005-12-24T06:53:41,2005-12-24T18:38:32,0.78,Partially cloudy,Partly cloudy throughout the day.,partly-cloudy-day,65201099999
Lagos,2005-12-25,27.1,27.1,27.1,31.4,31.4,31.4,26.1,94.3,0,0,0,,,,,0,,1011.9,90,2,,,,,2005-12-25T06:54:10,2005-12-25T18:39:03,0.82,Partially cloudy,Clearing in the afternoon.,partly-cloudy-day,65201099999
Lagos,2005-12-26,31.6,24.1,27.7,38.8,24.1,31.6,25.1,86.8,0,0,0,,,,,18.4,360,1011.9,90,3.7,,,,,2005-12-26T06:54:38,2005-12-26T18:39:33,0.85,Partially cloudy,Partly cloudy throughout the day.,partly-cloudy-day,65201099999
Lagos,2005-12-27,30.7,25.1,28,38.1,25.1,31.7,25.8,88.5,0,0,0,,,,,14.8,27.3,1011.2,90,3.3,,,,,2005-12-27T06:55:07,2005-12-27T18:40:04,0.88,Partially cloudy,Partly cloudy throughout the day.,partly-cloudy-day,65201099999
Lagos,2005-12-28,31.7,26.1,29.4,37.6,26.1,34.1,24.7,76.8,0,0,0,,,,,24.1,192.6,1008.3,90,5.9,,,,,2005-12-28T06:55:35,2005-12-28T18:40:35,0.91,Partially cloudy,Partly cloudy throughout the day.,partly-cloudy-day,65201099999
Lagos,2005-12-29,33.1,27.2,31,39.4,31.2,36.5,24.4,68.8,0,0,0,,,,,27.7,243.7,1008,90,5,,,,,2005-12-29T06:56:02,2005-12-29T18:41:06,0.95,Partially cloudy,Partly cloudy throughout the day.,partly-cloudy-day,65201099999
Lagos,2005-12-30,34.1,28.2,31.1,40.7,34.1,38,25.4,72.6,0,0,0,,,,,27.7,202.4,1007.4,90,5.3,,,,,2005-12-30T06:56:29,2005-12-30T18:41:37,0.98,Partially cloudy,Partly cloudy throughout the day.,partly-cloudy-day,65201099999
Lagos,2005-12-31,32.6,32.6,32.6,37.9,37.9,37.9,23.4,58.5,0,0,0,,,,,0,,,90,6,,,,,2005-12-31T06:56:56,2005-12-31T18:42:08,0,Partially cloudy,Becoming cloudy in the afternoon.,partly-cloudy-day,65201099999
