name,datetime,tempmax,tempmin,temp,feelslikemax,feelslikemin,feelslike,dew,humidity,precip,precipprob,precipcover,preciptype,snow,snowdepth,windgust,windspeed,winddir,sealevelpressure,cloudcover,visibility,solarradiation,solarenergy,uvindex,severerisk,sunrise,sunset,moonphase,conditions,description,icon,stations
Lagos,2006-01-01,27.1,27.1,27.1,32,32,32,27.1,100,0,0,0,,,,,0,,1010.2,90,1,,,,,2006-01-01T06:57:21,2006-01-01T18:42:38,0.05,Partially cloudy,Clearing in the afternoon.,partly-cloudy-day,65201099999
Lagos,2006-01-02,33.1,27.1,30.2,42.3,31.4,37.3,26.1,79.6,0,0,0,,,,,27.7,228.9,1006.6,90,6.5,,,,,2006-01-02T06:57:46,2006-01-02T18:43:08,0.08,Partially cloudy,Partly cloudy throughout the day.,partly-cloudy-day,65201099999
Lagos,2006-01-03,31.6,26.1,28.9,39.3,26.1,34.2,26,85.5,0,0,0,,,,,31.3,196.4,1008.8,90,6.6,,,,,2006-01-03T06:58:11,2006-01-03T18:43:39,0.12,Partially cloudy,Partly cloudy throughout the day.,partly-cloudy-day,65201099999
Lagos,2006-01-04,33.1,27.1,30.1,39.4,31.4,35.6,24.8,74.5,0,0,0,,,,,33.5,232.4,1006.1,90,8.8,,,,,2006-01-04T06:58:35,2006-01-04T18:44:10,0.15,Partially cloudy,Partly cloudy throughout the day.,partly-cloudy-day,65201099999
Lagos,2006-01-05,31.2,25.1,28.4,37.8,25.1,32.7,25.1,83.1,0,0,0,,,,,20.5,250,1008.1,90,4.5,,,,,2006-01-05T06:58:59,2006-01-05T18:44:40,0.19,Partially cloudy,Partly cloudy throughout the day.,partly-cloudy-day,65201099999
Lagos,2006-01-06,32.6,27.1,29.9,40.5,31.4,36,25.8,80.1,0,0,0,,,,,20.5,250,1009.1,90,5,,,,,2006-01-06T06:59:22,2006-01-06T18:45:10,0.25,Partially cloudy,Partly cloudy throughout the day.,partly-cloudy-day,65201099999
Lagos,2006-01-07,31.1,27.1,29,39.3,31.4,35.3,26.1,84.5,0,0,0,,,,,18.4,220,1009.5,90,7.3,,,,,2006-01-07T06:59:44,2006-01-07T18:45:40,0.26,Partially cloudy,Partly cloudy throughout the day.,partly-cloudy-day,65201099999
Lagos,2006-01-08,31.4,26.1,28.6,37.8,26.1,32.5,25.2,82.7,0,0,0,,,,,27.7,240,1008.1,90,6,,,,,2006-01-08T07:00:06,2006-01-08T18:46:10,0.29,Partially cloudy,Partly cloudy throughout the day.,partly-cloudy-day,65201099999
Lagos,2006-01-09,32.1,30.1,31.1,38,36.3,37,24.4,67.5,0,0,0,,,,,46.4,237.4,1007.6,90,11.3,,,,,2006-01-09T07:00:27,2006-01-09T18:46:39,0.33,Partially cloudy,Becoming cloudy in the afternoon.,partly-cloudy-day,65201099999
Lagos,2006-01-10,,,,,,,,,,,0,,,,,0,,,,,,,,,2006-01-10T07:00:47,2006-01-10T18:47:08,0.36,,,,
Lagos,2006-01-11,32.7,32.7,32.7,38.9,38.9,38.9,24.1,60.6,0,0,0,,,,,29.5,220,,90,10,,,,,2006-01-11T07:01:06,2006-01-11T18:47:36,0.4,Partially cloudy,Becoming cloudy in the afternoon.,partly-cloudy-day,65201099999
Lagos,2006-01-12,,,,,,,,,,,0,,,,,0,,,,,,,,,2006-01-12T07:01:25,2006-01-12T18:48:05,0.43,,,,
Lagos,2006-01-13,32.1,28.1,30.9,39.3,33.4,37.2,25.1,71.8,0,0,0,,,,,27.7,209.3,1010.2,90,11.3,,,,,2006-01-13T07:01:43,2006-01-13T18:48:33,0.47,Partially cloudy,Partly cloudy throughout the day.,partly-cloudy-day,65201099999
Lagos,2006-01-14,31.1,27.6,29.4,37.9,31.6,34.8,24.9,77.4,0,0,0,,,,,20.5,225,,90,10,,,,,2006-01-14T07:02:00,2006-01-14T18:49:00,0.5,Partially cloudy,Becoming cloudy in the afternoon.,partly-cloudy-day,65201099999
Lagos,2006-01-15,32.6,26.7,29.7,39.8,26.7,34.2,25.1,77.4,0,0,0,,,,,0,,,90,7,,,,,2006-01-15T07:02:16,2006-01-15T18:49:27,0.53,Partially cloudy,Partly cloudy throughout the day.,partly-cloudy-day,65201099999
Lagos,2006-01-16,31.1,29.1,30.4,39.3,34.7,37.3,25.4,74.8,0,0,0,,,,,25.9,220,1008.4,90,7.3,,,,,2006-01-16T07:02:31,2006-01-16T18:49:53,0.57,Partially cloudy,Becoming cloudy in the afternoon.,partly-cloudy-day,65201099999
Lagos,2006-01-17,26.1,26.1,26.1,26.1,26.1,26.1,25.1,94.2,0,0,0,,,,,0,,1010.2,90,4,,,,,2006-01-17T07:02:46,2006-01-17T18:50:19,0.6,Partially cloudy,Clearing in the afternoon.,partly-cloudy-day,65201099999
Lagos,2006-01-18,33.1,27.9,31.1,39.4,33.4,37.6,25.1,71.4,0,0,0,,,,,31.3,232.3,1006,90,9.8,,,,,2006-01-18T07:02:59,2006-01-18T18:50:45,0.63,Partially cloudy,Partly cloudy throughout the day.,partly-cloudy-day,65201099999
Lagos,2006-01-19,31.7,26.1,28.3,37.9,26.1,31.8,25.1,83.7,0,0,0,,,,,18.4,227.7,1009.1,90,7,,,,,2006-01-19T07:03:12,2006-01-19T18:51:10,0.67,Partially cloudy,Partly cloudy throughout the day.,partly-cloudy-day,65201099999
Lagos,2006-01-20,28.6,28.6,28.6,34.6,34.6,34.6,25.9,85.4,0,0,0,,,,,13,230,,90,6,,,,,2006-01-20T07:03:24,2006-01-20T18:51:34,0.7,Partially cloudy,Clearing in the afternoon.,partly-cloudy-day,65201099999
Lagos,2006-01-21,32.6,28.4,30.7,40.5,34.2,37.5,25.5,74.2,0,0,0,,,,,27.7,238.2,1007.1,90,9.7,,,,,2006-01-21T07:03:34,2006-01-21T18:51:58,0.73,Partially cloudy,Partly cloudy throughout the day.,partly-cloudy-day,65201099999
Lagos,2006-01-22,30.1,30.1,30.1,37.6,37.6,37.6,26.1,79.2,0,0,0,,,,,14.8,250,1010,90,8,,,,,2006-01-22T07:03:44,2006-01-22T18:52:21,0.75,Partially cloudy,Clearing in the afternoon.,partly-cloudy-day,65201099999
Lagos,2006-01-23,32.1,28.1,30.1,40.8,34.7,37.9,26.6,82.5,0,0,0,,,,,16.6,243.1,1009.5,90,8.5,,,,,2006-01-23T07:03:53,2006-01-23T18:52:44,0.8,Partially cloudy,Partly cloudy throughout the day.,partly-cloudy-day,65201099999
Lagos,2006-01-24,34.1,28.7,32,43.7,35.3,39.7,25.6,69.2,0,0,0,,,,,29.5,227.6,1008.8,90,9.5,,,,,2006-01-24T07:04:01,2006-01-24T18:53:06,0.83,Partially cloudy,Partly cloudy throughout the day.,partly-cloudy-day,65201099999
Lagos,2006-01-25,33.7,27.1,31,42.3,32,38.4,26,75.8,0,0,0,,,,,24.1,224.4,1008.8,90,8,,,,,2006-01-25T07:04:08,2006-01-25T18:53:27,0.86,Partially cloudy,Partly cloudy throughout the day.,partly-cloudy-day,65201099999
Lagos,2006-01-26,,,,,,,,,,,0,,,,,0,,,,,,,,,2006-01-26T07:04:14,2006-01-26T18:53:48,0.9,,,,
Lagos,2006-01-27,31.1,27.1,29.2,40.8,31.4,36,26.3,84.7,1,100,4.17,rain,,,,33.5,226.8,1010.7,85.6,7.8,,,,,2006-01-27T07:04:20,2006-01-27T18:54:08,0.93,"Rain, Partially cloudy",Partly cloudy throughout the day with afternoon rain.,rain,65201099999
Lagos,2006-01-28,32.1,28.1,30.5,39.3,33.5,37.2,25.5,75.6,0,0,0,,,,,33.5,208.4,1010.2,90,10.3,,,,,2006-01-28T07:04:24,2006-01-28T18:54:27,0.96,Partially cloudy,Partly cloudy throughout the day.,partly-cloudy-day,65201099999
Lagos,2006-01-29,32.1,28.6,30.8,40.8,34.9,37.9,25.5,73.9,0,0,0,,,,,31.3,225.3,1008.8,90,10.2,,,,,2006-01-29T07:04:27,2006-01-29T18:54:46,0,Partially cloudy,Partly cloudy throughout the day.,partly-cloudy-day,65201099999
Lagos,2006-01-30,32.1,26.7,29.4,39.3,26.7,33,25.4,80.4,0,0,0,,,,,24.1,222.2,1009.1,90,9.5,,,,,2006-01-30T07:04:29,2006-01-30T18:55:04,0.03,Partially cloudy,Partly cloudy throughout the day.,partly-cloudy-day,65201099999
Lagos,2006-01-31,33.1,33.1,33.1,40.7,40.7,40.7,25.1,62.9,0,0,0,,,,,25.9,250,1008.1,90,11,,,,,2006-01-31T07:04:31,2006-01-31T18:55:21,0.06,Partially cloudy,Becoming cloudy in the afternoon.,partly-cloudy-day,65201099999
Lagos,2006-02-01,32.1,27.1,29.5,44.3,31.4,37.5,26.9,86.4,0,0,0,,,,,11.2,250,1010.2,90,8.3,,,,,2006-02-01T07:04:31,2006-02-01T18:55:37,0.1,Partially cloudy,Partly cloudy throughout the day.,partly-cloudy-day,65201099999
Lagos,2006-02-02,33.1,33.1,33.1,45.1,45.1,45.1,27.7,73.4,0,0,0,,,,,13,220,,90,10,,,,,2006-02-02T07:04:31,2006-02-02T18:55:53,0.13,Partially cloudy,Becoming cloudy in the afternoon.,partly-cloudy-day,65201099999
Lagos,2006-02-03,34.1,27.1,30.8,43.7,31.4,37.9,25.9,76.1,0,0,0,,,,,31.3,202.2,1008.1,90,9.3,,,,,2006-02-03T07:04:29,2006-02-03T18:56:08,0.17,Partially cloudy,Partly cloudy throughout the day.,partly-cloudy-day,65201099999
Lagos,2006-02-04,30.1,27.1,28.6,36.3,31.4,33.8,25.6,84.5,0,0,0,,,,,27.7,270,1010.2,90,9,,,,,2006-02-04T07:04:27,2006-02-04T18:56:23,0.2,Partially cloudy,Clearing in the afternoon.,partly-cloudy-day,65201099999
Lagos,2006-02-05,33.1,32.2,32.8,42.3,40.2,41.6,25.9,67.3,0,0,0,,,,,40.7,220.1,1008.6,90,11.3,,,,,2006-02-05T07:04:23,2006-02-05T18:56:37,0.25,Partially cloudy,Becoming cloudy in the afternoon.,partly-cloudy-day,65201099999
Lagos,2006-02-06,33.1,27.1,29.4,40.7,31.4,35.2,25.6,81.1,0,0,0,,,,,27.7,231.2,1008.8,88.3,7.7,,,,,2006-02-06T07:04:19,2006-02-06T18:56:50,0.27,Partially cloudy,Partly cloudy throughout the day.,partly-cloudy-day,65201099999
Lagos,2006-02-07,33.6,27.1,30.5,44.9,31.4,38.1,26.4,79.7,0,0,0,,,,,27.7,230,1010.2,87.5,9.5,,,,,2006-02-07T07:04:14,2006-02-07T18:57:02,0.3,Partially cloudy,Partly cloudy throughout the day.,partly-cloudy-day,65201099999
Lagos,2006-02-08,34.9,27.1,30.6,44.1,31.4,37.8,26.1,77.9,0,0,0,,,,,20.5,265.3,1009.4,90,8.8,,,,,2006-02-08T07:04:08,2006-02-08T18:57:14,0.34,Partially cloudy,Partly cloudy throughout the day.,partly-cloudy-day,65201099999
Lagos,2006-02-09,33.4,27.1,30.4,42.4,31.4,37.9,26.3,79.5,0,0,0,,,,,27.7,244.9,1009.4,90,9.5,,,,,2006-02-09T07:04:01,2006-02-09T18:57:25,0.37,Partially cloudy,Partly cloudy throughout the day.,partly-cloudy-day,65201099999
Lagos,2006-02-10,33.1,27.1,31.3,44,31.4,38.7,25.8,73.5,0,0,0,,,,,39.6,230.7,1010.2,90,9.8,,,,,2006-02-10T07:03:53,2006-02-10T18:57:35,0.41,Partially cloudy,Partly cloudy throughout the day.,partly-cloudy-day,65201099999
Lagos,2006-02-11,29.7,28.1,28.9,36.9,33.5,35.2,26,84.5,0,0,0,,,,,29.5,240,,90,9,,,,,2006-02-11T07:03:44,2006-02-11T18:57:44,0.44,Partially cloudy,Clearing in the afternoon.,partly-cloudy-day,65201099999
Lagos,2006-02-12,31.1,26.6,28.6,39.3,26.6,33.5,26.2,87.3,2,100,4.17,rain,,,,25.9,211.9,1011.4,90,7.3,,,,,2006-02-12T07:03:34,2006-02-12T18:57:53,0.47,"Rain, Partially cloudy",Partly cloudy throughout the day with afternoon rain.,rain,65201099999
Lagos,2006-02-13,30.1,30.1,30.1,36.3,36.3,36.3,25.1,74.6,0,0,0,,,,,16.6,270,1010.8,90,11,,,,,2006-02-13T07:03:24,2006-02-13T18:58:02,0.5,Partially cloudy,Clearing in the afternoon.,partly-cloudy-day,65201099999
Lagos,2006-02-14,27.1,25.2,26.2,31.4,25.2,28.3,24.9,92.6,2,100,4.17,rain,,,,18.4,270,,90,5.5,,,,,2006-02-14T07:03:13,2006-02-14T18:58:09,0.54,"Rain, Partially cloudy",Clearing in the afternoon with late afternoon rain.,rain,65201099999
Lagos,2006-02-15,,,,,,,,,,,0,,,,,0,,,,,,,,,2006-02-15T07:03:00,2006-02-15T18:58:16,0.58,,,,
Lagos,2006-02-16,34.1,25.6,30.5,43.7,25.6,36,25.5,76.5,0,0,0,,,,,33.5,214.5,1007.4,90,9,,,,,2006-02-16T07:02:48,2006-02-16T18:58:22,0.61,Partially cloudy,Partly cloudy throughout the day.,partly-cloudy-day,65201099999
Lagos,2006-02-17,34.7,27.1,31,43.1,31.4,37.8,25.6,74.8,0,0,0,,,,,33.5,260,1009.8,90,10.8,,,,,2006-02-17T07:02:34,2006-02-17T18:58:28,0.64,Partially cloudy,Partly cloudy throughout the day.,partly-cloudy-day,65201099999
Lagos,2006-02-18,34.6,34.6,34.6,41.4,41.4,41.4,24.1,54.5,0,0,0,,,,,0,,,90,6,,,,,2006-02-18T07:02:19,2006-02-18T18:58:33,0.68,Partially cloudy,Becoming cloudy in the afternoon.,partly-cloudy-day,65201099999
Lagos,2006-02-19,,,,,,,,,,,0,,,,,0,,,,,,,,,2006-02-19T07:02:04,2006-02-19T18:58:37,0.71,,,,
Lagos,2006-02-20,33.1,26.7,30.7,39.9,26.7,36.5,25.3,73.9,0,0,0,,,,,33.5,220.8,1007.6,90,7.6,,,,,2006-02-20T07:01:48,2006-02-20T18:58:40,0.74,Partially cloudy,Partly cloudy throughout the day.,partly-cloudy-day,65201099999
Lagos,2006-02-21,32.1,28.1,30.6,39.3,33.7,37.2,25.4,74.3,0,0,0,,,,,33.5,213.6,1009.9,90,7.9,,,,,2006-02-21T07:01:31,2006-02-21T18:58:44,0.75,Partially cloudy,Partly cloudy throughout the day.,partly-cloudy-day,65201099999
Lagos,2006-02-22,32.1,27.1,29.8,39.3,31.4,35.7,25.4,78.2,0,0,0,,,,,24.1,217.5,1012.2,82.5,9.4,,,,,2006-02-22T07:01:14,2006-02-22T18:58:46,0.81,Partially cloudy,Partly cloudy throughout the day.,partly-cloudy-day,65201099999
Lagos,2006-02-23,33.4,25.1,28.8,38.4,25.1,32.4,24.2,78.1,0,0,0,,,,,33.5,226.9,1010.8,90,7.5,,,,,2006-02-23T07:00:56,2006-02-23T18:58:48,0.85,Partially cloudy,Partly cloudy throughout the day.,partly-cloudy-day,65201099999
Lagos,2006-02-24,34.1,26.4,31,42.3,26.4,37.2,25.4,73.3,0,0,0,,,,,37.1,254,1009.8,90,8.6,,,,,2006-02-24T07:00:37,2006-02-24T18:58:49,0.88,Partially cloudy,Partly cloudy throughout the day.,partly-cloudy-day,65201099999
Lagos,2006-02-25,,,,,,,,,,,0,,,,,0,,,,,,,,,2006-02-25T07:00:17,2006-02-25T18:58:50,0.91,,,,
Lagos,2006-02-26,33.4,30.7,32.1,41.6,38.3,40,25.7,69.3,0,0,0,,,,,25.9,233.9,,90,11,,,,,2006-02-26T06:59:57,2006-02-26T18:58:50,0.95,Partially cloudy,Partly cloudy throughout the day.,partly-cloudy-day,65201099999
Lagos,2006-02-27,34.2,29.1,32.3,42.4,35.2,39.8,25.3,66.8,0,0,0,,,,,33.5,216,1008.1,90,10.8,,,,,2006-02-27T06:59:37,2006-02-27T18:58:50,0.98,Partially cloudy,Becoming cloudy in the afternoon.,partly-cloudy-day,65201099999
Lagos,2006-02-28,34.2,29.1,31.4,39.5,34.7,36.7,24,65.9,0,0,0,,,,,33.5,239.5,1010.2,90,10.2,,,,,2006-02-28T06:59:15,2006-02-28T18:58:49,0,Partially cloudy,Partly cloudy throughout the day.,partly-cloudy-day,65201099999
Lagos,2006-03-01,34.1,28.1,31.7,40.7,33.7,38.2,24.9,68.6,0,0,0,,,,,37.1,246.1,1009,90,10.7,,,,,2006-03-01T06:58:54,2006-03-01T18:58:48,0.05,Partially cloudy,Partly cloudy throughout the day.,partly-cloudy-day,65201099999
Lagos,2006-03-02,32.7,23.2,28,39.6,23.2,31.7,23.7,78.6,11.9,100,4.17,rain,,,,42.5,262,,90,10.7,,,,,2006-03-02T06:58:31,2006-03-02T18:58:46,0.08,"Rain, Partially cloudy",Partly cloudy throughout the day with morning rain.,rain,65201099999
Lagos,2006-03-03,32.1,29.1,30.8,40.8,37.1,39.1,26.5,78.3,0,0,0,,,,,33.5,264.6,1011.9,86.7,10,,,,,2006-03-03T06:58:08,2006-03-03T18:58:44,0.11,Partially cloudy,Partly cloudy throughout the day.,partly-cloudy-day,65201099999
Lagos,2006-03-04,34.1,27.1,30.3,40.7,31.3,36.5,25.3,76,0,0,0,,,,,37.1,225.5,1011.1,88.6,10,,,,,2006-03-04T06:57:45,2006-03-04T18:58:42,0.15,Partially cloudy,Partly cloudy throughout the day.,partly-cloudy-day,65201099999
Lagos,2006-03-05,35.1,26.1,31.4,42,26.1,36.7,24.8,69.7,0,0,0,,,,,18.4,239.2,1011.1,90,10.5,,,,,2006-03-05T06:57:21,2006-03-05T18:58:39,0.18,Partially cloudy,Partly cloudy throughout the day.,partly-cloudy-day,65201099999
Lagos,2006-03-06,34.1,27.1,30,41.4,31.4,36.1,25.6,78.5,0,0,0,,,,,38.9,223.5,1010.8,90,9.5,,,,,2006-03-06T06:56:57,2006-03-06T18:58:35,0.25,Partially cloudy,Partly cloudy throughout the day.,partly-cloudy-day,65201099999
Lagos,2006-03-07,34.4,24.6,31.5,43.7,24.6,37.6,24.7,68.6,0,0,0,,,,,24.1,251.5,1010.3,90,10.2,,,,,2006-03-07T06:56:32,2006-03-07T18:58:32,0.25,Partially cloudy,Partly cloudy throughout the day.,partly-cloudy-day,65201099999
Lagos,2006-03-08,31.7,26.1,29,39.5,26.1,34.2,25.3,81,0,0,0,,,,,22.3,330,1010.3,80,7.8,,,,,2006-03-08T06:56:07,2006-03-08T18:58:28,0.28,Partially cloudy,Partly cloudy throughout the day.,partly-cloudy-day,65201099999
Lagos,2006-03-09,30.2,24.6,27,36.6,24.6,29.9,24.6,87.5,0,0,0,,,,,18.4,167.7,1009.7,90,5.2,,,,,2006-03-09T06:55:41,2006-03-09T18:58:23,0.32,Partially cloudy,Partly cloudy throughout the day.,partly-cloudy-day,65201099999
Lagos,2006-03-10,33.1,28.1,30.7,39.4,31.8,36.1,24.3,69.9,0,0,0,,,,,29.5,280.8,1010.2,90,10,,,,,2006-03-10T06:55:15,2006-03-10T18:58:18,0.35,Partially cloudy,Partly cloudy throughout the day.,partly-cloudy-day,65201099999
Lagos,2006-03-11,34.1,25.7,30.7,40.7,25.7,36,24.9,72.6,30.5,100,4.17,rain,,,,20.5,257.4,1011.4,90,8.2,,,,,2006-03-11T06:54:49,2006-03-11T18:58:13,0.38,"Rain, Partially cloudy",Partly cloudy throughout the day with afternoon rain.,rain,65201099999
Lagos,2006-03-12,34.1,30.6,32.7,42.1,39.2,40.6,25.4,66.2,0,0,0,,,,,37.1,248.1,1009.1,90,6.8,,,,,2006-03-12T06:54:22,2006-03-12T18:58:08,0.42,Partially cloudy,Partly cloudy throughout the day.,partly-cloudy-day,65201099999
Lagos,2006-03-13,31.9,29.1,30.2,39.5,35.8,37.5,26,78.3,0,0,0,,,,,33.5,261.7,1010.2,90,6.3,,,,,2006-03-13T06:53:55,2006-03-13T18:58:02,0.45,Partially cloudy,Partly cloudy throughout the day.,partly-cloudy-day,65201099999
Lagos,2006-03-14,32.9,29.7,30.8,41.2,35.2,37.7,25.4,73.2,0,0,0,,,,,35.3,245.1,1012.9,90,6.3,,,,,2006-03-14T06:53:28,2006-03-14T18:57:56,0.48,Partially cloudy,Partly cloudy throughout the day.,partly-cloudy-day,65201099999
Lagos,2006-03-15,32.2,23.1,28.6,36.9,23.1,31.5,23,73.7,0,0,0,,,,,22.3,240.7,1009.1,90,9,,,,,2006-03-15T06:53:00,2006-03-15T18:57:50,0.5,Partially cloudy,Partly cloudy throughout the day.,partly-cloudy-day,65201099999
Lagos,2006-03-16,34.1,29.1,32.3,43.7,34.5,40.5,25.7,68.7,0,0,0,,,,,31.3,254.4,1008.8,90,7.6,,,,,2006-03-16T06:52:33,2006-03-16T18:57:44,0.55,Partially cloudy,Partly cloudy throughout the day.,partly-cloudy-day,65201099999
Lagos,2006-03-17,33.1,23.1,28.2,42.3,23.1,32.3,24.3,80.5,22.1,100,4.17,rain,,,,29.5,278.1,1009.3,90,9.6,,,,,2006-03-17T06:52:05,2006-03-17T18:57:37,0.59,"Rain, Partially cloudy",Partly cloudy throughout the day with morning rain.,rain,65201099999
Lagos,2006-03-18,33.1,27.1,30.4,42.3,31.4,37.7,26,78.1,50.3,100,4.17,rain,,,,35.3,241.3,1009.1,90,9,,,,,2006-03-18T06:51:37,2006-03-18T18:57:31,0.62,"Rain, Partially cloudy",Partly cloudy throughout the day with afternoon rain.,rain,65201099999
Lagos,2006-03-19,32.1,26.1,29.5,39.3,26.1,34.4,25.1,78.1,0,0,0,,,,,27.7,242.5,1010,90,11.5,,,,,2006-03-19T06:51:08,2006-03-19T18:57:24,0.65,Partially cloudy,Clearing in the afternoon.,partly-cloudy-day,65201099999
Lagos,2006-03-20,33.1,27.1,30.1,39.4,30.2,35.8,24.7,73.4,0,0,0,,,,,27.7,261.4,1009.4,82,10.4,,,,,2006-03-20T06:50:40,2006-03-20T18:57:17,0.69,Partially cloudy,Partly cloudy throughout the day.,partly-cloudy-day,65201099999
Lagos,2006-03-21,33.6,26.2,29.4,40.2,26.2,34.2,24.8,77.4,0,0,0,,,,,33.5,265.1,1010.2,90,11,,,,,2006-03-21T06:50:11,2006-03-21T18:57:10,0.72,Partially cloudy,Partly cloudy throughout the day.,partly-cloudy-day,65201099999
Lagos,2006-03-22,28.7,23.1,25.7,33.1,23.1,27.6,23.3,87,0,0,0,,,,,33.5,292.3,1011.3,94.3,9.9,,,,,2006-03-22T06:49:43,2006-03-22T18:57:02,0.75,Overcast,Cloudy skies throughout the day.,cloudy,65201099999
Lagos,2006-03-23,32.6,22.9,29,40.9,22.9,34.3,24.9,79.2,17,100,4.17,rain,,,,25.9,215,1010,86.4,10.1,,,,,2006-03-23T06:49:14,2006-03-23T18:56:55,0.79,"Rain, Partially cloudy",Partly cloudy throughout the day with morning rain.,rain,65201099999
Lagos,2006-03-24,32.6,24.7,29,40.5,24.7,33.6,25.1,80.6,0,0,0,,,,,29.5,233.6,1009.7,85.7,11.6,,,,,2006-03-24T06:48:45,2006-03-24T18:56:48,0.83,Partially cloudy,Partly cloudy throughout the day.,partly-cloudy-day,65201099999
Lagos,2006-03-25,33.2,30.1,31.7,40.2,36.3,38.3,24.8,67.3,0,0,0,,,,,37.1,241.3,1009.1,90,11.2,,,,,2006-03-25T06:48:16,2006-03-25T18:56:40,0.86,Partially cloudy,Partly cloudy throughout the day.,partly-cloudy-day,65201099999
Lagos,2006-03-26,33.2,28.1,30.3,41.6,33.7,37.4,25.9,78.2,60.5,100,4.17,rain,,,,31.3,239.6,1009.1,90,11,,,,,2006-03-26T06:47:47,2006-03-26T18:56:33,0.9,"Rain, Partially cloudy",Partly cloudy throughout the day with rain in the morning and afternoon.,rain,65201099999
Lagos,2006-03-27,32.7,26.1,28.8,41.1,26.1,33.4,25.2,81.7,0,0,0,,,,,18.4,254.2,1011.3,90,8.6,,,,,2006-03-27T06:47:19,2006-03-27T18:56:26,0.93,Partially cloudy,Partly cloudy throughout the day.,partly-cloudy-day,65201099999
Lagos,2006-03-28,33.2,29.1,30.5,40.3,34.8,37,25.4,75,0,0,0,,,,,35.3,246.1,,90,10,,,,,2006-03-28T06:46:50,2006-03-28T18:56:18,0.97,Partially cloudy,Partly cloudy throughout the day.,partly-cloudy-day,65201099999
Lagos,2006-03-29,33.4,29.1,30.5,39.8,35.8,37,25.3,74.3,0,0,0,,,,,27.7,245.4,1010.8,90,9.5,,,,,2006-03-29T06:46:21,2006-03-29T18:56:11,0,Partially cloudy,Partly cloudy throughout the day.,partly-cloudy-day,65201099999
Lagos,2006-03-30,33.6,25.1,30.3,41.9,25.1,36.5,25.5,76.6,0,0,0,,,,,24.1,239.3,1011.9,88.3,7.7,,,,,2006-03-30T06:45:52,2006-03-30T18:56:03,0.03,Partially cloudy,Partly cloudy throughout the day.,partly-cloudy-day,65201099999
Lagos,2006-03-31,32.1,27.1,29.4,40.8,31.4,35.4,25.6,80.4,0,0,0,,,,,18.4,270,1008.1,90,9.3,,,,,2006-03-31T06:45:24,2006-03-31T18:55:56,0.07,Partially cloudy,Partly cloudy throughout the day.,partly-cloudy-day,65201099999
Lagos,2006-04-01,34.1,26.1,31.2,45.5,26.1,39.3,26.5,77.2,0,0,0,,,,,33.5,255.5,1008.1,90,9.4,,,,,2006-04-01T06:44:55,2006-04-01T18:55:49,0.1,Partially cloudy,Partly cloudy throughout the day.,partly-cloudy-day,65201099999
Lagos,2006-04-02,34.1,26.6,30.8,44,26.6,38.3,26.6,79.8,0,0,0,,,,,33.5,239.5,1010.2,90,7,,,,,2006-04-02T06:44:27,2006-04-02T18:55:42,0.13,Partially cloudy,Partly cloudy throughout the day.,partly-cloudy-day,65201099999
Lagos,2006-04-03,34.1,27.1,32.1,43.7,31.4,39.9,25.8,70.6,0,0,0,,,,,33.5,249.7,1010.2,90,10.3,,,,,2006-04-03T06:43:58,2006-04-03T18:55:35,0.16,Partially cloudy,Partly cloudy throughout the day.,partly-cloudy-day,65201099999
Lagos,2006-04-04,34.1,27.4,31,42.1,32.3,37.8,25.5,74.1,0,0,0,,,,,33.5,247.8,1010.1,90,10.6,,,,,2006-04-04T06:43:30,2006-04-04T18:55:28,0.2,Partially cloudy,Partly cloudy throughout the day.,partly-cloudy-day,65201099999
Lagos,2006-04-05,33.1,28.2,31.3,44.3,33.7,39.3,26,74,0,0,0,,,,,33.5,248,1008.3,90,11,,,,,2006-04-05T06:43:02,2006-04-05T18:55:21,0.25,Partially cloudy,Partly cloudy throughout the day.,partly-cloudy-day,65201099999
Lagos,2006-04-06,33.4,27.1,30.6,42.4,30.8,37.5,25.6,75.4,0,0,0,,,,,35.3,247,1009.7,90,10.4,,,,,2006-04-06T06:42:35,2006-04-06T18:55:15,0.26,Partially cloudy,Partly cloudy throughout the day.,partly-cloudy-day,65201099999
Lagos,2006-04-07,34.2,26.2,32,43.7,26.2,39.9,25.9,71.3,0,0,0,,,,,37.1,231.4,1009.5,89,10.1,,,,,2006-04-07T06:42:07,2006-04-07T18:55:08,0.3,Partially cloudy,Partly cloudy throughout the day.,partly-cloudy-day,65201099999
Lagos,2006-04-08,34.1,28.1,31.4,43.7,33.7,39.1,25.8,73.1,0,0,0,,,,,33.5,242.5,1008.3,90,10.8,,,,,2006-04-08T06:41:40,2006-04-08T18:55:02,0.33,Partially cloudy,Partly cloudy throughout the day.,partly-cloudy-day,65201099999
Lagos,2006-04-09,34.1,27.2,31.6,42.3,31.5,39.2,25.7,71.8,0,0,0,,,,,33.5,240.8,1006.2,80,10.1,,,,,2006-04-09T06:41:13,2006-04-09T18:54:56,0.36,Partially cloudy,Partly cloudy throughout the day.,partly-cloudy-day,65201099999
Lagos,2006-04-10,33.7,26.9,30.8,42.8,30.7,38.2,26.1,76.9,0,0,0,,,,,44.3,248.9,1005.9,90,10,,,,,2006-04-10T06:40:47,2006-04-10T18:54:50,0.39,Partially cloudy,Partly cloudy throughout the day.,partly-cloudy-day,65201099999
Lagos,2006-04-11,35.1,28.1,33.3,43.7,33.7,41,25.3,64.1,0,0,0,,,,,35.3,254.1,1007.9,90,11,,,,,2006-04-11T06:40:20,2006-04-11T18:54:45,0.43,Partially cloudy,Partly cloudy throughout the day.,partly-cloudy-day,65201099999
Lagos,2006-04-12,35.1,27.7,31.2,43.5,32.8,38.6,25.8,74.3,0,0,0,,,,,46.4,263.1,1007.8,90,9.4,,,,,2006-04-12T06:39:54,2006-04-12T18:54:40,0.46,Partially cloudy,Partly cloudy throughout the day.,partly-cloudy-day,65201099999
Lagos,2006-04-13,34.1,27.2,31.5,42.1,31.5,38.8,25.6,71.7,0,0,0,,,,,37.1,245.5,1007.1,90,10.1,,,,,2006-04-13T06:39:29,2006-04-13T18:54:35,0.5,Partially cloudy,Partly cloudy throughout the day.,partly-cloudy-day,65201099999
Lagos,2006-04-14,35.1,27.1,31.4,43.5,31.5,38.5,25.6,72.7,0,0,0,,,,,35.3,244.8,1007.4,87.3,10.5,,,,,2006-04-14T06:39:03,2006-04-14T18:54:30,0.53,Partially cloudy,Partly cloudy throughout the day.,partly-cloudy-day,65201099999
Lagos,2006-04-15,34.7,27.4,30.7,43.7,31.8,37.9,25.8,76,0,0,0,,,,,33.5,255.8,1009.7,88,10.3,,,,,2006-04-15T06:38:39,2006-04-15T18:54:25,0.56,Partially cloudy,Partly cloudy throughout the day.,partly-cloudy-day,65201099999
Lagos,2006-04-16,35.1,28.1,32.5,43.7,34.7,40.3,25.5,67.7,0,0,0,,,,,44.3,243.8,1010,90,11,,,,,2006-04-16T06:38:14,2006-04-16T18:54:21,0.6,Partially cloudy,Partly cloudy throughout the day.,partly-cloudy-day,65201099999
Lagos,2006-04-17,33.1,23.6,30.3,41.1,23.6,36.7,25.1,74.3,1,100,4.17,rain,,,,35.3,244.9,1007.5,88.8,10.4,,,,,2006-04-17T06:37:50,2006-04-17T18:54:18,0.63,"Rain, Partially cloudy",Partly cloudy throughout the day with morning rain.,rain,65201099999
Lagos,2006-04-18,34.1,26.2,30.9,42.1,26.2,36.5,25.1,72.9,0,0,0,,,,,33.5,232,1009.1,86,10.8,,,,,2006-04-18T06:37:26,2006-04-18T18:54:14,0.67,Partially cloudy,Partly cloudy throughout the day.,partly-cloudy-day,65201099999
Lagos,2006-04-19,31.1,28.1,29.8,39.3,33.7,37.3,26.4,82.3,2,100,4.17,rain,,,,27.7,268.8,1010.4,90,8.9,,,,,2006-04-19T06:37:03,2006-04-19T18:54:11,0.7,"Rain, Partially cloudy",Partly cloudy throughout the day with afternoon rain.,rain,65201099999
Lagos,2006-04-20,34.1,28.9,31.5,42.1,35.2,38.7,25.4,70.6,0,0,0,,,,,37.1,244,1010.7,90,11.1,,,,,2006-04-20T06:36:40,2006-04-20T18:54:08,0.74,Partially cloudy,Partly cloudy throughout the day.,partly-cloudy-day,65201099999
Lagos,2006-04-21,32.1,25.1,28.4,40.8,25.1,33.2,25.4,84.6,0,0,0,,,,,27.7,280,1011.9,90,9.3,,,,,2006-04-21T06:36:18,2006-04-21T18:54:06,0.75,Partially cloudy,Partly cloudy throughout the day.,partly-cloudy-day,65201099999
Lagos,2006-04-22,32.1,25.9,30.4,39.3,25.9,36.1,25.3,75.1,0,0,0,,,,,25.9,243.2,1011.2,90,9.8,,,,,2006-04-22T06:35:56,2006-04-22T18:54:04,0.81,Partially cloudy,Partly cloudy throughout the day.,partly-cloudy-day,65201099999
Lagos,2006-04-23,34.1,29.9,32.3,43.7,36,40.2,25.5,67.7,0,0,0,,,,,37.1,250,1009.1,90,11.4,,,,,2006-04-23T06:35:35,2006-04-23T18:54:02,0.85,Partially cloudy,Becoming cloudy in the afternoon.,partly-cloudy-day,65201099999
Lagos,2006-04-24,31.1,26.1,28.5,40.8,26.1,34,25.6,84.6,0,0,0,,,,,37.1,260,1010.9,90,10,,,,,2006-04-24T06:35:15,2006-04-24T18:54:01,0.88,Partially cloudy,Partly cloudy throughout the day.,partly-cloudy-day,65201099999
Lagos,2006-04-25,,,,,,,,,,,0,,,,,0,,,,,,,,,2006-04-25T06:34:54,2006-04-25T18:54:00,0.92,,,,
Lagos,2006-04-26,31.1,23.6,26.5,39.3,23.6,28.5,25,92.3,0,0,0,,,,,0,,1010.2,90,4.3,,,,,2006-04-26T06:34:35,2006-04-26T18:54:00,0.95,Partially cloudy,Partly cloudy throughout the day.,partly-cloudy-day,65201099999
Lagos,2006-04-27,32.4,29.1,30.8,40.9,37,39,26.3,76.9,0,0,0,,,,,35.3,259.9,1009.7,90,10.4,,,,,2006-04-27T06:34:16,2006-04-27T18:53:59,0,Partially cloudy,Partly cloudy throughout the day.,partly-cloudy-day,65201099999
Lagos,2006-04-28,32.6,25.9,28.8,42,25.9,34.4,26.1,86.3,0,0,0,,,,,24.1,258.2,1007.8,90,8.5,,,,,2006-04-28T06:33:57,2006-04-28T18:54:00,0.02,Partially cloudy,Partly cloudy throughout the day.,partly-cloudy-day,65201099999
Lagos,2006-04-29,33.7,26.1,29.1,42.3,26.1,34.1,25.5,81.7,60.5,100,4.17,rain,,,,40.7,260.5,1009.7,90,12.2,,,,,2006-04-29T06:33:39,2006-04-29T18:54:01,0.05,"Rain, Partially cloudy",Partly cloudy throughout the day with afternoon rain.,rain,65201099999
Lagos,2006-04-30,32.1,26.1,30,39.3,26.1,35.5,25.1,75.8,0,0,0,,,,,33.5,243.8,1008.7,90,10.6,,,,,2006-04-30T06:33:22,2006-04-30T18:54:02,0.09,Partially cloudy,Partly cloudy throughout the day.,partly-cloudy-day,65201099999
Lagos,2006-05-01,30.1,25.7,28,37.6,25.7,33.1,26.1,89.8,0,0,0,,,,,24.1,256.2,1010.8,90,9.8,,,,,2006-05-01T06:33:06,2006-05-01T18:54:04,0.12,Partially cloudy,Clearing in the afternoon.,partly-cloudy-day,65201099999
Lagos,2006-05-02,32.1,24.9,28.9,39.3,24.9,33.7,25.4,82.5,2,100,4.17,rain,,,,33.5,231.6,1011,91.7,9.7,,,,,2006-05-02T06:32:50,2006-05-02T18:54:06,0.15,"Rain, Overcast",Cloudy skies throughout the day with late afternoon rain.,rain,65201099999
Lagos,2006-05-03,34.1,24.1,30.7,43.7,24.1,37.8,25.9,76.9,0,0,0,,,,,35.3,256.4,1010.9,90,8.9,,,,,2006-05-03T06:32:34,2006-05-03T18:54:08,0.18,Partially cloudy,Partly cloudy throughout the day.,partly-cloudy-day,65201099999
Lagos,2006-05-04,35.1,26.9,31.1,43.7,30.7,38.6,26.1,76.5,0,0,0,,,,,35.3,247.3,1010.2,88.9,10.7,,,,,2006-05-04T06:32:19,2006-05-04T18:54:11,0.21,Partially cloudy,Partly cloudy throughout the day.,partly-cloudy-day,65201099999
Lagos,2006-05-05,34.7,28.1,32,42.3,34.7,39.6,25.5,69.3,0,0,0,,,,,46.4,252.5,1008.5,90,10.8,,,,,2006-05-05T06:32:05,2006-05-05T18:54:15,0.25,Partially cloudy,Partly cloudy throughout the day.,partly-cloudy-day,65201099999
Lagos,2006-05-06,35.1,27.1,31.4,45.1,31.2,39.4,26.1,74.3,0,0,0,,,,,31.3,246.4,1010.4,90,10.1,,,,,2006-05-06T06:31:52,2006-05-06T18:54:19,0.28,Partially cloudy,Partly cloudy throughout the day.,partly-cloudy-day,65201099999
Lagos,2006-05-07,34.1,23.4,29.7,44.2,23.4,36.2,25.9,81.2,36.1,100,4.17,rain,,,,83.2,117.5,1010,91,8.9,,,,,2006-05-07T06:31:39,2006-05-07T18:54:23,0.31,"Rain, Overcast",Cloudy skies throughout the day with late afternoon rain.,rain,65201099999
Lagos,2006-05-08,32.7,23.1,29.7,41.4,23.1,35.4,25.1,77.4,0,0,0,,,,,31.3,244.6,1009.3,90,10.8,,,,,2006-05-08T06:31:27,2006-05-08T18:54:28,0.34,Partially cloudy,Partly cloudy throughout the day.,partly-cloudy-day,65201099999
Lagos,2006-05-09,33.1,25.7,29.9,42.3,25.7,35.8,25.7,79.5,0,0,0,,,,,31.3,239.4,1009.2,83.1,10.8,,,,,2006-05-09T06:31:16,2006-05-09T18:54:33,0.38,Partially cloudy,Partly cloudy throughout the day.,partly-cloudy-day,65201099999
Lagos,2006-05-10,27.1,22.1,24.7,30.8,22.1,25.6,23.5,92.9,31,100,4.17,rain,,,,33.5,61.8,1010.8,90,6.8,,,,,2006-05-10T06:31:05,2006-05-10T18:54:39,0.41,"Rain, Partially cloudy",Partly cloudy throughout the day with late afternoon rain.,rain,65201099999
Lagos,2006-05-11,33.1,24.9,30.2,42.3,24.9,35.8,24.8,73.9,1,100,4.17,rain,,,,22.3,232.9,1009.7,90,10.1,,,,,2006-05-11T06:30:55,2006-05-11T18:54:45,0.44,"Rain, Partially cloudy",Partly cloudy throughout the day with morning rain.,rain,65201099999
Lagos,2006-05-12,32.1,26.6,29.9,40.8,26.6,36.5,26,80.3,0,0,0,,,,,37.1,239.7,1011.2,90,9.6,,,,,2006-05-12T06:30:46,2006-05-12T18:54:52,0.47,Partially cloudy,Partly cloudy throughout the day.,partly-cloudy-day,65201099999
Lagos,2006-05-13,28.1,22.9,25.3,33.7,22.9,26.7,24.4,94.9,0,0,0,,,,,27.7,69.2,1012.4,91.4,6.3,,,,,2006-05-13T06:30:37,2006-05-13T18:54:59,0.5,Overcast,Cloudy skies throughout the day.,cloudy,65201099999
Lagos,2006-05-14,32.1,23.2,28.6,39.3,23.2,32.8,24.5,79.6,0,0,0,,,,,33.5,234,1011.9,83.8,9.8,,,,,2006-05-14T06:30:30,2006-05-14T18:55:06,0.54,Partially cloudy,Partly cloudy throughout the day.,partly-cloudy-day,65201099999
Lagos,2006-05-15,30.1,27.2,28.5,36.3,30.5,33.6,25.1,82.1,0,0,0,,,,,37.1,221.5,1011,91.7,10.4,,,,,2006-05-15T06:30:22,2006-05-15T18:55:14,0.58,Overcast,Cloudy skies throughout the day.,cloudy,65201099999
Lagos,2006-05-16,27.1,24.1,25.4,30.8,24.1,25.7,24.5,94.9,7.1,100,8.33,rain,,,,18.4,294.7,1012.3,92.7,6.5,,,,,2006-05-16T06:30:16,2006-05-16T18:55:22,0.61,"Rain, Overcast",Cloudy skies throughout the day with rain.,rain,65201099999
Lagos,2006-05-17,32.1,24.1,28.3,40.8,24.1,32.9,25.1,83.4,0,0,0,,,,,24.1,142.6,1012.4,92.5,8.1,,,,,2006-05-17T06:30:10,2006-05-17T18:55:31,0.65,Overcast,Cloudy skies throughout the day.,cloudy,65201099999
Lagos,2006-05-18,30.1,26.1,28.5,36.3,26.1,32.9,24.6,79.5,0,0,0,,,,,33.5,260.7,1012,90,9.7,,,,,2006-05-18T06:30:05,2006-05-18T18:55:40,0.69,Partially cloudy,Partly cloudy throughout the day.,partly-cloudy-day,65201099999
Lagos,2006-05-19,29.1,25.7,27.4,35.8,25.7,30.3,25.2,87.9,0,0,0,,,,,27.7,242.8,1011.6,90,9.9,,,,,2006-05-19T06:30:01,2006-05-19T18:55:50,0.72,Partially cloudy,Partly cloudy throughout the day.,partly-cloudy-day,65201099999
Lagos,2006-05-20,25.1,23.7,24.4,25.1,23.7,24.4,24.1,98.4,16,100,4.17,rain,,,,22.3,220.5,1011.4,87,6.1,,,,,2006-05-20T06:29:57,2006-05-20T18:56:00,0.75,"Rain, Partially cloudy",Partly cloudy throughout the day with morning rain.,rain,65201099999
Lagos,2006-05-21,31.1,22.7,27.7,37.4,22.7,31.2,24.6,84.5,50,100,8.33,rain,,,,29.5,225.7,1011.5,90,9.8,,,,,2006-05-21T06:29:54,2006-05-21T18:56:10,0.79,"Rain, Partially cloudy",Partly cloudy throughout the day with rain clearing later.,rain,65201099999
Lagos,2006-05-22,32.1,24.9,29.3,39.3,24.9,34.5,25.2,79.3,0,0,0,,,,,33.5,234.4,1012.9,90,10.1,,,,,2006-05-22T06:29:52,2006-05-22T18:56:20,0.83,Partially cloudy,Partly cloudy throughout the day.,partly-cloudy-day,65201099999
Lagos,2006-05-23,30.1,22.9,26.8,37.6,22.9,29.5,24.2,86.3,0,0,0,,,,,27.7,143.6,1012.5,90,9.6,,,,,2006-05-23T06:29:51,2006-05-23T18:56:31,0.86,Partially cloudy,Partly cloudy throughout the day.,partly-cloudy-day,65201099999
Lagos,2006-05-24,31.1,24.9,28,37.9,24.9,31.9,25.1,84.9,271.5,100,8.33,rain,,,,31.3,238.9,1012.7,90,7.9,,,,,2006-05-24T06:29:50,2006-05-24T18:56:43,0.9,"Rain, Partially cloudy",Partly cloudy throughout the day with morning rain.,rain,65201099999
Lagos,2006-05-25,31.1,26.7,29,36.7,26.7,32.8,24,74.8,0,0,0,,,,,29.5,217.9,1011.1,90,10.5,,,,,2006-05-25T06:29:50,2006-05-25T18:56:54,0.94,Partially cloudy,Partly cloudy throughout the day.,partly-cloudy-day,65201099999
Lagos,2006-05-26,32.1,24.9,28.7,38,24.9,33.3,24.9,80.5,0,0,0,,,,,31.3,233.2,1011.9,86.9,9.5,,,,,2006-05-26T06:29:50,2006-05-26T18:57:06,0.97,Partially cloudy,Partly cloudy throughout the day.,partly-cloudy-day,65201099999
Lagos,2006-05-27,29.2,24.9,28.2,35.8,24.9,33.1,25.4,84.7,230.2,100,4.17,rain,,,,27.7,221.3,1012.7,90,9.7,,,,,2006-05-27T06:29:51,2006-05-27T18:57:19,0,"Rain, Partially cloudy",Partly cloudy throughout the day with late afternoon rain.,rain,65201099999
Lagos,2006-05-28,25.4,22.1,24,25.4,22.1,24,23.5,97.2,15,100,4.17,rain,,,,22.3,188,1013.3,90,6.5,,,,,2006-05-28T06:29:53,2006-05-28T18:57:31,0.04,"Rain, Partially cloudy",Partly cloudy throughout the day with afternoon rain.,rain,65201099999
Lagos,2006-05-29,31.1,23.1,28,37.9,23.1,32,24.6,82.8,0,0,0,,,,,29.5,215,1011.7,89.3,9.6,,,,,2006-05-29T06:29:56,2006-05-29T18:57:44,0.07,Partially cloudy,Partly cloudy throughout the day.,partly-cloudy-day,65201099999
Lagos,2006-05-30,31.1,22.1,25.5,37.9,22.1,27.4,23.9,92.1,54.1,100,4.17,rain,,,,50,211.6,1012.3,81.7,6.8,,,,,2006-05-30T06:29:59,2006-05-30T18:57:57,0.1,"Rain, Partially cloudy",Partly cloudy throughout the day with late afternoon rain.,rain,65201099999
Lagos,2006-05-31,31.1,22.1,26.6,37.9,22.1,28.9,23.9,86.5,0,0,0,,,,,22.3,90.5,1011.7,90,8.5,,,,,2006-05-31T06:30:02,2006-05-31T18:58:10,0.14,Partially cloudy,Partly cloudy throughout the day.,partly-cloudy-day,65201099999
Lagos,2006-06-01,32.1,24.1,29.4,40.5,24.1,35.4,25.3,78.8,0,0,0,,,,,29.5,237.9,1011.6,90,9.5,,,,,2006-06-01T06:30:07,2006-06-01T18:58:24,0.17,Partially cloudy,Partly cloudy throughout the day.,partly-cloudy-day,65201099999
Lagos,2006-06-02,33.1,24.9,29.5,40.8,24.9,35.3,25.6,80.4,0,0,0,,,,,33.5,243.6,1011.7,89.1,9.5,,,,,2006-06-02T06:30:12,2006-06-02T18:58:38,0.2,Partially cloudy,Partly cloudy throughout the day.,partly-cloudy-day,65201099999
Lagos,2006-06-03,27.6,22.9,26,32.4,22.9,27.8,24,89.1,6.1,100,4.17,rain,,,,22.3,258.4,1010.3,89.2,9.4,,,,,2006-06-03T06:30:17,2006-06-03T18:58:51,0.23,"Rain, Partially cloudy",Partly cloudy throughout the day with morning rain.,rain,65201099999
Lagos,2006-06-04,31.1,23.9,27.4,37.9,23.9,30.4,24.6,85.6,0,0,0,,,,,29.5,233.4,1011,90,8.9,,,,,2006-06-04T06:30:23,2006-06-04T18:59:05,0.25,Partially cloudy,Partly cloudy throughout the day.,partly-cloudy-day,65201099999
Lagos,2006-06-05,29.2,25.4,27.6,36.1,25.4,31.6,25.6,89,2,100,4.17,rain,,,,13,228.5,1011.9,90,7.9,,,,,2006-06-05T06:30:30,2006-06-05T18:59:20,0.3,"Rain, Partially cloudy",Partly cloudy throughout the day with afternoon rain.,rain,65201099999
Lagos,2006-06-06,32.1,24.1,29.2,40.8,24.1,34.2,25,79,0,0,0,,,,,27.7,236.7,1010.9,90,8.4,,,,,2006-06-06T06:30:37,2006-06-06T18:59:34,0.33,Partially cloudy,Partly cloudy throughout the day.,partly-cloudy-day,65201099999
Lagos,2006-06-07,31.1,25.1,26.9,40.8,25.1,29.7,25.3,91.4,0.8,100,4.17,rain,,,,37.1,254.2,1010.6,90,6.3,,,,,2006-06-07T06:30:45,2006-06-07T18:59:48,0.36,"Rain, Partially cloudy",Partly cloudy throughout the day with afternoon rain.,rain,65201099999
Lagos,2006-06-08,30.6,24.2,28.9,38.2,24.2,34.6,25.5,82.5,4.3,100,4.17,rain,,,,33.5,239.7,1010.4,90,9,,,,,2006-06-08T06:30:53,2006-06-08T19:00:03,0.39,"Rain, Partially cloudy",Partly cloudy throughout the day with morning rain.,rain,65201099999
Lagos,2006-06-09,28.6,21.9,24.3,34.4,21.9,25.4,23.6,95.9,84.1,100,4.17,rain,,,,29.5,330.5,1010.6,88.9,7.3,,,,,2006-06-09T06:31:02,2006-06-09T19:00:17,0.43,"Rain, Partially cloudy",Partly cloudy throughout the day with late afternoon rain.,rain,65201099999
Lagos,2006-06-10,30.7,20.9,26.2,36.8,20.9,28.6,23.6,86.7,0,0,0,,,,,22.3,350.9,1011.6,90,8.2,,,,,2006-06-10T06:31:11,2006-06-10T19:00:32,0.46,Partially cloudy,Partly cloudy throughout the day.,partly-cloudy-day,65201099999
Lagos,2006-06-11,31.1,24.1,28,36.7,24.1,31.5,24.4,81.8,3,100,4.17,rain,,,,33.5,247.2,1012.1,90,10.2,,,,,2006-06-11T06:31:20,2006-06-11T19:00:46,0.5,"Rain, Partially cloudy",Partly cloudy throughout the day with morning rain.,rain,65201099999
Lagos,2006-06-12,31.1,24.2,28.8,37.9,24.2,33.3,24.7,79.8,0,0,0,,,,,22.3,163.6,1011.9,90,9.1,,,,,2006-06-12T06:31:30,2006-06-12T19:01:00,0.53,Partially cloudy,Partly cloudy throughout the day.,partly-cloudy-day,65201099999
Lagos,2006-06-13,32.1,25.1,29.1,39.3,25.1,33.9,25,79,210.6,100,4.17,rain,,,,31.3,243.8,1011.7,90,8.5,,,,,2006-06-13T06:31:41,2006-06-13T19:01:15,0.56,"Rain, Partially cloudy",Partly cloudy throughout the day with late afternoon rain.,rain,65201099999
Lagos,2006-06-14,30.1,25.4,28.3,37.6,25.4,33,25.5,85.4,0,0,0,,,,,33.5,255.1,1010.9,90,8.4,,,,,2006-06-14T06:31:52,2006-06-14T19:01:29,0.6,Partially cloudy,Partly cloudy throughout the day.,partly-cloudy-day,65201099999
Lagos,2006-06-15,28.1,21.6,24.8,32.8,21.6,26.1,23.3,91.8,3,100,4.17,rain,,,,18.4,165.3,1011.4,90,6.4,,,,,2006-06-15T06:32:03,2006-06-15T19:01:43,0.63,"Rain, Partially cloudy",Partly cloudy throughout the day with afternoon rain.,rain,65201099999
Lagos,2006-06-16,31.1,24.1,28.3,37.9,24.1,32,24.5,80.8,0,0,0,,,,,33.5,267,1012.6,90,9.9,,,,,2006-06-16T06:32:14,2006-06-16T19:01:57,0.67,Partially cloudy,Partly cloudy throughout the day.,partly-cloudy-day,65201099999
Lagos,2006-06-17,28.1,24.1,26.8,31.4,24.1,28.7,23.3,81.4,1,100,4.17,rain,,,,37.1,250.9,1012.6,90,8.6,,,,,2006-06-17T06:32:26,2006-06-17T19:02:11,0.7,"Rain, Partially cloudy",Partly cloudy throughout the day with afternoon rain.,rain,65201099999
Lagos,2006-06-18,29.1,23.4,26.7,33.7,23.4,29.5,24.2,86.4,0,0,0,,,,,37.1,260,1012.9,90,7.5,,,,,2006-06-18T06:32:38,2006-06-18T19:02:25,0.75,Partially cloudy,Partly cloudy throughout the day.,partly-cloudy-day,65201099999
Lagos,2006-06-19,28.2,24.1,26.8,33.1,24.1,29.4,24.3,86.4,220.6,100,8.33,rain,,,,24.1,272.8,1011.9,80,7.8,,,,,2006-06-19T06:32:51,2006-06-19T19:02:39,0.78,"Rain, Partially cloudy",Partly cloudy throughout the day with rain in the morning and afternoon.,rain,65201099999
Lagos,2006-06-20,25.1,23.1,24.1,25.1,23.1,24.1,23.3,95.7,2,100,4.17,rain,,,,18.4,262.4,1014.2,90,5.1,,,,,2006-06-20T06:33:03,2006-06-20T19:02:52,0.81,"Rain, Partially cloudy",Partly cloudy throughout the day with afternoon rain.,rain,65201099999
Lagos,2006-06-21,30.1,22.1,27.1,35.2,22.1,30,24,83.9,2,100,4.17,rain,,,,25.9,236.1,1013.1,90,7.5,,,,,2006-06-21T06:33:16,2006-06-21T19:03:05,0.85,"Rain, Partially cloudy",Partly cloudy throughout the day with morning rain.,rain,65201099999
Lagos,2006-06-22,30.1,25.1,28,36.3,25.1,31.8,24.7,82.9,0,0,0,,,,,25.9,242,1012,90,10,,,,,2006-06-22T06:33:29,2006-06-22T19:03:18,0.88,Partially cloudy,Partly cloudy throughout the day.,partly-cloudy-day,65201099999
Lagos,2006-06-23,30.6,23.9,28.3,37.2,23.9,32.8,25,82.8,0,0,0,,,,,9.4,259.9,1012.9,90,8.1,,,,,2006-06-23T06:33:42,2006-06-23T19:03:31,0.92,Partially cloudy,Partly cloudy throughout the day.,partly-cloudy-day,65201099999
Lagos,2006-06-24,29.1,23.1,27.2,35.2,23.1,31.2,24.8,87.4,13,100,4.17,rain,,,,13,260,1011.9,90,8.8,,,,,2006-06-24T06:33:56,2006-06-24T19:03:43,0.96,"Rain, Partially cloudy",Partly cloudy throughout the day with late afternoon rain.,rain,65201099999
Lagos,2006-06-25,31.1,22.2,26.7,37.9,22.2,29.4,24.2,87.3,3,100,4.17,rain,,,,14.8,260.3,1012.7,90,9,,,,,2006-06-25T06:34:09,2006-06-25T19:03:55,0,"Rain, Partially cloudy",Partly cloudy throughout the day with morning rain.,rain,65201099999
Lagos,2006-06-26,30.7,24.4,28.5,37.7,24.4,33.1,25,82.1,0,0,0,,,,,33.5,243,1013.4,90,9.5,,,,,2006-06-26T06:34:23,2006-06-26T19:04:06,0.03,Partially cloudy,Partly cloudy throughout the day.,partly-cloudy-day,65201099999
Lagos,2006-06-27,32.1,24.1,28.7,39.3,24.1,33,24.9,80.8,0,0,0,,,,,46.8,250.6,1015.1,90,9.5,,,,,2006-06-27T06:34:37,2006-06-27T19:04:17,0.06,Partially cloudy,Partly cloudy throughout the day.,partly-cloudy-day,65201099999
Lagos,2006-06-28,31.1,26.1,29.1,39.3,26.1,33.6,25,79.4,0,0,0,,,,,37.1,259.9,1013.2,90,10.2,,,,,2006-06-28T06:34:51,2006-06-28T19:04:28,0.09,Partially cloudy,Partly cloudy throughout the day.,partly-cloudy-day,65201099999
Lagos,2006-06-29,30.4,24.1,28.2,36.3,24.1,31.9,24.1,78.8,0,0,0,,,,,31.3,228.4,1012.9,90,9.8,,,,,2006-06-29T06:35:04,2006-06-29T19:04:39,0.12,Partially cloudy,Partly cloudy throughout the day.,partly-cloudy-day,65201099999
Lagos,2006-06-30,,,,,,,,,,,0,,,,,0,,,,,,,,,2006-06-30T06:35:18,2006-06-30T19:04:49,0.15,,,,
Lagos,2006-07-01,,,,,,,,,,,0,,,,,0,,,,,,,,,2006-07-01T06:35:32,2006-07-01T19:04:58,0.19,,,,
Lagos,2006-07-02,30.7,24.6,28.4,35.9,24.6,32,24,78.1,0,0,0,,,,,22.3,269.4,1014.4,90,9.8,,,,,2006-07-02T06:35:46,2006-07-02T19:05:07,0.22,Partially cloudy,Partly cloudy throughout the day.,partly-cloudy-day,65201099999
Lagos,2006-07-03,29.1,25.1,26.7,34.7,25.1,28.7,24.9,90.4,14,100,4.17,rain,,,,33.5,276.2,1013.7,90,7.9,,,,,2006-07-03T06:36:00,2006-07-03T19:05:15,0.25,"Rain, Partially cloudy",Partly cloudy throughout the day with rain in the morning and afternoon.,rain,65201099999
Lagos,2006-07-04,31.2,24.4,28.8,38.4,24.4,33.6,25,81,0,0,0,,,,,35.3,257.5,1013.3,90,9.8,,,,,2006-07-04T06:36:13,2006-07-04T19:05:23,0.28,Partially cloudy,Partly cloudy throughout the day.,partly-cloudy-day,65201099999
Lagos,2006-07-05,29.1,24.9,26.5,34.7,24.9,28.1,24.5,89,3,100,4.17,rain,,,,63,256.3,1013.6,89.1,9.1,,,,,2006-07-05T06:36:27,2006-07-05T19:05:31,0.32,"Rain, Partially cloudy",Partly cloudy throughout the day with late afternoon rain.,rain,65201099999
Lagos,2006-07-06,26.2,24.1,24.9,26.2,24.1,24.9,24.2,95.8,6.1,100,4.17,rain,,,,31.3,274.2,1015.4,90,7.5,,,,,2006-07-06T06:36:40,2006-07-06T19:05:38,0.35,"Rain, Partially cloudy",Partly cloudy throughout the day with afternoon rain.,rain,65201099999
Lagos,2006-07-07,28.7,23.9,26.5,33.6,23.9,28.7,24.1,87,0,0,0,,,,,27.7,251,1015.7,90,9.3,,,,,2006-07-07T06:36:54,2006-07-07T19:05:44,0.38,Partially cloudy,Partly cloudy throughout the day.,partly-cloudy-day,65201099999
Lagos,2006-07-08,30.1,24.7,27.2,35.2,24.7,29.3,23.7,82.4,0,0,0,,,,,29.5,265.1,1014.2,90,10.6,,,,,2006-07-08T06:37:07,2006-07-08T19:05:50,0.41,Partially cloudy,Partly cloudy throughout the day.,partly-cloudy-day,65201099999
Lagos,2006-07-09,29.1,25.1,26.7,34.7,25.1,28.7,24.6,88.1,22.1,100,4.17,rain,,,,25.9,268,1014.2,90,9.2,,,,,2006-07-09T06:37:20,2006-07-09T19:05:55,0.45,"Rain, Partially cloudy",Partly cloudy throughout the day with afternoon rain.,rain,65201099999
Lagos,2006-07-10,30.1,24.4,27.6,36.3,24.4,30.8,24.4,83.3,0,0,0,,,,,43.2,254,1014.1,90,10.9,,,,,2006-07-10T06:37:32,2006-07-10T19:05:59,0.48,Partially cloudy,Partly cloudy throughout the day.,partly-cloudy-day,65201099999
Lagos,2006-07-11,30.1,24.2,28,36.3,24.2,31.7,24.3,80.9,270.8,100,4.17,rain,,,,33.5,264.7,1013.3,90,11.8,,,,,2006-07-11T06:37:45,2006-07-11T19:06:03,0.5,"Rain, Partially cloudy",Partly cloudy throughout the day with afternoon rain.,rain,65201099999
Lagos,2006-07-12,32.1,24.1,26.5,36.9,24.1,27.8,24.2,88.2,0,0,0,,,,,27.7,256.9,1012.9,90,9.2,,,,,2006-07-12T06:37:57,2006-07-12T19:06:06,0.55,Partially cloudy,Partly cloudy throughout the day.,partly-cloudy-day,65201099999
Lagos,2006-07-13,27.1,23.2,25.9,30.8,23.2,27,24.5,92.1,270.6,100,8.33,rain,,,,25.9,249.4,1011.9,90,8.7,,,,,2006-07-13T06:38:09,2006-07-13T19:06:09,0.58,"Rain, Partially cloudy",Partly cloudy throughout the day with morning rain.,rain,65201099999
Lagos,2006-07-14,27.1,25.7,26.5,30.8,25.7,27.5,24.2,87.6,180.6,100,4.17,rain,,,,24.1,248.8,1012.8,90,9.3,,,,,2006-07-14T06:38:21,2006-07-14T19:06:11,0.62,"Rain, Partially cloudy",Partly cloudy throughout the day with afternoon rain.,rain,65201099999
Lagos,2006-07-15,26.1,25.1,25.5,26.1,25.1,25.5,24.7,95.7,10.9,100,4.17,rain,,,,25.9,259.4,1013.9,83.3,4.3,,,,,2006-07-15T06:38:32,2006-07-15T19:06:12,0.65,"Rain, Partially cloudy",Partly cloudy throughout the day with late afternoon rain.,rain,65201099999
Lagos,2006-07-16,29.1,23.9,27.1,34.7,23.9,30.1,24.5,86.1,0,0,0,,,,,33.5,260.5,1012.9,86.7,9.3,,,,,2006-07-16T06:38:43,2006-07-16T19:06:12,0.69,Partially cloudy,Partly cloudy throughout the day.,partly-cloudy-day,65201099999
Lagos,2006-07-17,28.4,25.4,27.1,33,25.4,29.5,24.4,85.6,0,0,0,,,,,29.5,258.7,1012.6,90,8.3,,,,,2006-07-17T06:38:54,2006-07-17T19:06:12,0.75,Partially cloudy,Partly cloudy throughout the day.,partly-cloudy-day,65201099999
Lagos,2006-07-18,27.1,24.1,25.7,30.2,24.1,26,24.4,92.6,5.1,100,4.17,rain,,,,35.3,238,1012.8,90,7.1,,,,,2006-07-18T06:39:05,2006-07-18T19:06:11,0.76,"Rain, Partially cloudy",Partly cloudy throughout the day with afternoon rain.,rain,65201099999
Lagos,2006-07-19,28.1,24.2,26.7,32.1,24.2,29,24.3,86.8,0,0,0,,,,,46.8,250.9,1013.2,90,9.3,,,,,2006-07-19T06:39:15,2006-07-19T19:06:09,0.8,Partially cloudy,Partly cloudy throughout the day.,partly-cloudy-day,65201099999
Lagos,2006-07-20,27.1,24.1,25.6,30.8,24.1,26.3,24.1,91.2,0,0,0,,,,,43.2,275.6,1014.4,90,9.7,,,,,2006-07-20T06:39:24,2006-07-20T19:06:07,0.83,Partially cloudy,Partly cloudy throughout the day.,partly-cloudy-day,65201099999
Lagos,2006-07-21,25.4,23.6,24.7,25.4,23.6,24.7,23.7,94.6,0.8,100,4.17,rain,,,,25.9,262.4,1014.1,90,5.2,,,,,2006-07-21T06:39:34,2006-07-21T19:06:04,0.87,"Rain, Partially cloudy",Partly cloudy throughout the day with afternoon rain.,rain,65201099999
Lagos,2006-07-22,27.1,24.2,26.1,29.8,24.2,26.9,23.3,84.6,0,0,0,,,,,68.4,266.8,1012.3,90,9.8,,,,,2006-07-22T06:39:42,2006-07-22T19:06:00,0.9,Partially cloudy,Partly cloudy throughout the day.,wind,65201099999
Lagos,2006-07-23,29.1,24.1,26.5,33.7,24.1,28.2,23.7,85.2,0,0,0,,,,,35.3,264.4,1013.4,90,10,,,,,2006-07-23T06:39:51,2006-07-23T19:05:55,0.94,Partially cloudy,Partly cloudy throughout the day.,partly-cloudy-day,65201099999
Lagos,2006-07-24,27.1,23.2,25.4,30.2,23.2,25.9,23.2,87.8,0,0,0,,,,,31.3,243.1,1013.6,90,9.6,,,,,2006-07-24T06:39:59,2006-07-24T19:05:50,0.97,Partially cloudy,Clearing in the afternoon.,partly-cloudy-day,65201099999
Lagos,2006-07-25,28.9,23.7,26.4,31.9,23.7,27.6,23.1,82.9,0,0,0,,,,,31.3,260.9,1013.2,90,9.9,,,,,2006-07-25T06:40:07,2006-07-25T19:05:44,0,Partially cloudy,Partly cloudy throughout the day.,partly-cloudy-day,65201099999
Lagos,2006-07-26,30.1,21.6,27.8,35.2,21.6,30.9,23.3,77.4,0,0,0,,,,,79.2,248.1,1013.7,90,11.1,,,,,2006-07-26T06:40:14,2006-07-26T19:05:37,0.04,Partially cloudy,Partly cloudy throughout the day.,wind,65201099999
Lagos,2006-07-27,30.1,23.2,27.1,35.2,23.2,29.1,23.6,82.1,0,0,0,,,,,27.7,251.1,1014.4,90,9.2,,,,,2006-07-27T06:40:20,2006-07-27T19:05:30,0.07,Partially cloudy,Partly cloudy throughout the day.,partly-cloudy-day,65201099999
Lagos,2006-07-28,29.1,24.1,27,34.5,24.1,29.2,23.5,82.1,0,0,0,,,,,37.1,255.7,1011.3,90,9.8,,,,,2006-07-28T06:40:27,2006-07-28T19:05:21,0.11,Partially cloudy,Partly cloudy throughout the day.,partly-cloudy-day,65201099999
Lagos,2006-07-29,29.1,24.2,26.7,33.7,24.2,28.3,23.9,85,0,0,0,,,,,35.3,259.2,1012,90,8.3,,,,,2006-07-29T06:40:33,2006-07-29T19:05:12,0.14,Partially cloudy,Partly cloudy throughout the day.,partly-cloudy-day,65201099999
Lagos,2006-07-30,27.1,24.1,25.3,30.5,24.1,25.5,24.3,94.5,0,0,0,,,,,33.5,264.5,1013.5,90.8,8.4,,,,,2006-07-30T06:40:38,2006-07-30T19:05:03,0.17,Overcast,Cloudy skies throughout the day.,cloudy,65201099999
Lagos,2006-07-31,29.2,23.7,26.4,35.8,23.7,28.8,24.2,87.9,0,0,0,,,,,31.3,267.1,1013.3,90,9.2,,,,,2006-07-31T06:40:43,2006-07-31T19:04:52,0.21,Partially cloudy,Partly cloudy throughout the day.,partly-cloudy-day,65201099999
Lagos,2006-08-01,27.1,24.1,25.9,30.8,24.1,26.5,24.1,90.1,0,0,0,,,,,31.3,268.4,1012.7,90,8.7,,,,,2006-08-01T06:40:47,2006-08-01T19:04:41,0.24,Partially cloudy,Partly cloudy throughout the day.,partly-cloudy-day,65201099999
Lagos,2006-08-02,26.2,23.9,25.1,26.2,23.9,25.1,23.8,92.4,5.6,100,8.33,rain,,,,33.5,263.3,1012.7,90,8.6,,,,,2006-08-02T06:40:51,2006-08-02T19:04:29,0.25,"Rain, Partially cloudy",Partly cloudy throughout the day with rain in the morning and afternoon.,rain,65201099999
Lagos,2006-08-03,26.1,23.9,24.5,26.1,23.9,24.5,23.6,94.9,23.1,100,8.33,rain,,,,27.7,266.1,1013.1,90,4.7,,,,,2006-08-03T06:40:54,2006-08-03T19:04:16,0.3,"Rain, Partially cloudy",Partly cloudy throughout the day with rain.,rain,65201099999
Lagos,2006-08-04,27.1,23.1,25.4,30.2,23.1,26.2,23.6,90,22.9,100,8.33,rain,,,,40.7,261.9,1013.5,91.4,8.3,,,,,2006-08-04T06:40:57,2006-08-04T19:04:03,0.34,"Rain, Overcast",Cloudy skies throughout the day with rain.,rain,65201099999
Lagos,2006-08-05,29.1,23.4,26.4,34.2,23.4,28.1,23.4,84.2,247.7,100,4.17,rain,,,,35.3,255.9,1013.3,90,10.1,,,,,2006-08-05T06:41:00,2006-08-05T19:03:49,0.37,"Rain, Partially cloudy",Partly cloudy throughout the day with early morning rain.,rain,65201099999
Lagos,2006-08-06,28.1,23.6,25.5,31.4,23.6,25.8,22.7,85.3,0,0,0,,,,,35.3,260.4,1013.7,90,9.8,,,,,2006-08-06T06:41:02,2006-08-06T19:03:34,0.4,Partially cloudy,Partly cloudy throughout the day.,partly-cloudy-day,65201099999
Lagos,2006-08-07,27.1,23.4,25.1,30.2,23.4,25.6,23.5,90.9,0,0,0,,,,,33.5,252.6,1014.6,90,9.5,,,,,2006-08-07T06:41:03,2006-08-07T19:03:18,0.43,Partially cloudy,Partly cloudy throughout the day.,partly-cloudy-day,65201099999
Lagos,2006-08-08,28.1,22.6,26,31.4,22.6,27.7,23.1,84.5,1,100,4.17,rain,,,,35.3,237.1,1014.1,90,9,,,,,2006-08-08T06:41:04,2006-08-08T19:03:02,0.47,"Rain, Partially cloudy",Partly cloudy throughout the day with morning rain.,rain,65201099999
Lagos,2006-08-09,,,,,,,,,,,0,,,,,0,,,,,,,,,2006-08-09T06:41:05,2006-08-09T19:02:45,0.5,,,,
Lagos,2006-08-10,,,,,,,,,,,0,,,,,0,,,,,,,,,2006-08-10T06:41:05,2006-08-10T19:02:27,0.54,,,,
Lagos,2006-08-11,,,,,,,,,,,0,,,,,0,,,,,,,,,2006-08-11T06:41:04,2006-08-11T19:02:09,0.57,,,,
Lagos,2006-08-12,,,,,,,,,,,0,,,,,0,,,,,,,,,2006-08-12T06:41:04,2006-08-12T19:01:50,0.6,,,,
Lagos,2006-08-13,,,,,,,,,,,0,,,,,0,,,,,,,,,2006-08-13T06:41:02,2006-08-13T19:01:30,0.64,,,,
Lagos,2006-08-14,,,,,,,,,,,0,,,,,0,,,,,,,,,2006-08-14T06:41:00,2006-08-14T19:01:10,0.67,,,,
Lagos,2006-08-15,,,,,,,,,,,0,,,,,0,,,,,,,,,2006-08-15T06:40:58,2006-08-15T19:00:49,0.71,,,,
Lagos,2006-08-16,,,,,,,,,,,0,,,,,0,,,,,,,,,2006-08-16T06:40:55,2006-08-16T19:00:28,0.75,,,,
Lagos,2006-08-17,,,,,,,,,,,0,,,,,0,,,,,,,,,2006-08-17T06:40:52,2006-08-17T19:00:06,0.78,,,,
Lagos,2006-08-18,,,,,,,,,,,0,,,,,0,,,,,,,,,2006-08-18T06:40:48,2006-08-18T18:59:43,0.81,,,,
Lagos,2006-08-19,,,,,,,,,,,0,,,,,0,,,,,,,,,2006-08-19T06:40:44,2006-08-19T18:59:20,0.85,,,,
Lagos,2006-08-20,,,,,,,,,,,0,,,,,0,,,,,,,,,2006-08-20T06:40:40,2006-08-20T18:58:56,0.88,,,,
Lagos,2006-08-21,,,,,,,,,,,0,,,,,0,,,,,,,,,2006-08-21T06:40:35,2006-08-21T18:58:32,0.92,,,,
Lagos,2006-08-22,,,,,,,,,,,0,,,,,0,,,,,,,,,2006-08-22T06:40:30,2006-08-22T18:58:07,0.95,,,,
Lagos,2006-08-23,,,,,,,,,,,0,,,,,0,,,,,,,,,2006-08-23T06:40:24,2006-08-23T18:57:42,0,,,,
Lagos,2006-08-24,,,,,,,,,,,0,,,,,0,,,,,,,,,2006-08-24T06:40:18,2006-08-24T18:57:16,0.02,,,,
Lagos,2006-08-25,,,,,,,,,,,0,,,,,0,,,,,,,,,2006-08-25T06:40:12,2006-08-25T18:56:50,0.06,,,,
Lagos,2006-08-26,,,,,,,,,,,0,,,,,0,,,,,,,,,2006-08-26T06:40:05,2006-08-26T18:56:23,0.09,,,,
Lagos,2006-08-27,,,,,,,,,,,0,,,,,0,,,,,,,,,2006-08-27T06:39:58,2006-08-27T18:55:56,0.12,,,,
Lagos,2006-08-28,,,,,,,,,,,0,,,,,0,,,,,,,,,2006-08-28T06:39:51,2006-08-28T18:55:29,0.16,,,,
Lagos,2006-08-29,,,,,,,,,,,0,,,,,0,,,,,,,,,2006-08-29T06:39:43,2006-08-29T18:55:01,0.19,,,,
Lagos,2006-08-30,,,,,,,,,,,0,,,,,0,,,,,,,,,2006-08-30T06:39:35,2006-08-30T18:54:33,0.22,,,,
Lagos,2006-08-31,,,,,,,,,,,0,,,,,0,,,,,,,,,2006-08-31T06:39:26,2006-08-31T18:54:04,0.25,,,,
Lagos,2006-09-01,22.7,22.7,22.7,22.7,22.7,22.7,22.4,98.2,0,0,0,,,,,0,,,90,4,,,,,2006-09-01T06:39:18,2006-09-01T18:53:35,0.29,Partially cloudy,Clearing in the afternoon.,partly-cloudy-day,65201099999
Lagos,2006-09-02,,,,,,,,,,,0,,,,,0,,,,,,,,,2006-09-02T06:39:09,2006-09-02T18:53:05,0.32,,,,
Lagos,2006-09-03,,,,,,,,,,,0,,,,,0,,,,,,,,,2006-09-03T06:39:00,2006-09-03T18:52:36,0.36,,,,
Lagos,2006-09-04,,,,,,,,,,,0,,,,,0,,,,,,,,,2006-09-04T06:38:51,2006-09-04T18:52:06,0.39,,,,
Lagos,2006-09-05,25.4,24.6,25,25.4,24.6,25,23.9,93.4,2,100,4.17,rain,,,,22.3,245.7,,90,10,,,,,2006-09-05T06:38:41,2006-09-05T18:51:36,0.42,"Rain, Partially cloudy",Partly cloudy throughout the day with late afternoon rain.,rain,65201099999
Lagos,2006-09-06,28.1,23.7,26.6,32.1,23.7,29,23.9,85.4,0,0,0,,,,,20.5,274.2,1013.9,90,9.2,,,,,2006-09-06T06:38:31,2006-09-06T18:51:05,0.46,Partially cloudy,Partly cloudy throughout the day.,partly-cloudy-day,65201099999
Lagos,2006-09-07,24.7,24.6,24.7,24.7,24.6,24.7,23.5,93.3,0,0,0,,,,,25.9,242.4,,90,9,,,,,2006-09-07T06:38:21,2006-09-07T18:50:34,0.5,Partially cloudy,Clearing in the afternoon.,partly-cloudy-day,65201099999
Lagos,2006-09-08,25.7,23.1,24.4,25.7,23.1,24.4,23.4,94.3,36.1,100,4.17,rain,,,,25.9,225,,90,6,,,,,2006-09-08T06:38:11,2006-09-08T18:50:03,0.52,"Rain, Partially cloudy",Becoming cloudy in the afternoon with late afternoon rain.,rain,65201099999
Lagos,2006-09-09,26.9,26.9,26.9,29.8,29.8,29.8,24.1,84.7,3,100,4.17,rain,,,,37.1,240,,90,10,,,,,2006-09-09T06:38:01,2006-09-09T18:49:32,0.56,"Rain, Partially cloudy",Becoming cloudy in the afternoon with afternoon rain.,rain,65201099999
Lagos,2006-09-10,,,,,,,,,,,0,,,,,0,,,,,,,,,2006-09-10T06:37:51,2006-09-10T18:49:01,0.59,,,,
Lagos,2006-09-11,,,,,,,,,,,0,,,,,0,,,,,,,,,2006-09-11T06:37:40,2006-09-11T18:48:29,0.63,,,,
Lagos,2006-09-12,28.4,26.7,27.6,32.6,26.7,29.7,23.7,79.4,0,0,0,,,,,29.5,273.3,,90,10,,,,,2006-09-12T06:37:30,2006-09-12T18:47:58,0.66,Partially cloudy,Becoming cloudy in the afternoon.,partly-cloudy-day,65201099999
Lagos,2006-09-13,25.6,25.6,25.6,25.6,25.6,25.6,23.4,87.7,0,0,0,,,,,14.8,270,,90,10,,,,,2006-09-13T06:37:19,2006-09-13T18:47:26,0.69,Partially cloudy,Partly cloudy throughout the day.,partly-cloudy-day,65201099999
Lagos,2006-09-14,27.1,27.1,27.1,30.2,30.2,30.2,24.1,83.7,0,0,0,,,,,33.5,90,1012.9,90,5,,,,,2006-09-14T06:37:08,2006-09-14T18:46:54,0.75,Partially cloudy,Becoming cloudy in the afternoon.,partly-cloudy-day,65201099999
Lagos,2006-09-15,,,,,,,,,,,0,,,,,0,,,,,,,,,2006-09-15T06:36:58,2006-09-15T18:46:22,0.76,,,,
Lagos,2006-09-16,28.1,23.9,26.5,32.1,23.9,28.5,23.7,85.2,0,0,0,,,,,31.3,270,1013,90,9.8,,,,,2006-09-16T06:36:47,2006-09-16T18:45:51,0.8,Partially cloudy,Becoming cloudy in the afternoon.,partly-cloudy-day,65201099999
Lagos,2006-09-17,26.1,25.2,25.7,26.1,25.2,25.7,24.3,92.3,2,100,4.17,rain,,,,25.9,270,,90,10,,,,,2006-09-17T06:36:36,2006-09-17T18:45:19,0.83,"Rain, Partially cloudy",Partly cloudy throughout the day with afternoon rain.,rain,65201099999
Lagos,2006-09-18,29.1,26.2,28.1,33.7,26.2,31.6,24.2,79.3,0,0,0,,,,,33.5,248.4,1012.9,90,10.5,,,,,2006-09-18T06:36:25,2006-09-18T18:44:47,0.86,Partially cloudy,Partly cloudy throughout the day.,partly-cloudy-day,65201099999
Lagos,2006-09-19,23.6,23.6,23.6,23.6,23.6,23.6,22.9,95.9,0,0,0,,,,,0,,,90,6,,,,,2006-09-19T06:36:14,2006-09-19T18:44:15,0.9,Partially cloudy,Clearing in the afternoon.,partly-cloudy-day,65201099999
Lagos,2006-09-20,29.1,26.4,28,33.7,26.4,31,24.1,79.3,0,0,0,,,,,33.5,223.7,1011.9,90,10.3,,,,,2006-09-20T06:36:03,2006-09-20T18:43:43,0.93,Partially cloudy,Becoming cloudy in the afternoon.,partly-cloudy-day,65201099999
Lagos,2006-09-21,32.1,24.7,26.5,36.9,24.7,27.2,23.9,86.5,0,0,0,,,,,66.6,144.4,1012.5,90,7.1,,,,,2006-09-21T06:35:53,2006-09-21T18:43:11,0.96,Partially cloudy,Partly cloudy throughout the day.,wind,65201099999
Lagos,2006-09-22,28.9,24.4,26.6,33.9,24.4,28.2,24.2,87,0,0,0,,,,,35.3,257.1,1012.9,90,9.4,,,,,2006-09-22T06:35:42,2006-09-22T18:42:39,0,Partially cloudy,Partly cloudy throughout the day.,partly-cloudy-day,65201099999
Lagos,2006-09-23,28.1,24.7,26.2,32.1,24.7,27.5,24,88.2,1,100,4.17,rain,,,,20.5,263.7,1013.9,90,9.3,,,,,2006-09-23T06:35:32,2006-09-23T18:42:07,0.03,"Rain, Partially cloudy",Clearing in the afternoon with morning rain.,rain,65201099999
Lagos,2006-09-24,28.1,27.1,27.4,31.8,30.2,30.7,24,81.5,0,0,0,,,,,25.9,232.1,1012.9,90,9.3,,,,,2006-09-24T06:35:21,2006-09-24T18:41:36,0.07,Partially cloudy,Becoming cloudy in the afternoon.,partly-cloudy-day,65201099999
Lagos,2006-09-25,28.1,24.1,26.2,32.8,24.1,27.9,24.2,89,8.9,100,8.33,rain,,,,33.5,240.3,1013.7,90,8.3,,,,,2006-09-25T06:35:11,2006-09-25T18:41:05,0.1,"Rain, Partially cloudy",Partly cloudy throughout the day with rain.,rain,65201099999
Lagos,2006-09-26,29.9,23.9,26.5,36,23.9,28.1,24.1,87.1,0,0,0,,,,,27.7,270.9,,87.5,9.5,,,,,2006-09-26T06:35:01,2006-09-26T18:40:33,0.14,Partially cloudy,Partly cloudy throughout the day.,partly-cloudy-day,65201099999
Lagos,2006-09-27,24.4,22.1,23,24.4,22.1,23,22.6,97.6,30,100,4.17,rain,,,,14.8,240,1013.9,90,7.3,,,,,2006-09-27T06:34:51,2006-09-27T18:40:02,0.17,"Rain, Partially cloudy",Partly cloudy throughout the day with afternoon rain.,rain,65201099999
Lagos,2006-09-28,30.1,21.9,27.1,36.5,21.9,29.7,23.9,83.6,0,0,0,,,,,29.5,273.3,1013.4,88.3,11.3,,,,,2006-09-28T06:34:41,2006-09-28T18:39:31,0.2,Partially cloudy,Partly cloudy throughout the day.,partly-cloudy-day,65201099999
Lagos,2006-09-29,29.4,26.6,28.1,34.7,26.6,32,24.8,82.7,230.8,100,4.17,rain,,,,37.1,259.6,1012.9,90,10.8,,,,,2006-09-29T06:34:31,2006-09-29T18:39:01,0.24,"Rain, Partially cloudy",Becoming cloudy in the afternoon with afternoon rain.,rain,65201099999
Lagos,2006-09-30,27.1,24.1,25.7,30.2,24.1,26.4,24.3,92.2,7.9,100,4.17,rain,,,,31.3,258.1,1012.9,91,7.1,,,,,2006-09-30T06:34:22,2006-09-30T18:38:30,0.25,"Rain, Overcast",Cloudy skies throughout the day with afternoon rain.,rain,65201099999
Lagos,2006-10-01,29.1,24.2,27.5,33.4,24.2,30.5,24.1,82.4,0,0,0,,,,,33.5,256,1012.7,90,10.3,,,,,2006-10-01T06:34:13,2006-10-01T18:38:00,0.31,Partially cloudy,Partly cloudy throughout the day.,partly-cloudy-day,65201099999
Lagos,2006-10-02,28.9,24.2,26.4,33.7,24.2,28.4,24.1,88,0,0,0,,,,,18.4,236.4,1013,90,9,,,,,2006-10-02T06:34:04,2006-10-02T18:37:31,0.34,Partially cloudy,Partly cloudy throughout the day.,partly-cloudy-day,65201099999
Lagos,2006-10-03,28.9,25.1,26.9,34.3,25.1,28.7,24.9,89.2,3,100,4.17,rain,,,,27.7,251.1,1012.1,90,10.1,,,,,2006-10-03T06:33:56,2006-10-03T18:37:01,0.37,"Rain, Partially cloudy",Partly cloudy throughout the day with afternoon rain.,rain,65201099999
Lagos,2006-10-04,27.9,23.1,26.1,31.4,23.1,27.4,23.6,86.5,6.1,100,4.17,rain,,,,22.3,314,1013.3,90,8.8,,,,,2006-10-04T06:33:47,2006-10-04T18:36:32,0.41,"Rain, Partially cloudy",Partly cloudy throughout the day with afternoon rain.,rain,65201099999
Lagos,2006-10-05,29.6,25.7,27.4,35.1,25.7,29.8,24.1,82.5,7.9,100,4.17,rain,,,,27.7,256.2,1010.8,90,10.3,,,,,2006-10-05T06:33:40,2006-10-05T18:36:03,0.44,"Rain, Partially cloudy",Partly cloudy throughout the day with afternoon rain.,rain,65201099999
Lagos,2006-10-06,30.2,24.2,27.6,36.5,24.2,30.7,24.4,83.5,1,100,4.17,rain,,,,25.9,244.7,1010.8,88.8,10.8,,,,,2006-10-06T06:33:32,2006-10-06T18:35:35,0.48,"Rain, Partially cloudy",Partly cloudy throughout the day with afternoon rain.,rain,65201099999
Lagos,2006-10-07,30.9,24.4,28,37.7,24.4,31.7,24.7,82.6,0,0,0,,,,,37.1,252.4,1011.1,88.9,10.4,,,,,2006-10-07T06:33:25,2006-10-07T18:35:07,0.5,Partially cloudy,Partly cloudy throughout the day.,partly-cloudy-day,65201099999
Lagos,2006-10-08,29.4,25.1,26.8,34.7,25.1,28.4,24.9,89.7,0,0,0,,,,,27.7,257.7,1012.4,90,10.5,,,,,2006-10-08T06:33:18,2006-10-08T18:34:39,0.54,Partially cloudy,Partly cloudy throughout the day.,partly-cloudy-day,65201099999
Lagos,2006-10-09,30.6,25.2,27.7,39,25.2,31.7,25.4,87.9,0.5,100,4.17,rain,,,,33.5,233.1,1013,90,10.3,,,,,2006-10-09T06:33:11,2006-10-09T18:34:12,0.58,"Rain, Partially cloudy",Partly cloudy throughout the day with morning rain.,rain,65201099999
Lagos,2006-10-10,30.1,27.1,28.9,36.3,30.8,34,24.9,79.4,0,0,0,,,,,33.5,259,1010.6,90,11,,,,,2006-10-10T06:33:05,2006-10-10T18:33:46,0.61,Partially cloudy,Partly cloudy throughout the day.,partly-cloudy-day,65201099999
Lagos,2006-10-11,25.9,22.7,24.1,25.9,22.7,24.1,23.6,97.1,31,100,8.33,rain,,,,35.3,107,1010,92.5,7.6,,,,,2006-10-11T06:33:00,2006-10-11T18:33:20,0.64,"Rain, Overcast",Cloudy skies throughout the day with rain.,rain,65201099999
Lagos,2006-10-12,28.1,24.1,27,32.8,24.1,29.6,24.2,85.1,0,0,0,,,,,27.7,190.1,1011.2,90,9.6,,,,,2006-10-12T06:32:55,2006-10-12T18:32:54,0.68,Partially cloudy,Partly cloudy throughout the day.,partly-cloudy-day,65201099999
Lagos,2006-10-13,29.1,23.1,25.1,33.7,23.1,26,23.5,91.4,27.9,100,4.17,rain,,,,18.4,190,1012.2,91.1,7.3,,,,,2006-10-13T06:32:50,2006-10-13T18:32:29,0.71,"Rain, Overcast",Cloudy skies throughout the day with afternoon rain.,rain,65201099999
Lagos,2006-10-14,30.2,23.1,27.6,35.2,23.1,30.5,23.7,80.3,0,0,0,,,,,27.7,236.9,1011.7,90,9.1,,,,,2006-10-14T06:32:46,2006-10-14T18:32:05,0.75,Partially cloudy,Partly cloudy throughout the day.,partly-cloudy-day,65201099999
Lagos,2006-10-15,30.1,26.7,29,36.3,26.7,33.8,25.2,80.1,0,0,0,,,,,18.4,222.5,1010.6,90,10.8,,,,,2006-10-15T06:32:42,2006-10-15T18:31:41,0.78,Partially cloudy,Becoming cloudy in the afternoon.,partly-cloudy-day,65201099999
Lagos,2006-10-16,31.1,25.1,28.7,36.8,25.1,33,24.5,78.7,0,0,0,,,,,31.3,224.7,1010.8,90,8.1,,,,,2006-10-16T06:32:39,2006-10-16T18:31:17,0.81,Partially cloudy,Partly cloudy throughout the day.,partly-cloudy-day,65201099999
Lagos,2006-10-17,31.1,24.6,28.7,39,24.6,34,25.7,84.9,0,0,0,,,,,27.7,248.2,1010.7,90,8.2,,,,,2006-10-17T06:32:36,2006-10-17T18:30:55,0.84,Partially cloudy,Partly cloudy throughout the day.,partly-cloudy-day,65201099999
Lagos,2006-10-18,30.6,25.6,28.5,37.9,25.6,33.9,25.8,85.3,0,0,0,,,,,18.4,260.8,1010.3,90,10.4,,,,,2006-10-18T06:32:34,2006-10-18T18:30:33,0.88,Partially cloudy,Partly cloudy throughout the day.,partly-cloudy-day,65201099999
Lagos,2006-10-19,29.9,25.4,27.3,36.1,25.4,29.8,24.5,84.9,0,0,0,,,,,33.5,251.4,1010.8,90,9.5,,,,,2006-10-19T06:32:33,2006-10-19T18:30:11,0.91,Partially cloudy,Partly cloudy throughout the day.,partly-cloudy-day,65201099999
Lagos,2006-10-20,30.1,27.1,29.3,35.2,30.6,33.7,24.1,74.2,0,0,0,,,,,25.9,266.3,1010.5,90,10,,,,,2006-10-20T06:32:32,2006-10-20T18:29:51,0.94,Partially cloudy,Becoming cloudy in the afternoon.,partly-cloudy-day,65201099999
Lagos,2006-10-21,28.9,25.1,27.2,35.7,25.1,30.7,24.8,86.8,0,0,0,,,,,14.8,250,1011.9,86.7,7.7,,,,,2006-10-21T06:32:31,2006-10-21T18:29:31,0.97,Partially cloudy,Clearing in the afternoon.,partly-cloudy-day,65201099999
Lagos,2006-10-22,29.2,29.2,29.2,34.8,34.8,34.8,25.1,78.6,0,0,0,,,,,16.6,270,,90,10,,,,,2006-10-22T06:32:32,2006-10-22T18:29:12,0,Partially cloudy,Clearing in the afternoon.,partly-cloudy-day,65201099999
Lagos,2006-10-23,29.1,26.6,28.2,34.7,26.6,32,24.4,80.2,0,0,0,,,,,25.9,241,1011.5,90,10.2,,,,,2006-10-23T06:32:32,2006-10-23T18:28:53,0.04,Partially cloudy,Becoming cloudy in the afternoon.,partly-cloudy-day,65201099999
Lagos,2006-10-24,31.2,23.1,28.4,39.3,23.1,32.3,23.9,77.3,130.9,100,4.17,rain,,,,27.7,238.7,1012.7,90,10.7,,,,,2006-10-24T06:32:34,2006-10-24T18:28:36,0.08,"Rain, Partially cloudy",Partly cloudy throughout the day with afternoon rain.,rain,65201099999
Lagos,2006-10-25,31.1,24.1,27.9,37.9,24.1,31.7,24.7,83.4,142.7,100,8.33,rain,,,,28.8,246.9,1012.9,87.1,10.1,,,,,2006-10-25T06:32:36,2006-10-25T18:28:19,0.11,"Rain, Partially cloudy",Partly cloudy throughout the day with rain.,rain,65201099999
Lagos,2006-10-26,29.1,26.6,27.8,35.8,26.6,31.8,25.2,86.2,41.9,100,4.17,rain,,,,35.3,265.5,1011.4,90,8.7,,,,,2006-10-26T06:32:39,2006-10-26T18:28:02,0.15,"Rain, Partially cloudy",Partly cloudy throughout the day with afternoon rain.,rain,65201099999
Lagos,2006-10-27,29.7,24.4,27.3,36,24.4,30.5,24.7,86.6,9.2,100,8.33,rain,,,,27.7,226,1010.2,90,9.4,,,,,2006-10-27T06:32:43,2006-10-27T18:27:47,0.18,"Rain, Partially cloudy",Partly cloudy throughout the day with a chance of rain throughout the day.,rain,65201099999
Lagos,2006-10-28,32.6,26.1,29.2,40.2,26.1,34.3,25.4,80.9,0,0,0,,,,,11.2,270,1013,90,8.8,,,,,2006-10-28T06:32:47,2006-10-28T18:27:33,0.22,Partially cloudy,Partly cloudy throughout the day.,partly-cloudy-day,65201099999
Lagos,2006-10-29,31.1,28.1,29.4,37.9,32.8,35.1,25.1,77.9,0,0,0,,,,,33.5,257.6,1009.9,90,10.8,,,,,2006-10-29T06:32:52,2006-10-29T18:27:19,0.25,Partially cloudy,Partly cloudy throughout the day.,partly-cloudy-day,65201099999
Lagos,2006-10-30,28.4,28.1,28.3,33.4,32.1,32.8,24.6,80.6,0,0,0,,,,,22.3,240,1007.1,90,8,,,,,2006-10-30T06:32:57,2006-10-30T18:27:06,0.29,Partially cloudy,Becoming cloudy in the afternoon.,partly-cloudy-day,65201099999
Lagos,2006-10-31,32.1,24.4,29.1,40.8,24.4,34.3,25,79,0,0,0,,,,,31.3,227.1,1008.1,88.6,9.1,,,,,2006-10-31T06:33:03,2006-10-31T18:26:54,0.32,Partially cloudy,Partly cloudy throughout the day.,partly-cloudy-day,65201099999
Lagos,2006-11-01,32.1,26.1,28.3,39.3,26.1,31.9,25.2,84.1,0.5,100,4.17,rain,,,,20.5,151.6,1010.7,90,7,,,,,2006-11-01T06:33:10,2006-11-01T18:26:43,0.36,"Rain, Partially cloudy",Partly cloudy throughout the day with afternoon rain.,rain,65201099999
Lagos,2006-11-02,32.2,24.1,28.3,39.2,24.1,32.3,24.6,81.7,0,0,0,,,,,18.4,261.1,1011.9,90,7.8,,,,,2006-11-02T06:33:18,2006-11-02T18:26:33,0.39,Partially cloudy,Partly cloudy throughout the day.,partly-cloudy-day,65201099999
Lagos,2006-11-03,30.1,24.1,27.3,36.3,24.1,30,24.8,86.6,0,0,0,,,,,14.8,245.3,1010.4,90,6.9,,,,,2006-11-03T06:33:27,2006-11-03T18:26:24,0.43,Partially cloudy,Partly cloudy throughout the day.,partly-cloudy-day,65201099999
Lagos,2006-11-04,35.2,25.6,28.6,45.7,25.6,32.5,25,81.9,0,0,0,,,,,33.5,245.8,1010.9,75.7,8.6,,,,,2006-11-04T06:33:36,2006-11-04T18:26:16,0.46,Partially cloudy,Partly cloudy throughout the day.,partly-cloudy-day,65201099999
Lagos,2006-11-05,30.2,25.1,27.3,36.6,25.1,29.8,24.5,85.3,0,0,0,,,,,29.5,231,1009.7,54,11.4,,,,,2006-11-05T06:33:46,2006-11-05T18:26:09,0.5,Partially cloudy,Becoming cloudy in the afternoon.,partly-cloudy-day,65201099999
Lagos,2006-11-06,30.1,23.9,25.3,36.3,23.9,26.6,24,92.8,17,100,4.17,rain,,,,22.3,240,1009.5,78.9,6.4,,,,,2006-11-06T06:33:57,2006-11-06T18:26:02,0.53,"Rain, Partially cloudy",Clearing in the afternoon with morning rain.,rain,65201099999
Lagos,2006-11-07,33.1,24.1,27.5,39.4,24.1,29.6,24.2,83.3,0,0,0,,,,,44.3,254,1009.7,83.8,9,,,,,2006-11-07T06:34:08,2006-11-07T18:25:57,0.56,Partially cloudy,Partly cloudy throughout the day.,partly-cloudy-day,65201099999
Lagos,2006-11-08,32.1,22.1,26.8,39.3,22.1,29.6,23.9,85.7,36.1,100,4.17,rain,,,,22.3,12.4,1010.6,81.8,7.5,,,,,2006-11-08T06:34:20,2006-11-08T18:25:52,0.59,"Rain, Partially cloudy",Partly cloudy throughout the day with morning rain.,rain,65201099999
Lagos,2006-11-09,34.1,24.1,28.5,39.5,24.1,31,23.7,77.1,39.9,100,4.17,rain,,,,27.7,75.6,1010.8,47.5,5.4,,,,,2006-11-09T06:34:33,2006-11-09T18:25:49,0.63,"Rain, Partially cloudy",Partly cloudy throughout the day with morning rain.,rain,65201099999
Lagos,2006-11-10,33.7,24.1,28.5,37.1,24.1,30.8,22.2,70.7,0,0,0,,,,,27.7,289.8,1011,64.3,2.1,,,,,2006-11-10T06:34:47,2006-11-10T18:25:46,0.66,Partially cloudy,Partly cloudy throughout the day.,partly-cloudy-day,65201099999
Lagos,2006-11-11,34.1,25.1,28.5,40.7,25.1,31.7,24.1,78.5,0,0,0,,,,,27.7,230.6,1011.6,30.4,3.3,,,,,2006-11-11T06:35:01,2006-11-11T18:25:45,0.69,Partially cloudy,Partly cloudy throughout the day.,partly-cloudy-day,65201099999
Lagos,2006-11-12,34.1,25.7,29.2,44,25.7,33.7,24.9,79.3,0,0,0,,,,,25.9,345.4,1011.5,48.6,4.1,,,,,2006-11-12T06:35:16,2006-11-12T18:25:44,0.75,Partially cloudy,Partly cloudy throughout the day.,partly-cloudy-day,65201099999
Lagos,2006-11-13,32.1,25.1,28.1,38,25.1,31.5,24.5,81.8,0,0,0,,,,,22.3,258.8,1011,46.1,3.2,,,,,2006-11-13T06:35:32,2006-11-13T18:25:45,0.76,Partially cloudy,Partly cloudy throughout the day.,partly-cloudy-day,65201099999
Lagos,2006-11-14,32.6,24.9,28.2,39.3,24.9,31.7,24.9,83.2,0,0,0,,,,,22.3,231.5,1011.1,56.2,5.2,,,,,2006-11-14T06:35:49,2006-11-14T18:25:46,0.79,Partially cloudy,Partly cloudy throughout the day.,partly-cloudy-day,65201099999
Lagos,2006-11-15,34.1,25.1,28.6,42.1,25.1,32.7,25.1,82.1,0,0,0,,,,,22.3,224.6,1010.5,71,5.9,,,,,2006-11-15T06:36:06,2006-11-15T18:25:49,0.82,Partially cloudy,Partly cloudy throughout the day.,partly-cloudy-day,65201099999
Lagos,2006-11-16,35.1,25.1,28.9,40.8,25.1,32.7,24.8,80,0,0,0,,,,,25.9,282,1010.6,54.3,7.3,,,,,2006-11-16T06:36:24,2006-11-16T18:25:52,0.85,Partially cloudy,Partly cloudy throughout the day.,partly-cloudy-day,65201099999
Lagos,2006-11-17,33.1,24.1,28.1,36.2,24.1,30.3,23.7,79.4,0,0,0,,,,,28.8,100,1010.3,27.6,4.2,,,,,2006-11-17T06:36:43,2006-11-17T18:25:56,0.89,Partially cloudy,Partly cloudy throughout the day.,partly-cloudy-day,65201099999
Lagos,2006-11-18,34.1,24.1,28.1,36.6,24.1,30.4,23.5,78.4,0,0,0,,,,,18.4,4.1,1010.3,17.8,2.3,,,,,2006-11-18T06:37:02,2006-11-18T18:26:02,0.92,Clear,Clear conditions throughout the day.,clear-day,65201099999
Lagos,2006-11-19,35.1,24.1,29,37.1,24.1,30.6,22.4,71,0,0,0,,,,,27.7,47.5,1010.7,34.7,2.4,,,,,2006-11-19T06:37:22,2006-11-19T18:26:08,0.95,Partially cloudy,Partly cloudy throughout the day.,partly-cloudy-day,65201099999
Lagos,2006-11-20,33.1,21.1,27.1,35.4,21.1,27.9,20.7,70.6,0,0,0,,,,,20.5,329.7,1011.7,28.1,3.4,,,,,2006-11-20T06:37:43,2006-11-20T18:26:16,0,Partially cloudy,Partly cloudy throughout the day.,partly-cloudy-day,65201099999
Lagos,2006-11-21,34.1,22.2,27.5,40.7,22.2,29,22.1,74.2,0,0,0,,,,,18.4,297.2,1012,27.4,3.4,,,,,2006-11-21T06:38:05,2006-11-21T18:26:24,0.02,Partially cloudy,Partly cloudy throughout the day.,partly-cloudy-day,65201099999
Lagos,2006-11-22,33.1,25.1,28.7,39.4,25.1,32.2,24.1,77.2,0,0,0,,,,,25.9,250.2,1011,50.5,5.9,,,,,2006-11-22T06:38:27,2006-11-22T18:26:33,0.05,Partially cloudy,Partly cloudy throughout the day.,partly-cloudy-day,65201099999
Lagos,2006-11-23,32.6,25.1,28.2,38,25.1,31.9,24.7,82.2,0,0,0,,,,,27.7,249.3,1010.6,52.9,6,,,,,2006-11-23T06:38:49,2006-11-23T18:26:43,0.09,Partially cloudy,Partly cloudy throughout the day.,partly-cloudy-day,65201099999
Lagos,2006-11-24,34.1,24.1,28.4,38.4,24.1,30.9,23.7,77.9,0,0,0,,,,,28.1,179,1011.2,50,6.4,,,,,2006-11-24T06:39:13,2006-11-24T18:26:55,0.13,Partially cloudy,Partly cloudy throughout the day.,partly-cloudy-day,65201099999
Lagos,2006-11-25,33.2,25.1,28.5,38,25.1,31.6,24.3,80,0,0,0,,,,,27.7,234,1011.1,54.2,6.4,,,,,2006-11-25T06:39:37,2006-11-25T18:27:07,0.16,Partially cloudy,Partly cloudy throughout the day.,partly-cloudy-day,65201099999
Lagos,2006-11-26,33.1,25.1,28.2,37.6,25.1,31.2,24.7,83.4,0,0,0,,,,,25.9,254.2,1011.2,67.1,6.5,,,,,2006-11-26T06:40:01,2006-11-26T18:27:20,0.2,Partially cloudy,Partly cloudy throughout the day.,partly-cloudy-day,65201099999
Lagos,2006-11-27,34.1,25.1,27.6,38.4,25.1,29.5,24.3,83.7,0,0,0,,,,,29.5,250.9,1010.3,36.5,7.4,,,,,2006-11-27T06:40:26,2006-11-27T18:27:34,0.23,Partially cloudy,Partly cloudy throughout the day.,partly-cloudy-day,65201099999
Lagos,2006-11-28,34.1,24.1,27.7,36.9,24.1,29.4,23.6,80.5,0,0,0,,,,,25.9,277.6,1010.3,45.3,7.7,,,,,2006-11-28T06:40:52,2006-11-28T18:27:49,0.25,Partially cloudy,Partly cloudy throughout the day.,partly-cloudy-day,65201099999
Lagos,2006-11-29,33.1,23.1,27.3,37.1,23.1,29.4,23.6,81.7,0,0,0,,,,,27.7,246.2,1010.3,50,7.5,,,,,2006-11-29T06:41:18,2006-11-29T18:28:05,0.3,Partially cloudy,Partly cloudy throughout the day.,partly-cloudy-day,65201099999
Lagos,2006-11-30,33.1,24.4,28.2,40.7,24.4,31.3,24.3,80.6,0,0,0,,,,,24.1,245.6,1009.5,49.5,6.5,,,,,2006-11-30T06:41:44,2006-11-30T18:28:21,0.34,Partially cloudy,Partly cloudy throughout the day.,partly-cloudy-day,65201099999
Lagos,2006-12-01,32.4,24.7,27.3,38.6,24.7,29.9,25,88,5.1,100,4.17,rain,,,,25.9,242.4,1010.5,61.4,7.5,,,,,2006-12-01T06:42:11,2006-12-01T18:28:39,0.37,"Rain, Partially cloudy",Partly cloudy throughout the day with late afternoon rain.,rain,65201099999
Lagos,2006-12-02,33.1,24.7,27.8,39.4,24.7,30.9,25.2,86.8,0,0,0,,,,,29.5,229.8,1010.8,67.5,7.8,,,,,2006-12-02T06:42:39,2006-12-02T18:28:57,0.41,Partially cloudy,Partly cloudy throughout the day.,partly-cloudy-day,65201099999
Lagos,2006-12-03,34.1,24.6,28.4,37.9,24.6,31.4,24.4,81.1,0,0,0,,,,,27.7,29.9,1010.8,70.5,7,,,,,2006-12-03T06:43:06,2006-12-03T18:29:16,0.44,Partially cloudy,Partly cloudy throughout the day.,partly-cloudy-day,65201099999
Lagos,2006-12-04,34.1,25.1,29.3,37.1,25.1,31.4,22.4,69.1,0,0,0,,,,,33.5,122.3,1011.1,32,4.6,,,,,2006-12-04T06:43:35,2006-12-04T18:29:36,0.48,Partially cloudy,Partly cloudy throughout the day.,partly-cloudy-day,65201099999
Lagos,2006-12-05,34.2,23.4,29.5,35.1,23.4,29.4,17.2,51.9,0,0,0,,,,,31.3,84.8,1011.8,19.4,5.9,,,,,2006-12-05T06:44:03,2006-12-05T18:29:57,0.5,Clear,Clear conditions throughout the day.,clear-day,65201099999
Lagos,2006-12-06,33.1,22.1,27.3,37.1,22.1,28.9,21.3,71.2,0,0,0,,,,,25.9,260,1011.5,36.3,4.9,,,,,2006-12-06T06:44:32,2006-12-06T18:30:19,0.55,Partially cloudy,Partly cloudy throughout the day.,partly-cloudy-day,65201099999
Lagos,2006-12-07,32.4,24.1,26.9,36.3,24.1,28.6,24,85.7,0,0,0,,,,,18.4,308.2,1011.3,31.5,5.2,,,,,2006-12-07T06:45:01,2006-12-07T18:30:41,0.58,Partially cloudy,Partly cloudy throughout the day.,partly-cloudy-day,65201099999
Lagos,2006-12-08,34.1,25.1,28.7,35.4,25.1,30.8,22.6,72.8,0,0,0,,,,,27.7,274.8,1010.6,42.5,5.2,,,,,2006-12-08T06:45:31,2006-12-08T18:31:04,0.61,Partially cloudy,Partly cloudy throughout the day.,partly-cloudy-day,65201099999
Lagos,2006-12-09,34.1,23.1,29.3,34.6,23.1,29.6,19,59.2,0,0,0,,,,,25.9,59.8,1009.7,24.4,3.1,,,,,2006-12-09T06:46:01,2006-12-09T18:31:27,0.64,Partially cloudy,Becoming cloudy in the afternoon.,partly-cloudy-day,65201099999
Lagos,2006-12-10,33.7,24.1,27.9,35.4,24.1,28.9,19,59.7,0,0,0,,,,,18.4,90,1010.9,33,1.6,,,,,2006-12-10T06:46:31,2006-12-10T18:31:52,0.67,Partially cloudy,Partly cloudy throughout the day.,partly-cloudy-day,65201099999
Lagos,2006-12-11,33.1,27.1,30.6,39.4,29.7,35.1,23.5,67.8,0,0,0,,,,,27.7,244.8,1011.2,33.3,4.9,,,,,2006-12-11T06:47:01,2006-12-11T18:32:17,0.71,Partially cloudy,Partly cloudy throughout the day.,partly-cloudy-day,65201099999
Lagos,2006-12-12,30.1,25.4,27.2,35.2,25.4,29.8,25.5,91.3,0,0,0,,,,,24.1,245,1011.5,31.7,5.3,,,,,2006-12-12T06:47:31,2006-12-12T18:32:42,0.75,Partially cloudy,Partly cloudy throughout the day.,partly-cloudy-day,65201099999
Lagos,2006-12-13,34.1,25.2,28.7,39.5,25.2,32.3,24.8,80.6,0,0,0,,,,,43.2,253.5,1011.2,45.4,5.8,,,,,2006-12-13T06:48:01,2006-12-13T18:33:08,0.77,Partially cloudy,Partly cloudy throughout the day.,partly-cloudy-day,65201099999
Lagos,2006-12-14,33.1,25.1,29.1,39.4,25.1,33.4,24.8,79,0,0,0,,,,,29.5,252.4,1010.2,54,5.5,,,,,2006-12-14T06:48:32,2006-12-14T18:33:35,0.8,Partially cloudy,Partly cloudy throughout the day.,partly-cloudy-day,65201099999
Lagos,2006-12-15,32.4,26.1,29,39.3,26.1,33.5,25.2,80.7,0,0,0,,,,,28.1,261.8,1011.5,71.3,6.7,,,,,2006-12-15T06:49:02,2006-12-15T18:34:02,0.84,Partially cloudy,Partly cloudy throughout the day.,partly-cloudy-day,65201099999
Lagos,2006-12-16,33.1,25.6,28.4,39.4,25.6,31.8,25,82.8,0,0,0,,,,,24.1,251.9,1011.6,70,5.7,,,,,2006-12-16T06:49:33,2006-12-16T18:34:29,0.87,Partially cloudy,Partly cloudy throughout the day.,partly-cloudy-day,65201099999
Lagos,2006-12-17,33.1,27.6,30.4,42.3,32.7,36.7,25.2,74.7,0,0,0,,,,,29.5,255,1011.3,46.3,6.8,,,,,2006-12-17T06:50:03,2006-12-17T18:34:57,0.9,Partially cloudy,Becoming cloudy in the afternoon.,partly-cloudy-day,65201099999
Lagos,2006-12-18,33.2,25.6,28.3,39.4,25.6,32,25.1,84,0,0,0,,,,,29.5,250.9,1011.9,56,5.7,,,,,2006-12-18T06:50:33,2006-12-18T18:35:26,0.93,Partially cloudy,Partly cloudy throughout the day.,partly-cloudy-day,65201099999
Lagos,2006-12-19,36.1,26.1,28.6,44.8,26.1,32,25.1,82.7,0,0,0,,,,,25.9,253,1012.1,50.6,5.9,,,,,2006-12-19T06:51:04,2006-12-19T18:35:55,0.96,Partially cloudy,Partly cloudy throughout the day.,partly-cloudy-day,65201099999
Lagos,2006-12-20,32.1,25.1,28.5,39.3,25.1,33,25.4,84.2,0,0,0,,,,,20.5,246.2,1012.3,53.3,5.3,,,,,2006-12-20T06:51:34,2006-12-20T18:36:24,0,Partially cloudy,Partly cloudy throughout the day.,partly-cloudy-day,65201099999
Lagos,2006-12-21,33.1,26.1,28.9,39.8,26.1,32.9,24.9,80.6,0,0,0,,,,,25.9,246.5,1012,55,5.9,,,,,2006-12-21T06:52:04,2006-12-21T18:36:54,0.03,Partially cloudy,Partly cloudy throughout the day.,partly-cloudy-day,65201099999
Lagos,2006-12-22,33.1,25.1,28.5,38.2,25.1,31.7,24.9,82.8,0,0,0,,,,,35.3,261.3,1011.7,51.8,5.9,,,,,2006-12-22T06:52:34,2006-12-22T18:37:23,0.07,Partially cloudy,Partly cloudy throughout the day.,partly-cloudy-day,65201099999
Lagos,2006-12-23,34.1,25.1,28.4,39.5,25.1,31.2,24.5,81.2,0,0,0,,,,,33.5,229.3,1011.5,53.6,6,,,,,2006-12-23T06:53:03,2006-12-23T18:37:53,0.1,Partially cloudy,Partly cloudy throughout the day.,partly-cloudy-day,65201099999
Lagos,2006-12-24,34.1,25.1,27.9,38.4,25.1,29.8,24.3,82.6,0,0,0,,,,,24.1,249.5,1011.2,46,7.2,,,,,2006-12-24T06:53:33,2006-12-24T18:38:24,0.14,Partially cloudy,Partly cloudy throughout the day.,partly-cloudy-day,65201099999
Lagos,2006-12-25,33.1,25.1,28.5,39.4,25.1,31.7,24.7,81.4,53.3,100,4.17,rain,,,,22.3,255.4,1011,60,6.6,,,,,2006-12-25T06:54:02,2006-12-25T18:38:54,0.17,"Rain, Partially cloudy",Partly cloudy throughout the day with morning rain.,rain,65201099999
Lagos,2006-12-26,33.6,25.1,28.9,39.5,25.1,31.7,24.1,77.6,0,0,0,,,,,22.3,266.5,1011.6,71.2,5.5,,,,,2006-12-26T06:54:31,2006-12-26T18:39:25,0.21,Partially cloudy,Partly cloudy throughout the day.,partly-cloudy-day,65201099999
Lagos,2006-12-27,31.6,25.1,27.6,35.6,25.1,29.8,24.3,83.6,0,0,0,,,,,29.5,270.1,1012.3,38,6.7,,,,,2006-12-27T06:54:59,2006-12-27T18:39:56,0.25,Partially cloudy,Partly cloudy throughout the day.,partly-cloudy-day,65201099999
Lagos,2006-12-28,33.1,24.1,27.1,37.1,24.1,28.8,23.6,82.9,0,0,0,,,,,22.3,275,1013.1,58.3,6.2,,,,,2006-12-28T06:55:27,2006-12-28T18:40:27,0.28,Partially cloudy,Partly cloudy throughout the day.,partly-cloudy-day,65201099999
Lagos,2006-12-29,33.6,24.1,26,33.2,24.1,26,22.3,84.5,0,0,0,,,,,25.9,161.5,1013.1,28.2,5.1,,,,,2006-12-29T06:55:55,2006-12-29T18:40:57,0.32,Partially cloudy,Partly cloudy throughout the day.,partly-cloudy-day,65201099999
Lagos,2006-12-30,32.1,22.1,26.5,32,22.1,26.7,18.2,63.5,0,0,0,,,,,29.5,29,1013.8,28,2.5,,,,,2006-12-30T06:56:22,2006-12-30T18:41:28,0.35,Partially cloudy,Partly cloudy throughout the day.,partly-cloudy-day,65201099999
Lagos,2006-12-31,32.6,21.1,26.4,32,21.1,26.1,15.2,53.9,0,0,0,,,,,35.3,53.7,1013.5,32.7,1.8,,,,,2006-12-31T06:56:48,2006-12-31T18:41:59,0.39,Partially cloudy,Partly cloudy throughout the day.,partly-cloudy-day,65201099999
