name,datetime,tempmax,tempmin,temp,feelslikemax,feelslikemin,feelslike,dew,humidity,precip,precipprob,precipcover,preciptype,snow,snowdepth,windgust,windspeed,winddir,sealevelpressure,cloudcover,visibility,solarradiation,solarenergy,uvindex,severerisk,sunrise,sunset,moonphase,conditions,description,icon,stations
Lagos,2007-01-01,26.1,23.7,24.5,26.1,23.7,24.5,18.9,71,0,0,0,,,,,0,,1013.9,25.7,1.4,,,,,2007-01-01T06:57:14,2007-01-01T18:42:30,0.42,Partially cloudy,Partly cloudy throughout the day.,partly-cloudy-day,65201099999
Lagos,2007-01-02,32.1,22.1,26.1,30.5,22.1,25.7,12.7,46.8,0,0,0,,,,,27.7,54.7,1013.5,21.9,1.2,,,,,2007-01-02T06:57:40,2007-01-02T18:43:01,0.46,Partially cloudy,Partly cloudy throughout the day.,partly-cloudy-day,65201099999
Lagos,2007-01-03,31.4,21.1,26.3,29.9,21.1,25.9,12.6,45.1,0,0,0,,,,,29.5,64.3,1013,20,1,,,,,2007-01-03T06:58:05,2007-01-03T18:43:32,0.5,Clear,Partly cloudy throughout the day.,clear-day,65201099999
Lagos,2007-01-04,31.1,21.1,25.7,30.4,21.1,25.5,13.4,48.8,0,0,0,,,,,18.4,33.6,1012.4,25.2,1,,,,,2007-01-04T06:58:30,2007-01-04T18:44:02,0.53,Partially cloudy,Partly cloudy throughout the day.,partly-cloudy-day,65201099999
Lagos,2007-01-05,32.1,22.1,25.6,31.3,22.1,25.4,14.2,51.6,0,0,0,,,,,22.3,34.2,1011.9,12,1,,,,,2007-01-05T06:58:53,2007-01-05T18:44:33,0.56,Clear,Clear conditions throughout the day.,clear-day,65201099999
Lagos,2007-01-06,34.6,21.1,28,33.7,21.1,27.7,14.3,46.3,0,0,0,,,,,27.7,53.1,1012,25.9,2.2,,,,,2007-01-06T06:59:17,2007-01-06T18:45:03,0.59,Partially cloudy,Partly cloudy throughout the day.,partly-cloudy-day,65201099999
Lagos,2007-01-07,32.1,21.1,26.9,31.3,21.1,26.8,15.5,52,0,0,0,,,,,24.1,96.7,1011.8,19.5,1.1,,,,,2007-01-07T06:59:39,2007-01-07T18:45:33,0.62,Clear,Clear conditions throughout the day.,clear-day,65201099999
Lagos,2007-01-08,34.1,22.1,26.7,33.4,22.1,26.7,17.6,60.5,0,0,0,,,,,27.7,55,1011.4,20,1,,,,,2007-01-08T07:00:01,2007-01-08T18:46:02,0.66,Clear,Partly cloudy throughout the day.,clear-day,65201099999
Lagos,2007-01-09,33.1,22.1,26,31.2,22.1,25.8,16.6,60,0,0,0,,,,,22.3,18.9,1010.8,22.8,1.2,,,,,2007-01-09T07:00:22,2007-01-09T18:46:32,0.69,Partially cloudy,Partly cloudy throughout the day.,partly-cloudy-day,65201099999
Lagos,2007-01-10,34.1,21.1,27.3,32.5,21.1,26.7,14,48.1,0,0,0,,,,,24.1,55.1,1011.1,18.9,1,,,,,2007-01-10T07:00:42,2007-01-10T18:47:01,0.72,Clear,Clear conditions throughout the day.,clear-day,65201099999
Lagos,2007-01-11,34.6,21.1,28.3,33.7,21.1,27.9,15.1,47.9,0,0,0,,,,,24.1,115.9,1011.3,28.7,2.6,,,,,2007-01-11T07:01:02,2007-01-11T18:47:30,0.75,Partially cloudy,Partly cloudy throughout the day.,partly-cloudy-day,65201099999
Lagos,2007-01-12,34.2,22.1,26.7,32.8,22.1,26.2,13.3,46.9,0,0,0,,,,,33.5,46.2,1011.4,25.5,1.6,,,,,2007-01-12T07:01:21,2007-01-12T18:47:58,0.78,Partially cloudy,Becoming cloudy in the afternoon.,partly-cloudy-day,65201099999
Lagos,2007-01-13,33.1,21.1,25.4,32,21.1,25.2,12.3,46.1,0,0,0,,,,,25.9,59,1012.2,27,1.6,,,,,2007-01-13T07:01:39,2007-01-13T18:48:26,0.82,Partially cloudy,Partly cloudy throughout the day.,partly-cloudy-day,65201099999
Lagos,2007-01-14,33.1,21.1,25.2,31.8,21.1,25,13.9,52.7,0,0,0,,,,,33.5,50.4,1012,29,1.2,,,,,2007-01-14T07:01:56,2007-01-14T18:48:53,0.85,Partially cloudy,Partly cloudy throughout the day.,partly-cloudy-day,65201099999
Lagos,2007-01-15,34.1,21.1,27,33.4,21.1,26.6,14.7,50.1,0,0,0,,,,,33.5,69.6,1010.6,25.7,1.3,,,,,2007-01-15T07:02:12,2007-01-15T18:49:21,0.88,Partially cloudy,Partly cloudy throughout the day.,partly-cloudy-day,65201099999
Lagos,2007-01-16,34.1,20.1,26.4,32.5,20.1,26,15.4,55.3,0,0,0,,,,,35.3,76.1,1010.8,19.6,2.3,,,,,2007-01-16T07:02:28,2007-01-16T18:49:47,0.91,Clear,Clear conditions throughout the day.,clear-day,65201099999
Lagos,2007-01-17,33.1,20.9,26.8,31.1,20.9,26.1,12.5,46.6,0,0,0,,,,,35.3,42.5,1010.9,28.4,1.3,,,,,2007-01-17T07:02:42,2007-01-17T18:50:13,0.95,Partially cloudy,Partly cloudy throughout the day.,partly-cloudy-day,65201099999
Lagos,2007-01-18,35.1,20.7,27.3,33,20.7,26.6,13.5,48.5,0,0,0,,,,,87.1,35.9,1011.5,27.5,1.6,,,,,2007-01-18T07:02:56,2007-01-18T18:50:39,0.98,Partially cloudy,Partly cloudy throughout the day.,wind,65201099999
Lagos,2007-01-19,33.1,20.9,26.6,31.8,20.9,26.2,13.2,46.7,0,0,0,,,,,35.3,62.9,1011.9,25.5,1.6,,,,,2007-01-19T07:03:09,2007-01-19T18:51:04,0,Partially cloudy,Partly cloudy throughout the day.,partly-cloudy-day,65201099999
Lagos,2007-01-20,33.1,21.4,26,31.6,21.4,25.4,14.1,53.5,0,0,0,,,,,35.3,33.4,1011.9,33.8,1.4,,,,,2007-01-20T07:03:21,2007-01-20T18:51:28,0.05,Partially cloudy,Partly cloudy throughout the day.,partly-cloudy-day,65201099999
Lagos,2007-01-21,34.4,22.1,26.9,32.5,22.1,26.3,12.7,45.6,0,0,0,,,,,24.1,30.2,1010.3,32.5,1.3,,,,,2007-01-21T07:03:32,2007-01-21T18:51:52,0.08,Partially cloudy,Partly cloudy throughout the day.,partly-cloudy-day,65201099999
Lagos,2007-01-22,34.1,21.1,27.1,32.3,21.1,26.7,15.2,52.8,0,0,0,,,,,22.3,302.3,1010.7,28.4,1.5,,,,,2007-01-22T07:03:42,2007-01-22T18:52:16,0.12,Partially cloudy,Partly cloudy throughout the day.,partly-cloudy-day,65201099999
Lagos,2007-01-23,34.1,22.1,27.4,36.6,22.1,28.4,19,61.9,0,0,0,,,,,27.7,271.7,1011.4,27.4,1.7,,,,,2007-01-23T07:03:51,2007-01-23T18:52:38,0.15,Partially cloudy,Partly cloudy throughout the day.,partly-cloudy-day,65201099999
Lagos,2007-01-24,33.1,23.9,27.5,37.1,23.9,29.5,23.1,78.7,0,0,0,,,,,35.3,262.4,1012.6,47,3.4,,,,,2007-01-24T07:03:59,2007-01-24T18:53:00,0.19,Partially cloudy,Partly cloudy throughout the day.,partly-cloudy-day,65201099999
Lagos,2007-01-25,32.1,24.1,27.9,36.9,24.1,30.4,23.9,80.7,0,0,0,,,,,35.3,253.8,1011.7,36.7,5.1,,,,,2007-01-25T07:04:07,2007-01-25T18:53:22,0.22,Partially cloudy,Partly cloudy throughout the day.,partly-cloudy-day,65201099999
Lagos,2007-01-26,33.1,25.1,29,38.1,25.1,32.4,24.1,76.8,0,0,0,,,,,31.3,247.4,1010.5,54.2,6.8,,,,,2007-01-26T07:04:13,2007-01-26T18:53:43,0.25,Partially cloudy,Partly cloudy throughout the day.,partly-cloudy-day,65201099999
Lagos,2007-01-27,31.7,25.9,28.5,37,25.9,32.7,25.2,83.2,0,0,0,,,,,25.9,240.2,1010.1,36,8.5,,,,,2007-01-27T07:04:19,2007-01-27T18:54:03,0.29,Partially cloudy,Becoming cloudy in the afternoon.,partly-cloudy-day,65201099999
Lagos,2007-01-28,34.1,26.1,28.9,40.7,26.1,33,25.2,82.4,0,0,0,,,,,35.3,253.3,1011.4,73.7,7.6,,,,,2007-01-28T07:04:23,2007-01-28T18:54:22,0.33,Partially cloudy,Partly cloudy throughout the day.,partly-cloudy-day,65201099999
Lagos,2007-01-29,34.1,26.1,28.6,42.1,26.1,32.6,25.1,82.3,0,0,0,,,,,33.5,251.4,1011.2,69.2,7.9,,,,,2007-01-29T07:04:26,2007-01-29T18:54:41,0.37,Partially cloudy,Partly cloudy throughout the day.,partly-cloudy-day,65201099999
Lagos,2007-01-30,34.1,25.9,29.2,40.7,25.9,33.3,25.1,80.2,0,0,0,,,,,37.1,251.7,1010.4,52.9,7.8,,,,,2007-01-30T07:04:29,2007-01-30T18:54:59,0.4,Partially cloudy,Partly cloudy throughout the day.,partly-cloudy-day,65201099999
Lagos,2007-01-31,34.2,25.7,29.7,41,25.7,34.6,25.2,78.6,0,0,0,,,,,64.8,257.4,1010.7,57.9,7.1,,,,,2007-01-31T07:04:31,2007-01-31T18:55:17,0.44,Partially cloudy,Partly cloudy throughout the day.,wind,65201099999
Lagos,2007-02-01,34.1,25.6,28.4,40.7,25.6,32.4,25.4,85.2,0,0,0,,,,,39.6,258.4,1011.5,51,7.5,,,,,2007-02-01T07:04:31,2007-02-01T18:55:34,0.47,Partially cloudy,Partly cloudy throughout the day.,partly-cloudy-day,65201099999
Lagos,2007-02-02,33.2,25.7,28.6,39.7,25.7,32.8,25.5,84.3,0,0,0,,,,,29.5,245.2,1011.7,63.3,8.6,,,,,2007-02-02T07:04:31,2007-02-02T18:55:50,0.5,Partially cloudy,Partly cloudy throughout the day.,partly-cloudy-day,65201099999
Lagos,2007-02-03,33.1,25.7,27.7,38.8,25.7,31,25.5,88.4,0,0,0,,,,,29.5,243.7,1011.4,71.5,9.1,,,,,2007-02-03T07:04:30,2007-02-03T18:56:05,0.54,Partially cloudy,Partly cloudy throughout the day.,partly-cloudy-day,65201099999
Lagos,2007-02-04,34.1,25.6,28.9,39.5,25.6,32.7,25,81.3,0,0,0,,,,,37.1,261,1011.2,64.2,8.2,,,,,2007-02-04T07:04:27,2007-02-04T18:56:20,0.57,Partially cloudy,Partly cloudy throughout the day.,partly-cloudy-day,65201099999
Lagos,2007-02-05,34.1,26.1,29.1,40.7,26.1,32.7,24.6,79,0,0,0,,,,,37.1,249.4,1010.6,55.5,9.1,,,,,2007-02-05T07:04:24,2007-02-05T18:56:34,0.6,Partially cloudy,Partly cloudy throughout the day.,partly-cloudy-day,65201099999
Lagos,2007-02-06,34.1,25.7,29,39.5,25.7,32.5,24.8,80.2,0,0,0,,,,,33.5,247.1,1009.5,61.9,9.4,,,,,2007-02-06T07:04:20,2007-02-06T18:56:47,0.64,Partially cloudy,Partly cloudy throughout the day.,partly-cloudy-day,65201099999
Lagos,2007-02-07,34.1,26.1,29.9,40.7,26.1,34.9,25.4,78.8,0,0,0,,,,,35.3,252.4,1009.7,74.3,9.8,,,,,2007-02-07T07:04:15,2007-02-07T18:56:59,0.67,Partially cloudy,Partly cloudy throughout the day.,partly-cloudy-day,65201099999
Lagos,2007-02-08,26.7,26.7,26.7,26.7,26.7,26.7,25.9,95.4,0,0,0,,,,,0,,,90,8,,,,,2007-02-08T07:04:09,2007-02-08T18:57:11,0.7,Partially cloudy,Clearing in the afternoon.,partly-cloudy-day,65201099999
Lagos,2007-02-09,33.1,26.1,29,39.8,26.1,33.9,25.5,82.5,0,0,0,,,,,37.1,272.7,1011,64.4,9.4,,,,,2007-02-09T07:04:03,2007-02-09T18:57:22,0.73,Partially cloudy,Partly cloudy throughout the day.,partly-cloudy-day,65201099999
Lagos,2007-02-10,34.1,22.7,27.3,39.5,22.7,30,23.1,79.2,0,0,0,,,,,35.3,256.7,1010.6,52.8,8.4,,,,,2007-02-10T07:03:55,2007-02-10T18:57:33,0.75,Partially cloudy,Partly cloudy throughout the day.,partly-cloudy-day,65201099999
Lagos,2007-02-11,35.1,25.4,28.5,40.8,25.4,31.8,24.6,80.8,210.5,100,4.17,rain,,,,55.4,251.5,1011,43.3,9.9,,,,,2007-02-11T07:03:46,2007-02-11T18:57:42,0.8,"Rain, Partially cloudy",Partly cloudy throughout the day with afternoon rain.,rain,65201099999
Lagos,2007-02-12,32.6,26.1,28.7,39.3,26.1,32.8,25,81,0,0,0,,,,,31.3,242.8,1011.9,63.3,9.6,,,,,2007-02-12T07:03:37,2007-02-12T18:57:51,0.83,Partially cloudy,Partly cloudy throughout the day.,partly-cloudy-day,65201099999
Lagos,2007-02-13,35.6,25.4,29,38.2,25.4,31.8,23.7,76.4,0,0,0,,,,,33.5,291.9,1011.5,41.3,9.8,,,,,2007-02-13T07:03:27,2007-02-13T18:58:00,0.86,Partially cloudy,Partly cloudy throughout the day.,partly-cloudy-day,65201099999
Lagos,2007-02-14,36.1,25.1,29.8,33.8,25.1,30.3,18.6,59.8,0,0,0,,,,,37.1,213.9,1011,30,6.1,,,,,2007-02-14T07:03:16,2007-02-14T18:58:07,0.9,Partially cloudy,Partly cloudy throughout the day.,partly-cloudy-day,65201099999
Lagos,2007-02-15,34.1,23.9,28.9,39.5,23.9,32.5,24.1,77,0,0,0,,,,,31.3,244.8,1010.3,53.7,7.1,,,,,2007-02-15T07:03:04,2007-02-15T18:58:14,0.93,Partially cloudy,Partly cloudy throughout the day.,partly-cloudy-day,65201099999
Lagos,2007-02-16,34.1,25.1,29.3,39.5,25.1,33.1,24.5,77,0,0,0,,,,,33.5,245.9,1009.5,51.2,8.2,,,,,2007-02-16T07:02:51,2007-02-16T18:58:21,0.96,Partially cloudy,Partly cloudy throughout the day.,partly-cloudy-day,65201099999
Lagos,2007-02-17,34.1,25.7,29.1,40.7,25.7,33.1,24.7,78.6,0,0,0,,,,,29.5,243.5,1008.4,61.5,8.8,,,,,2007-02-17T07:02:37,2007-02-17T18:58:27,0,Partially cloudy,Partly cloudy throughout the day.,partly-cloudy-day,65201099999
Lagos,2007-02-18,34.1,26.1,29.2,42.1,26.1,34,25.1,79.6,0,0,0,,,,,33.5,257.1,1008.1,61.1,9.7,,,,,2007-02-18T07:02:23,2007-02-18T18:58:32,0.03,Partially cloudy,Partly cloudy throughout the day.,partly-cloudy-day,65201099999
Lagos,2007-02-19,34.1,26.1,29.2,39.5,26.1,33.7,24.9,79.2,0,0,0,,,,,29.5,262.9,1008,70,9.3,,,,,2007-02-19T07:02:08,2007-02-19T18:58:36,0.06,Partially cloudy,Partly cloudy throughout the day.,partly-cloudy-day,65201099999
Lagos,2007-02-20,34.1,26.1,29.3,42.1,26.1,34.4,25.5,81.5,0,0,0,,,,,37.1,255.3,1007.7,64.1,9.9,,,,,2007-02-20T07:01:52,2007-02-20T18:58:40,0.1,Partially cloudy,Partly cloudy throughout the day.,partly-cloudy-day,65201099999
Lagos,2007-02-21,32.9,27.6,29.7,39.3,32,35.6,25.5,79,0,0,0,,,,,35.3,253,1009.7,60,9.9,,,,,2007-02-21T07:01:35,2007-02-21T18:58:43,0.13,Partially cloudy,Partly cloudy throughout the day.,partly-cloudy-day,65201099999
Lagos,2007-02-22,35.1,26.9,30.5,43.5,30.5,37.1,25.6,76.2,0,0,0,,,,,35.3,267.7,1010.9,75.7,10.3,,,,,2007-02-22T07:01:18,2007-02-22T18:58:46,0.17,Partially cloudy,Partly cloudy throughout the day.,partly-cloudy-day,65201099999
Lagos,2007-02-23,33.2,25.1,28.5,39.4,25.1,31.5,23.3,74.5,0,0,0,,,,,38.9,217.2,1011.1,61.3,9,,,,,2007-02-23T07:01:00,2007-02-23T18:58:48,0.2,Partially cloudy,Partly cloudy throughout the day.,partly-cloudy-day,65201099999
Lagos,2007-02-24,34.1,25.2,29.1,38.4,25.2,32.8,24.5,77.8,0,0,0,,,,,33.5,243,1011,72.7,8.3,,,,,2007-02-24T07:00:42,2007-02-24T18:58:49,0.25,Partially cloudy,Partly cloudy throughout the day.,partly-cloudy-day,65201099999
Lagos,2007-02-25,33.2,25.1,29.2,39.4,25.1,33.6,24.8,78.5,0,0,0,,,,,33.5,245.3,1011,72,9.7,,,,,2007-02-25T07:00:22,2007-02-25T18:58:50,0.27,Partially cloudy,Partly cloudy throughout the day.,partly-cloudy-day,65201099999
Lagos,2007-02-26,32.1,26.1,28.3,38,26.1,32,24.9,82.3,0,0,0,,,,,31.3,256.5,1011.4,61.5,9.5,,,,,2007-02-26T07:00:02,2007-02-26T18:58:51,0.31,Partially cloudy,Partly cloudy throughout the day.,partly-cloudy-day,65201099999
Lagos,2007-02-27,36.1,26.4,30.4,44.8,26.4,35.9,24.9,73.8,0,0,0,,,,,35.3,299.5,1010.9,62.7,10.2,,,,,2007-02-27T06:59:42,2007-02-27T18:58:50,0.34,Partially cloudy,Partly cloudy throughout the day.,partly-cloudy-day,65201099999
Lagos,2007-02-28,33.1,26.4,29.7,40.7,26.4,35.2,25.2,77.7,0,0,0,,,,,33.5,247.1,1010.1,61.5,8.1,,,,,2007-02-28T06:59:21,2007-02-28T18:58:50,0.38,Partially cloudy,Partly cloudy throughout the day.,partly-cloudy-day,65201099999
Lagos,2007-03-01,33.1,26.1,29.1,39.4,26.1,33.5,24.9,79.4,0,0,0,,,,,29.5,250.2,1009.9,68.8,8.4,,,,,2007-03-01T06:58:59,2007-03-01T18:58:49,0.41,Partially cloudy,Partly cloudy throughout the day.,partly-cloudy-day,65201099999
Lagos,2007-03-02,36.1,26.1,30.3,42,26.1,34.5,24.2,73.2,0,0,0,,,,,29.5,236.6,1008.9,40.7,8.6,,,,,2007-03-02T06:58:37,2007-03-02T18:58:47,0.45,Partially cloudy,Partly cloudy throughout the day.,partly-cloudy-day,65201099999
Lagos,2007-03-03,36.1,26.1,30,39.5,26.1,33.3,23.8,73.4,100.7,100,4.17,rain,,,,28.1,239.1,1009.4,52.9,6.6,,,,,2007-03-03T06:58:14,2007-03-03T18:58:45,0.48,"Rain, Partially cloudy",Partly cloudy throughout the day with afternoon rain.,rain,65201099999
Lagos,2007-03-04,31.1,26.1,27.9,39.3,26.1,32.3,25.8,88.7,0,0,0,,,,,14.8,30,1010.2,57.5,6.3,,,,,2007-03-04T06:57:51,2007-03-04T18:58:43,0.5,Partially cloudy,Clearing in the afternoon.,partly-cloudy-day,65201099999
Lagos,2007-03-05,34.4,26.4,31.3,39.5,26.4,36.5,24.2,67.6,0,0,0,,,,,37.1,250.3,1008.9,64.2,5.1,,,,,2007-03-05T06:57:27,2007-03-05T18:58:40,0.55,Partially cloudy,Partly cloudy throughout the day.,partly-cloudy-day,65201099999
Lagos,2007-03-06,35.1,26.6,30.7,42,26.6,35.9,24.5,71.6,0,0,0,,,,,37.1,250.7,1009.4,45,4.9,,,,,2007-03-06T06:57:03,2007-03-06T18:58:36,0.58,Partially cloudy,Partly cloudy throughout the day.,partly-cloudy-day,65201099999
Lagos,2007-03-07,32.4,28.1,29.5,39.3,32.9,35.2,25.2,78.5,0,0,0,,,,,31.3,262.8,1010.7,56.3,6.7,,,,,2007-03-07T06:56:38,2007-03-07T18:58:33,0.62,Partially cloudy,Partly cloudy throughout the day.,partly-cloudy-day,65201099999
Lagos,2007-03-08,34.1,26.6,28.9,40.7,26.6,34,25.5,82.8,0,0,0,,,,,33.5,252.9,1009.6,63.9,7.2,,,,,2007-03-08T06:56:13,2007-03-08T18:58:29,0.65,Partially cloudy,Partly cloudy throughout the day.,partly-cloudy-day,65201099999
Lagos,2007-03-09,34.6,27.1,30.2,40.7,31.4,36,25.1,75.8,0,0,0,,,,,37.1,254.6,1010,53.5,7.6,,,,,2007-03-09T06:55:47,2007-03-09T18:58:24,0.68,Partially cloudy,Partly cloudy throughout the day.,partly-cloudy-day,65201099999
Lagos,2007-03-10,35.1,26.7,30.2,40.8,26.7,35,24.4,73.3,0,0,0,,,,,37.1,246,1010.6,67.9,9.4,,,,,2007-03-10T06:55:22,2007-03-10T18:58:20,0.71,Partially cloudy,Partly cloudy throughout the day.,partly-cloudy-day,65201099999
Lagos,2007-03-11,35.1,26.1,29.6,40.7,26.1,34.3,24.8,77,0,0,0,,,,,37.1,245,1009.7,58,7.9,,,,,2007-03-11T06:54:55,2007-03-11T18:58:15,0.75,Partially cloudy,Partly cloudy throughout the day.,partly-cloudy-day,65201099999
Lagos,2007-03-12,34.4,26.7,29.8,40.7,26.7,35.5,25.5,79.8,0,0,0,,,,,33.5,251.4,1009.7,62.6,9.2,,,,,2007-03-12T06:54:29,2007-03-12T18:58:09,0.75,Partially cloudy,Partly cloudy throughout the day.,partly-cloudy-day,65201099999
Lagos,2007-03-13,35.1,26.1,29.7,42,26.1,34.6,25.3,79.4,0,0,0,,,,,29.5,247.6,1009.5,53.9,8.7,,,,,2007-03-13T06:54:02,2007-03-13T18:58:04,0.81,Partially cloudy,Partly cloudy throughout the day.,partly-cloudy-day,65201099999
Lagos,2007-03-14,35.1,26.1,30.4,40.8,26.1,36.4,25.3,75.8,0,0,0,,,,,54,255.9,1009.4,64.1,9.3,,,,,2007-03-14T06:53:35,2007-03-14T18:57:58,0.85,Partially cloudy,Partly cloudy throughout the day.,wind,65201099999
Lagos,2007-03-15,35.1,26.9,29.7,42.1,30.6,35.2,25.5,80.2,0,0,0,,,,,110.9,245,1009.6,71.2,9.5,,,,,2007-03-15T06:53:07,2007-03-15T18:57:52,0.88,Partially cloudy,Partly cloudy throughout the day.,wind,65201099999
Lagos,2007-03-16,33.4,25.2,27.8,40.6,25.2,30.7,23.8,79.8,0,0,0,,,,,37.1,250.6,1009.6,73.3,9.2,,,,,2007-03-16T06:52:40,2007-03-16T18:57:46,0.91,Partially cloudy,Partly cloudy throughout the day.,partly-cloudy-day,65201099999
Lagos,2007-03-17,,,,,,,,,,,0,,,,,0,,,,,,,,,2007-03-17T06:52:12,2007-03-17T18:57:39,0.95,,,,
Lagos,2007-03-18,28.2,27.7,28,34.2,32.9,33.6,26.3,90.8,0,0,0,,,,,14.8,260,,90,10,,,,,2007-03-18T06:51:44,2007-03-18T18:57:32,0.98,Partially cloudy,Partly cloudy throughout the day.,partly-cloudy-day,65201099999
Lagos,2007-03-19,27.2,27.2,27.2,31.3,31.3,31.3,25.7,91.5,0,0,0,,,,,0,,,90,10,,,,,2007-03-19T06:51:15,2007-03-19T18:57:26,0,Partially cloudy,Clearing in the afternoon.,partly-cloudy-day,65201099999
Lagos,2007-03-20,34.2,26.2,30.2,40.6,26.2,33.4,24.5,74.7,0,0,0,,,,,33.5,280,,90,8,,,,,2007-03-20T06:50:47,2007-03-20T18:57:19,0.05,Partially cloudy,Partly cloudy throughout the day.,partly-cloudy-day,65201099999
Lagos,2007-03-21,35.1,29.9,32.4,42.1,36.6,39.6,25,65.6,0,0,0,,,,,35.3,250.9,1008.7,78,10.7,,,,,2007-03-21T06:50:19,2007-03-21T18:57:12,0.08,Partially cloudy,Partly cloudy throughout the day.,partly-cloudy-day,65201099999
Lagos,2007-03-22,34.1,27.1,29.7,40.7,31.4,35.9,25.7,80.6,0,0,0,,,,,51.8,249,1008.6,58,10.4,,,,,2007-03-22T06:49:50,2007-03-22T18:57:04,0.11,Partially cloudy,Partly cloudy throughout the day.,wind,65201099999
Lagos,2007-03-23,34.6,27.1,29.7,41.1,31.1,35.4,25.4,79.6,0,0,0,,,,,35.3,256.3,1008.8,59.5,10.1,,,,,2007-03-23T06:49:21,2007-03-23T18:56:57,0.15,Partially cloudy,Partly cloudy throughout the day.,partly-cloudy-day,65201099999
Lagos,2007-03-24,33.1,26.1,29.4,40.8,26.1,34.8,25.5,80.6,8.9,100,4.17,rain,,,,33.5,258.8,1009.2,80.5,10.2,,,,,2007-03-24T06:48:52,2007-03-24T18:56:50,0.18,"Rain, Partially cloudy",Partly cloudy throughout the day with morning rain.,rain,65201099999
Lagos,2007-03-25,33.1,23.1,28.2,40.7,23.1,32.5,24.6,81.8,15,100,4.17,rain,,,,37.1,236.8,1010.4,63.8,10.6,,,,,2007-03-25T06:48:23,2007-03-25T18:56:42,0.25,"Rain, Partially cloudy",Partly cloudy throughout the day with rain clearing later.,rain,65201099999
Lagos,2007-03-26,30.2,28.1,28.5,36.3,33.4,34.4,26,86.7,0,0,0,,,,,31.3,241.1,1010.4,66.7,10.5,,,,,2007-03-26T06:47:55,2007-03-26T18:56:35,0.25,Partially cloudy,Becoming cloudy in the afternoon.,partly-cloudy-day,65201099999
Lagos,2007-03-27,33.2,28.1,30.5,40.2,32.8,36.3,24.8,72.6,0,0,0,,,,,33.5,251.2,1009.1,60,11.2,,,,,2007-03-27T06:47:26,2007-03-27T18:56:28,0.29,Partially cloudy,Becoming cloudy in the afternoon.,partly-cloudy-day,65201099999
Lagos,2007-03-28,32.1,26.1,27.8,39.3,26.1,31.6,25.5,87.6,0,0,0,,,,,31.3,261.1,1009.2,57.1,9.4,,,,,2007-03-28T06:46:57,2007-03-28T18:56:20,0.32,Partially cloudy,Clearing in the afternoon.,partly-cloudy-day,65201099999
Lagos,2007-03-29,34.1,25.9,29.5,39.5,25.9,33.8,24.8,77.2,0,0,0,,,,,37.1,252.7,1008.8,60,10.7,,,,,2007-03-29T06:46:28,2007-03-29T18:56:13,0.35,Partially cloudy,Partly cloudy throughout the day.,partly-cloudy-day,65201099999
Lagos,2007-03-30,33.1,27.1,28.6,36.5,29.3,31.7,23,73.2,0,0,0,,,,,27.7,283.2,1007.9,47.5,10.4,,,,,2007-03-30T06:45:59,2007-03-30T18:56:05,0.39,Partially cloudy,Becoming cloudy in the afternoon.,partly-cloudy-day,65201099999
Lagos,2007-03-31,34.1,25.4,28.9,40.7,25.4,32.7,24.8,80,0,0,0,,,,,35.3,251.7,1006.4,67.6,8,,,,,2007-03-31T06:45:31,2007-03-31T18:55:58,0.42,Partially cloudy,Partly cloudy throughout the day.,partly-cloudy-day,65201099999
Lagos,2007-04-01,33.1,24.1,27.8,40.7,24.1,31.4,24.6,83.9,5.1,100,4.17,rain,,,,64.8,243.9,1007.6,79.4,8.9,,,,,2007-04-01T06:45:02,2007-04-01T18:55:51,0.46,"Rain, Partially cloudy",Partly cloudy throughout the day with late afternoon rain.,rain,65201099999
Lagos,2007-04-02,32.1,23.2,27.8,38,23.2,30.9,23.7,79.2,0,0,0,,,,,33.5,249.4,1008.4,66,9.6,,,,,2007-04-02T06:44:34,2007-04-02T18:55:44,0.5,Partially cloudy,Partly cloudy throughout the day.,partly-cloudy-day,65201099999
Lagos,2007-04-03,34.1,25.9,29.5,42.3,25.9,34.5,25.1,78.5,0,0,0,,,,,37.1,258.2,1007.8,56,10.5,,,,,2007-04-03T06:44:05,2007-04-03T18:55:37,0.53,Partially cloudy,Partly cloudy throughout the day.,partly-cloudy-day,65201099999
Lagos,2007-04-04,34.1,27.1,29.7,42.1,30.8,35.8,25.5,79,0,0,0,,,,,33.5,244.5,1008.6,75.8,10.6,,,,,2007-04-04T06:43:37,2007-04-04T18:55:30,0.56,Partially cloudy,Partly cloudy throughout the day.,partly-cloudy-day,65201099999
Lagos,2007-04-05,33.1,26.7,29.6,39.4,26.7,35.1,25.1,77.4,0,0,0,,,,,37.1,249.5,1009.5,73.8,9.9,,,,,2007-04-05T06:43:09,2007-04-05T18:55:23,0.59,Partially cloudy,Partly cloudy throughout the day.,partly-cloudy-day,65201099999
Lagos,2007-04-06,34.1,26.1,29.9,40.7,26.1,34.6,25,76.4,0,0,0,,,,,38.9,244.2,1010.3,52.5,10.2,,,,,2007-04-06T06:42:42,2007-04-06T18:55:17,0.63,Partially cloudy,Partly cloudy throughout the day.,partly-cloudy-day,65201099999
Lagos,2007-04-07,34.2,26.1,28.2,40.6,26.1,32,24.4,80.3,0,0,0,,,,,37.1,71.1,1011.6,61,9.2,,,,,2007-04-07T06:42:14,2007-04-07T18:55:10,0.66,Partially cloudy,Partly cloudy throughout the day.,partly-cloudy-day,65201099999
Lagos,2007-04-08,33.1,24.1,28.6,39.4,24.1,31.9,23.9,77.2,0,0,0,,,,,37.1,230.4,1010.8,48.9,10.2,,,,,2007-04-08T06:41:47,2007-04-08T18:55:04,0.69,Partially cloudy,Partly cloudy throughout the day.,partly-cloudy-day,65201099999
Lagos,2007-04-09,33.6,27.1,29.4,42.7,31.1,35.6,25.9,82.3,0,0,0,,,,,37.1,252.6,1010.8,57.6,10.1,,,,,2007-04-09T06:41:20,2007-04-09T18:54:58,0.73,Partially cloudy,Partly cloudy throughout the day.,partly-cloudy-day,65201099999
Lagos,2007-04-10,32.1,27.1,29.7,40.8,31.4,36.2,25.8,80.5,0,0,0,,,,,40.7,263.9,1010.9,71.3,10.7,,,,,2007-04-10T06:40:53,2007-04-10T18:54:52,0.75,Partially cloudy,Partly cloudy throughout the day.,partly-cloudy-day,65201099999
Lagos,2007-04-11,34.1,27.1,30.1,40.8,31.4,36.2,25.3,76.8,0,0,0,,,,,40.7,247.6,1010.7,64.3,10.6,,,,,2007-04-11T06:40:27,2007-04-11T18:54:46,0.8,Partially cloudy,Partly cloudy throughout the day.,partly-cloudy-day,65201099999
Lagos,2007-04-12,34.1,26.9,29.6,40.8,30.7,35.8,25.7,80.7,0,0,0,,,,,37.1,259.6,1009.7,52.4,10.6,,,,,2007-04-12T06:40:01,2007-04-12T18:54:41,0.83,Partially cloudy,Partly cloudy throughout the day.,partly-cloudy-day,65201099999
Lagos,2007-04-13,34.1,27.1,29.8,42.1,29.9,35.6,25.1,77.1,0,0,0,,,,,37.1,257.7,1009.4,64.1,10.9,,,,,2007-04-13T06:39:35,2007-04-13T18:54:36,0.86,Partially cloudy,Partly cloudy throughout the day.,partly-cloudy-day,65201099999
Lagos,2007-04-14,33.1,27.1,29.3,42.3,30.2,35.8,26.1,83.7,5.1,100,4.17,rain,,,,44.3,256.6,1009.9,70,10.3,,,,,2007-04-14T06:39:10,2007-04-14T18:54:31,0.9,"Rain, Partially cloudy",Partly cloudy throughout the day with late afternoon rain.,rain,65201099999
Lagos,2007-04-15,33.2,27.1,29.9,42.1,31.4,36.9,26.3,82.2,0,0,0,,,,,40.7,248.6,1010.3,68.9,10.6,,,,,2007-04-15T06:38:45,2007-04-15T18:54:27,0.93,Partially cloudy,Partly cloudy throughout the day.,partly-cloudy-day,65201099999
Lagos,2007-04-16,32.9,27.1,30.3,44.3,31.4,37.3,25.9,77.9,0,0,0,,,,,40.7,262.9,1009.9,80,10.6,,,,,2007-04-16T06:38:20,2007-04-16T18:54:23,0.97,Partially cloudy,Partly cloudy throughout the day.,partly-cloudy-day,65201099999
Lagos,2007-04-17,32.9,26.6,29.2,40.6,26.6,34.2,25,79.3,0,0,0,,,,,55.4,257.9,1010.1,57,10.9,,,,,2007-04-17T06:37:56,2007-04-17T18:54:19,0,Partially cloudy,Partly cloudy throughout the day.,wind,65201099999
Lagos,2007-04-18,33.1,24.1,28.9,37.2,24.1,31.7,23.4,74,37.1,100,4.17,rain,,,,37.1,242.4,1010.6,56.5,10.7,,,,,2007-04-18T06:37:32,2007-04-18T18:54:15,0.03,"Rain, Partially cloudy",Partly cloudy throughout the day with early morning rain.,rain,65201099999
Lagos,2007-04-19,30.4,26.1,27.9,35,26.1,31.7,24.5,82.2,0,0,0,,,,,27.7,246.7,1010.7,46,11.1,,,,,2007-04-19T06:37:09,2007-04-19T18:54:12,0.07,Partially cloudy,Clearing in the afternoon.,partly-cloudy-day,65201099999
Lagos,2007-04-20,34.1,26.6,29.7,41.3,26.6,34.8,25,77.1,0,0,0,,,,,40.7,257.7,1010.1,61,11.1,,,,,2007-04-20T06:36:46,2007-04-20T18:54:09,0.1,Partially cloudy,Partly cloudy throughout the day.,partly-cloudy-day,65201099999
Lagos,2007-04-21,34.1,27.1,30.2,40.7,31.1,36.1,25.2,76.1,0,0,0,,,,,37.1,248.3,1009.6,68.2,11.2,,,,,2007-04-21T06:36:24,2007-04-21T18:54:07,0.13,Partially cloudy,Partly cloudy throughout the day.,partly-cloudy-day,65201099999
Lagos,2007-04-22,34.1,26.1,28.7,40.7,26.1,32.3,23.8,76.2,0,0,0,,,,,33.5,213.8,1009.2,67.6,9.9,,,,,2007-04-22T06:36:02,2007-04-22T18:54:05,0.17,Partially cloudy,Partly cloudy throughout the day.,partly-cloudy-day,65201099999
Lagos,2007-04-23,29.1,25.1,26.9,33.7,25.1,28.5,23.9,83.8,0,0,0,,,,,37.1,241.4,1010,62,9.7,,,,,2007-04-23T06:35:41,2007-04-23T18:54:03,0.2,Partially cloudy,Becoming cloudy in the afternoon.,partly-cloudy-day,65201099999
Lagos,2007-04-24,31.1,24.9,27.9,36.7,24.9,31.2,24.3,81.3,0,0,0,,,,,37.1,230.8,1008.3,62.9,10.3,,,,,2007-04-24T06:35:20,2007-04-24T18:54:01,0.25,Partially cloudy,Clearing in the afternoon.,partly-cloudy-day,65201099999
Lagos,2007-04-25,35.1,27.6,31.5,42,32.2,37.1,24.4,67.7,0,0,0,,,,,40.7,250.7,1008.5,76.7,11.1,,,,,2007-04-25T06:34:59,2007-04-25T18:54:00,0.27,Partially cloudy,Partly cloudy throughout the day.,partly-cloudy-day,65201099999
Lagos,2007-04-26,33.2,25.1,28.1,40.9,25.1,32.2,25.2,85.1,0.8,100,4.17,rain,,,,42.5,259.4,1009.2,65.8,9.4,,,,,2007-04-26T06:34:40,2007-04-26T18:54:00,0.3,"Rain, Partially cloudy",Partly cloudy throughout the day with early morning rain.,rain,65201099999
Lagos,2007-04-27,28.1,24.1,26.6,32.8,24.1,28.8,24.9,90.6,8.1,100,8.33,rain,,,,24.1,256.2,1011.6,74.1,7,,,,,2007-04-27T06:34:21,2007-04-27T18:54:00,0.33,"Rain, Partially cloudy",Partly cloudy throughout the day with rain in the morning and afternoon.,rain,65201099999
Lagos,2007-04-28,29.1,24.1,25.4,34.2,24.1,26.1,24.1,92.7,0,0,0,,,,,16.6,263.1,1011.7,56.3,8.3,,,,,2007-04-28T06:34:02,2007-04-28T18:54:00,0.37,Partially cloudy,Clearing in the afternoon.,partly-cloudy-day,65201099999
Lagos,2007-04-29,33.1,23.4,27,40.5,23.4,29.7,25,89.6,11.9,100,4.17,rain,,,,22.3,237.4,1011.4,67.5,9.6,,,,,2007-04-29T06:33:44,2007-04-29T18:54:01,0.4,"Rain, Partially cloudy",Partly cloudy throughout the day with late afternoon rain.,rain,65201099999
Lagos,2007-04-30,33.1,23.1,27.9,40.7,23.1,31,24.2,82.4,0,0,0,,,,,33.5,253.9,1010.2,61.3,8.9,,,,,2007-04-30T06:33:27,2007-04-30T18:54:02,0.43,Partially cloudy,Partly cloudy throughout the day.,partly-cloudy-day,65201099999
Lagos,2007-05-01,33.1,24.9,29.5,40.2,24.9,34.7,25.2,78.8,0,0,0,,,,,59,232,1009.9,65.6,10.1,,,,,2007-05-01T06:33:10,2007-05-01T18:54:03,0.47,Partially cloudy,Partly cloudy throughout the day.,wind,65201099999
Lagos,2007-05-02,27.4,23.1,24.6,30.7,23.1,25.1,22.8,89.8,2,100,4.17,rain,,,,27.7,29.1,1010.8,66.7,8.5,,,,,2007-05-02T06:32:54,2007-05-02T18:54:05,0.5,"Rain, Partially cloudy",Clearing in the afternoon with morning rain.,rain,65201099999
Lagos,2007-05-03,33.6,28.1,30.8,40.7,33.7,37.3,25.2,72.7,0,0,0,,,,,35.3,255.1,1009.4,80,11.6,,,,,2007-05-03T06:32:38,2007-05-03T18:54:08,0.54,Partially cloudy,Partly cloudy throughout the day.,partly-cloudy-day,65201099999
Lagos,2007-05-04,33.1,25.7,29.1,39.4,25.7,33.8,25,79.6,0,0,0,,,,,33.5,246.6,1009.8,62.5,10.7,,,,,2007-05-04T06:32:23,2007-05-04T18:54:11,0.57,Partially cloudy,Partly cloudy throughout the day.,partly-cloudy-day,65201099999
Lagos,2007-05-05,31.6,26.1,28.6,38.8,26.1,33.6,25.2,82.2,0,0,0,,,,,37.1,243.7,1009.9,62.2,9.6,,,,,2007-05-05T06:32:09,2007-05-05T18:54:14,0.61,Partially cloudy,Partly cloudy throughout the day.,partly-cloudy-day,65201099999
Lagos,2007-05-06,34.1,26.7,29.9,42.1,26.7,35.5,25.4,78.2,0,0,0,,,,,37.1,251.3,1009.9,56.1,11.2,,,,,2007-05-06T06:31:56,2007-05-06T18:54:18,0.64,Partially cloudy,Partly cloudy throughout the day.,partly-cloudy-day,65201099999
Lagos,2007-05-07,33.7,28.1,30.7,41.7,32.8,37.1,25.3,74,0,0,0,,,,,27.7,241,1009.7,66.4,11.2,,,,,2007-05-07T06:31:43,2007-05-07T18:54:22,0.67,Partially cloudy,Becoming cloudy in the afternoon.,partly-cloudy-day,65201099999
Lagos,2007-05-08,33.7,24.7,27.9,41.7,24.7,31.3,25.2,86,21.1,100,4.17,rain,,,,29.5,168.5,1009.6,64.4,8.8,,,,,2007-05-08T06:31:30,2007-05-08T18:54:27,0.71,"Rain, Partially cloudy",Partly cloudy throughout the day with rain in the morning and afternoon.,rain,65201099999
Lagos,2007-05-09,33.1,25.2,28.9,40.7,25.2,33.1,25.1,81.1,0,0,0,,,,,25.9,248.9,1009.8,62.7,9.4,,,,,2007-05-09T06:31:19,2007-05-09T18:54:32,0.74,Partially cloudy,Partly cloudy throughout the day.,partly-cloudy-day,65201099999
Lagos,2007-05-10,35.1,26.1,29,45.1,26.1,33.8,25.5,82,0,0,0,,,,,37.1,229.7,1009.5,56,9.6,,,,,2007-05-10T06:31:08,2007-05-10T18:54:38,0.75,Partially cloudy,Partly cloudy throughout the day.,partly-cloudy-day,65201099999
Lagos,2007-05-11,26.7,22.9,25.1,26.7,22.9,25.1,24.3,95.4,94,100,8.33,rain,,,,44.3,106.6,1010.5,54.7,7.2,,,,,2007-05-11T06:30:58,2007-05-11T18:54:44,0.81,"Rain, Partially cloudy",Partly cloudy throughout the day with rain.,rain,65201099999
Lagos,2007-05-12,30.9,24.1,26.9,37.3,24.1,29.5,24.3,86.5,0,0,0,,,,,24.1,255.4,1011.2,41.3,9.4,,,,,2007-05-12T06:30:49,2007-05-12T18:54:50,0.85,Partially cloudy,Partly cloudy throughout the day.,partly-cloudy-day,65201099999
Lagos,2007-05-13,30.2,25.7,28.4,37.6,25.7,33.4,25.9,86.7,0,0,0,,,,,31.3,254.3,1012.2,78.6,10.7,,,,,2007-05-13T06:30:40,2007-05-13T18:54:57,0.88,Partially cloudy,Partly cloudy throughout the day.,partly-cloudy-day,65201099999
Lagos,2007-05-14,30.6,22.1,27,36.9,22.1,30,23.9,84.3,55.1,100,8.33,rain,,,,37.1,142.7,1012.9,64,9,,,,,2007-05-14T06:30:32,2007-05-14T18:55:05,0.92,"Rain, Partially cloudy",Partly cloudy throughout the day with rain clearing later.,rain,65201099999
Lagos,2007-05-15,30.1,25.1,27.1,36.3,25.1,29.4,25,88.6,0,0,0,,,,,27.7,255.1,1012.3,65.2,9.8,,,,,2007-05-15T06:30:24,2007-05-15T18:55:12,0.95,Partially cloudy,Partly cloudy throughout the day.,partly-cloudy-day,65201099999
Lagos,2007-05-16,30.1,25.1,27.8,37.6,25.1,31.6,25.5,87.8,0,0,0,,,,,33.5,269.5,1012.3,67.8,8.4,,,,,2007-05-16T06:30:18,2007-05-16T18:55:21,0,Partially cloudy,Partly cloudy throughout the day.,partly-cloudy-day,65201099999
Lagos,2007-05-17,31.1,25.6,28.3,39.3,25.6,33,25.7,86.1,0,0,0,,,,,64.8,249.1,1011.8,61.7,8.7,,,,,2007-05-17T06:30:12,2007-05-17T18:55:29,0.02,Partially cloudy,Partly cloudy throughout the day.,wind,65201099999
Lagos,2007-05-18,32.1,26.1,28.8,40.8,26.1,34.4,26,85.3,0,0,0,,,,,35.3,244.1,1010.7,71,9.8,,,,,2007-05-18T06:30:07,2007-05-18T18:55:38,0.05,Partially cloudy,Partly cloudy throughout the day.,partly-cloudy-day,65201099999
Lagos,2007-05-19,32.1,26.1,27.7,39.3,26.1,31,25.5,88.2,0,0,0,,,,,18.4,242.1,1010.8,59.1,10.5,,,,,2007-05-19T06:30:02,2007-05-19T18:55:48,0.09,Partially cloudy,Partly cloudy throughout the day.,partly-cloudy-day,65201099999
Lagos,2007-05-20,33.1,27.1,29.7,42.3,29.2,36,25.5,79.7,0,0,0,,,,,37.1,257.3,1010,64.7,10.5,,,,,2007-05-20T06:29:58,2007-05-20T18:55:57,0.12,Partially cloudy,Partly cloudy throughout the day.,partly-cloudy-day,65201099999
Lagos,2007-05-21,30.1,23.1,26.7,35.2,23.1,28.9,24.4,88.1,30,100,8.33,rain,,,,37.1,248.9,1009.6,61,10,,,,,2007-05-21T06:29:55,2007-05-21T18:56:08,0.15,"Rain, Partially cloudy",Partly cloudy throughout the day with rain clearing later.,rain,65201099999
Lagos,2007-05-22,30.1,24.2,26.2,37.6,24.2,27.3,24.3,89.5,4.1,100,4.17,rain,,,,51.8,214,1009.6,58.6,9,,,,,2007-05-22T06:29:53,2007-05-22T18:56:18,0.19,"Rain, Partially cloudy",Partly cloudy throughout the day with late afternoon rain.,rain,65201099999
Lagos,2007-05-23,30.1,24.1,27,36.3,24.1,29.7,24.4,86.5,0,0,0,,,,,37.1,246.9,1010,50,9.9,,,,,2007-05-23T06:29:51,2007-05-23T18:56:29,0.25,Partially cloudy,Partly cloudy throughout the day.,partly-cloudy-day,65201099999
Lagos,2007-05-24,31.1,25.1,27.9,36.7,25.1,31.7,24.8,83.5,0,0,0,,,,,27.7,236.2,1011,60.8,9.6,,,,,2007-05-24T06:29:50,2007-05-24T18:56:40,0.25,Partially cloudy,Partly cloudy throughout the day.,partly-cloudy-day,65201099999
Lagos,2007-05-25,31.1,24.1,27.4,37.9,24.1,30.8,25,87.5,41.9,100,4.17,rain,,,,37.1,233.3,1011.8,60.4,9.5,,,,,2007-05-25T06:29:50,2007-05-25T18:56:52,0.28,"Rain, Partially cloudy",Partly cloudy throughout the day with early morning rain.,rain,65201099999
Lagos,2007-05-26,32.1,25.1,28,40.8,25.1,31.6,25.2,85.6,0,0,0,,,,,25.9,251.9,1011.2,55,9.9,,,,,2007-05-26T06:29:50,2007-05-26T18:57:04,0.32,Partially cloudy,Partly cloudy throughout the day.,partly-cloudy-day,65201099999
Lagos,2007-05-27,28.1,24.1,25.8,33.7,24.1,27.1,24.2,90.9,9.9,100,4.17,rain,,,,59.4,315.8,1011.3,52.9,9.2,,,,,2007-05-27T06:29:51,2007-05-27T18:57:16,0.35,"Rain, Partially cloudy",Partly cloudy throughout the day with late afternoon rain.,rain,65201099999
Lagos,2007-05-28,31.4,23.1,26,36.3,23.1,27.4,23.7,88.1,0,0,0,,,,,27.7,279,1011.4,56,9.7,,,,,2007-05-28T06:29:53,2007-05-28T18:57:29,0.38,Partially cloudy,Becoming cloudy in the afternoon.,partly-cloudy-day,65201099999
Lagos,2007-05-29,32.1,24.9,28.4,39.3,24.9,32.9,25.2,83.1,0,0,0,,,,,37.1,259.2,1011.6,64.7,10.9,,,,,2007-05-29T06:29:55,2007-05-29T18:57:41,0.42,Partially cloudy,Partly cloudy throughout the day.,partly-cloudy-day,65201099999
Lagos,2007-05-30,32.1,23.1,27.4,38,23.1,29.5,23.5,80.3,0,0,0,,,,,46.4,156.4,1011.8,57,9.8,,,,,2007-05-30T06:29:58,2007-05-30T18:57:54,0.45,Partially cloudy,Partly cloudy throughout the day.,partly-cloudy-day,65201099999
Lagos,2007-05-31,31.2,24.2,28.6,37.9,24.2,32.4,24.6,79.8,0,0,0,,,,,37.1,256,1011.7,65.3,10.1,,,,,2007-05-31T06:30:02,2007-05-31T18:58:08,0.48,Partially cloudy,Partly cloudy throughout the day.,partly-cloudy-day,65201099999
Lagos,2007-06-01,34.1,25.1,29.3,42.1,25.1,34.1,25,79,0,0,0,,,,,37.1,255.5,1011.7,64.7,9.5,,,,,2007-06-01T06:30:06,2007-06-01T18:58:21,0.5,Partially cloudy,Partly cloudy throughout the day.,partly-cloudy-day,65201099999
Lagos,2007-06-02,28.1,22.1,24.5,33.7,22.1,25.1,23.6,95,38.1,100,8.33,rain,,,,27.7,124.7,1011.7,74.7,6.1,,,,,2007-06-02T06:30:11,2007-06-02T18:58:35,0.55,"Rain, Partially cloudy",Partly cloudy throughout the day with rain in the morning and afternoon.,rain,65201099999
Lagos,2007-06-03,30.1,23.9,25.8,36.3,23.9,27.4,24.5,92.6,8.9,100,4.17,rain,,,,37.1,250.2,1012,79.5,8.2,,,,,2007-06-03T06:30:16,2007-06-03T18:58:48,0.59,"Rain, Partially cloudy",Partly cloudy throughout the day with afternoon rain.,rain,65201099999
Lagos,2007-06-04,29.1,24.1,25.9,34.8,24.1,27.3,23.9,89.3,3,100,4.17,rain,,,,29.5,288,1013.1,71.8,8.7,,,,,2007-06-04T06:30:22,2007-06-04T18:59:02,0.62,"Rain, Partially cloudy",Partly cloudy throughout the day with morning rain.,rain,65201099999
Lagos,2007-06-05,31.1,24.1,26.6,37.9,24.1,28.1,24.3,87.9,0,0,0,,,,,25.9,261.2,1013,55.6,10.2,,,,,2007-06-05T06:30:29,2007-06-05T18:59:17,0.66,Partially cloudy,Partly cloudy throughout the day.,partly-cloudy-day,65201099999
Lagos,2007-06-06,30.4,24.6,27.1,35.7,24.6,29.2,24.1,84.3,0,0,0,,,,,33.5,274.7,1012.1,67.1,10,,,,,2007-06-06T06:30:36,2007-06-06T18:59:31,0.69,Partially cloudy,Partly cloudy throughout the day.,partly-cloudy-day,65201099999
Lagos,2007-06-07,27.1,23.1,24.6,30.2,23.1,24.8,23.6,94.2,35.1,100,8.33,rain,,,,31.3,269,1012.5,80.5,7,,,,,2007-06-07T06:30:43,2007-06-07T18:59:45,0.73,"Rain, Partially cloudy",Partly cloudy throughout the day with rain.,rain,65201099999
Lagos,2007-06-08,31.1,23.1,27.1,36.7,23.1,29.7,23.7,82.7,0,0,0,,,,,37.1,254.2,1012.5,71.3,10.1,,,,,2007-06-08T06:30:51,2007-06-08T19:00:00,0.75,Partially cloudy,Partly cloudy throughout the day.,partly-cloudy-day,65201099999
Lagos,2007-06-09,30.6,24.7,27.5,36.3,24.7,30.3,24.4,83.3,0,0,0,,,,,37.1,237,1012.5,68.8,10.1,,,,,2007-06-09T06:31:00,2007-06-09T19:00:14,0.8,Partially cloudy,Partly cloudy throughout the day.,partly-cloudy-day,65201099999
Lagos,2007-06-10,29.9,22.1,24.6,35,22.1,24.9,23.6,94.5,23.1,100,4.17,rain,,,,74.2,333.3,1012.2,63.7,7.4,,,,,2007-06-10T06:31:09,2007-06-10T19:00:28,0.83,"Rain, Partially cloudy",Partly cloudy throughout the day with late afternoon rain.,rain,65201099999
Lagos,2007-06-11,30.1,22.1,25.5,36.3,22.1,27.1,23.4,89.2,27.9,100,8.33,rain,,,,40.7,264.5,1012.9,65,8.1,,,,,2007-06-11T06:31:18,2007-06-11T19:00:43,0.87,"Rain, Partially cloudy",Partly cloudy throughout the day with rain.,rain,65201099999
Lagos,2007-06-12,30.2,24.1,26.2,35.2,24.1,27.8,24.4,90.5,0,0,0,,,,,29.5,259.8,1012.9,66.5,7.9,,,,,2007-06-12T06:31:28,2007-06-12T19:00:57,0.91,Partially cloudy,Partly cloudy throughout the day.,partly-cloudy-day,65201099999
Lagos,2007-06-13,28.1,23.1,25,33.7,23.1,25.7,23.9,93.8,15,100,4.17,rain,,,,83.2,353.5,1011.8,64.3,8.1,,,,,2007-06-13T06:31:39,2007-06-13T19:01:12,0.94,"Rain, Partially cloudy",Partly cloudy throughout the day with late afternoon rain.,rain,65201099999
Lagos,2007-06-14,30.1,22.1,25.6,35.2,22.1,27.2,23.3,88.2,0,0,0,,,,,40.7,257.6,1012.1,69,9,,,,,2007-06-14T06:31:49,2007-06-14T19:01:26,0.98,Partially cloudy,Partly cloudy throughout the day.,partly-cloudy-day,65201099999
Lagos,2007-06-15,30.4,24.1,26.7,36.6,24.1,28.9,24.7,89,0,0,0,,,,,37.1,268,1012.7,76.7,10.3,,,,,2007-06-15T06:32:00,2007-06-15T19:01:40,0,Partially cloudy,Partly cloudy throughout the day.,partly-cloudy-day,65201099999
Lagos,2007-06-16,29.1,21.6,25.6,34.7,21.6,27.1,23.8,89.8,0,0,0,,,,,38.9,260.8,1012.6,66.8,9.3,,,,,2007-06-16T06:32:12,2007-06-16T19:01:54,0.04,Partially cloudy,Partly cloudy throughout the day.,partly-cloudy-day,65201099999
Lagos,2007-06-17,30.1,22.1,26.6,36.3,22.1,28.9,23.4,83,0,0,0,,,,,33.5,248,1012.3,74,10.6,,,,,2007-06-17T06:32:24,2007-06-17T19:02:08,0.08,Partially cloudy,Partly cloudy throughout the day.,partly-cloudy-day,65201099999
Lagos,2007-06-18,28.6,25.1,26.7,34.6,25.1,29,24.7,88.6,14,100,4.17,rain,,,,33.5,259.5,1012.2,62,10.2,,,,,2007-06-18T06:32:36,2007-06-18T19:02:22,0.11,"Rain, Partially cloudy",Partly cloudy throughout the day with late afternoon rain.,rain,65201099999
Lagos,2007-06-19,30.1,24.1,26.2,36.3,24.1,27.6,24.3,89.9,0,0,0,,,,,35.3,259.7,1012.5,61.4,10.4,,,,,2007-06-19T06:32:48,2007-06-19T19:02:36,0.14,Partially cloudy,Partly cloudy throughout the day.,partly-cloudy-day,65201099999
Lagos,2007-06-20,26.1,23.7,25.1,26.1,23.7,25.1,24.5,96.5,4.1,100,4.17,rain,,,,40.7,242.2,1012.7,53.6,8.3,,,,,2007-06-20T06:33:01,2007-06-20T19:02:49,0.17,"Rain, Partially cloudy",Partly cloudy throughout the day with late afternoon rain.,rain,65201099999
Lagos,2007-06-21,31.1,22.1,25.8,35.6,22.1,27.6,22.8,84.4,0,0,0,,,,,37.1,254.7,1013.3,54.4,9.8,,,,,2007-06-21T06:33:13,2007-06-21T19:03:02,0.2,Partially cloudy,Partly cloudy throughout the day.,partly-cloudy-day,65201099999
Lagos,2007-06-22,28.1,24.6,26.6,32.1,24.6,28.4,24.4,88.2,0,0,0,,,,,29.5,202.6,1012.2,50,9.8,,,,,2007-06-22T06:33:26,2007-06-22T19:03:15,0.25,Partially cloudy,Clearing in the afternoon.,partly-cloudy-day,65201099999
Lagos,2007-06-23,30.1,25.1,26.9,36.3,25.1,29,24.4,86.5,0,0,0,,,,,42.5,257.9,1011.5,63.7,10.6,,,,,2007-06-23T06:33:40,2007-06-23T19:03:28,0.27,Partially cloudy,Partly cloudy throughout the day.,partly-cloudy-day,65201099999
Lagos,2007-06-24,28.9,24.1,25.7,33.9,24.1,26.8,24.2,91.4,21.1,100,8.33,rain,,,,37.1,266.5,1012.8,68.5,8.6,,,,,2007-06-24T06:33:53,2007-06-24T19:03:40,0.3,"Rain, Partially cloudy",Partly cloudy throughout the day with rain.,rain,65201099999
Lagos,2007-06-25,30.1,24.1,27.4,35.8,24.1,30.2,24.4,84.5,0,0,0,,,,,35.3,250.7,1014,82,9.5,,,,,2007-06-25T06:34:06,2007-06-25T19:03:52,0.33,Partially cloudy,Partly cloudy throughout the day.,partly-cloudy-day,65201099999
Lagos,2007-06-26,28.1,24.6,26,32.1,24.6,27.1,24.3,90.4,0,0,0,,,,,29.5,254.1,1013.4,66,8.5,,,,,2007-06-26T06:34:20,2007-06-26T19:04:04,0.37,Partially cloudy,Partly cloudy throughout the day.,partly-cloudy-day,65201099999
Lagos,2007-06-27,28.2,24.1,26.2,33.3,24.1,27.9,24.5,90.3,3,100,4.17,rain,,,,37.1,262.3,1012.5,71,8.6,,,,,2007-06-27T06:34:34,2007-06-27T19:04:15,0.4,"Rain, Partially cloudy",Partly cloudy throughout the day with afternoon rain.,rain,65201099999
Lagos,2007-06-28,26.1,23.1,24.6,26.1,23.1,24.6,24,96.5,42.9,100,8.33,rain,,,,22.3,273.4,1013.4,71.4,5.1,,,,,2007-06-28T06:34:48,2007-06-28T19:04:26,0.43,"Rain, Partially cloudy",Partly cloudy throughout the day with rain.,rain,65201099999
Lagos,2007-06-29,26.1,23.6,24.7,26.1,23.6,24.7,24.3,97.7,81,100,8.33,rain,,,,9.4,240,1013.5,70,3.7,,,,,2007-06-29T06:35:01,2007-06-29T19:04:37,0.46,"Rain, Partially cloudy",Partly cloudy throughout the day with rain.,rain,65201099999
Lagos,2007-06-30,28.2,24.1,26,32.8,24.1,26.9,24.5,91.7,0,0,0,,,,,68.4,240.1,1013.9,77.3,7.8,,,,,2007-06-30T06:35:15,2007-06-30T19:04:47,0.5,Partially cloudy,Partly cloudy throughout the day.,wind,65201099999
Lagos,2007-07-01,26.1,24.1,24.9,26.1,24.1,24.9,23.9,94.1,43.9,100,8.33,rain,,,,35.3,266.4,1014.1,82,7,,,,,2007-07-01T06:35:29,2007-07-01T19:04:56,0.53,"Rain, Partially cloudy",Partly cloudy throughout the day with rain in the morning and afternoon.,rain,65201099999
Lagos,2007-07-02,29.1,24.1,26.2,33.7,24.1,27.5,23.5,85.9,0,0,0,,,,,37.1,268.2,1014.2,66.4,10,,,,,2007-07-02T06:35:43,2007-07-02T19:05:05,0.57,Partially cloudy,Partly cloudy throughout the day.,partly-cloudy-day,65201099999
Lagos,2007-07-03,29.1,24.1,26.3,33.7,24.1,27.7,24.1,88.1,0,0,0,,,,,35.3,271.9,1014,55,9.7,,,,,2007-07-03T06:35:57,2007-07-03T19:05:14,0.6,Partially cloudy,Partly cloudy throughout the day.,partly-cloudy-day,65201099999
Lagos,2007-07-04,30.1,22.1,26.2,36.3,22.1,27.6,24.1,89.2,0,0,0,,,,,83.2,279.1,1014.6,71,9.7,,,,,2007-07-04T06:36:10,2007-07-04T19:05:22,0.64,Partially cloudy,Partly cloudy throughout the day.,wind,65201099999
Lagos,2007-07-05,27.1,22.1,24.3,30.2,22.1,24.7,23.1,93.1,0,0,0,,,,,35.3,267.5,1015,62.2,6.8,,,,,2007-07-05T06:36:24,2007-07-05T19:05:29,0.68,Partially cloudy,Partly cloudy throughout the day.,partly-cloudy-day,65201099999
Lagos,2007-07-06,28.1,23.1,25.4,32.1,23.1,26.7,23.5,89.8,0,0,0,,,,,37.1,241.1,1013.9,70,9.7,,,,,2007-07-06T06:36:37,2007-07-06T19:05:36,0.71,Partially cloudy,Partly cloudy throughout the day.,partly-cloudy-day,65201099999
Lagos,2007-07-07,25.9,24.1,24.6,25.9,24.1,24.6,24.2,97.4,10.1,100,8.33,rain,,,,33.5,252.4,1013.5,78,7.1,,,,,2007-07-07T06:36:51,2007-07-07T19:05:43,0.75,"Rain, Partially cloudy",Partly cloudy throughout the day with rain in the morning and afternoon.,rain,65201099999
Lagos,2007-07-08,27.9,23.9,25.2,31.1,23.9,25.7,23,88,0,0,0,,,,,37.1,257.7,1013.8,77.1,9.6,,,,,2007-07-08T06:37:04,2007-07-08T19:05:49,0.78,Partially cloudy,Partly cloudy throughout the day.,partly-cloudy-day,65201099999
Lagos,2007-07-09,29.1,23.1,26.4,32.9,23.1,27.8,22.7,80.7,0,0,0,,,,,37.1,257.9,1013.6,61.4,10.8,,,,,2007-07-09T06:37:17,2007-07-09T19:05:54,0.82,Partially cloudy,Partly cloudy throughout the day.,partly-cloudy-day,65201099999
Lagos,2007-07-10,28.1,23.7,25.4,31.4,23.7,26.1,23,87.1,0,0,0,,,,,31.3,253.9,1012.9,58.2,10.3,,,,,2007-07-10T06:37:30,2007-07-10T19:05:59,0.85,Partially cloudy,Partly cloudy throughout the day.,partly-cloudy-day,65201099999
Lagos,2007-07-11,29.6,22.1,25.9,32.9,22.1,27.3,22.7,83.5,0,0,0,,,,,33.5,257.9,1012.9,56.7,9.1,,,,,2007-07-11T06:37:42,2007-07-11T19:06:02,0.89,Partially cloudy,Partly cloudy throughout the day.,partly-cloudy-day,65201099999
Lagos,2007-07-12,29.2,23.9,26.6,33.7,23.9,28.4,23.5,83.6,0,0,0,,,,,37.1,263.9,1012.8,66.9,10.5,,,,,2007-07-12T06:37:55,2007-07-12T19:06:06,0.93,Partially cloudy,Partly cloudy throughout the day.,partly-cloudy-day,65201099999
Lagos,2007-07-13,30.1,23.9,26.5,35.2,23.9,28.1,23.8,85.6,0,0,0,,,,,51.8,254.8,1012.3,67.9,10.5,,,,,2007-07-13T06:38:07,2007-07-13T19:06:08,0.96,Partially cloudy,Partly cloudy throughout the day.,wind,65201099999
Lagos,2007-07-14,30.1,24.9,26.8,35.2,24.9,28.4,24.1,85.5,0,0,0,,,,,37.1,257.1,1012.5,67,9.4,,,,,2007-07-14T06:38:18,2007-07-14T19:06:11,0,Partially cloudy,Partly cloudy throughout the day.,partly-cloudy-day,65201099999
Lagos,2007-07-15,29.7,24.9,26.9,34.7,24.9,28.7,24.5,87.1,0,0,0,,,,,37.1,263.8,1012.8,71.8,9.5,,,,,2007-07-15T06:38:30,2007-07-15T19:06:12,0.03,Partially cloudy,Partly cloudy throughout the day.,partly-cloudy-day,65201099999
Lagos,2007-07-16,30.6,24.1,26.4,36.3,24.1,28.2,23.9,86.6,0,0,0,,,,,37.1,264.3,1013.3,69.5,9.7,,,,,2007-07-16T06:38:41,2007-07-16T19:06:12,0.06,Partially cloudy,Partly cloudy throughout the day.,partly-cloudy-day,65201099999
Lagos,2007-07-17,30.2,22.4,26.1,35.7,22.4,27.9,23,84,3,100,4.17,rain,,,,37.1,252.7,1012.6,64.7,10.3,,,,,2007-07-17T06:38:52,2007-07-17T19:06:12,0.1,"Rain, Partially cloudy",Partly cloudy throughout the day with morning rain.,rain,65201099999
Lagos,2007-07-18,28.2,24.9,26.2,32.1,24.9,27.1,24.2,89.3,2,100,4.17,rain,,,,33.5,252.9,1012.2,77.3,9.5,,,,,2007-07-18T06:39:02,2007-07-18T19:06:12,0.13,"Rain, Partially cloudy",Partly cloudy throughout the day with morning rain.,rain,65201099999
Lagos,2007-07-19,30.1,23.7,26.3,35.2,23.7,27.9,23.8,86.9,0,0,0,,,,,37.1,258.9,1012,69.1,10.1,,,,,2007-07-19T06:39:13,2007-07-19T19:06:10,0.16,Partially cloudy,Partly cloudy throughout the day.,partly-cloudy-day,65201099999
Lagos,2007-07-20,28.2,24.1,25.8,32.3,24.1,26.3,24.4,92.5,1,100,4.17,rain,,,,37.1,267.7,1012.3,67,8.2,,,,,2007-07-20T06:39:22,2007-07-20T19:06:08,0.19,"Rain, Partially cloudy",Partly cloudy throughout the day with afternoon rain.,rain,65201099999
Lagos,2007-07-21,29.4,23.1,25.9,33,23.1,26.7,23.1,85.3,0,0,0,,,,,63,269.3,1011.9,67.3,10.9,,,,,2007-07-21T06:39:32,2007-07-21T19:06:05,0.22,Partially cloudy,Partly cloudy throughout the day.,wind,65201099999
Lagos,2007-07-22,29.1,24.1,26.5,32.9,24.1,28,23.9,86,1,100,4.17,rain,,,,33.5,260,1012.1,74.7,9.2,,,,,2007-07-22T06:39:41,2007-07-22T19:06:01,0.25,"Rain, Partially cloudy",Partly cloudy throughout the day with early morning rain.,rain,65201099999
Lagos,2007-07-23,30.1,23.1,27.1,35.2,23.1,29.4,23.7,82.5,0,0,0,,,,,33.5,256.6,1012.6,68,9.9,,,,,2007-07-23T06:39:49,2007-07-23T19:05:57,0.29,Partially cloudy,Partly cloudy throughout the day.,partly-cloudy-day,65201099999
Lagos,2007-07-24,29.2,24.1,26.7,34.7,24.1,28.4,24,85.6,0,0,0,,,,,33.5,266.5,1012.8,59.5,10.4,,,,,2007-07-24T06:39:57,2007-07-24T19:05:52,0.32,Partially cloudy,Partly cloudy throughout the day.,partly-cloudy-day,65201099999
Lagos,2007-07-25,25.1,22.1,24.4,25.1,22.1,24.4,23.4,94.3,50,100,8.33,rain,,,,22.3,258,1012.1,55.9,7.3,,,,,2007-07-25T06:40:05,2007-07-25T19:05:46,0.35,"Rain, Partially cloudy",Partly cloudy throughout the day with rain.,rain,65201099999
Lagos,2007-07-26,26.1,22.9,24.2,26.1,22.9,24.2,23.5,95.7,64.1,100,8.33,rain,,,,43.2,225,1011.6,74.7,5.6,,,,,2007-07-26T06:40:12,2007-07-26T19:05:39,0.38,"Rain, Partially cloudy",Partly cloudy throughout the day with rain in the morning and afternoon.,rain,65201099999
Lagos,2007-07-27,27.1,24.1,25.1,30.8,24.1,25.5,24,93.8,16,100,8.33,rain,,,,35.3,254.1,1013.1,86.3,7.6,,,,,2007-07-27T06:40:19,2007-07-27T19:05:32,0.42,"Rain, Partially cloudy",Partly cloudy throughout the day with rain.,rain,65201099999
Lagos,2007-07-28,29.1,23.7,25.6,32.9,23.7,26.5,23.5,88.7,0,0,0,,,,,37.1,265.8,1012.9,73,9.5,,,,,2007-07-28T06:40:26,2007-07-28T19:05:24,0.45,Partially cloudy,Partly cloudy throughout the day.,partly-cloudy-day,65201099999
Lagos,2007-07-29,29.2,23.9,25.7,33.5,23.9,26.6,23,85.7,0,0,0,,,,,40.7,253.9,1012.7,65.2,10.8,,,,,2007-07-29T06:40:32,2007-07-29T19:05:15,0.48,Partially cloudy,Partly cloudy throughout the day.,partly-cloudy-day,65201099999
Lagos,2007-07-30,29.1,23.2,26,33,23.2,27.3,23.3,85.9,0,0,0,,,,,35.3,254.6,1013.1,71.9,10.1,,,,,2007-07-30T06:40:37,2007-07-30T19:05:05,0.5,Partially cloudy,Partly cloudy throughout the day.,partly-cloudy-day,65201099999
Lagos,2007-07-31,28.1,23.1,25.6,31.4,23.1,26.6,23,86.3,0,0,0,,,,,33.5,243.4,1013.3,71,10.2,,,,,2007-07-31T06:40:42,2007-07-31T19:04:55,0.55,Partially cloudy,Partly cloudy throughout the day.,partly-cloudy-day,65201099999
Lagos,2007-08-01,28.1,23.1,24.9,30.8,23.1,25.1,22.7,88,0,0,0,,,,,25.9,270.3,1013.3,54.3,9.6,,,,,2007-08-01T06:40:47,2007-08-01T19:04:44,0.59,Partially cloudy,Partly cloudy throughout the day.,partly-cloudy-day,65201099999
Lagos,2007-08-02,28.1,23.6,25.2,30.8,23.6,25.5,22.9,87.2,0,0,0,,,,,37.1,265.3,1013.1,51.3,10.8,,,,,2007-08-02T06:40:51,2007-08-02T19:04:32,0.62,Partially cloudy,Clearing in the afternoon.,partly-cloudy-day,65201099999
Lagos,2007-08-03,26.1,24.1,25.1,26.1,24.1,25.1,23,87.9,0,0,0,,,,,33.5,268.3,1013.2,90,10.4,,,,,2007-08-03T06:40:54,2007-08-03T19:04:20,0.66,Partially cloudy,Partly cloudy throughout the day.,partly-cloudy-day,65201099999
Lagos,2007-08-04,,,,,,,,,,,0,,,,,0,,,,,,,,,2007-08-04T06:40:57,2007-08-04T19:04:06,0.69,,,,
Lagos,2007-08-05,,,,,,,,,,,0,,,,,0,,,,,,,,,2007-08-05T06:41:00,2007-08-05T19:03:52,0.75,,,,
Lagos,2007-08-06,,,,,,,,,,,0,,,,,0,,,,,,,,,2007-08-06T06:41:02,2007-08-06T19:03:38,0.77,,,,
Lagos,2007-08-07,,,,,,,,,,,0,,,,,0,,,,,,,,,2007-08-07T06:41:03,2007-08-07T19:03:22,0.8,,,,
Lagos,2007-08-08,,,,,,,,,,,0,,,,,0,,,,,,,,,2007-08-08T06:41:05,2007-08-08T19:03:06,0.84,,,,
Lagos,2007-08-09,,,,,,,,,,,0,,,,,0,,,,,,,,,2007-08-09T06:41:05,2007-08-09T19:02:49,0.87,,,,
Lagos,2007-08-10,,,,,,,,,,,0,,,,,0,,,,,,,,,2007-08-10T06:41:05,2007-08-10T19:02:32,0.91,,,,
Lagos,2007-08-11,,,,,,,,,,,0,,,,,0,,,,,,,,,2007-08-11T06:41:05,2007-08-11T19:02:14,0.95,,,,
Lagos,2007-08-12,,,,,,,,,,,0,,,,,0,,,,,,,,,2007-08-12T06:41:04,2007-08-12T19:01:55,0.98,,,,
Lagos,2007-08-13,,,,,,,,,,,0,,,,,0,,,,,,,,,2007-08-13T06:41:03,2007-08-13T19:01:36,0,,,,
Lagos,2007-08-14,,,,,,,,,,,0,,,,,0,,,,,,,,,2007-08-14T06:41:01,2007-08-14T19:01:16,0.05,,,,
Lagos,2007-08-15,,,,,,,,,,,0,,,,,0,,,,,,,,,2007-08-15T06:40:59,2007-08-15T19:00:55,0.08,,,,
Lagos,2007-08-16,,,,,,,,,,,0,,,,,0,,,,,,,,,2007-08-16T06:40:56,2007-08-16T19:00:34,0.11,,,,
Lagos,2007-08-17,,,,,,,,,,,0,,,,,0,,,,,,,,,2007-08-17T06:40:53,2007-08-17T19:00:12,0.15,,,,
Lagos,2007-08-18,,,,,,,,,,,0,,,,,0,,,,,,,,,2007-08-18T06:40:50,2007-08-18T18:59:49,0.18,,,,
Lagos,2007-08-19,,,,,,,,,,,0,,,,,0,,,,,,,,,2007-08-19T06:40:46,2007-08-19T18:59:26,0.21,,,,
Lagos,2007-08-20,,,,,,,,,,,0,,,,,0,,,,,,,,,2007-08-20T06:40:41,2007-08-20T18:59:03,0.24,,,,
Lagos,2007-08-21,,,,,,,,,,,0,,,,,0,,,,,,,,,2007-08-21T06:40:37,2007-08-21T18:58:38,0.25,,,,
Lagos,2007-08-22,,,,,,,,,,,0,,,,,0,,,,,,,,,2007-08-22T06:40:31,2007-08-22T18:58:14,0.31,,,,
Lagos,2007-08-23,,,,,,,,,,,0,,,,,0,,,,,,,,,2007-08-23T06:40:26,2007-08-23T18:57:49,0.34,,,,
Lagos,2007-08-24,,,,,,,,,,,0,,,,,0,,,,,,,,,2007-08-24T06:40:20,2007-08-24T18:57:23,0.37,,,,
Lagos,2007-08-25,,,,,,,,,,,0,,,,,0,,,,,,,,,2007-08-25T06:40:14,2007-08-25T18:56:57,0.4,,,,
Lagos,2007-08-26,,,,,,,,,,,0,,,,,0,,,,,,,,,2007-08-26T06:40:07,2007-08-26T18:56:30,0.44,,,,
Lagos,2007-08-27,25.1,25.1,25.1,25.1,25.1,25.1,23.4,90.3,0,0,0,,,,,16.6,240,,90,10,,,,,2007-08-27T06:40:00,2007-08-27T18:56:03,0.47,Partially cloudy,Partly cloudy throughout the day.,partly-cloudy-day,65201099999
Lagos,2007-08-28,,,,,,,,,,,0,,,,,0,,,,,,,,,2007-08-28T06:39:53,2007-08-28T18:55:36,0.5,,,,
Lagos,2007-08-29,,,,,,,,,,,0,,,,,0,,,,,,,,,2007-08-29T06:39:45,2007-08-29T18:55:08,0.54,,,,
Lagos,2007-08-30,,,,,,,,,,,0,,,,,0,,,,,,,,,2007-08-30T06:39:37,2007-08-30T18:54:40,0.57,,,,
Lagos,2007-08-31,,,,,,,,,,,0,,,,,0,,,,,,,,,2007-08-31T06:39:29,2007-08-31T18:54:11,0.61,,,,
Lagos,2007-09-01,,,,,,,,,,,0,,,,,0,,,,,,,,,2007-09-01T06:39:20,2007-09-01T18:53:42,0.64,,,,
Lagos,2007-09-02,,,,,,,,,,,0,,,,,0,,,,,,,,,2007-09-02T06:39:12,2007-09-02T18:53:13,0.68,,,,
Lagos,2007-09-03,,,,,,,,,,,0,,,,,0,,,,,,,,,2007-09-03T06:39:03,2007-09-03T18:52:43,0.71,,,,
Lagos,2007-09-04,,,,,,,,,,,0,,,,,0,,,,,,,,,2007-09-04T06:38:53,2007-09-04T18:52:13,0.75,,,,
Lagos,2007-09-05,,,,,,,,,,,0,,,,,0,,,,,,,,,2007-09-05T06:38:44,2007-09-05T18:51:43,0.78,,,,
Lagos,2007-09-06,,,,,,,,,,,0,,,,,0,,,,,,,,,2007-09-06T06:38:34,2007-09-06T18:51:13,0.82,,,,
Lagos,2007-09-07,,,,,,,,,,,0,,,,,0,,,,,,,,,2007-09-07T06:38:24,2007-09-07T18:50:42,0.86,,,,
Lagos,2007-09-08,,,,,,,,,,,0,,,,,0,,,,,,,,,2007-09-08T06:38:14,2007-09-08T18:50:11,0.89,,,,
Lagos,2007-09-09,29.2,26.4,28.1,33.7,26.4,30.9,23.9,78.4,0,0,0,,,,,25.9,256.3,,90,10,,,,,2007-09-09T06:38:04,2007-09-09T18:49:40,0.93,Partially cloudy,Partly cloudy throughout the day.,partly-cloudy-day,65201099999
Lagos,2007-09-10,,,,,,,,,,,0,,,,,0,,,,,,,,,2007-09-10T06:37:54,2007-09-10T18:49:09,0.96,,,,
Lagos,2007-09-11,29.1,23.9,27.5,39.1,23.9,31.5,24.8,85.8,0,0,0,,,,,37.1,259,1011.6,65,10.7,,,,,2007-09-11T06:37:43,2007-09-11T18:48:37,0,Partially cloudy,Becoming cloudy in the afternoon.,partly-cloudy-day,65201099999
Lagos,2007-09-12,24.1,24.1,24.1,24.1,24.1,24.1,23.1,94.4,0,0,0,,,,,0,,1012.3,54,10.6,,,,,2007-09-12T06:37:33,2007-09-12T18:48:06,0.03,Partially cloudy,Partly cloudy throughout the day.,partly-cloudy-day,65201099999
Lagos,2007-09-13,,,,,,,,,,,0,,,,,0,,,,,,,,,2007-09-13T06:37:22,2007-09-13T18:47:34,0.06,,,,
Lagos,2007-09-14,,,,,,,,,,,0,,,,,0,,,,,,,,,2007-09-14T06:37:11,2007-09-14T18:47:02,0.1,,,,
Lagos,2007-09-15,,,,,,,,,,,0,,,,,0,,,,,,,,,2007-09-15T06:37:00,2007-09-15T18:46:30,0.13,,,,
Lagos,2007-09-16,,,,,,,,,,,0,,,,,0,,,,,,,,,2007-09-16T06:36:50,2007-09-16T18:45:59,0.16,,,,
Lagos,2007-09-17,,,,,,,,,,,0,,,,,0,,,,,,,,,2007-09-17T06:36:39,2007-09-17T18:45:27,0.19,,,,
Lagos,2007-09-18,,,,,,,,,,,0,,,,,0,,,,,,,,,2007-09-18T06:36:28,2007-09-18T18:44:55,0.23,,,,
Lagos,2007-09-19,,,,,,,,,,,0,,,,,0,,,,,,,,,2007-09-19T06:36:17,2007-09-19T18:44:23,0.25,,,,
Lagos,2007-09-20,,,,,,,,,,,0,,,,,0,,,,,,,,,2007-09-20T06:36:06,2007-09-20T18:43:51,0.29,,,,
Lagos,2007-09-21,,,,,,,,,,,0,,,,,0,,,,,,,,,2007-09-21T06:35:56,2007-09-21T18:43:19,0.32,,,,
Lagos,2007-09-22,,,,,,,,,,,0,,,,,0,,,,,,,,,2007-09-22T06:35:45,2007-09-22T18:42:47,0.36,,,,
Lagos,2007-09-23,,,,,,,,,,,0,,,,,0,,,,,,,,,2007-09-23T06:35:34,2007-09-23T18:42:15,0.39,,,,
Lagos,2007-09-24,,,,,,,,,,,0,,,,,0,,,,,,,,,2007-09-24T06:35:24,2007-09-24T18:41:44,0.42,,,,
Lagos,2007-09-25,,,,,,,,,,,0,,,,,0,,,,,,,,,2007-09-25T06:35:14,2007-09-25T18:41:12,0.46,,,,
Lagos,2007-09-26,,,,,,,,,,,0,,,,,0,,,,,,,,,2007-09-26T06:35:04,2007-09-26T18:40:41,0.5,,,,
Lagos,2007-09-27,,,,,,,,,,,0,,,,,0,,,,,,,,,2007-09-27T06:34:54,2007-09-27T18:40:10,0.52,,,,
Lagos,2007-09-28,28.1,25.1,26.5,32.8,25.1,28,23.4,83.3,0,0,0,,,,,33.5,242.5,1012.6,57.5,10.5,,,,,2007-09-28T06:34:44,2007-09-28T18:39:39,0.56,Partially cloudy,Becoming cloudy in the afternoon.,partly-cloudy-day,65201099999
Lagos,2007-09-29,31.1,24.1,27,37.9,24.1,29.5,23.7,83,0,0,0,,,,,29.5,212.6,1013.4,59.3,9.5,,,,,2007-09-29T06:34:34,2007-09-29T18:39:08,0.59,Partially cloudy,Partly cloudy throughout the day.,partly-cloudy-day,65201099999
Lagos,2007-09-30,31.1,25.1,26.9,37.9,25.1,29,24.6,88.1,0,0,0,,,,,29.5,258.4,1013.5,54.7,10.3,,,,,2007-09-30T06:34:25,2007-09-30T18:38:38,0.63,Partially cloudy,Partly cloudy throughout the day.,partly-cloudy-day,65201099999
Lagos,2007-10-01,32.1,22.1,26.4,39.3,22.1,28.6,23.6,85.6,0,0,0,,,,,33.5,285.8,1013.3,54.8,9.7,,,,,2007-10-01T06:34:16,2007-10-01T18:38:08,0.66,Partially cloudy,Partly cloudy throughout the day.,partly-cloudy-day,65201099999
Lagos,2007-10-02,28.1,23.1,25.2,32.1,23.1,25.9,23.5,90.7,0,0,0,,,,,24.1,278.7,1012.6,55.7,8.6,,,,,2007-10-02T06:34:07,2007-10-02T18:37:38,0.7,Partially cloudy,Partly cloudy throughout the day.,partly-cloudy-day,65201099999
Lagos,2007-10-03,30.1,24.1,26.2,36.3,24.1,28.2,24.5,91.3,0,0,0,,,,,33.5,222.5,1012.6,51.4,8,,,,,2007-10-03T06:33:58,2007-10-03T18:37:08,0.75,Partially cloudy,Partly cloudy throughout the day.,partly-cloudy-day,65201099999
Lagos,2007-10-04,32.1,22.1,26.5,37.9,22.1,28.7,23.7,85.3,0,0,0,,,,,33.5,247.1,1012.6,50,10.3,,,,,2007-10-04T06:33:50,2007-10-04T18:36:39,0.77,Partially cloudy,Partly cloudy throughout the day.,partly-cloudy-day,65201099999
Lagos,2007-10-05,30.1,24.1,25.8,36.3,24.1,27.3,23.9,89.3,5.1,100,4.17,rain,,,,25.9,181.9,1012.1,61.6,10.4,,,,,2007-10-05T06:33:42,2007-10-05T18:36:10,0.8,"Rain, Partially cloudy",Partly cloudy throughout the day with late afternoon rain.,rain,65201099999
Lagos,2007-10-06,30.7,23.1,26.3,36.2,23.1,28.1,23.7,86.3,0,0,0,,,,,33.5,278,1012.3,58.8,9.7,,,,,2007-10-06T06:33:34,2007-10-06T18:35:42,0.83,Partially cloudy,Partly cloudy throughout the day.,partly-cloudy-day,65201099999
Lagos,2007-10-07,28.1,22.1,25.5,32.1,22.1,26.8,23.2,87.6,0,0,0,,,,,43.2,123.8,1011.9,83.8,10.2,,,,,2007-10-07T06:33:27,2007-10-07T18:35:14,0.87,Partially cloudy,Partly cloudy throughout the day.,partly-cloudy-day,65201099999
Lagos,2007-10-08,,,,,,,,,,,0,,,,,0,,,,,,,,,2007-10-08T06:33:20,2007-10-08T18:34:46,0.9,,,,
Lagos,2007-10-09,,,,,,,,,,,0,,,,,0,,,,,,,,,2007-10-09T06:33:13,2007-10-09T18:34:19,0.94,,,,
Lagos,2007-10-10,26.1,25.9,26,26.1,25.9,26,24.9,93.4,0,0,0,,,,,16.6,266,1010.8,60,10.5,,,,,2007-10-10T06:33:07,2007-10-10T18:33:52,0.97,Partially cloudy,Partly cloudy throughout the day.,partly-cloudy-day,65201099999
Lagos,2007-10-11,30.1,24.1,27.2,36.3,24.1,30.1,24.7,86.9,0,0,0,,,,,37.1,251.7,1010.1,70,9.4,,,,,2007-10-11T06:33:01,2007-10-11T18:33:26,0,Partially cloudy,Partly cloudy throughout the day.,partly-cloudy-day,65201099999
Lagos,2007-10-12,31.1,24.1,27.6,39.3,24.1,31.1,25.1,86.8,0,0,0,,,,,37.1,252.7,1010.1,62,9.4,,,,,2007-10-12T06:32:56,2007-10-12T18:33:01,0.04,Partially cloudy,Partly cloudy throughout the day.,partly-cloudy-day,65201099999
Lagos,2007-10-13,27.1,24.7,25.8,30.8,24.7,26,25,95.5,4.1,100,4.17,rain,,,,22.3,259.3,1010.8,64.3,8.1,,,,,2007-10-13T06:32:51,2007-10-13T18:32:35,0.08,"Rain, Partially cloudy",Partly cloudy throughout the day with afternoon rain.,rain,65201099999
Lagos,2007-10-14,30.1,24.7,26.9,35.2,24.7,28.5,23.6,83.3,0,0,0,,,,,31.3,224.8,1011.4,71.7,10.3,,,,,2007-10-14T06:32:47,2007-10-14T18:32:11,0.11,Partially cloudy,Becoming cloudy in the afternoon.,partly-cloudy-day,65201099999
Lagos,2007-10-15,31.1,23.2,27.3,36.7,23.2,29.7,24.1,83.9,0,0,0,,,,,33.5,257.4,1011.5,66.7,9.5,,,,,2007-10-15T06:32:43,2007-10-15T18:31:47,0.14,Partially cloudy,Partly cloudy throughout the day.,partly-cloudy-day,65201099999
Lagos,2007-10-16,32.1,24.6,27.4,39.3,24.6,30.1,24.7,85.6,0,0,0,,,,,33.5,253.9,1011.9,66.8,10.9,,,,,2007-10-16T06:32:40,2007-10-16T18:31:23,0.18,Partially cloudy,Partly cloudy throughout the day.,partly-cloudy-day,65201099999
Lagos,2007-10-17,32.1,25.1,27.6,39.3,25.1,30.1,24.6,84.7,0,0,0,,,,,35.3,245.8,1011.9,54.2,10.8,,,,,2007-10-17T06:32:37,2007-10-17T18:31:00,0.21,Partially cloudy,Partly cloudy throughout the day.,partly-cloudy-day,65201099999
Lagos,2007-10-18,30.1,25.1,26.8,35.8,25.1,28.7,24.6,87.8,0,0,0,,,,,31.3,244.5,1011.6,58.2,9.9,,,,,2007-10-18T06:32:35,2007-10-18T18:30:38,0.24,Partially cloudy,Partly cloudy throughout the day.,partly-cloudy-day,65201099999
Lagos,2007-10-19,25.4,22.1,24.7,25.4,22.1,24.7,23.3,91.9,51.1,100,4.17,rain,,,,29.5,125.2,1011.6,54,9.3,,,,,2007-10-19T06:32:33,2007-10-19T18:30:17,0.25,"Rain, Partially cloudy",Partly cloudy throughout the day with afternoon rain.,rain,65201099999
Lagos,2007-10-20,30.1,23.1,26,36.3,23.1,27.8,23.7,88,0,0,0,,,,,25.9,144.7,1012.4,48.9,7.1,,,,,2007-10-20T06:32:32,2007-10-20T18:29:56,0.31,Partially cloudy,Partly cloudy throughout the day.,partly-cloudy-day,65201099999
Lagos,2007-10-21,31.1,23.7,26.7,37.9,23.7,28.8,24.3,87.2,0,0,0,,,,,25.9,254.8,1012.4,58.8,7.5,,,,,2007-10-21T06:32:32,2007-10-21T18:29:36,0.34,Partially cloudy,Partly cloudy throughout the day.,partly-cloudy-day,65201099999
Lagos,2007-10-22,32.1,24.1,27.8,42.6,24.1,31.3,24.8,84.4,0,0,0,,,,,37.1,270.3,1011.7,68.5,9.2,,,,,2007-10-22T06:32:32,2007-10-22T18:29:17,0.38,Partially cloudy,Partly cloudy throughout the day.,partly-cloudy-day,65201099999
Lagos,2007-10-23,29.1,23.7,25.7,34.8,23.7,27.1,23.8,89.6,0,0,0,,,,,18.4,249.7,1011.9,59.2,8,,,,,2007-10-23T06:32:32,2007-10-23T18:28:58,0.41,Partially cloudy,Partly cloudy throughout the day.,partly-cloudy-day,65201099999
Lagos,2007-10-24,29.9,23.1,25.4,34.7,23.1,26.3,23.6,90.2,0,0,0,,,,,22.3,249.6,1011.6,65.4,7.6,,,,,2007-10-24T06:32:34,2007-10-24T18:28:40,0.44,Partially cloudy,Partly cloudy throughout the day.,partly-cloudy-day,65201099999
Lagos,2007-10-25,29.1,24.1,26.3,33.7,24.1,27.9,24.5,89.6,0,0,0,,,,,18.4,228.8,1011.5,40,8.1,,,,,2007-10-25T06:32:36,2007-10-25T18:28:23,0.48,Partially cloudy,Clearing in the afternoon.,partly-cloudy-day,65201099999
Lagos,2007-10-26,31.1,22.1,27,36.7,22.1,29,23.6,82.3,0,0,0,,,,,33.5,255.7,1011.5,64.3,10.8,,,,,2007-10-26T06:32:39,2007-10-26T18:28:07,0.5,Partially cloudy,Partly cloudy throughout the day.,partly-cloudy-day,65201099999
Lagos,2007-10-27,27.1,22.1,24.4,29.3,22.1,24.5,22.7,90.3,29,100,4.17,rain,,,,59,108,1012,52.7,8.9,,,,,2007-10-27T06:32:42,2007-10-27T18:27:51,0.54,"Rain, Partially cloudy",Partly cloudy throughout the day with afternoon rain.,rain,65201099999
Lagos,2007-10-28,31.1,22.1,25.5,37.9,22.1,27.2,23.4,88.9,0,0,0,,,,,31.7,140.4,1012.1,58,6.7,,,,,2007-10-28T06:32:46,2007-10-28T18:27:36,0.58,Partially cloudy,Partly cloudy throughout the day.,partly-cloudy-day,65201099999
Lagos,2007-10-29,31.1,22.1,25,37.9,22.1,26.5,22.7,87.8,0,0,0,,,,,33.5,214.2,1011.5,45.8,9.4,,,,,2007-10-29T06:32:51,2007-10-29T18:27:23,0.61,Partially cloudy,Partly cloudy throughout the day.,partly-cloudy-day,65201099999
Lagos,2007-10-30,29.1,23.7,25.7,32.9,23.7,26.3,23.9,90.2,0,0,0,,,,,22.3,244.6,1009.8,43.3,8,,,,,2007-10-30T06:32:56,2007-10-30T18:27:10,0.64,Partially cloudy,Partly cloudy throughout the day.,partly-cloudy-day,65201099999
Lagos,2007-10-31,31.1,24.1,27.2,36.7,24.1,30,23.9,82.6,0,0,0,,,,,25.9,246,1009.3,56.4,9.5,,,,,2007-10-31T06:33:02,2007-10-31T18:26:57,0.68,Partially cloudy,Partly cloudy throughout the day.,partly-cloudy-day,65201099999
Lagos,2007-11-01,31.1,23.7,26.4,36.7,23.7,28.3,23.6,85.5,0,0,0,,,,,24.1,78.7,1010,55,6.6,,,,,2007-11-01T06:33:09,2007-11-01T18:26:46,0.75,Partially cloudy,Partly cloudy throughout the day.,partly-cloudy-day,65201099999
Lagos,2007-11-02,30.1,23.1,26.6,36.3,23.1,28.5,24.1,86.7,0,0,0,,,,,25.9,282.1,1010.6,60,7,,,,,2007-11-02T06:33:17,2007-11-02T18:26:36,0.75,Partially cloudy,Partly cloudy throughout the day.,partly-cloudy-day,65201099999
Lagos,2007-11-03,30.1,25.1,27.1,35.3,25.1,28.4,23.3,80.7,0,0,0,,,,,24.1,230,1010.7,54.3,8.1,,,,,2007-11-03T06:33:25,2007-11-03T18:26:26,0.78,Partially cloudy,Partly cloudy throughout the day.,partly-cloudy-day,65201099999
Lagos,2007-11-04,30.1,24.1,27,36.3,24.1,29.2,23.9,83.8,0,0,0,,,,,37.1,266.9,1009.1,43.3,9,,,,,2007-11-04T06:33:34,2007-11-04T18:26:18,0.81,Partially cloudy,Partly cloudy throughout the day.,partly-cloudy-day,65201099999
Lagos,2007-11-05,32.1,23.1,26.7,39.3,23.1,28.4,23.8,85.1,16,100,4.17,rain,,,,27.7,261.4,1010.9,65.7,9.3,,,,,2007-11-05T06:33:44,2007-11-05T18:26:10,0.85,"Rain, Partially cloudy",Partly cloudy throughout the day with late afternoon rain.,rain,65201099999
Lagos,2007-11-06,37.1,23.7,26.8,44.7,23.7,29.2,24,86.3,0,0,0,,,,,29.5,273.2,1011.7,62,7.6,,,,,2007-11-06T06:33:54,2007-11-06T18:26:04,0.88,Partially cloudy,Partly cloudy throughout the day.,partly-cloudy-day,65201099999
Lagos,2007-11-07,,,,,,,,,,,0,,,,,0,,,,,,,,,2007-11-07T06:34:05,2007-11-07T18:25:58,0.92,,,,
Lagos,2007-11-08,,,,,,,,,,,0,,,,,0,,,,,,,,,2007-11-08T06:34:17,2007-11-08T18:25:54,0.95,,,,
Lagos,2007-11-09,,,,,,,,,,,0,,,,,0,,,,,,,,,2007-11-09T06:34:30,2007-11-09T18:25:50,0.98,,,,
Lagos,2007-11-10,23.1,23.1,23.1,23.1,23.1,23.1,22.1,94.1,0,0,0,,,,,0,,1009.1,90,8,,,,,2007-11-10T06:34:44,2007-11-10T18:25:47,0,Partially cloudy,Partly cloudy throughout the day.,partly-cloudy-day,65201099999
Lagos,2007-11-11,,,,,,,,,,,0,,,,,0,,,,,,,,,2007-11-11T06:34:58,2007-11-11T18:25:45,0.05,,,,
Lagos,2007-11-12,,,,,,,,,,,0,,,,,0,,,,,,,,,2007-11-12T06:35:13,2007-11-12T18:25:44,0.09,,,,
Lagos,2007-11-13,,,,,,,,,,,0,,,,,0,,,,,,,,,2007-11-13T06:35:28,2007-11-13T18:25:45,0.12,,,,
Lagos,2007-11-14,,,,,,,,,,,0,,,,,0,,,,,,,,,2007-11-14T06:35:45,2007-11-14T18:25:46,0.15,,,,
Lagos,2007-11-15,23.2,23.2,23.2,23.2,23.2,23.2,22.9,98.2,0,0,0,,,,,0,,,90,4,,,,,2007-11-15T06:36:02,2007-11-15T18:25:48,0.19,Partially cloudy,Clearing in the afternoon.,partly-cloudy-day,65201099999
Lagos,2007-11-16,,,,,,,,,,,0,,,,,0,,,,,,,,,2007-11-16T06:36:20,2007-11-16T18:25:51,0.22,,,,
Lagos,2007-11-17,,,,,,,,,,,0,,,,,0,,,,,,,,,2007-11-17T06:36:38,2007-11-17T18:25:55,0.25,,,,
Lagos,2007-11-18,,,,,,,,,,,0,,,,,0,,,,,,,,,2007-11-18T06:36:58,2007-11-18T18:26:01,0.29,,,,
Lagos,2007-11-19,,,,,,,,,,,0,,,,,0,,,,,,,,,2007-11-19T06:37:18,2007-11-19T18:26:07,0.32,,,,
Lagos,2007-11-20,,,,,,,,,,,0,,,,,0,,,,,,,,,2007-11-20T06:37:38,2007-11-20T18:26:14,0.36,,,,
Lagos,2007-11-21,,,,,,,,,,,0,,,,,0,,,,,,,,,2007-11-21T06:37:59,2007-11-21T18:26:22,0.39,,,,
Lagos,2007-11-22,,,,,,,,,,,0,,,,,0,,,,,,,,,2007-11-22T06:38:21,2007-11-22T18:26:31,0.43,,,,
Lagos,2007-11-23,,,,,,,,,,,0,,,,,0,,,,,,,,,2007-11-23T06:38:44,2007-11-23T18:26:41,0.46,,,,
Lagos,2007-11-24,,,,,,,,,,,0,,,,,0,,,,,,,,,2007-11-24T06:39:07,2007-11-24T18:26:52,0.5,,,,
Lagos,2007-11-25,,,,,,,,,,,0,,,,,0,,,,,,,,,2007-11-25T06:39:31,2007-11-25T18:27:04,0.53,,,,
Lagos,2007-11-26,,,,,,,,,,,0,,,,,0,,,,,,,,,2007-11-26T06:39:55,2007-11-26T18:27:17,0.56,,,,
Lagos,2007-11-27,,,,,,,,,,,0,,,,,0,,,,,,,,,2007-11-27T06:40:20,2007-11-27T18:27:31,0.59,,,,
Lagos,2007-11-28,,,,,,,,,,,0,,,,,0,,,,,,,,,2007-11-28T06:40:45,2007-11-28T18:27:45,0.63,,,,
Lagos,2007-11-29,,,,,,,,,,,0,,,,,0,,,,,,,,,2007-11-29T06:41:11,2007-11-29T18:28:01,0.66,,,,
Lagos,2007-11-30,,,,,,,,,,,0,,,,,0,,,,,,,,,2007-11-30T06:41:38,2007-11-30T18:28:17,0.69,,,,
Lagos,2007-12-01,,,,,,,,,,,0,,,,,0,,,,,,,,,2007-12-01T06:42:05,2007-12-01T18:28:35,0.75,,,,
Lagos,2007-12-02,,,,,,,,,,,0,,,,,0,,,,,,,,,2007-12-02T06:42:32,2007-12-02T18:28:53,0.76,,,,
Lagos,2007-12-03,,,,,,,,,,,0,,,,,0,,,,,,,,,2007-12-03T06:43:00,2007-12-03T18:29:12,0.79,,,,
Lagos,2007-12-04,,,,,,,,,,,0,,,,,0,,,,,,,,,2007-12-04T06:43:28,2007-12-04T18:29:32,0.83,,,,
Lagos,2007-12-05,,,,,,,,,,,0,,,,,0,,,,,,,,,2007-12-05T06:43:56,2007-12-05T18:29:52,0.86,,,,
Lagos,2007-12-06,,,,,,,,,,,0,,,,,0,,,,,,,,,2007-12-06T06:44:25,2007-12-06T18:30:13,0.89,,,,
Lagos,2007-12-07,,,,,,,,,,,0,,,,,0,,,,,,,,,2007-12-07T06:44:54,2007-12-07T18:30:36,0.92,,,,
Lagos,2007-12-08,,,,,,,,,,,0,,,,,0,,,,,,,,,2007-12-08T06:45:24,2007-12-08T18:30:58,0.96,,,,
Lagos,2007-12-09,,,,,,,,,,,0,,,,,0,,,,,,,,,2007-12-09T06:45:54,2007-12-09T18:31:22,0,,,,
Lagos,2007-12-10,,,,,,,,,,,0,,,,,0,,,,,,,,,2007-12-10T06:46:23,2007-12-10T18:31:46,0.03,,,,
Lagos,2007-12-11,,,,,,,,,,,0,,,,,0,,,,,,,,,2007-12-11T06:46:53,2007-12-11T18:32:11,0.06,,,,
Lagos,2007-12-12,,,,,,,,,,,0,,,,,0,,,,,,,,,2007-12-12T06:47:24,2007-12-12T18:32:36,0.1,,,,
Lagos,2007-12-13,,,,,,,,,,,0,,,,,0,,,,,,,,,2007-12-13T06:47:54,2007-12-13T18:33:02,0.13,,,,
Lagos,2007-12-14,,,,,,,,,,,0,,,,,0,,,,,,,,,2007-12-14T06:48:24,2007-12-14T18:33:28,0.16,,,,
Lagos,2007-12-15,,,,,,,,,,,0,,,,,0,,,,,,,,,2007-12-15T06:48:55,2007-12-15T18:33:55,0.2,,,,
Lagos,2007-12-16,,,,,,,,,,,0,,,,,0,,,,,,,,,2007-12-16T06:49:25,2007-12-16T18:34:23,0.23,,,,
Lagos,2007-12-17,33.1,28.1,29.8,39.9,32.8,35.5,25,76,0,0,0,,,,,25.9,220.5,1010.3,70,9.8,,,,,2007-12-17T06:49:56,2007-12-17T18:34:51,0.25,Partially cloudy,Partly cloudy throughout the day.,partly-cloudy-day,65201099999
Lagos,2007-12-18,33.7,26.1,29.1,42.8,26.1,34.2,25.1,79.7,0,0,0,,,,,22.3,243.8,1011.7,55.7,9.1,,,,,2007-12-18T06:50:26,2007-12-18T18:35:19,0.3,Partially cloudy,Partly cloudy throughout the day.,partly-cloudy-day,65201099999
Lagos,2007-12-19,,,,,,,,,,,0,,,,,0,,,,,,,,,2007-12-19T06:50:57,2007-12-19T18:35:48,0.34,,,,
Lagos,2007-12-20,,,,,,,,,,,0,,,,,0,,,,,,,,,2007-12-20T06:51:27,2007-12-20T18:36:17,0.37,,,,
Lagos,2007-12-21,,,,,,,,,,,0,,,,,0,,,,,,,,,2007-12-21T06:51:57,2007-12-21T18:36:47,0.41,,,,
Lagos,2007-12-22,,,,,,,,,,,0,,,,,0,,,,,,,,,2007-12-22T06:52:27,2007-12-22T18:37:16,0.44,,,,
Lagos,2007-12-23,,,,,,,,,,,0,,,,,0,,,,,,,,,2007-12-23T06:52:56,2007-12-23T18:37:46,0.48,,,,
Lagos,2007-12-24,32.7,25.1,29.1,35.6,25.1,29.8,18.6,54.9,0,0,0,,,,,20.5,92.2,1011.5,40,2.5,,,,,2007-12-24T06:53:26,2007-12-24T18:38:17,0.5,Partially cloudy,Partly cloudy throughout the day.,partly-cloudy-day,65201099999
Lagos,2007-12-25,32.1,21.4,26.4,34.7,21.4,27.2,20.2,70.8,0,0,0,,,,,18.4,341.6,1011.1,25,2.8,,,,,2007-12-25T06:53:55,2007-12-25T18:38:47,0.55,Partially cloudy,Partly cloudy throughout the day.,partly-cloudy-day,65201099999
Lagos,2007-12-26,32.1,22.1,28,36.6,22.1,29.3,21.5,70.6,0,0,0,,,,,14.8,237,1010.7,31.8,4.3,,,,,2007-12-26T06:54:24,2007-12-26T18:39:18,0.58,Partially cloudy,Partly cloudy throughout the day.,partly-cloudy-day,65201099999
Lagos,2007-12-27,33.4,22.9,26.6,37.1,22.9,27.8,22.5,79.7,0,0,0,,,,,14.8,334,1010.7,42.7,3.7,,,,,2007-12-27T06:54:52,2007-12-27T18:39:48,0.61,Partially cloudy,Partly cloudy throughout the day.,partly-cloudy-day,65201099999
Lagos,2007-12-28,33.2,24.1,27.8,38.4,24.1,29.8,22.9,76.1,0,0,0,,,,,25.9,335.2,1010.1,48.9,3.8,,,,,2007-12-28T06:55:20,2007-12-28T18:40:19,0.64,Partially cloudy,Partly cloudy throughout the day.,partly-cloudy-day,65201099999
Lagos,2007-12-29,32.1,24.1,27.3,39.8,24.1,29.7,24,83,0,0,0,,,,,27.7,251.9,1010.1,45,4,,,,,2007-12-29T06:55:48,2007-12-29T18:40:50,0.68,Partially cloudy,Partly cloudy throughout the day.,partly-cloudy-day,65201099999
Lagos,2007-12-30,30.1,25.1,26.5,35.2,25.1,27.9,23.9,86.1,0,0,0,,,,,24.1,242.5,1009.6,43.3,5.8,,,,,2007-12-30T06:56:15,2007-12-30T18:41:21,0.71,Partially cloudy,Clearing in the afternoon.,partly-cloudy-day,65201099999
Lagos,2007-12-31,30.1,24.6,26.7,35.2,24.6,28.2,23.1,81,0,0,0,,,,,16.6,322.5,1009.6,57.3,4.9,,,,,2007-12-31T06:56:42,2007-12-31T18:41:52,0.75,Partially cloudy,Partly cloudy throughout the day.,partly-cloudy-day,65201099999
