name,datetime,tempmax,tempmin,temp,feelslikemax,feelslikemin,feelslike,dew,humidity,precip,precipprob,precipcover,preciptype,snow,snowdepth,windgust,windspeed,winddir,sealevelpressure,cloudcover,visibility,solarradiation,solarenergy,uvindex,severerisk,sunrise,sunset,moonphase,conditions,description,icon,stations
Lagos,2008-01-01,33.1,24.4,27.2,38.2,24.4,29,23.3,80,1,100,4.17,rain,,,,20.5,305.9,1010.2,54.8,6,,,,,2008-01-01T06:57:08,2008-01-01T18:42:23,0.77,"Rain, Partially cloudy",Partly cloudy throughout the day with late afternoon rain.,rain,65201099999
Lagos,2008-01-02,33.1,24.1,27.5,35.5,24.1,28,21.6,74.1,0,0,0,,,,,16.6,314.4,1010.7,43.3,6.9,,,,,2008-01-02T06:57:34,2008-01-02T18:42:54,0.8,Partially cloudy,Partly cloudy throughout the day.,partly-cloudy-day,65201099999
Lagos,2008-01-03,33.1,22.4,27.6,38.9,22.4,29.7,21.7,71.1,0,0,0,,,,,24.1,271.2,1011.8,52,6.6,,,,,2008-01-03T06:57:59,2008-01-03T18:43:24,0.84,Partially cloudy,Partly cloudy throughout the day.,partly-cloudy-day,65201099999
Lagos,2008-01-04,32.7,23.6,27.6,38.6,23.6,29.7,22.9,76.9,0,0,0,,,,,24.1,274.4,1012.1,53.5,6.4,,,,,2008-01-04T06:58:24,2008-01-04T18:43:55,0.87,Partially cloudy,Partly cloudy throughout the day.,partly-cloudy-day,65201099999
Lagos,2008-01-05,,,,,,,,,,,0,,,,,0,,,,,,,,,2008-01-05T06:58:48,2008-01-05T18:44:25,0.9,,,,
Lagos,2008-01-06,30.1,24.9,27.6,36.1,24.9,30,24.1,82,0,0,0,,,,,27.7,247.9,1011.8,62.4,7.9,,,,,2008-01-06T06:59:11,2008-01-06T18:44:56,0.93,Partially cloudy,Partly cloudy throughout the day.,partly-cloudy-day,65201099999
Lagos,2008-01-07,31.1,25.1,27.2,29.4,25.1,26.9,17.1,58.8,0,0,0,,,,,24.1,12.6,1011.3,38,5.4,,,,,2008-01-07T06:59:34,2008-01-07T18:45:26,0.97,Partially cloudy,Partly cloudy throughout the day.,partly-cloudy-day,65201099999
Lagos,2008-01-08,33.6,22.1,27.5,32.4,22.1,27,12.6,43.7,0,0,0,,,,,31.3,6.1,1010.5,36,5.3,,,,,2008-01-08T06:59:56,2008-01-08T18:45:55,0,Partially cloudy,Becoming cloudy in the afternoon.,partly-cloudy-day,65201099999
Lagos,2008-01-09,32.2,22.1,27.3,31.2,22.1,26.9,13.8,46.9,0,0,0,,,,,27.7,55.5,1009.9,20,5.9,,,,,2008-01-09T07:00:17,2008-01-09T18:46:25,0.03,Clear,Partly cloudy throughout the day.,clear-day,65201099999
Lagos,2008-01-10,34.6,20.6,27.2,34.6,20.6,27.5,17.8,59.5,0,0,0,,,,,16.6,13.9,1009.5,36.8,4.4,,,,,2008-01-10T07:00:38,2008-01-10T18:46:54,0.07,Partially cloudy,Partly cloudy throughout the day.,partly-cloudy-day,65201099999
Lagos,2008-01-11,25.1,24.1,24.6,25.1,24.1,24.6,21.4,82.4,0,0,0,,,,,7.6,325.1,1009.1,32,4.4,,,,,2008-01-11T07:00:57,2008-01-11T18:47:23,0.11,Partially cloudy,Partly cloudy throughout the day.,partly-cloudy-day,65201099999
Lagos,2008-01-12,31.1,23.1,27,36.4,23.1,28.8,23.2,81,0,0,0,,,,,18.4,300.3,1011,41.1,3.6,,,,,2008-01-12T07:01:16,2008-01-12T18:47:51,0.14,Partially cloudy,Partly cloudy throughout the day.,partly-cloudy-day,65201099999
Lagos,2008-01-13,29.1,24.6,26.3,32.9,24.6,27.6,24,87.1,0,0,0,,,,,33.5,250,1010.8,38.6,5.9,,,,,2008-01-13T07:01:35,2008-01-13T18:48:19,0.18,Partially cloudy,Partly cloudy throughout the day.,partly-cloudy-day,65201099999
Lagos,2008-01-14,31.2,25.1,27.7,36.9,25.1,30.1,24.1,81.9,0,0,0,,,,,29.5,243,1011.4,61.4,7.1,,,,,2008-01-14T07:01:52,2008-01-14T18:48:47,0.21,Partially cloudy,Partly cloudy throughout the day.,partly-cloudy-day,65201099999
Lagos,2008-01-15,31.7,26.1,29,37.6,26.1,32.3,23.3,72.1,0,0,0,,,,,20.5,232.1,1010.2,62.3,9,,,,,2008-01-15T07:02:08,2008-01-15T18:49:14,0.25,Partially cloudy,Partly cloudy throughout the day.,partly-cloudy-day,65201099999
Lagos,2008-01-16,31.7,25.1,27.2,37.3,25.1,29,23.8,82.7,0,0,0,,,,,18.4,273,1010.4,52.6,7.7,,,,,2008-01-16T07:02:24,2008-01-16T18:49:41,0.28,Partially cloudy,Partly cloudy throughout the day.,partly-cloudy-day,65201099999
Lagos,2008-01-17,33.1,24.9,27.8,31.4,24.9,27.7,18.5,65,0,0,0,,,,,20.5,353.4,1010.1,30,4.5,,,,,2008-01-17T07:02:39,2008-01-17T18:50:07,0.32,Partially cloudy,Partly cloudy throughout the day.,partly-cloudy-day,65201099999
Lagos,2008-01-18,34.6,20.6,27.4,33,20.6,26.7,13.1,48.2,0,0,0,,,,,18.4,49,1009.7,28.6,2.8,,,,,2008-01-18T07:02:53,2008-01-18T18:50:33,0.35,Partially cloudy,Partly cloudy throughout the day.,partly-cloudy-day,65201099999
Lagos,2008-01-19,27.1,21.9,24.3,27.7,21.9,24.5,18.3,69.8,0,0,0,,,,,18.4,4.2,1010.4,60,2,,,,,2008-01-19T07:03:06,2008-01-19T18:50:58,0.39,Partially cloudy,Clearing in the afternoon.,partly-cloudy-day,65201099999
Lagos,2008-01-20,,,,,,,,,,,0,,,,,0,,,,,,,,,2008-01-20T07:03:18,2008-01-20T18:51:23,0.43,,,,
Lagos,2008-01-21,33.2,22.1,27.5,31.6,22.1,26.7,10.6,39,0,0,0,,,,,33.5,19.7,1011,30,4.8,,,,,2008-01-21T07:03:29,2008-01-21T18:51:47,0.46,Partially cloudy,Becoming cloudy in the afternoon.,partly-cloudy-day,65201099999
Lagos,2008-01-22,32.1,18.1,25.4,30,18.1,24.8,8.8,39.3,0,0,0,,,,,33.5,30.7,1011.6,31.5,4.9,,,,,2008-01-22T07:03:40,2008-01-22T18:52:10,0.5,Partially cloudy,Partly cloudy throughout the day.,partly-cloudy-day,65201099999
Lagos,2008-01-23,31.7,20.1,24.7,30.3,20.1,24.3,10.6,44.8,0,0,0,,,,,27.7,26.9,1011.7,22.5,3.4,,,,,2008-01-23T07:03:49,2008-01-23T18:52:33,0.53,Partially cloudy,Partly cloudy throughout the day.,partly-cloudy-day,65201099999
Lagos,2008-01-24,34.6,20.1,25.9,34.1,20.1,25.8,14,49.3,0,0,0,,,,,14.8,43.6,1011,22.5,3.4,,,,,2008-01-24T07:03:58,2008-01-24T18:52:55,0.56,Partially cloudy,Becoming cloudy in the afternoon.,partly-cloudy-day,65201099999
Lagos,2008-01-25,34.4,18.9,25.8,33.2,18.9,25.2,12.6,50.4,0,0,0,,,,,27.7,37.9,1011.7,30,3.4,,,,,2008-01-25T07:04:05,2008-01-25T18:53:17,0.59,Partially cloudy,Partly cloudy throughout the day.,partly-cloudy-day,65201099999
Lagos,2008-01-26,31.1,17.7,25.6,29.6,17.7,25.1,11.8,46.8,0,0,0,,,,,22.3,46.6,1011.3,24.5,4.7,,,,,2008-01-26T07:04:12,2008-01-26T18:53:38,0.62,Partially cloudy,Partly cloudy throughout the day.,partly-cloudy-day,65201099999
Lagos,2008-01-27,34.4,17.6,25,32.6,17.6,24.6,11.1,46.8,0,0,0,,,,,20.5,8.1,1011.8,24.5,4,,,,,2008-01-27T07:04:17,2008-01-27T18:53:58,0.66,Partially cloudy,Partly cloudy throughout the day.,partly-cloudy-day,65201099999
Lagos,2008-01-28,33.1,18.2,25.2,30.7,18.2,24.7,8.2,38.6,0,0,0,,,,,29.5,16.4,1011.3,21.4,2.4,,,,,2008-01-28T07:04:22,2008-01-28T18:54:18,0.69,Partially cloudy,Clearing in the afternoon.,partly-cloudy-day,65201099999
Lagos,2008-01-29,31.7,22.1,25.8,30,22.1,25.3,9.7,40,0,0,0,,,,,46.4,41.3,1011.1,36,1.5,,,,,2008-01-29T07:04:26,2008-01-29T18:54:37,0.72,Partially cloudy,Partly cloudy throughout the day.,partly-cloudy-day,65201099999
Lagos,2008-01-30,35.4,20.2,27.1,34.4,20.2,26.5,11.7,43.2,0,0,0,,,,,42.5,44.2,1011.2,34.3,2,,,,,2008-01-30T07:04:29,2008-01-30T18:54:55,0.75,Partially cloudy,Partly cloudy throughout the day.,partly-cloudy-day,65201099999
Lagos,2008-01-31,34.2,22.1,27.3,32.4,22.1,26.7,11.5,41.3,0,0,0,,,,,37.1,102.7,1010,19.6,3.6,,,,,2008-01-31T07:04:30,2008-01-31T18:55:13,0.79,Clear,Clear conditions throughout the day.,clear-day,65201099999
Lagos,2008-02-01,33.6,19.9,26.6,32.4,19.9,26,12,44.7,0,0,0,,,,,24.1,28.2,1010,26.3,2.8,,,,,2008-02-01T07:04:31,2008-02-01T18:55:30,0.82,Partially cloudy,Partly cloudy throughout the day.,partly-cloudy-day,65201099999
Lagos,2008-02-02,34.1,20.4,27.1,37.2,20.4,27.7,18.1,60.6,0,0,0,,,,,31.3,247,1009.1,26.3,2.3,,,,,2008-02-02T07:04:31,2008-02-02T18:55:46,0.85,Partially cloudy,Partly cloudy throughout the day.,partly-cloudy-day,65201099999
Lagos,2008-02-03,32.4,23.1,27.4,38,23.1,29.2,22.6,76.6,0,0,0,,,,,27.7,217.3,1010.7,28.6,3.7,,,,,2008-02-03T07:04:30,2008-02-03T18:56:01,0.88,Partially cloudy,Partly cloudy throughout the day.,partly-cloudy-day,65201099999
Lagos,2008-02-04,32.2,24.9,27.7,35.7,24.9,29.3,23.3,78.9,0,0,0,,,,,27.7,235.1,1011.9,31.7,4.2,,,,,2008-02-04T07:04:28,2008-02-04T18:56:16,0.91,Partially cloudy,Partly cloudy throughout the day.,partly-cloudy-day,65201099999
Lagos,2008-02-05,33.1,24.9,27.9,37.8,24.9,30,23.7,79.4,0,0,0,,,,,33.5,240.4,1012.6,47.5,5.9,,,,,2008-02-05T07:04:25,2008-02-05T18:56:30,0.95,Partially cloudy,Partly cloudy throughout the day.,partly-cloudy-day,65201099999
Lagos,2008-02-06,33.4,26.1,29.5,39,26.1,33.3,23.8,72.6,0,0,0,,,,,25.9,229.6,1011.8,63.3,6.6,,,,,2008-02-06T07:04:21,2008-02-06T18:56:44,0.98,Partially cloudy,Partly cloudy throughout the day.,partly-cloudy-day,65201099999
Lagos,2008-02-07,33.1,25.6,28.4,39.5,25.6,31.8,24.3,79.7,0,0,0,,,,,33.5,232.8,1012.1,55.2,8,,,,,2008-02-07T07:04:17,2008-02-07T18:56:56,0,Partially cloudy,Partly cloudy throughout the day.,partly-cloudy-day,65201099999
Lagos,2008-02-08,29.2,25.9,26.7,34.6,25.9,28.3,24.8,89.5,0,0,0,,,,,14.8,264.3,1011.6,80,6.1,,,,,2008-02-08T07:04:11,2008-02-08T18:57:08,0.05,Partially cloudy,Clearing in the afternoon.,partly-cloudy-day,65201099999
Lagos,2008-02-09,,,,,,,,,,,0,,,,,0,,,,,,,,,2008-02-09T07:04:04,2008-02-09T18:57:20,0.08,,,,
Lagos,2008-02-10,,,,,,,,,,,0,,,,,0,,,,,,,,,2008-02-10T07:03:57,2008-02-10T18:57:30,0.12,,,,
Lagos,2008-02-11,,,,,,,,,,,0,,,,,0,,,,,,,,,2008-02-11T07:03:49,2008-02-11T18:57:40,0.15,,,,
Lagos,2008-02-12,,,,,,,,,,,0,,,,,0,,,,,,,,,2008-02-12T07:03:39,2008-02-12T18:57:49,0.19,,,,
Lagos,2008-02-13,,,,,,,,,,,0,,,,,0,,,,,,,,,2008-02-13T07:03:29,2008-02-13T18:57:58,0.23,,,,
Lagos,2008-02-14,,,,,,,,,,,0,,,,,0,,,,,,,,,2008-02-14T07:03:18,2008-02-14T18:58:06,0.25,,,,
Lagos,2008-02-15,,,,,,,,,,,0,,,,,0,,,,,,,,,2008-02-15T07:03:07,2008-02-15T18:58:13,0.3,,,,
Lagos,2008-02-16,,,,,,,,,,,0,,,,,0,,,,,,,,,2008-02-16T07:02:54,2008-02-16T18:58:19,0.33,,,,
Lagos,2008-02-17,,,,,,,,,,,0,,,,,0,,,,,,,,,2008-02-17T07:02:41,2008-02-17T18:58:25,0.37,,,,
Lagos,2008-02-18,,,,,,,,,,,0,,,,,0,,,,,,,,,2008-02-18T07:02:27,2008-02-18T18:58:31,0.4,,,,
Lagos,2008-02-19,,,,,,,,,,,0,,,,,0,,,,,,,,,2008-02-19T07:02:12,2008-02-19T18:58:35,0.44,,,,
Lagos,2008-02-20,,,,,,,,,,,0,,,,,0,,,,,,,,,2008-02-20T07:01:56,2008-02-20T18:58:39,0.48,,,,
Lagos,2008-02-21,,,,,,,,,,,0,,,,,0,,,,,,,,,2008-02-21T07:01:40,2008-02-21T18:58:42,0.5,,,,
Lagos,2008-02-22,,,,,,,,,,,0,,,,,0,,,,,,,,,2008-02-22T07:01:23,2008-02-22T18:58:45,0.54,,,,
Lagos,2008-02-23,,,,,,,,,,,0,,,,,0,,,,,,,,,2008-02-23T07:01:05,2008-02-23T18:58:47,0.57,,,,
Lagos,2008-02-24,,,,,,,,,,,0,,,,,0,,,,,,,,,2008-02-24T07:00:46,2008-02-24T18:58:49,0.61,,,,
Lagos,2008-02-25,,,,,,,,,,,0,,,,,0,,,,,,,,,2008-02-25T07:00:27,2008-02-25T18:58:50,0.64,,,,
Lagos,2008-02-26,,,,,,,,,,,0,,,,,0,,,,,,,,,2008-02-26T07:00:07,2008-02-26T18:58:51,0.67,,,,
Lagos,2008-02-27,,,,,,,,,,,0,,,,,0,,,,,,,,,2008-02-27T06:59:47,2008-02-27T18:58:51,0.7,,,,
Lagos,2008-02-28,,,,,,,,,,,0,,,,,0,,,,,,,,,2008-02-28T06:59:26,2008-02-28T18:58:50,0.73,,,,
Lagos,2008-02-29,,,,,,,,,,,0,,,,,0,,,,,,,,,2008-02-29T06:59:04,2008-02-29T18:58:49,0.75,,,,
Lagos,2008-03-01,,,,,,,,,,,0,,,,,0,,,,,,,,,2008-03-01T06:58:42,2008-03-01T18:58:48,0.8,,,,
Lagos,2008-03-02,,,,,,,,,,,0,,,,,0,,,,,,,,,2008-03-02T06:58:20,2008-03-02T18:58:46,0.83,,,,
Lagos,2008-03-03,,,,,,,,,,,0,,,,,0,,,,,,,,,2008-03-03T06:57:57,2008-03-03T18:58:43,0.86,,,,
Lagos,2008-03-04,,,,,,,,,,,0,,,,,0,,,,,,,,,2008-03-04T06:57:33,2008-03-04T18:58:41,0.9,,,,
Lagos,2008-03-05,,,,,,,,,,,0,,,,,0,,,,,,,,,2008-03-05T06:57:09,2008-03-05T18:58:37,0.93,,,,
Lagos,2008-03-06,,,,,,,,,,,0,,,,,0,,,,,,,,,2008-03-06T06:56:44,2008-03-06T18:58:34,0.96,,,,
Lagos,2008-03-07,,,,,,,,,,,0,,,,,0,,,,,,,,,2008-03-07T06:56:19,2008-03-07T18:58:30,0,,,,
Lagos,2008-03-08,,,,,,,,,,,0,,,,,0,,,,,,,,,2008-03-08T06:55:54,2008-03-08T18:58:26,0.03,,,,
Lagos,2008-03-09,,,,,,,,,,,0,,,,,0,,,,,,,,,2008-03-09T06:55:28,2008-03-09T18:58:21,0.06,,,,
Lagos,2008-03-10,,,,,,,,,,,0,,,,,0,,,,,,,,,2008-03-10T06:55:02,2008-03-10T18:58:16,0.1,,,,
Lagos,2008-03-11,,,,,,,,,,,0,,,,,0,,,,,,,,,2008-03-11T06:54:35,2008-03-11T18:58:11,0.13,,,,
Lagos,2008-03-12,,,,,,,,,,,0,,,,,0,,,,,,,,,2008-03-12T06:54:09,2008-03-12T18:58:05,0.17,,,,
Lagos,2008-03-13,,,,,,,,,,,0,,,,,0,,,,,,,,,2008-03-13T06:53:42,2008-03-13T18:58:00,0.2,,,,
Lagos,2008-03-14,,,,,,,,,,,0,,,,,0,,,,,,,,,2008-03-14T06:53:14,2008-03-14T18:57:54,0.25,,,,
Lagos,2008-03-15,,,,,,,,,,,0,,,,,0,,,,,,,,,2008-03-15T06:52:47,2008-03-15T18:57:47,0.28,,,,
Lagos,2008-03-16,,,,,,,,,,,0,,,,,0,,,,,,,,,2008-03-16T06:52:19,2008-03-16T18:57:41,0.31,,,,
Lagos,2008-03-17,,,,,,,,,,,0,,,,,0,,,,,,,,,2008-03-17T06:51:51,2008-03-17T18:57:34,0.35,,,,
Lagos,2008-03-18,,,,,,,,,,,0,,,,,0,,,,,,,,,2008-03-18T06:51:23,2008-03-18T18:57:28,0.38,,,,
Lagos,2008-03-19,,,,,,,,,,,0,,,,,0,,,,,,,,,2008-03-19T06:50:54,2008-03-19T18:57:21,0.42,,,,
Lagos,2008-03-20,,,,,,,,,,,0,,,,,0,,,,,,,,,2008-03-20T06:50:26,2008-03-20T18:57:14,0.45,,,,
Lagos,2008-03-21,,,,,,,,,,,0,,,,,0,,,,,,,,,2008-03-21T06:49:57,2008-03-21T18:57:06,0.5,,,,
Lagos,2008-03-22,,,,,,,,,,,0,,,,,0,,,,,,,,,2008-03-22T06:49:28,2008-03-22T18:56:59,0.52,,,,
Lagos,2008-03-23,,,,,,,,,,,0,,,,,0,,,,,,,,,2008-03-23T06:49:00,2008-03-23T18:56:52,0.55,,,,
Lagos,2008-03-24,,,,,,,,,,,0,,,,,0,,,,,,,,,2008-03-24T06:48:31,2008-03-24T18:56:44,0.59,,,,
Lagos,2008-03-25,,,,,,,,,,,0,,,,,0,,,,,,,,,2008-03-25T06:48:02,2008-03-25T18:56:37,0.62,,,,
Lagos,2008-03-26,,,,,,,,,,,0,,,,,0,,,,,,,,,2008-03-26T06:47:33,2008-03-26T18:56:30,0.65,,,,
Lagos,2008-03-27,,,,,,,,,,,0,,,,,0,,,,,,,,,2008-03-27T06:47:04,2008-03-27T18:56:22,0.68,,,,
Lagos,2008-03-28,,,,,,,,,,,0,,,,,0,,,,,,,,,2008-03-28T06:46:35,2008-03-28T18:56:15,0.72,,,,
Lagos,2008-03-29,,,,,,,,,,,0,,,,,0,,,,,,,,,2008-03-29T06:46:07,2008-03-29T18:56:07,0.75,,,,
Lagos,2008-03-30,,,,,,,,,,,0,,,,,0,,,,,,,,,2008-03-30T06:45:38,2008-03-30T18:56:00,0.78,,,,
Lagos,2008-03-31,,,,,,,,,,,0,,,,,0,,,,,,,,,2008-03-31T06:45:09,2008-03-31T18:55:53,0.81,,,,
Lagos,2008-04-01,,,,,,,,,,,0,,,,,0,,,,,,,,,2008-04-01T06:44:41,2008-04-01T18:55:46,0.85,,,,
Lagos,2008-04-02,,,,,,,,,,,0,,,,,0,,,,,,,,,2008-04-02T06:44:13,2008-04-02T18:55:39,0.88,,,,
Lagos,2008-04-03,,,,,,,,,,,0,,,,,0,,,,,,,,,2008-04-03T06:43:44,2008-04-03T18:55:32,0.91,,,,
Lagos,2008-04-04,,,,,,,,,,,0,,,,,0,,,,,,,,,2008-04-04T06:43:16,2008-04-04T18:55:25,0.94,,,,
Lagos,2008-04-05,,,,,,,,,,,0,,,,,0,,,,,,,,,2008-04-05T06:42:49,2008-04-05T18:55:18,0.98,,,,
Lagos,2008-04-06,,,,,,,,,,,0,,,,,0,,,,,,,,,2008-04-06T06:42:21,2008-04-06T18:55:12,0,,,,
Lagos,2008-04-07,,,,,,,,,,,0,,,,,0,,,,,,,,,2008-04-07T06:41:54,2008-04-07T18:55:06,0.05,,,,
Lagos,2008-04-08,,,,,,,,,,,0,,,,,0,,,,,,,,,2008-04-08T06:41:27,2008-04-08T18:55:00,0.08,,,,
Lagos,2008-04-09,,,,,,,,,,,0,,,,,0,,,,,,,,,2008-04-09T06:41:00,2008-04-09T18:54:54,0.12,,,,
Lagos,2008-04-10,,,,,,,,,,,0,,,,,0,,,,,,,,,2008-04-10T06:40:34,2008-04-10T18:54:48,0.15,,,,
Lagos,2008-04-11,,,,,,,,,,,0,,,,,0,,,,,,,,,2008-04-11T06:40:07,2008-04-11T18:54:43,0.19,,,,
Lagos,2008-04-12,,,,,,,,,,,0,,,,,0,,,,,,,,,2008-04-12T06:39:42,2008-04-12T18:54:38,0.25,,,,
Lagos,2008-04-13,32.4,32.4,32.4,39.5,39.5,39.5,24.9,64.7,0,0,0,,,,,18.4,220,,90,10,,,,,2008-04-13T06:39:16,2008-04-13T18:54:33,0.26,Partially cloudy,Becoming cloudy in the afternoon.,partly-cloudy-day,65201099999
Lagos,2008-04-14,,,,,,,,,,,0,,,,,0,,,,,,,,,2008-04-14T06:38:51,2008-04-14T18:54:28,0.29,,,,
Lagos,2008-04-15,,,,,,,,,,,0,,,,,0,,,,,,,,,2008-04-15T06:38:26,2008-04-15T18:54:24,0.33,,,,
Lagos,2008-04-16,,,,,,,,,,,0,,,,,0,,,,,,,,,2008-04-16T06:38:02,2008-04-16T18:54:20,0.36,,,,
Lagos,2008-04-17,,,,,,,,,,,0,,,,,0,,,,,,,,,2008-04-17T06:37:38,2008-04-17T18:54:16,0.4,,,,
Lagos,2008-04-18,,,,,,,,,,,0,,,,,0,,,,,,,,,2008-04-18T06:37:15,2008-04-18T18:54:13,0.43,,,,
Lagos,2008-04-19,,,,,,,,,,,0,,,,,0,,,,,,,,,2008-04-19T06:36:52,2008-04-19T18:54:10,0.47,,,,
Lagos,2008-04-20,,,,,,,,,,,0,,,,,0,,,,,,,,,2008-04-20T06:36:29,2008-04-20T18:54:08,0.5,,,,
Lagos,2008-04-21,,,,,,,,,,,0,,,,,0,,,,,,,,,2008-04-21T06:36:08,2008-04-21T18:54:05,0.53,,,,
Lagos,2008-04-22,,,,,,,,,,,0,,,,,0,,,,,,,,,2008-04-22T06:35:46,2008-04-22T18:54:04,0.57,,,,
Lagos,2008-04-23,,,,,,,,,,,0,,,,,0,,,,,,,,,2008-04-23T06:35:25,2008-04-23T18:54:02,0.6,,,,
Lagos,2008-04-24,,,,,,,,,,,0,,,,,0,,,,,,,,,2008-04-24T06:35:05,2008-04-24T18:54:01,0.63,,,,
Lagos,2008-04-25,,,,,,,,,,,0,,,,,0,,,,,,,,,2008-04-25T06:34:45,2008-04-25T18:54:00,0.67,,,,
Lagos,2008-04-26,,,,,,,,,,,0,,,,,0,,,,,,,,,2008-04-26T06:34:26,2008-04-26T18:54:00,0.7,,,,
Lagos,2008-04-27,,,,,,,,,,,0,,,,,0,,,,,,,,,2008-04-27T06:34:07,2008-04-27T18:54:00,0.73,,,,
Lagos,2008-04-28,,,,,,,,,,,0,,,,,0,,,,,,,,,2008-04-28T06:33:49,2008-04-28T18:54:01,0.75,,,,
Lagos,2008-04-29,,,,,,,,,,,0,,,,,0,,,,,,,,,2008-04-29T06:33:31,2008-04-29T18:54:02,0.8,,,,
Lagos,2008-04-30,31.1,27.9,28.9,35.6,32.1,33.2,24,75.1,0,0,0,,,,,31.3,216.3,1008.1,47.1,11,,,,,2008-04-30T06:33:14,2008-04-30T18:54:03,0.83,Partially cloudy,Partly cloudy throughout the day.,partly-cloudy-day,65201099999
Lagos,2008-05-01,33.1,24.1,28.7,39.6,24.1,32.5,23.8,76,0,0,0,,,,,83.2,138.8,1009.3,53.2,10.2,,,,,2008-05-01T06:32:58,2008-05-01T18:54:05,0.87,Partially cloudy,Partly cloudy throughout the day.,wind,65201099999
Lagos,2008-05-02,32.1,25.1,28,39.1,25.1,31.1,24.9,84.4,0,0,0,,,,,20.5,228,1009.7,48.3,9.6,,,,,2008-05-02T06:32:42,2008-05-02T18:54:08,0.9,Partially cloudy,Partly cloudy throughout the day.,partly-cloudy-day,65201099999
Lagos,2008-05-03,30.9,24.1,28.4,37.3,24.1,32.2,23.8,76.9,0,0,0,,,,,18.4,245,1010,56.7,9.9,,,,,2008-05-03T06:32:27,2008-05-03T18:54:10,0.93,Partially cloudy,Becoming cloudy in the afternoon.,partly-cloudy-day,65201099999
Lagos,2008-05-04,32.9,24.9,28.2,39.9,24.9,31.2,24.3,80.3,0,0,0,,,,,29.5,243.5,1010.9,58.8,11.1,,,,,2008-05-04T06:32:13,2008-05-04T18:54:14,0.97,Partially cloudy,Partly cloudy throughout the day.,partly-cloudy-day,65201099999
Lagos,2008-05-05,33.9,25.1,28.4,39.6,25.1,30.8,23.6,77.4,0,0,0,,,,,16.6,261.8,1010.7,55.9,9.9,,,,,2008-05-05T06:31:59,2008-05-05T18:54:17,0,Partially cloudy,Partly cloudy throughout the day.,partly-cloudy-day,65201099999
Lagos,2008-05-06,31.6,24.1,27.3,39.5,24.1,29.6,24,83,7.9,100,4.17,rain,,,,77.8,87.7,1011.5,77.5,9.7,,,,,2008-05-06T06:31:46,2008-05-06T18:54:22,0.03,"Rain, Partially cloudy",Partly cloudy throughout the day with late afternoon rain.,rain,65201099999
Lagos,2008-05-07,32.1,23.1,26.7,37.9,23.1,28.6,22.7,80.1,23.1,100,8.33,rain,,,,22.3,215.9,1011.8,52.5,8.4,,,,,2008-05-07T06:31:34,2008-05-07T18:54:26,0.07,"Rain, Partially cloudy",Partly cloudy throughout the day with rain clearing later.,rain,65201099999
Lagos,2008-05-08,32.1,25.1,27.9,39.4,25.1,30.7,24.4,82.5,7.1,100,4.17,rain,,,,40.7,204.6,1010.6,71.4,9.9,,,,,2008-05-08T06:31:22,2008-05-08T18:54:31,0.1,"Rain, Partially cloudy",Partly cloudy throughout the day with late afternoon rain.,rain,65201099999
Lagos,2008-05-09,32.1,23.2,27.9,39.1,23.2,30.7,23.5,78.5,0,0,0,,,,,27.7,185.3,1010.2,63.2,9.6,,,,,2008-05-09T06:31:11,2008-05-09T18:54:37,0.14,Partially cloudy,Partly cloudy throughout the day.,partly-cloudy-day,65201099999
Lagos,2008-05-10,32.2,25.1,27.8,39.9,25.1,31.1,24.6,83,0,0,0,,,,,22.3,263.2,1010.7,55.7,10.5,,,,,2008-05-10T06:31:01,2008-05-10T18:54:43,0.17,Partially cloudy,Partly cloudy throughout the day.,partly-cloudy-day,65201099999
Lagos,2008-05-11,27.1,23.1,25.7,30.2,23.1,25.9,23.8,89.5,46,100,4.17,rain,,,,22.3,136.5,1010.8,54.7,7.7,,,,,2008-05-11T06:30:51,2008-05-11T18:54:49,0.2,"Rain, Partially cloudy",Partly cloudy throughout the day with afternoon rain.,rain,65201099999
Lagos,2008-05-12,31.4,23.1,27.3,39.4,23.1,30.3,24.2,84.2,0,0,0,,,,,27.7,204.3,1010.8,57,7.8,,,,,2008-05-12T06:30:42,2008-05-12T18:54:56,0.25,Partially cloudy,Partly cloudy throughout the day.,partly-cloudy-day,65201099999
Lagos,2008-05-13,31.2,25.1,27.4,39.9,25.1,30.6,24.7,85.3,1,100,4.17,rain,,,,33.5,250.9,1011.8,61,8.6,,,,,2008-05-13T06:30:34,2008-05-13T18:55:03,0.27,"Rain, Partially cloudy",Partly cloudy throughout the day with late afternoon rain.,rain,65201099999
Lagos,2008-05-14,32.1,24.1,27.6,36.9,24.1,30.4,23.8,80.7,1,100,4.17,rain,,,,22.3,353.9,1012.3,49,9.6,,,,,2008-05-14T06:30:27,2008-05-14T18:55:11,0.31,"Rain, Partially cloudy",Partly cloudy throughout the day with early morning rain.,rain,65201099999
Lagos,2008-05-15,33.1,24.1,28.3,40.7,24.1,32.1,24.8,82.8,0,0,0,,,,,27.7,245.7,1011.6,56.7,8.6,,,,,2008-05-15T06:30:20,2008-05-15T18:55:19,0.34,Partially cloudy,Partly cloudy throughout the day.,partly-cloudy-day,65201099999
Lagos,2008-05-16,30.1,23.1,26.9,35,23.1,29.4,23.7,82.9,10.9,100,8.33,rain,,,,25.9,212.7,1011.9,61.9,8.8,,,,,2008-05-16T06:30:14,2008-05-16T18:55:27,0.38,"Rain, Partially cloudy",Partly cloudy throughout the day with rain in the morning and afternoon.,rain,65201099999
Lagos,2008-05-17,31.1,25.1,27.1,36.7,25.1,29.2,23.7,82.1,0,0,0,,,,,29.5,273.3,1012.7,43.8,9.8,,,,,2008-05-17T06:30:08,2008-05-17T18:55:36,0.41,Partially cloudy,Partly cloudy throughout the day.,partly-cloudy-day,65201099999
Lagos,2008-05-18,,,,,,,,,,,0,,,,,0,,,,,,,,,2008-05-18T06:30:04,2008-05-18T18:55:46,0.44,,,,
Lagos,2008-05-19,,,,,,,,,,,0,,,,,0,,,,,,,,,2008-05-19T06:30:00,2008-05-19T18:55:55,0.48,,,,
Lagos,2008-05-20,,,,,,,,,,,0,,,,,0,,,,,,,,,2008-05-20T06:29:56,2008-05-20T18:56:06,0.5,,,,
Lagos,2008-05-21,32.1,23.1,26.5,39.3,23.1,28.1,22.8,80.7,2,100,4.17,rain,,,,83.2,134.1,1009.9,68.3,8.8,,,,,2008-05-21T06:29:54,2008-05-21T18:56:16,0.55,"Rain, Partially cloudy",Becoming cloudy in the afternoon with late afternoon rain.,rain,65201099999
Lagos,2008-05-22,31.4,23.1,25.8,39.1,23.1,27.4,23.3,86.8,0,0,0,,,,,25.9,254.4,1011.1,54,7.5,,,,,2008-05-22T06:29:52,2008-05-22T18:56:27,0.58,Partially cloudy,Partly cloudy throughout the day.,partly-cloudy-day,65201099999
Lagos,2008-05-23,31.1,24.1,27.2,37.6,24.1,29.9,24.1,83.8,0,0,0,,,,,63,246.6,1010.6,53.5,9.9,,,,,2008-05-23T06:29:51,2008-05-23T18:56:38,0.61,Partially cloudy,Partly cloudy throughout the day.,wind,65201099999
Lagos,2008-05-24,30.2,23.1,26.6,36.6,23.1,28.5,23.7,84.9,14,100,4.17,rain,,,,33.5,230.5,1010.6,73.6,9.1,,,,,2008-05-24T06:29:50,2008-05-24T18:56:50,0.65,"Rain, Partially cloudy",Partly cloudy throughout the day with early morning rain.,rain,65201099999
Lagos,2008-05-25,31.1,24.1,27,35.6,24.1,29,23.6,82.8,11.9,100,4.17,rain,,,,22.3,227.4,1011.4,63.3,8.8,,,,,2008-05-25T06:29:51,2008-05-25T18:57:01,0.68,"Rain, Partially cloudy",Partly cloudy throughout the day with morning rain.,rain,65201099999
Lagos,2008-05-26,29.1,23.1,25,33.7,23.1,25.8,23.3,90.5,0,0,0,,,,,5.4,345.6,1011.5,58,7.7,,,,,2008-05-26T06:29:51,2008-05-26T18:57:14,0.72,Partially cloudy,Clearing in the afternoon.,partly-cloudy-day,65201099999
Lagos,2008-05-27,,,,,,,,,,,0,,,,,0,,,,,,,,,2008-05-27T06:29:53,2008-05-27T18:57:26,0.75,,,,
Lagos,2008-05-28,,,,,,,,,,,0,,,,,0,,,,,,,,,2008-05-28T06:29:55,2008-05-28T18:57:39,0.75,,,,
Lagos,2008-05-29,32.1,27.1,29.9,37.8,30.2,34.4,23.8,70.6,0,0,0,,,,,33.5,232.3,1010.7,57.3,10.6,,,,,2008-05-29T06:29:58,2008-05-29T18:57:52,0.82,Partially cloudy,Becoming cloudy in the afternoon.,partly-cloudy-day,65201099999
Lagos,2008-05-30,30.1,25.1,27,35.2,25.1,29,24.4,86.4,0,0,0,,,,,24.1,287.2,1012.5,48.3,9.5,,,,,2008-05-30T06:30:01,2008-05-30T18:58:05,0.85,Partially cloudy,Partly cloudy throughout the day.,partly-cloudy-day,65201099999
Lagos,2008-05-31,,,,,,,,,,,0,,,,,0,,,,,,,,,2008-05-31T06:30:05,2008-05-31T18:58:18,0.89,,,,
Lagos,2008-06-01,,,,,,,,,,,0,,,,,0,,,,,,,,,2008-06-01T06:30:10,2008-06-01T18:58:32,0.92,,,,
Lagos,2008-06-02,31.4,26.1,28.8,37.8,26.1,32.9,24.6,78.6,0,0,0,,,,,33.5,250.9,1011.3,75.5,10.8,,,,,2008-06-02T06:30:15,2008-06-02T18:58:46,0.95,Partially cloudy,Becoming cloudy in the afternoon.,partly-cloudy-day,65201099999
Lagos,2008-06-03,27.1,23.1,25.5,30.6,23.1,26.2,23.9,91.3,48,100,8.33,rain,,,,27.7,207.7,1012.3,75.6,7.6,,,,,2008-06-03T06:30:21,2008-06-03T18:58:59,0,"Rain, Partially cloudy",Partly cloudy throughout the day with rain.,rain,65201099999
Lagos,2008-06-04,29.6,23.1,26,34.1,23.1,27.8,23.4,85.9,1,100,4.17,rain,,,,14.8,6.4,1013.5,71.1,9.1,,,,,2008-06-04T06:30:27,2008-06-04T18:59:14,0.02,"Rain, Partially cloudy",Partly cloudy throughout the day with afternoon rain.,rain,65201099999
Lagos,2008-06-05,31.7,23.4,27.2,38.9,23.4,29.4,23.5,81.5,0,0,0,,,,,18.4,232.4,1012.9,47.4,8.2,,,,,2008-06-05T06:30:34,2008-06-05T18:59:28,0.06,Partially cloudy,Partly cloudy throughout the day.,partly-cloudy-day,65201099999
Lagos,2008-06-06,27.2,22.1,25.6,31.5,22.1,26.1,23.8,89.9,25.9,100,4.17,rain,,,,33.5,193.5,1012.1,67.1,8.5,,,,,2008-06-06T06:30:42,2008-06-06T18:59:42,0.09,"Rain, Partially cloudy",Becoming cloudy in the afternoon with afternoon rain.,rain,65201099999
Lagos,2008-06-07,30.2,24.1,26.3,36,24.1,28,23.6,85.6,2,100,8.33,rain,,,,37.1,227.1,1013.1,72.7,8.8,,,,,2008-06-07T06:30:50,2008-06-07T18:59:56,0.12,"Rain, Partially cloudy",Partly cloudy throughout the day with rain in the morning and afternoon.,rain,65201099999
Lagos,2008-06-08,25.1,22.1,24,25.1,22.1,24,22.8,93.2,67.1,100,4.17,rain,,,,51.8,293.8,1013.1,66,9.4,,,,,2008-06-08T06:30:58,2008-06-08T19:00:11,0.16,"Rain, Partially cloudy",Clearing in the afternoon with morning rain.,rain,65201099999
Lagos,2008-06-09,30.2,21.1,25.3,35.5,21.1,26.5,22,83,73.9,100,4.17,rain,,,,29.5,239.4,1012.8,54.3,9.7,,,,,2008-06-09T06:31:07,2008-06-09T19:00:25,0.19,"Rain, Partially cloudy",Partly cloudy throughout the day with morning rain.,rain,65201099999
Lagos,2008-06-10,30.4,23.1,26,36.9,23.1,27.5,23.5,86.6,0,0,0,,,,,18.4,218,1013.1,65.5,8.4,,,,,2008-06-10T06:31:16,2008-06-10T19:00:40,0.25,Partially cloudy,Partly cloudy throughout the day.,partly-cloudy-day,65201099999
Lagos,2008-06-11,31.6,23.1,27.4,38.4,23.1,30,23.9,82.3,0,0,0,,,,,27.7,219.1,1012.6,61.3,9.1,,,,,2008-06-11T06:31:26,2008-06-11T19:00:54,0.26,Partially cloudy,Partly cloudy throughout the day.,partly-cloudy-day,65201099999
Lagos,2008-06-12,31.1,25.1,27.5,37.9,25.1,30.5,24.5,83.8,0,0,0,,,,,46.4,221.7,1011.3,69.5,10.5,,,,,2008-06-12T06:31:36,2008-06-12T19:01:09,0.29,Partially cloudy,Partly cloudy throughout the day.,partly-cloudy-day,65201099999
Lagos,2008-06-13,30.1,21.1,25.9,35.2,21.1,27.3,23.3,86.1,22.1,100,4.17,rain,,,,50,203.6,1011.5,78.2,8.9,,,,,2008-06-13T06:31:47,2008-06-13T19:01:23,0.32,"Rain, Partially cloudy",Partly cloudy throughout the day with morning rain.,rain,65201099999
Lagos,2008-06-14,27.9,22.1,25,31.7,22.1,25.6,23.1,89.2,11.9,100,4.17,rain,,,,24.1,256.9,1012.8,63,8.9,,,,,2008-06-14T06:31:58,2008-06-14T19:01:37,0.36,"Rain, Partially cloudy",Partly cloudy throughout the day with morning rain.,rain,65201099999
Lagos,2008-06-15,30.1,23.1,25.9,35.8,23.1,27.5,23,85.2,4.1,100,4.17,rain,,,,27.7,246.2,1012.5,67.3,8.7,,,,,2008-06-15T06:32:09,2008-06-15T19:01:51,0.39,"Rain, Partially cloudy",Partly cloudy throughout the day with late afternoon rain.,rain,65201099999
Lagos,2008-06-16,29.6,23.1,26.3,35.6,23.1,28.5,23.6,85.5,19.1,100,4.17,rain,,,,37.1,219.6,1011.7,70.9,9.7,,,,,2008-06-16T06:32:21,2008-06-16T19:02:05,0.42,"Rain, Partially cloudy",Partly cloudy throughout the day with afternoon rain.,rain,65201099999
Lagos,2008-06-17,28.6,24.1,25.6,34.4,24.1,26.7,24.2,91.9,2,100,4.17,rain,,,,11.2,224.6,1012.9,62.3,7.8,,,,,2008-06-17T06:32:33,2008-06-17T19:02:19,0.46,"Rain, Partially cloudy",Partly cloudy throughout the day with afternoon rain.,rain,65201099999
Lagos,2008-06-18,,,,,,,,,,,0,,,,,0,,,,,,,,,2008-06-18T06:32:45,2008-06-18T19:02:33,0.5,,,,
Lagos,2008-06-19,30.1,25.1,27.5,35.1,25.1,29.5,22.8,75.5,0,0,0,,,,,33.5,243.1,1012.7,72,11,,,,,2008-06-19T06:32:58,2008-06-19T19:02:46,0.53,Partially cloudy,Becoming cloudy in the afternoon.,partly-cloudy-day,65201099999
Lagos,2008-06-20,30.1,22.1,26.4,35.2,22.1,27.9,23.1,83.2,0,0,0,,,,,33.5,216.9,1012.2,52.1,9.7,,,,,2008-06-20T06:33:11,2008-06-20T19:03:00,0.56,Partially cloudy,Partly cloudy throughout the day.,partly-cloudy-day,65201099999
Lagos,2008-06-21,30.9,23.1,27.1,36.4,23.1,29.3,23.6,82,0,0,0,,,,,37.1,194.4,1011.4,63.9,10,,,,,2008-06-21T06:33:24,2008-06-21T19:03:13,0.59,Partially cloudy,Partly cloudy throughout the day.,partly-cloudy-day,65201099999
Lagos,2008-06-22,27.2,24.1,25.4,30.6,24.1,25.6,23.6,90,2,100,4.17,rain,,,,25.9,243.6,1012.4,66.7,9.5,,,,,2008-06-22T06:33:37,2008-06-22T19:03:25,0.63,"Rain, Partially cloudy",Partly cloudy throughout the day with afternoon rain.,rain,65201099999
Lagos,2008-06-23,29.1,23.9,25.7,34.1,23.9,26.6,23.5,88.5,0,0,0,,,,,37.1,208.2,1012.5,71.7,7.3,,,,,2008-06-23T06:33:50,2008-06-23T19:03:38,0.66,Partially cloudy,Partly cloudy throughout the day.,partly-cloudy-day,65201099999
Lagos,2008-06-24,26.1,24.1,25,26.1,24.1,25,23.8,93.3,4.1,100,4.17,rain,,,,33.5,223.9,1012.7,74.3,8.1,,,,,2008-06-24T06:34:04,2008-06-24T19:03:50,0.7,"Rain, Partially cloudy",Partly cloudy throughout the day with late afternoon rain.,rain,"65202099999,65201099999"
Lagos,2008-06-25,25.7,23.1,24.3,25.7,23.1,24.3,23.4,94.4,9.9,100,4.17,rain,,,,14.8,310,1013.8,75,7.1,,,,,2008-06-25T06:34:17,2008-06-25T19:04:02,0.73,"Rain, Partially cloudy",Clearing in the afternoon with morning rain.,rain,65201099999
Lagos,2008-06-26,27.1,25.1,26,29.7,25.1,26.4,23.7,87.4,0,0,0,,,,,22.3,232.4,1014.6,56.7,7.7,,,,,2008-06-26T06:34:31,2008-06-26T19:04:13,0.75,Partially cloudy,Partly cloudy throughout the day.,partly-cloudy-day,65201099999
Lagos,2008-06-27,29.4,21.9,25.3,34.8,21.9,26.8,22.9,87,0,0,0,,,,,16.6,216.6,1014.5,59.5,9.5,,,,,2008-06-27T06:34:45,2008-06-27T19:04:24,0.8,Partially cloudy,Partly cloudy throughout the day.,partly-cloudy-day,65201099999
Lagos,2008-06-28,30.1,24.4,26.7,35.2,24.4,28.5,24.1,86,0,0,0,,,,,25.9,232.3,1013.9,72.7,8,,,,,2008-06-28T06:34:59,2008-06-28T19:04:34,0.84,Partially cloudy,Partly cloudy throughout the day.,partly-cloudy-day,65201099999
Lagos,2008-06-29,30.1,23.1,26.2,35.8,23.1,27.7,23.9,87.7,7.9,100,4.17,rain,,,,18.4,236.6,1013.5,63,8.5,,,,,2008-06-29T06:35:12,2008-06-29T19:04:45,0.87,"Rain, Partially cloudy",Partly cloudy throughout the day with late afternoon rain.,rain,65201099999
Lagos,2008-06-30,27.1,25.1,26,31.1,25.1,26.8,24,89.1,0,0,0,,,,,22.3,251.2,1014.5,70,9.7,,,,,2008-06-30T06:35:26,2008-06-30T19:04:54,0.91,Partially cloudy,Partly cloudy throughout the day.,partly-cloudy-day,65201099999
Lagos,2008-07-01,30.7,23.4,25.9,36.2,23.4,26.9,22.2,81.2,5.1,100,4.17,rain,,,,35.3,14.1,1014.5,71.5,9.5,,,,,2008-07-01T06:35:40,2008-07-01T19:05:03,0.94,"Rain, Partially cloudy",Partly cloudy throughout the day with morning rain.,rain,65201099999
Lagos,2008-07-02,31.6,24.2,27.9,38.1,24.2,30.7,23.9,79.4,0,0,0,,,,,33.5,205.3,1013.3,60.7,7.9,,,,,2008-07-02T06:35:54,2008-07-02T19:05:12,0.98,Partially cloudy,Partly cloudy throughout the day.,partly-cloudy-day,65201099999
Lagos,2008-07-03,29.1,24.1,26,33.7,24.1,27.1,24,89.4,0,0,0,,,,,25.9,203.9,1015,68.5,7.4,,,,,2008-07-03T06:36:08,2008-07-03T19:05:20,0,Partially cloudy,Partly cloudy throughout the day.,partly-cloudy-day,65201099999
Lagos,2008-07-04,30.4,25.9,27.4,34.3,25.9,29,23.2,78.3,0,0,0,,,,,27.7,203.6,1013.2,57.5,10.9,,,,,2008-07-04T06:36:21,2008-07-04T19:05:28,0.04,Partially cloudy,Becoming cloudy in the afternoon.,partly-cloudy-day,65201099999
Lagos,2008-07-05,27.4,24.4,25.8,30.9,24.4,26.6,23.3,86.6,0,0,0,,,,,16.6,232.5,1014.5,74.3,9.9,,,,,2008-07-05T06:36:35,2008-07-05T19:05:35,0.08,Partially cloudy,Partly cloudy throughout the day.,partly-cloudy-day,65201099999
Lagos,2008-07-06,,,,,,,,,,,0,,,,,0,,,,,,,,,2008-07-06T06:36:48,2008-07-06T19:05:42,0.11,,,,
Lagos,2008-07-07,27.1,23.4,25.1,29.7,23.4,25.5,23.3,90.2,50,100,8.33,rain,,,,55.4,232.6,1013,90,7.4,,,,,2008-07-07T06:37:01,2008-07-07T19:05:48,0.14,"Rain, Partially cloudy",Partly cloudy throughout the day with rain.,rain,65201099999
Lagos,2008-07-08,26.1,23.1,24.6,26.1,23.1,24.6,23,90.8,2,100,4.17,rain,,,,18.4,267.6,1014.7,63.3,8.2,,,,,2008-07-08T06:37:14,2008-07-08T19:05:53,0.18,"Rain, Partially cloudy",Partly cloudy throughout the day with afternoon rain.,rain,65201099999
Lagos,2008-07-09,27.6,22.7,25.1,30.7,22.7,25.9,23.1,89.1,0,0,0,,,,,20.5,221.3,1015.7,55.5,8.7,,,,,2008-07-09T06:37:27,2008-07-09T19:05:58,0.21,Partially cloudy,Partly cloudy throughout the day.,partly-cloudy-day,65201099999
Lagos,2008-07-10,29.6,23.6,26.6,35.3,23.6,28.3,23.6,84.4,0,0,0,,,,,27.7,208.3,1015.8,73.8,9.1,,,,,2008-07-10T06:37:40,2008-07-10T19:06:02,0.25,Partially cloudy,Partly cloudy throughout the day.,partly-cloudy-day,65201099999
Lagos,2008-07-11,28.7,24.4,26.4,33.3,24.4,27.8,23.1,82.3,0,0,0,,,,,54,231.2,1014.8,73.5,10.3,,,,,2008-07-11T06:37:52,2008-07-11T19:06:05,0.27,Partially cloudy,Partly cloudy throughout the day.,wind,65201099999
Lagos,2008-07-12,28.4,23.9,25.4,33.2,23.9,26.2,23.2,88.2,3,100,4.17,rain,,,,25.9,220.7,1013.1,71.8,9.5,,,,,2008-07-12T06:38:04,2008-07-12T19:06:08,0.31,"Rain, Partially cloudy",Partly cloudy throughout the day with afternoon rain.,rain,65201099999
Lagos,2008-07-13,25.1,23.6,24.1,25.1,23.6,24.1,23,93.3,0,0,0,,,,,13,265,1012.4,60,9.3,,,,,2008-07-13T06:38:16,2008-07-13T19:06:10,0.34,Partially cloudy,Clearing in the afternoon.,partly-cloudy-day,65201099999
Lagos,2008-07-14,,,,,,,,,,,0,,,,,0,,,,,,,,,2008-07-14T06:38:28,2008-07-14T19:06:12,0.37,,,,
Lagos,2008-07-15,,,,,,,,,,,0,,,,,0,,,,,,,,,2008-07-15T06:38:39,2008-07-15T19:06:13,0.41,,,,
Lagos,2008-07-16,29.1,25.1,26.9,32.9,25.1,28.7,23.3,80.8,0,0,0,,,,,33.5,214.3,1014.1,77.7,10.3,,,,,2008-07-16T06:38:50,2008-07-16T19:06:13,0.44,Partially cloudy,Partly cloudy throughout the day.,partly-cloudy-day,65201099999
Lagos,2008-07-17,29.1,24.1,26.1,32.9,24.1,27.1,23.1,84.3,0,0,0,,,,,27.7,239.6,1014,69.1,10.7,,,,,2008-07-17T06:39:00,2008-07-17T19:06:12,0.47,Partially cloudy,Partly cloudy throughout the day.,partly-cloudy-day,65201099999
Lagos,2008-07-18,27.1,23.7,24.7,30.2,23.7,25,23.4,92.9,30,100,4.17,rain,,,,11.2,236,1014.2,69.5,7.4,,,,,2008-07-18T06:39:11,2008-07-18T19:06:11,0.5,"Rain, Partially cloudy",Partly cloudy throughout the day with late afternoon rain.,rain,65201099999
Lagos,2008-07-19,29.2,21.1,24.7,34.2,21.1,25.5,22.5,87.9,1,100,4.17,rain,,,,24.1,212,1013.5,74.8,7.2,,,,,2008-07-19T06:39:20,2008-07-19T19:06:09,0.54,"Rain, Partially cloudy",Partly cloudy throughout the day with morning rain.,rain,65201099999
Lagos,2008-07-20,29.4,24.1,26.3,35,24.1,27.7,23.5,85.1,31,100,4.17,rain,,,,27.7,189.1,1014.2,68.9,9.5,,,,,2008-07-20T06:39:30,2008-07-20T19:06:06,0.58,"Rain, Partially cloudy",Partly cloudy throughout the day with morning rain.,rain,65201099999
Lagos,2008-07-21,28.1,23.1,25.3,32.1,23.1,26.1,23.6,90.8,0,0,0,,,,,33.5,242.2,1014.6,70,6.7,,,,,2008-07-21T06:39:39,2008-07-21T19:06:03,0.61,Partially cloudy,Partly cloudy throughout the day.,partly-cloudy-day,65201099999
Lagos,2008-07-22,28.6,22.1,24.7,33,22.1,25.6,22.7,88.9,67.1,100,4.17,rain,,,,18.4,223.7,1013.7,70,9.6,,,,,2008-07-22T06:39:48,2008-07-22T19:05:58,0.65,"Rain, Partially cloudy",Partly cloudy throughout the day with morning rain.,rain,65201099999
Lagos,2008-07-23,27.2,23.1,24.4,30.7,23.1,24.6,23.1,92.6,3,100,4.17,rain,,,,20.5,213.6,1014.2,63,8.3,,,,,2008-07-23T06:39:56,2008-07-23T19:05:54,0.68,"Rain, Partially cloudy",Partly cloudy throughout the day with late afternoon rain.,rain,65201099999
Lagos,2008-07-24,29.1,23.1,24.7,32.9,23.1,25.2,23,91,5.4,100,8.33,rain,,,,27.7,245.9,1014.7,66.7,7.8,,,,,2008-07-24T06:40:04,2008-07-24T19:05:48,0.72,"Rain, Partially cloudy",Partly cloudy throughout the day with rain in the morning and afternoon.,rain,65201099999
Lagos,2008-07-25,29.1,22.1,25.7,33.4,22.1,27.2,23.3,87.3,3,100,4.17,rain,,,,24.1,241.4,1014.3,69.1,8.6,,,,,2008-07-25T06:40:11,2008-07-25T19:05:41,0.75,"Rain, Partially cloudy",Partly cloudy throughout the day with early morning rain.,rain,65201099999
Lagos,2008-07-26,27.1,24.9,25.8,30.2,24.9,26.2,23.7,88.6,24.9,100,4.17,rain,,,,51.8,222.9,1013.8,80.4,7.5,,,,,2008-07-26T06:40:18,2008-07-26T19:05:34,0.79,"Rain, Partially cloudy",Partly cloudy throughout the day with afternoon rain.,rain,65201099999
Lagos,2008-07-27,27.7,24.6,25.6,31.8,24.6,26,23.9,90.1,17,100,4.17,rain,,,,33.5,208.9,1015.3,81.9,8.6,,,,,2008-07-27T06:40:25,2008-07-27T19:05:26,0.82,"Rain, Partially cloudy",Partly cloudy throughout the day with late afternoon rain.,rain,65201099999
Lagos,2008-07-28,29.2,23.7,25.8,34.3,23.7,27,23.5,87.9,0,0,0,,,,,27.7,250.9,1015,78,9.7,,,,,2008-07-28T06:40:31,2008-07-28T19:05:18,0.86,Partially cloudy,Partly cloudy throughout the day.,partly-cloudy-day,65201099999
Lagos,2008-07-29,29.2,24.1,25.3,34.6,24.1,25.7,23.7,91,22.1,100,4.17,rain,,,,24.1,230.9,1013.7,71.1,9.2,,,,,2008-07-29T06:40:36,2008-07-29T19:05:08,0.89,"Rain, Partially cloudy",Partly cloudy throughout the day with late afternoon rain.,rain,65201099999
Lagos,2008-07-30,26.1,23.1,24.6,26.1,23.1,24.6,23.1,91.7,23.1,100,4.17,rain,,,,24.1,237.9,1013.2,82.9,6.8,,,,,2008-07-30T06:40:41,2008-07-30T19:04:58,0.93,"Rain, Partially cloudy",Partly cloudy throughout the day with afternoon rain.,rain,65201099999
Lagos,2008-07-31,27.1,23.9,24.6,30.2,23.9,25.1,23.5,93.5,3.8,100,4.17,rain,,,,5.4,300,1013.6,78.6,6.1,,,,,2008-07-31T06:40:46,2008-07-31T19:04:47,0.97,"Rain, Partially cloudy",Clearing in the afternoon with morning rain.,rain,65201099999
Lagos,2008-08-01,27.7,23.1,25,31.2,23.1,25.5,23.1,89.6,0,0,0,,,,,37.1,214,1012.7,76,9.2,,,,,2008-08-01T06:40:50,2008-08-01T19:04:35,0,Partially cloudy,Partly cloudy throughout the day.,partly-cloudy-day,65201099999
Lagos,2008-08-02,28.1,23.4,25.4,32.1,23.4,26.3,23.3,88.7,20.9,100,12.5,rain,,,,33.5,212.2,1012.8,77.8,9,,,,,2008-08-02T06:40:54,2008-08-02T19:04:23,0.03,"Rain, Partially cloudy",Partly cloudy throughout the day with a chance of rain throughout the day.,rain,65201099999
Lagos,2008-08-03,26.9,24.1,25.2,29.4,24.1,25.3,23.1,88.6,4,100,8.33,rain,,,,27.7,225,1012.5,78.6,9.5,,,,,2008-08-03T06:40:57,2008-08-03T19:04:10,0.07,"Rain, Partially cloudy",Partly cloudy throughout the day with rain in the morning and afternoon.,rain,65201099999
Lagos,2008-08-04,29.1,23.1,26,33.5,23.1,27.1,22.7,83.1,0,0,0,,,,,24.1,242.8,1013.4,68,9.6,,,,,2008-08-04T06:41:00,2008-08-04T19:03:56,0.1,Partially cloudy,Partly cloudy throughout the day.,partly-cloudy-day,65201099999
Lagos,2008-08-05,28.1,23.1,25.4,31.2,23.1,26.4,22.5,84.9,0,0,0,,,,,33.5,227.8,1013.6,62.4,9.3,,,,,2008-08-05T06:41:02,2008-08-05T19:03:42,0.13,Partially cloudy,Partly cloudy throughout the day.,partly-cloudy-day,65201099999
Lagos,2008-08-06,28.1,23.1,24.9,31.4,23.1,25.3,23.1,90.1,0,0,0,,,,,22.3,243.8,1013.6,67.3,8.9,,,,,2008-08-06T06:41:03,2008-08-06T19:03:26,0.16,Partially cloudy,Partly cloudy throughout the day.,partly-cloudy-day,65201099999
Lagos,2008-08-07,28.2,24.1,25.8,31.6,24.1,26.7,23.1,85.4,0,0,0,,,,,33.5,239.3,1012.5,67.3,10.3,,,,,2008-08-07T06:41:05,2008-08-07T19:03:10,0.2,Partially cloudy,Partly cloudy throughout the day.,partly-cloudy-day,65201099999
Lagos,2008-08-08,25.1,23.1,24.2,25.1,23.1,24.2,22.9,92.8,41.9,100,4.17,rain,,,,27.7,221.7,1013.6,78.6,8.2,,,,,2008-08-08T06:41:05,2008-08-08T19:02:54,0.25,"Rain, Partially cloudy",Partly cloudy throughout the day with afternoon rain.,rain,65201099999
Lagos,2008-08-09,30.1,22.9,25.4,34.1,22.9,26,22.3,84.1,0,0,0,,,,,25.9,239.9,1014.3,66.8,9.5,,,,,2008-08-09T06:41:06,2008-08-09T19:02:37,0.26,Partially cloudy,Partly cloudy throughout the day.,partly-cloudy-day,65201099999
Lagos,2008-08-10,29.7,23.1,26.2,34.3,23.1,27.4,22.4,80.7,0,0,0,,,,,33.5,219.6,1013.3,56.3,10.1,,,,,2008-08-10T06:41:05,2008-08-10T19:02:19,0.29,Partially cloudy,Partly cloudy throughout the day.,partly-cloudy-day,65201099999
Lagos,2008-08-11,29.4,23.1,26.6,32.4,23.1,27.9,22.2,77.4,0,0,0,,,,,48.2,216.4,1011.5,55,10.8,,,,,2008-08-11T06:41:05,2008-08-11T19:02:00,0.32,Partially cloudy,Partly cloudy throughout the day.,partly-cloudy-day,65201099999
Lagos,2008-08-12,29.1,23.1,25.5,32.3,23.1,26.2,22.6,84.8,0,0,0,,,,,51.8,227.2,1011.2,60.5,10.6,,,,,2008-08-12T06:41:04,2008-08-12T19:01:41,0.36,Partially cloudy,Partly cloudy throughout the day.,wind,65201099999
Lagos,2008-08-13,27.2,24.4,25.5,30.2,24.4,25.9,23.1,87.2,0,0,0,,,,,36,233,1012.9,51.5,10.2,,,,,2008-08-13T06:41:02,2008-08-13T19:01:21,0.39,Partially cloudy,Clearing in the afternoon.,partly-cloudy-day,65201099999
Lagos,2008-08-14,28.1,24.1,25.6,31.4,24.1,26.3,23.3,87.5,0,0,0,,,,,29.5,238.5,1014.1,70,9.3,,,,,2008-08-14T06:41:00,2008-08-14T19:01:00,0.42,Partially cloudy,Partly cloudy throughout the day.,partly-cloudy-day,65201099999
Lagos,2008-08-15,28.1,24.1,25.6,31.4,24.1,26.2,23,85.7,0,0,0,,,,,35.3,248.4,1013.5,72.2,10.1,,,,,2008-08-15T06:40:57,2008-08-15T19:00:39,0.45,Partially cloudy,Partly cloudy throughout the day.,partly-cloudy-day,65201099999
Lagos,2008-08-16,27.1,24.1,25.3,29.7,24.1,25.4,22.5,84.7,1,100,4.17,rain,,,,37.1,233.4,1011.5,74.3,10.1,,,,,2008-08-16T06:40:54,2008-08-16T19:00:17,0.5,"Rain, Partially cloudy",Partly cloudy throughout the day with afternoon rain.,rain,65201099999
Lagos,2008-08-17,29.1,23.1,25.4,31.4,23.1,26,22.2,83.2,0,0,0,,,,,29.5,237.4,1012.3,73.6,10.5,,,,,2008-08-17T06:40:51,2008-08-17T18:59:55,0.52,Partially cloudy,Partly cloudy throughout the day.,partly-cloudy-day,65201099999
Lagos,2008-08-18,29.1,23.1,25.7,32.1,23.1,26.6,22.3,82.6,0,0,0,,,,,33.5,227.2,1012.4,67.4,10.4,,,,,2008-08-18T06:40:47,2008-08-18T18:59:32,0.56,Partially cloudy,Partly cloudy throughout the day.,partly-cloudy-day,65201099999
Lagos,2008-08-19,29.6,23.1,25.6,32.9,23.1,26.6,22.5,83.8,0,0,0,,,,,33.5,226.3,1013.1,70.9,9.9,,,,,2008-08-19T06:40:43,2008-08-19T18:59:09,0.59,Partially cloudy,Partly cloudy throughout the day.,partly-cloudy-day,65201099999
Lagos,2008-08-20,29.1,23.1,25.5,32.5,23.1,26.3,22.1,82.7,0,0,0,,,,,33.5,226.6,1013.2,67.6,9.7,,,,,2008-08-20T06:40:38,2008-08-20T18:58:45,0.63,Partially cloudy,Partly cloudy throughout the day.,partly-cloudy-day,65201099999
Lagos,2008-08-21,30.1,23.6,26,33.6,23.6,26.9,22.3,81.1,0,0,0,,,,,37.1,212.7,1012.6,64.3,11,,,,,2008-08-21T06:40:33,2008-08-21T18:58:20,0.66,Partially cloudy,Partly cloudy throughout the day.,partly-cloudy-day,65201099999
Lagos,2008-08-22,28.1,24.1,25.7,31.4,24.1,26.5,22.9,85.2,0,0,0,,,,,25.9,218.3,1012.9,73.8,9.5,,,,,2008-08-22T06:40:28,2008-08-22T18:57:55,0.7,Partially cloudy,Partly cloudy throughout the day.,partly-cloudy-day,65201099999
Lagos,2008-08-23,30.1,23.1,25.8,34.8,23.1,26.8,22.8,84.4,5.1,100,4.17,rain,,,,35.3,215.6,1013.7,63.6,9.9,,,,,2008-08-23T06:40:22,2008-08-23T18:57:30,0.74,"Rain, Partially cloudy",Partly cloudy throughout the day with morning rain.,rain,65201099999
Lagos,2008-08-24,28.1,23.9,25.7,31.4,23.9,26.8,23.1,86.1,0,0,0,,,,,16.6,256.5,1014.7,81.7,10.1,,,,,2008-08-24T06:40:16,2008-08-24T18:57:04,0.75,Partially cloudy,Partly cloudy throughout the day.,partly-cloudy-day,65201099999
Lagos,2008-08-25,25.1,24.1,24.9,25.1,24.1,24.9,23.2,90.5,0,0,0,,,,,13,224.1,1012.4,55,10.8,,,,,2008-08-25T06:40:09,2008-08-25T18:56:37,0.81,Partially cloudy,Partly cloudy throughout the day.,partly-cloudy-day,65201099999
Lagos,2008-08-26,30.1,23.1,25.5,34.1,23.1,26.1,22.7,85.6,0,0,0,,,,,37.1,227.1,1012,62.5,10.7,,,,,2008-08-26T06:40:02,2008-08-26T18:56:10,0.84,Partially cloudy,Partly cloudy throughout the day.,partly-cloudy-day,65201099999
Lagos,2008-08-27,30.1,23.9,25.7,33.4,23.9,26.5,23.2,86.9,0,0,0,,,,,25.9,252.4,1012.5,66.5,10,,,,,2008-08-27T06:39:55,2008-08-27T18:55:43,0.88,Partially cloudy,Partly cloudy throughout the day.,partly-cloudy-day,65201099999
Lagos,2008-08-28,29.1,23.9,25.8,33.7,23.9,26.8,23.4,87.1,6.1,100,4.17,rain,,,,37.1,236.9,1011,75.5,9.9,,,,,2008-08-28T06:39:47,2008-08-28T18:55:15,0.91,"Rain, Partially cloudy",Partly cloudy throughout the day with afternoon rain.,rain,65201099999
Lagos,2008-08-29,28.9,23.9,25.7,33.1,23.9,26.7,23.2,86.9,3.8,100,8.33,rain,,,,27.7,219.8,1011.6,78.9,10.3,,,,,2008-08-29T06:39:39,2008-08-29T18:54:47,0.95,"Rain, Partially cloudy",Partly cloudy throughout the day with rain.,rain,65201099999
Lagos,2008-08-30,27.1,24.1,25,29.7,24.1,25.3,23.3,90,19.1,100,4.17,rain,,,,18.4,242.5,1012.5,70,8.1,,,,,2008-08-30T06:39:31,2008-08-30T18:54:18,0,"Rain, Partially cloudy",Partly cloudy throughout the day with late afternoon rain.,rain,65201099999
Lagos,2008-08-31,26.6,24.1,25.1,26.6,24.1,25.1,23.2,89.4,2,100,4.17,rain,,,,27.7,235.7,1011.7,66.2,8.9,,,,,2008-08-31T06:39:23,2008-08-31T18:53:50,0.02,"Rain, Partially cloudy",Partly cloudy throughout the day with afternoon rain.,rain,65201099999
Lagos,2008-09-01,29.2,27.1,28.3,33.7,29.7,31.8,23.3,74.4,0,0,0,,,,,20.5,218.8,1011,90,11.4,,,,,2008-09-01T06:39:14,2008-09-01T18:53:20,0.05,Partially cloudy,Partly cloudy throughout the day.,partly-cloudy-day,65201099999
Lagos,2008-09-02,25.1,24.1,24.5,25.1,24.1,24.5,23.7,95.9,9.9,100,4.17,rain,,,,13,247.3,1012.2,83.3,8.3,,,,,2008-09-02T06:39:05,2008-09-02T18:52:51,0.08,"Rain, Partially cloudy",Partly cloudy throughout the day with afternoon rain.,rain,65201099999
Lagos,2008-09-03,27.1,23.7,24.8,30.2,23.7,25,23.7,93.8,7.2,100,8.33,rain,,,,22.3,236.8,1012.5,69.1,8.7,,,,,2008-09-03T06:38:56,2008-09-03T18:52:21,0.12,"Rain, Partially cloudy",Partly cloudy throughout the day with rain in the morning and afternoon.,rain,65201099999
Lagos,2008-09-04,25.1,22.1,23.7,25.1,22.1,23.7,22.6,93.5,16,100,4.17,rain,,,,22.3,276.2,1012.3,74,8.4,,,,,2008-09-04T06:38:46,2008-09-04T18:51:51,0.15,"Rain, Partially cloudy",Partly cloudy throughout the day with morning rain.,rain,65201099999
Lagos,2008-09-05,26.6,23.9,25,26.6,23.9,25,23.5,91.2,19.1,100,8.33,rain,,,,33.5,206.8,1014.2,74.2,8.5,,,,,2008-09-05T06:38:37,2008-09-05T18:51:20,0.18,"Rain, Partially cloudy",Partly cloudy throughout the day with rain clearing later.,rain,65201099999
Lagos,2008-09-06,30.1,24.1,26.4,35.9,24.1,28,23.6,85.6,0,0,0,,,,,22.3,219.8,1013.7,64.5,8.7,,,,,2008-09-06T06:38:27,2008-09-06T18:50:50,0.21,Partially cloudy,Partly cloudy throughout the day.,partly-cloudy-day,65201099999
Lagos,2008-09-07,31.2,24.1,26.1,38.8,24.1,27.6,23.9,88.2,0,0,0,,,,,31.3,225.7,1012.9,62.4,9.8,,,,,2008-09-07T06:38:17,2008-09-07T18:50:19,0.25,Partially cloudy,Partly cloudy throughout the day.,partly-cloudy-day,65201099999
Lagos,2008-09-08,29.4,24.1,26.3,34.2,24.1,27.6,23.5,85.3,11.9,100,4.17,rain,,,,33.5,216.8,1013.2,70,10.4,,,,,2008-09-08T06:38:07,2008-09-08T18:49:48,0.28,"Rain, Partially cloudy",Partly cloudy throughout the day with morning rain.,rain,65201099999
Lagos,2008-09-09,28.1,24.1,25.2,32.8,24.1,25.6,23.5,90.4,0,0,0,,,,,14.8,251.7,1014.8,59.1,10.6,,,,,2008-09-09T06:37:57,2008-09-09T18:49:17,0.31,Partially cloudy,Clearing in the afternoon.,partly-cloudy-day,65201099999
Lagos,2008-09-10,,,,,,,,,,,0,,,,,0,,,,,,,,,2008-09-10T06:37:46,2008-09-10T18:48:45,0.34,,,,
Lagos,2008-09-11,,,,,,,,,,,0,,,,,0,,,,,,,,,2008-09-11T06:37:36,2008-09-11T18:48:14,0.37,,,,
Lagos,2008-09-12,,,,,,,,,,,0,,,,,0,,,,,,,,,2008-09-12T06:37:25,2008-09-12T18:47:42,0.41,,,,
Lagos,2008-09-13,,,,,,,,,,,0,,,,,0,,,,,,,,,2008-09-13T06:37:14,2008-09-13T18:47:10,0.44,,,,
Lagos,2008-09-14,,,,,,,,,,,0,,,,,0,,,,,,,,,2008-09-14T06:37:03,2008-09-14T18:46:38,0.47,,,,
Lagos,2008-09-15,,,,,,,,,,,0,,,,,0,,,,,,,,,2008-09-15T06:36:53,2008-09-15T18:46:07,0.5,,,,
Lagos,2008-09-16,,,,,,,,,,,0,,,,,0,,,,,,,,,2008-09-16T06:36:42,2008-09-16T18:45:35,0.54,,,,
Lagos,2008-09-17,,,,,,,,,,,0,,,,,0,,,,,,,,,2008-09-17T06:36:31,2008-09-17T18:45:03,0.57,,,,
Lagos,2008-09-18,,,,,,,,,,,0,,,,,0,,,,,,,,,2008-09-18T06:36:20,2008-09-18T18:44:31,0.61,,,,
Lagos,2008-09-19,,,,,,,,,,,0,,,,,0,,,,,,,,,2008-09-19T06:36:09,2008-09-19T18:43:59,0.65,,,,
Lagos,2008-09-20,,,,,,,,,,,0,,,,,0,,,,,,,,,2008-09-20T06:35:59,2008-09-20T18:43:27,0.68,,,,
Lagos,2008-09-21,,,,,,,,,,,0,,,,,0,,,,,,,,,2008-09-21T06:35:48,2008-09-21T18:42:55,0.72,,,,
Lagos,2008-09-22,,,,,,,,,,,0,,,,,0,,,,,,,,,2008-09-22T06:35:37,2008-09-22T18:42:23,0.75,,,,
Lagos,2008-09-23,,,,,,,,,,,0,,,,,0,,,,,,,,,2008-09-23T06:35:27,2008-09-23T18:41:52,0.79,,,,
Lagos,2008-09-24,,,,,,,,,,,0,,,,,0,,,,,,,,,2008-09-24T06:35:17,2008-09-24T18:41:20,0.83,,,,
Lagos,2008-09-25,,,,,,,,,,,0,,,,,0,,,,,,,,,2008-09-25T06:35:06,2008-09-25T18:40:49,0.86,,,,
Lagos,2008-09-26,,,,,,,,,,,0,,,,,0,,,,,,,,,2008-09-26T06:34:56,2008-09-26T18:40:18,0.9,,,,
Lagos,2008-09-27,,,,,,,,,,,0,,,,,0,,,,,,,,,2008-09-27T06:34:46,2008-09-27T18:39:47,0.93,,,,
Lagos,2008-09-28,,,,,,,,,,,0,,,,,0,,,,,,,,,2008-09-28T06:34:37,2008-09-28T18:39:16,0.97,,,,
Lagos,2008-09-29,,,,,,,,,,,0,,,,,0,,,,,,,,,2008-09-29T06:34:27,2008-09-29T18:38:46,0,,,,
Lagos,2008-09-30,,,,,,,,,,,0,,,,,0,,,,,,,,,2008-09-30T06:34:18,2008-09-30T18:38:15,0.04,,,,
Lagos,2008-10-01,,,,,,,,,,,0,,,,,0,,,,,,,,,2008-10-01T06:34:09,2008-10-01T18:37:45,0.07,,,,
Lagos,2008-10-02,,,,,,,,,,,0,,,,,0,,,,,,,,,2008-10-02T06:34:00,2008-10-02T18:37:16,0.1,,,,
Lagos,2008-10-03,,,,,,,,,,,0,,,,,0,,,,,,,,,2008-10-03T06:33:52,2008-10-03T18:36:47,0.13,,,,
Lagos,2008-10-04,,,,,,,,,,,0,,,,,0,,,,,,,,,2008-10-04T06:33:44,2008-10-04T18:36:18,0.17,,,,
Lagos,2008-10-05,,,,,,,,,,,0,,,,,0,,,,,,,,,2008-10-05T06:33:36,2008-10-05T18:35:49,0.2,,,,
Lagos,2008-10-06,,,,,,,,,,,0,,,,,0,,,,,,,,,2008-10-06T06:33:29,2008-10-06T18:35:21,0.23,,,,
Lagos,2008-10-07,,,,,,,,,,,0,,,,,0,,,,,,,,,2008-10-07T06:33:22,2008-10-07T18:34:53,0.25,,,,
Lagos,2008-10-08,,,,,,,,,,,0,,,,,0,,,,,,,,,2008-10-08T06:33:15,2008-10-08T18:34:26,0.29,,,,
Lagos,2008-10-09,,,,,,,,,,,0,,,,,0,,,,,,,,,2008-10-09T06:33:09,2008-10-09T18:33:59,0.33,,,,
Lagos,2008-10-10,,,,,,,,,,,0,,,,,0,,,,,,,,,2008-10-10T06:33:03,2008-10-10T18:33:33,0.36,,,,
Lagos,2008-10-11,28.1,23.1,25.4,32.1,23.1,26.3,23.5,89.7,18,100,8.33,rain,,,,14.8,192.6,1013.5,76.7,8.7,,,,,2008-10-11T06:32:58,2008-10-11T18:33:07,0.39,"Rain, Partially cloudy",Becoming cloudy in the afternoon with rain.,rain,65201099999
Lagos,2008-10-12,30.1,22.6,25.8,34.7,22.6,27.2,23.2,86.7,0,0,0,,,,,25.9,292.8,1013.4,64.8,10.3,,,,,2008-10-12T06:32:53,2008-10-12T18:32:42,0.42,Partially cloudy,Partly cloudy throughout the day.,partly-cloudy-day,65201099999
Lagos,2008-10-13,28.1,24.1,25.1,32.1,24.1,25.4,23.7,92.4,0,0,0,,,,,16.6,249.1,1012.6,62.7,9.8,,,,,2008-10-13T06:32:48,2008-10-13T18:32:17,0.46,Partially cloudy,Clearing in the afternoon.,partly-cloudy-day,65201099999
Lagos,2008-10-14,,,,,,,,,,,0,,,,,0,,,,,,,,,2008-10-14T06:32:44,2008-10-14T18:31:53,0.5,,,,
Lagos,2008-10-15,31.4,26.2,27.8,37.8,26.2,31.3,24.2,80.9,0,0,0,,,,,11.2,259.4,1011.1,90,9.3,,,,,2008-10-15T06:32:41,2008-10-15T18:31:29,0.52,Partially cloudy,Partly cloudy throughout the day.,partly-cloudy-day,65201099999
Lagos,2008-10-16,32.4,22.9,28.5,40.5,22.9,32.3,23.8,77,6.1,100,4.17,rain,,,,13,240.5,1012.9,59.4,10.8,,,,,2008-10-16T06:32:38,2008-10-16T18:31:06,0.56,"Rain, Partially cloudy",Partly cloudy throughout the day with early morning rain.,rain,65201099999
Lagos,2008-10-17,30.1,24.1,26.2,34.3,24.1,27.6,23.5,86,0,0,0,,,,,25.9,192.8,1012.5,60,9.9,,,,,2008-10-17T06:32:36,2008-10-17T18:30:44,0.59,Partially cloudy,Partly cloudy throughout the day.,partly-cloudy-day,65201099999
Lagos,2008-10-18,30.1,23.1,25.3,33.4,23.1,26.1,22.8,87.3,30,100,4.17,rain,,,,9.4,217.8,1012.3,62.6,8.1,,,,,2008-10-18T06:32:34,2008-10-18T18:30:22,0.63,"Rain, Partially cloudy",Partly cloudy throughout the day with late afternoon rain.,rain,65201099999
Lagos,2008-10-19,28.1,23.1,25,31.4,23.1,25.5,23.5,91.7,0,0,0,,,,,13,233.8,1013.3,47.1,8.7,,,,,2008-10-19T06:32:33,2008-10-19T18:30:01,0.66,Partially cloudy,Clearing in the afternoon.,partly-cloudy-day,65201099999
Lagos,2008-10-20,31.6,23.1,27,38.4,23.1,29.1,23.6,82.7,0,0,0,,,,,16.6,226.9,1013.1,60,11.1,,,,,2008-10-20T06:32:32,2008-10-20T18:29:41,0.7,Partially cloudy,Partly cloudy throughout the day.,partly-cloudy-day,65201099999
Lagos,2008-10-21,31.4,22.1,27.3,38.7,22.1,30.4,24,82.8,7.1,100,4.17,rain,,,,25.9,228.5,1012.3,71.2,10.4,,,,,2008-10-21T06:32:32,2008-10-21T18:29:21,0.75,"Rain, Partially cloudy",Partly cloudy throughout the day with morning rain.,rain,65201099999
Lagos,2008-10-22,27.4,23.1,25.2,31.4,23.1,25.5,23.7,91.6,3,100,4.17,rain,,,,18.4,211.6,1013.1,67.1,9.9,,,,,2008-10-22T06:32:32,2008-10-22T18:29:03,0.77,"Rain, Partially cloudy",Partly cloudy throughout the day with late afternoon rain.,rain,65201099999
Lagos,2008-10-23,32.2,23.1,26.5,38.8,23.1,28.3,23.1,82.9,0,0,0,,,,,20.5,141.9,1012.9,63.3,8.9,,,,,2008-10-23T06:32:34,2008-10-23T18:28:45,0.81,Partially cloudy,Partly cloudy throughout the day.,partly-cloudy-day,65201099999
Lagos,2008-10-24,32.1,24.1,27,38.7,24.1,29.4,23.8,83.8,0,0,0,,,,,20.5,278.8,1012.8,62.5,10.7,,,,,2008-10-24T06:32:36,2008-10-24T18:28:27,0.84,Partially cloudy,Partly cloudy throughout the day.,partly-cloudy-day,65201099999
Lagos,2008-10-25,29.4,23.1,25.4,35.7,23.1,26.8,24.1,93.2,0,0,0,,,,,9.4,301,1012.6,47.1,7.9,,,,,2008-10-25T06:32:38,2008-10-25T18:28:11,0.88,Partially cloudy,Clearing in the afternoon.,partly-cloudy-day,65201099999
Lagos,2008-10-26,27.7,26.6,27.2,32.3,26.6,29.5,25.3,89.7,1,100,4.17,rain,,,,11.2,206.5,,90,10,,,,,2008-10-26T06:32:41,2008-10-26T18:27:55,0.91,"Rain, Partially cloudy",Partly cloudy throughout the day with late afternoon rain.,rain,65201099999
Lagos,2008-10-27,28.1,25.4,26.4,32.8,25.4,27.6,24.7,90.1,0,0,0,,,,,9.4,313.3,1013.1,72.5,9.6,,,,,2008-10-27T06:32:45,2008-10-27T18:27:40,0.95,Partially cloudy,Clearing in the afternoon.,partly-cloudy-day,65201099999
Lagos,2008-10-28,,,,,,,,,,,0,,,,,0,,,,,,,,,2008-10-28T06:32:50,2008-10-28T18:27:26,0.98,,,,
Lagos,2008-10-29,,,,,,,,,,,0,,,,,0,,,,,,,,,2008-10-29T06:32:55,2008-10-29T18:27:13,0,,,,
Lagos,2008-10-30,30.2,29.1,29.3,36.6,33.7,34.5,24.5,75.4,0,0,0,,,,,33.5,184.8,1010.9,90,11.8,,,,,2008-10-30T06:33:01,2008-10-30T18:27:01,0.05,Partially cloudy,Becoming cloudy in the afternoon.,partly-cloudy-day,65201099999
Lagos,2008-10-31,32.1,23.1,27.3,41,23.1,30.1,24.2,84.1,0,0,0,,,,,14.8,285.1,1012.1,64.7,9.9,,,,,2008-10-31T06:33:07,2008-10-31T18:26:49,0.08,Partially cloudy,Partly cloudy throughout the day.,partly-cloudy-day,65201099999
Lagos,2008-11-01,32.9,23.1,27.7,40.2,23.1,30.6,23.6,79.7,1,100,4.17,rain,,,,9.4,201,1011,68.3,8.8,,,,,2008-11-01T06:33:15,2008-11-01T18:26:39,0.11,"Rain, Partially cloudy",Partly cloudy throughout the day with morning rain.,rain,65201099999
Lagos,2008-11-02,31.4,25.1,27.3,39.1,25.1,29.7,25.2,89,0,0,0,,,,,13,244.1,1011,67.3,7.3,,,,,2008-11-02T06:33:23,2008-11-02T18:26:29,0.15,Partially cloudy,Partly cloudy throughout the day.,partly-cloudy-day,65201099999
Lagos,2008-11-03,28.2,25.1,26.8,34,25.1,29.2,25.2,90.7,3,100,4.17,rain,,,,18.4,286.7,1011.8,71.4,9,,,,,2008-11-03T06:33:32,2008-11-03T18:26:20,0.18,"Rain, Partially cloudy",Partly cloudy throughout the day with late afternoon rain.,rain,65201099999
Lagos,2008-11-04,33.1,25.1,28.1,39.8,25.1,31,24.7,83.1,0,0,0,,,,,11.2,231.2,1012.2,54.7,9.9,,,,,2008-11-04T06:33:41,2008-11-04T18:26:12,0.21,Partially cloudy,Partly cloudy throughout the day.,partly-cloudy-day,65201099999
Lagos,2008-11-05,33.4,24.6,28.4,40.9,24.6,31.9,24.4,79.7,0,0,0,,,,,20.5,243.8,1011.6,55.3,9.2,,,,,2008-11-05T06:33:52,2008-11-05T18:26:06,0.24,Partially cloudy,Partly cloudy throughout the day.,partly-cloudy-day,65201099999
Lagos,2008-11-06,31.4,24.1,26.3,37.4,24.1,27.2,24.1,88.3,0,0,0,,,,,25.9,255,1011,58.9,8.7,,,,,2008-11-06T06:34:03,2008-11-06T18:26:00,0.25,Partially cloudy,Partly cloudy throughout the day.,partly-cloudy-day,65201099999
Lagos,2008-11-07,31.1,24.1,27.2,38.3,24.1,29.9,24.4,85.9,50,100,4.17,rain,,,,40.7,251.2,1010.3,78,8.1,,,,,2008-11-07T06:34:15,2008-11-07T18:25:55,0.31,"Rain, Partially cloudy",Partly cloudy throughout the day with morning rain.,rain,65201099999
Lagos,2008-11-08,31.1,26.6,29.1,38.2,26.6,33.3,25,79.6,0,0,0,,,,,25.9,291,1010,90,8.3,,,,,2008-11-08T06:34:27,2008-11-08T18:25:51,0.34,Partially cloudy,Partly cloudy throughout the day.,partly-cloudy-day,65201099999
Lagos,2008-11-09,27.7,26.1,26.5,31.8,26.1,27.3,24.3,88.1,0,0,0,,,,,7.6,198,1012.3,62,10.6,,,,,2008-11-09T06:34:40,2008-11-09T18:25:48,0.38,Partially cloudy,Partly cloudy throughout the day.,partly-cloudy-day,65201099999
Lagos,2008-11-10,31.2,24.1,27,38.2,24.1,29,23.5,82.3,13,100,4.17,rain,,,,20.5,234.6,1011.6,58.3,9.3,,,,,2008-11-10T06:34:54,2008-11-10T18:25:46,0.41,"Rain, Partially cloudy",Partly cloudy throughout the day with morning rain.,rain,65201099999
Lagos,2008-11-11,31.2,22.9,26.8,36.4,22.9,28.5,23.2,82.1,0.5,100,4.17,rain,,,,22.3,179.7,1012.2,67.6,9,,,,,2008-11-11T06:35:09,2008-11-11T18:25:45,0.44,"Rain, Partially cloudy",Partly cloudy throughout the day with morning rain.,rain,65201099999
Lagos,2008-11-12,34.1,24.1,27.9,40.2,24.1,30.7,23.8,80.6,0,0,0,,,,,14.8,204.5,1011.9,60.5,8.6,,,,,2008-11-12T06:35:25,2008-11-12T18:25:45,0.47,Partially cloudy,Partly cloudy throughout the day.,partly-cloudy-day,65201099999
Lagos,2008-11-13,31.1,24.1,26.9,38.2,24.1,29,24.3,86.4,0,0,0,,,,,11.2,270.9,1011.5,59.5,5.9,,,,,2008-11-13T06:35:41,2008-11-13T18:25:46,0.5,Partially cloudy,Partly cloudy throughout the day.,partly-cloudy-day,65201099999
Lagos,2008-11-14,33.1,23.6,27.7,40.2,23.6,30.1,23.8,81.4,0,0,0,,,,,13,326.8,1010.4,61.4,7.2,,,,,2008-11-14T06:35:58,2008-11-14T18:25:48,0.54,Partially cloudy,Partly cloudy throughout the day.,partly-cloudy-day,65201099999
Lagos,2008-11-15,34.2,24.1,27.6,39.4,24.1,29.4,23,79.1,0,0,0,,,,,18.4,5.6,1009.3,44.5,6.2,,,,,2008-11-15T06:36:16,2008-11-15T18:25:51,0.58,Partially cloudy,Partly cloudy throughout the day.,partly-cloudy-day,65201099999
Lagos,2008-11-16,31.6,24.1,27.4,38,24.1,29.7,23.9,82.3,0,0,0,,,,,20.5,258.3,1009.4,36.5,6.3,,,,,2008-11-16T06:36:34,2008-11-16T18:25:55,0.61,Partially cloudy,Partly cloudy throughout the day.,partly-cloudy-day,65201099999
Lagos,2008-11-17,33.1,25.1,28.1,38.8,25.1,30.6,24,80.1,0,0,0,,,,,16.6,232.3,1009.2,46.8,7.3,,,,,2008-11-17T06:36:53,2008-11-17T18:25:59,0.65,Partially cloudy,Partly cloudy throughout the day.,partly-cloudy-day,65201099999
Lagos,2008-11-18,31.2,24.1,27.7,38.2,24.1,30.7,24.5,83.4,0,0,0,,,,,25.9,228.5,1009.1,52.1,6.2,,,,,2008-11-18T06:37:13,2008-11-18T18:26:05,0.68,Partially cloudy,Partly cloudy throughout the day.,partly-cloudy-day,65201099999
Lagos,2008-11-19,32.1,23.1,26.8,37.3,23.1,28.5,24.2,86.3,0,0,0,,,,,18.4,258.8,1009.9,60,8.4,,,,,2008-11-19T06:37:33,2008-11-19T18:26:12,0.75,Partially cloudy,Partly cloudy throughout the day.,partly-cloudy-day,65201099999
Lagos,2008-11-20,32.1,24.1,27,38,24.1,29,24.1,85.5,0,0,0,,,,,11.2,220.1,1012.2,39,9,,,,,2008-11-20T06:37:54,2008-11-20T18:26:20,0.75,Partially cloudy,Partly cloudy throughout the day.,partly-cloudy-day,65201099999
Lagos,2008-11-21,31.1,25.1,27.9,38,25.1,31.3,24.8,84.3,1,100,4.17,rain,,,,22.3,226,1012.9,52.5,10.1,,,,,2008-11-21T06:38:16,2008-11-21T18:26:29,0.78,"Rain, Partially cloudy",Partly cloudy throughout the day with late afternoon rain.,rain,65201099999
Lagos,2008-11-22,32.4,24.1,28,41,24.1,31.7,25,84.5,0,0,0,,,,,14.8,236.9,1011.9,60,8.5,,,,,2008-11-22T06:38:39,2008-11-22T18:26:39,0.82,Partially cloudy,Partly cloudy throughout the day.,partly-cloudy-day,65201099999
Lagos,2008-11-23,32.4,25.1,28.2,41.3,25.1,31.9,24.9,83.5,0,0,0,,,,,74.2,278.3,1010.2,52.5,7.8,,,,,2008-11-23T06:39:02,2008-11-23T18:26:50,0.85,Partially cloudy,Partly cloudy throughout the day.,wind,65201099999
Lagos,2008-11-24,32.6,25.1,28.5,40.9,25.1,32.6,25.2,83.3,0,0,0,,,,,33.5,250,1011,58.2,9.1,,,,,2008-11-24T06:39:25,2008-11-24T18:27:01,0.89,Partially cloudy,Partly cloudy throughout the day.,partly-cloudy-day,65201099999
Lagos,2008-11-25,32.1,25.1,27.8,39.3,25.1,31.5,25.3,86.8,0.3,100,4.17,rain,,,,24.1,249.2,1011.6,57.1,9,,,,,2008-11-25T06:39:49,2008-11-25T18:27:14,0.92,"Rain, Partially cloudy",Partly cloudy throughout the day with late afternoon rain.,rain,65201099999
Lagos,2008-11-26,32.1,25.1,28.3,39.9,25.1,32.1,24.9,82.6,0,0,0,,,,,22.3,212.1,1012,59.1,8.4,,,,,2008-11-26T06:40:14,2008-11-26T18:27:27,0.96,Partially cloudy,Partly cloudy throughout the day.,partly-cloudy-day,65201099999
Lagos,2008-11-27,33.1,25.1,28.4,42.3,25.1,32.5,25.3,84.2,0,0,0,,,,,20.5,218.8,1010.4,53,10,,,,,2008-11-27T06:40:39,2008-11-27T18:27:42,0,Partially cloudy,Partly cloudy throughout the day.,partly-cloudy-day,65201099999
Lagos,2008-11-28,33.1,25.6,28.4,42,25.6,32.2,25.3,84.1,0,0,0,,,,,13,251.9,1009.7,61.8,8.2,,,,,2008-11-28T06:41:05,2008-11-28T18:27:57,0.03,Partially cloudy,Partly cloudy throughout the day.,partly-cloudy-day,65201099999
Lagos,2008-11-29,32.9,25.1,28.7,40.9,25.1,32.8,25,81.6,0,0,0,,,,,37.1,222.1,1010.2,51.7,9.2,,,,,2008-11-29T06:41:32,2008-11-29T18:28:14,0.06,Partially cloudy,Partly cloudy throughout the day.,partly-cloudy-day,65201099999
Lagos,2008-11-30,32.9,25.1,28.6,42.8,25.1,32.9,25.4,84.1,0,0,0,,,,,14.8,251.6,1011,56.3,9.3,,,,,2008-11-30T06:41:58,2008-11-30T18:28:31,0.09,Partially cloudy,Partly cloudy throughout the day.,partly-cloudy-day,65201099999
Lagos,2008-12-01,33.1,26.4,29.2,40.7,26.4,34.6,25.5,81.4,0,0,0,,,,25.9,22.3,215.3,1011.4,71.1,9.9,,,,,2008-12-01T06:42:26,2008-12-01T18:28:49,0.13,Partially cloudy,Partly cloudy throughout the day.,partly-cloudy-day,65201099999
Lagos,2008-12-02,33.2,25.1,28.4,39.9,25.1,32.6,24.9,82,0,0,0,,,,31.7,27.7,231,1011.1,50.9,9.9,,,,,2008-12-02T06:42:53,2008-12-02T18:29:07,0.16,Partially cloudy,Partly cloudy throughout the day.,partly-cloudy-day,65201099999
Lagos,2008-12-03,30.2,23.6,26.7,36,23.6,28.5,23.8,84.6,0,0,0,,,,14.8,13,208.8,1009.9,60.4,8.6,,,,,2008-12-03T06:43:21,2008-12-03T18:29:27,0.19,Partially cloudy,Partly cloudy throughout the day.,partly-cloudy-day,65201099999
Lagos,2008-12-04,33.1,23.1,27.9,37.7,23.1,30.3,23.2,77.9,0,0,0,,,,25.9,18.4,224.5,1009.3,56.5,8.6,,,,,2008-12-04T06:43:50,2008-12-04T18:29:47,0.23,Partially cloudy,Partly cloudy throughout the day.,partly-cloudy-day,65201099999
Lagos,2008-12-05,30.1,24.1,26.2,36,24.1,27.4,24.1,88.3,10.9,100,4.17,rain,,,22.3,18.4,321.8,1010.8,67.8,7.4,,,,,2008-12-05T06:44:18,2008-12-05T18:30:08,0.25,"Rain, Partially cloudy",Partly cloudy throughout the day with afternoon rain.,rain,65201099999
Lagos,2008-12-06,30.1,22.7,26.2,34.4,22.7,27.5,23.2,84.4,37.1,100,4.17,rain,,,64.8,14.8,21.9,1012.8,56.1,7.4,,,,,2008-12-06T06:44:48,2008-12-06T18:30:30,0.29,"Rain, Partially cloudy",Partly cloudy throughout the day with morning rain.,rain,65201099999
Lagos,2008-12-07,30.1,23.1,26.2,34.3,23.1,27.5,23.5,85.4,0,0,0,,,,22.3,18.4,310,1012.8,48.2,7,,,,,2008-12-07T06:45:17,2008-12-07T18:30:53,0.33,Partially cloudy,Partly cloudy throughout the day.,partly-cloudy-day,65201099999
Lagos,2008-12-08,32.1,23.1,26.6,38,23.1,28.7,23.7,85.2,0,0,0,,,,14.8,14.8,234.2,1012.5,62.6,7.6,,,,,2008-12-08T06:45:46,2008-12-08T18:31:16,0.36,Partially cloudy,Partly cloudy throughout the day.,partly-cloudy-day,65201099999
Lagos,2008-12-09,32.2,23.1,27.6,38.3,23.1,30.5,24.1,82,0,0,0,,,,37.1,33.5,235.9,1011.6,55.6,8.6,,,,,2008-12-09T06:46:16,2008-12-09T18:31:40,0.39,Partially cloudy,Partly cloudy throughout the day.,partly-cloudy-day,65201099999
Lagos,2008-12-10,32.6,23.1,27.3,39.4,23.1,29.8,24,83.2,0,0,0,,,,14.8,14.8,229.4,1011.9,47.1,8.9,,,,,2008-12-10T06:46:46,2008-12-10T18:32:05,0.43,Partially cloudy,Partly cloudy throughout the day.,partly-cloudy-day,65201099999
Lagos,2008-12-11,32.1,24.1,27.6,39.3,24.1,30.7,24.5,84,0,0,0,,,,27.7,24.1,220.6,1012.3,58.3,9,,,,,2008-12-11T06:47:16,2008-12-11T18:32:30,0.46,Partially cloudy,Partly cloudy throughout the day.,partly-cloudy-day,65201099999
Lagos,2008-12-12,31.1,24.1,27.1,37.9,24.1,29.2,24.5,86.2,0,0,0,,,,24.1,11.2,220.1,1011.9,56.7,9,,,,,2008-12-12T06:47:47,2008-12-12T18:32:56,0.5,Partially cloudy,Partly cloudy throughout the day.,partly-cloudy-day,65201099999
Lagos,2008-12-13,30.1,24.1,26.6,35.2,24.1,28.1,23.9,85.5,0,0,0,,,,7.6,14.8,206.5,1011,34.5,6.7,,,,,2008-12-13T06:48:17,2008-12-13T18:33:22,0.53,Partially cloudy,Clearing in the afternoon.,partly-cloudy-day,65201099999
Lagos,2008-12-14,32.4,23.1,27.2,38.7,23.1,30,24,83.7,0,0,0,,,,22.3,13,207.2,1010.3,40.4,8.4,,,,,2008-12-14T06:48:48,2008-12-14T18:33:49,0.56,Partially cloudy,Partly cloudy throughout the day.,partly-cloudy-day,65201099999
Lagos,2008-12-15,32.1,24.1,28,39.3,24.1,31.4,24.8,83.4,0,0,0,,,,22.3,18.4,216.1,1009.7,54.2,9.7,,,,,2008-12-15T06:49:18,2008-12-15T18:34:16,0.59,Partially cloudy,Partly cloudy throughout the day.,partly-cloudy-day,65201099999
Lagos,2008-12-16,32.1,25.1,27.9,39.7,25.1,31.3,24.9,84.4,0,0,0,,,,33.5,22.3,232.6,1009.4,60.8,9.3,,,,,2008-12-16T06:49:49,2008-12-16T18:34:44,0.63,Partially cloudy,Partly cloudy throughout the day.,partly-cloudy-day,65201099999
Lagos,2008-12-17,34.1,26.1,28.7,44.1,26.1,32.9,25.1,82,0,0,0,,,,18.4,14.8,232.8,1009.4,45.5,9.1,,,,,2008-12-17T06:50:19,2008-12-17T18:35:12,0.66,Partially cloudy,Partly cloudy throughout the day.,partly-cloudy-day,65201099999
Lagos,2008-12-18,33.1,26.1,28.2,39.9,26.1,31.7,25,84,0,0,0,,,,14.8,14.8,241.8,1008.5,58.7,8.4,,,,,2008-12-18T06:50:49,2008-12-18T18:35:41,0.69,Partially cloudy,Partly cloudy throughout the day.,partly-cloudy-day,65201099999
Lagos,2008-12-19,32.1,26.1,28.1,39.1,26.1,31.7,25.2,85,0,0,0,,,,16.6,11.2,234.6,1008.8,49.6,8.3,,,,,2008-12-19T06:51:20,2008-12-19T18:36:10,0.75,Partially cloudy,Partly cloudy throughout the day.,partly-cloudy-day,65201099999
Lagos,2008-12-20,33.6,24.1,28.4,44.4,24.1,32.7,24.9,82.1,0,0,0,,,,22.3,18.4,268.9,1008.4,44,6.3,,,,,2008-12-20T06:51:50,2008-12-20T18:36:39,0.76,Partially cloudy,Partly cloudy throughout the day.,partly-cloudy-day,65201099999
Lagos,2008-12-21,33.1,25.1,28,41.9,25.1,31.6,25,84.6,0,0,0,,,,24.1,18.4,233.3,1009.2,50.9,7.2,,,,,2008-12-21T06:52:20,2008-12-21T18:37:09,0.8,Partially cloudy,Partly cloudy throughout the day.,partly-cloudy-day,65201099999
Lagos,2008-12-22,34.1,25.1,28.6,37.1,25.1,31.6,24.1,79.1,0,0,0,,,,18.4,13,304.4,1010.6,45,7.9,,,,,2008-12-22T06:52:49,2008-12-22T18:37:39,0.83,Partially cloudy,Clearing in the afternoon.,partly-cloudy-day,65201099999
Lagos,2008-12-23,34.7,25.1,28.6,38.2,25.1,30,22.6,73.9,0,0,0,,,,16.6,25.9,300.4,1011,49.5,5.7,,,,,2008-12-23T06:53:19,2008-12-23T18:38:09,0.86,Partially cloudy,Partly cloudy throughout the day.,partly-cloudy-day,65201099999
Lagos,2008-12-24,33.1,23.1,27.1,37.4,23.1,28.1,20.4,70.7,0,0,0,,,,20.5,18.4,48.5,1011.6,27,5.1,,,,,2008-12-24T06:53:48,2008-12-24T18:38:40,0.9,Partially cloudy,Partly cloudy throughout the day.,partly-cloudy-day,65201099999
Lagos,2008-12-25,31.7,20.9,25.5,33.5,20.9,25.5,17.8,66,0,0,0,,,,,16.6,46.4,1011.2,22.5,3.3,,,,,2008-12-25T06:54:17,2008-12-25T18:39:10,0.93,Partially cloudy,Partly cloudy throughout the day.,partly-cloudy-day,65201099999
Lagos,2008-12-26,33.1,21.1,25.9,33.9,21.1,25.8,17.2,63.5,0,0,0,,,,,27.7,87.2,1010,22.5,1.9,,,,,2008-12-26T06:54:45,2008-12-26T18:39:41,0.96,Partially cloudy,Partly cloudy throughout the day.,partly-cloudy-day,65201099999
Lagos,2008-12-27,34.9,22.1,26.9,37.2,22.1,27.5,19.9,70.2,0,0,0,,,,,24.1,36.1,1009.2,26.3,2,,,,,2008-12-27T06:55:14,2008-12-27T18:40:12,0,Partially cloudy,Partly cloudy throughout the day.,partly-cloudy-day,65201099999
Lagos,2008-12-28,33.1,20.1,26.4,37.1,20.1,27.9,21.8,78.1,0,0,0,,,,,18.4,223.6,1008.7,26.3,2.5,,,,,2008-12-28T06:55:41,2008-12-28T18:40:43,0.03,Partially cloudy,Partly cloudy throughout the day.,partly-cloudy-day,65201099999
Lagos,2008-12-29,33.1,23.1,27,42.2,23.1,29,23.5,82.4,0,0,0,,,,11.2,14.8,289.9,1009.6,37,3.9,,,,,2008-12-29T06:56:09,2008-12-29T18:41:14,0.07,Partially cloudy,Partly cloudy throughout the day.,partly-cloudy-day,65201099999
Lagos,2008-12-30,33.1,23.1,27.7,39.4,23.1,30.6,23.9,80.9,0,0,0,,,,,18.4,219.3,1010.8,20.5,5,,,,,2008-12-30T06:56:36,2008-12-30T18:41:45,0.1,Partially cloudy,Partly cloudy throughout the day.,partly-cloudy-day,65201099999
Lagos,2008-12-31,34.1,25.1,28.7,39.5,25.1,32.6,24.7,80.2,0,0,0,,,,,24.1,211.6,1011.2,28.4,4.7,,,,,2008-12-31T06:57:02,2008-12-31T18:42:16,0.13,Partially cloudy,Partly cloudy throughout the day.,partly-cloudy-day,65201099999
