name,datetime,tempmax,tempmin,temp,feelslikemax,feelslikemin,feelslike,dew,humidity,precip,precipprob,precipcover,preciptype,snow,snowdepth,windgust,windspeed,winddir,sealevelpressure,cloudcover,visibility,solarradiation,solarenergy,uvindex,severerisk,sunrise,sunset,moonphase,conditions,description,icon,stations
Lagos,2010-01-01,32.1,23,27.3,37.9,23,29.9,23.8,82.7,0,0,0,,,,18.4,11.2,235.2,1012,45.2,5.7,201.5,17.4,7,,2010-01-01T06:57:21,2010-01-01T18:42:38,0.52,Partially cloudy,Partly cloudy throughout the day.,partly-cloudy-day,"65210099999,DNMM,65201099999"
Lagos,2010-01-02,32.3,24,27.5,38,24,30.2,24,82.5,0,0,0,,,,22.3,18.4,256.8,1012,41.5,8,129.8,11.1,5,,2010-01-02T06:57:46,2010-01-02T18:43:09,0.56,Partially cloudy,Partly cloudy throughout the day.,partly-cloudy-day,"65210099999,DNMM,65201099999"
Lagos,2010-01-03,34,23,27.6,38.2,23,30.4,24,82.5,0,0,0,,,,27.7,24,215.2,1011.8,39,6.9,191.3,16.5,7,,2010-01-03T06:58:11,2010-01-03T18:43:39,0.59,Partially cloudy,Partly cloudy throughout the day.,partly-cloudy-day,"65210099999,DNMM,65201099999"
Lagos,2010-01-04,33,24,27.4,37.9,24,29.7,24.5,85,22.1,100,4.17,rain,,,13,14.8,242.6,1011.5,53.6,6.6,165,14.1,6,,2010-01-04T06:58:35,2010-01-04T18:44:10,0.63,"Rain, Partially cloudy",Partly cloudy throughout the day with late afternoon rain.,rain,"65210099999,DNMM,65201099999"
Lagos,2010-01-05,31,24,26.8,36.6,24,28.6,24.2,86.4,0,0,0,,,,11.2,7.6,270.8,1011.4,50.2,6.8,176.4,15.2,7,,2010-01-05T06:58:59,2010-01-05T18:44:40,0.66,Partially cloudy,Partly cloudy throughout the day.,partly-cloudy-day,"65210099999,DNMM,65201099999"
Lagos,2010-01-06,33.1,24,27.3,39.8,24,30.1,24.7,86.4,0,0,0,,,,18.4,14.8,246.3,1011.1,48.7,5.6,139.1,12,5,,2010-01-06T06:59:22,2010-01-06T18:45:10,0.7,Partially cloudy,Partly cloudy throughout the day.,partly-cloudy-day,"65210099999,DNMM,remote,65201099999"
Lagos,2010-01-07,32,25,28.1,38.4,25,31.7,24.7,82.7,0,0,0,,,,18.4,14.8,237.5,1011.1,57.8,7.8,122.9,10.6,5,,2010-01-07T06:59:44,2010-01-07T18:45:40,0.75,Partially cloudy,Partly cloudy throughout the day.,partly-cloudy-day,"65210099999,DNMM,remote,65201099999"
Lagos,2010-01-08,30,25.9,27.6,36.3,25.9,30.9,25.1,86.7,0,0,0,,,,27.7,24.1,220.5,1011.1,41.8,8.5,141.2,12.2,5,,2010-01-08T07:00:06,2010-01-08T18:46:10,0.76,Partially cloudy,Partly cloudy throughout the day.,partly-cloudy-day,"65210099999,DNMM,65201099999"
Lagos,2010-01-09,29,24,26.6,35,24,28.6,66.5,90.1,0,0,0,,,,11.2,16.2,227.2,1010.9,55.6,5,113.2,9.9,4,,2010-01-09T07:00:27,2010-01-09T18:46:39,0.8,Partially cloudy,Partly cloudy throughout the day.,partly-cloudy-day,"65210099999,DNMM,remote,65201099999"
Lagos,2010-01-10,31,23,26.4,38.9,23,28.7,24.3,88.7,0,0,0,,,,18.4,11.2,293,1010.7,55.1,5,140.5,12.2,5,,2010-01-10T07:00:47,2010-01-10T18:47:08,0.83,Partially cloudy,Partly cloudy throughout the day.,partly-cloudy-day,"65210099999,DNMM,remote,65201099999"
Lagos,2010-01-11,33,24,27.8,39.7,24,30.9,24.4,83.1,0,0,0,,,,20.5,16.6,237.8,1011.2,47.8,6.5,211.1,18.3,8,,2010-01-11T07:01:06,2010-01-11T18:47:37,0.87,Partially cloudy,Partly cloudy throughout the day.,partly-cloudy-day,"65210099999,DNMM,65201099999"
Lagos,2010-01-12,34.1,26,28.5,42.1,26,32.3,25.1,83.1,0.1,100,4.17,rain,,,42.5,33.5,254.5,1011.1,56.4,7.1,182.6,15.8,6,,2010-01-12T07:01:25,2010-01-12T18:48:05,0.9,"Rain, Partially cloudy",Partly cloudy throughout the day with morning rain.,rain,"65210099999,DNMM,65201099999"
Lagos,2010-01-13,34,25,28.7,42,25,33.1,25,81.8,0.5,100,16.67,rain,,,29.5,24.1,234.5,1011.3,56,8.6,114.4,9.7,4,,2010-01-13T07:01:43,2010-01-13T18:48:33,0.94,"Rain, Partially cloudy",Partly cloudy throughout the day with rain clearing later.,rain,"65210099999,DNMM,remote,65201099999"
Lagos,2010-01-14,32.2,26,28.4,39.3,26,32.7,25.2,83.6,3,100,4.17,rain,,,33.5,29.5,252.2,1012.3,55.3,8.6,158.3,13.8,6,,2010-01-14T07:02:00,2010-01-14T18:49:00,0.97,"Rain, Partially cloudy",Partly cloudy throughout the day with late afternoon rain.,rain,"65210099999,DNMM,65201099999"
Lagos,2010-01-15,28.3,23.1,25.4,33.2,23.1,26.4,23.9,91.7,11.9,100,4.17,rain,,,64.8,42.5,205,1013.7,67.5,4.4,178.6,15.5,6,,2010-01-15T07:02:16,2010-01-15T18:49:27,0,"Rain, Partially cloudy",Partly cloudy throughout the day with afternoon rain.,rain,"65210099999,DNMM,remote,65201099999"
Lagos,2010-01-16,32.1,22,26.4,38.4,22,28.6,23.4,84.6,0,0,0,,,,18.4,16.6,225.6,1013.9,40.7,5.3,169.5,14.5,6,,2010-01-16T07:02:31,2010-01-16T18:49:54,0.04,Partially cloudy,Partly cloudy throughout the day.,partly-cloudy-day,"65210099999,DNMM,65201099999"
Lagos,2010-01-17,33.2,24,27.5,40.1,24,30.1,24.2,83.5,0,0,0,,,,18.4,15,210.2,1013.8,56.5,7.4,179.3,15.3,6,,2010-01-17T07:02:45,2010-01-17T18:50:20,0.07,Partially cloudy,Partly cloudy throughout the day.,partly-cloudy-day,"65210099999,DNMM,65201099999"
Lagos,2010-01-18,31,24,26.9,36.9,24,28.9,23.9,84.4,0,0,0,,,,16.6,20.5,223.4,1013.2,51.3,6.4,158.5,13.7,6,,2010-01-18T07:02:59,2010-01-18T18:50:45,0.11,Partially cloudy,Partly cloudy throughout the day.,partly-cloudy-day,"65210099999,DNMM,65201099999"
Lagos,2010-01-19,32,22,26.8,33.2,22,26.8,17.8,64,0,0,0,,,,,18.2,52.2,1012.8,20.6,4.8,212.5,18.4,8,,2010-01-19T07:03:12,2010-01-19T18:51:10,0.14,Partially cloudy,Partly cloudy throughout the day.,partly-cloudy-day,"65210099999,DNMM,65201099999"
Lagos,2010-01-20,32.2,20,25.2,31,20,24.8,16,62.4,0,0,0,,,,,14.8,56.5,1012.3,21.7,2.9,152,13.1,6,,2010-01-20T07:03:23,2010-01-20T18:51:34,0.17,Partially cloudy,Partly cloudy throughout the day.,partly-cloudy-day,"DNMM,65201099999"
Lagos,2010-01-21,33.8,20,25.6,35,20,26.4,20,74.2,0,0,0,,,,,11.2,41.3,1012.8,27.1,2.9,163.7,14.2,6,,2010-01-21T07:03:34,2010-01-21T18:51:58,0.21,Partially cloudy,Partly cloudy throughout the day.,partly-cloudy-day,"DNMM,65201099999"
Lagos,2010-01-22,32,23,26.6,36.1,23,28.1,22.9,81.8,0,0,0,,,,13,18.4,208.8,1012.2,28.8,3.7,200.2,17.3,7,,2010-01-22T07:03:44,2010-01-22T18:52:21,0.24,Partially cloudy,Partly cloudy throughout the day.,partly-cloudy-day,"65210099999,DNMM,remote,65201099999"
Lagos,2010-01-23,33,23,27.8,38.1,23,30.5,23.6,79,0,0,0,,,,14.8,13,203.1,1010.9,42.8,4.7,227.7,19.7,8,,2010-01-23T07:03:53,2010-01-23T18:52:44,0.25,Partially cloudy,Partly cloudy throughout the day.,partly-cloudy-day,"DNMM,remote,65201099999"
Lagos,2010-01-24,32,24,27.4,37.3,24,29.9,24.1,84.2,0,0,0,,,,16.6,11.2,202.9,1010.4,46.9,6.1,162.5,14.1,7,,2010-01-24T07:04:01,2010-01-24T18:53:06,0.31,Partially cloudy,Partly cloudy throughout the day.,partly-cloudy-day,"65210099999,DNMM,65201099999"
Lagos,2010-01-25,33,25,28.2,40.6,25,31.6,24.7,82.1,0,0,0,,,,18.4,16.6,203.8,1009.8,43.4,8,153.3,13.2,6,,2010-01-25T07:04:08,2010-01-25T18:53:27,0.34,Partially cloudy,Partly cloudy throughout the day.,partly-cloudy-day,"65210099999,DNMM,remote,65201099999"
Lagos,2010-01-26,33,25,28.4,39.3,25,32.3,25,82.9,0,0,0,,,,20.5,22,209.1,1010,47,8.2,121.3,10.6,4,,2010-01-26T07:04:14,2010-01-26T18:53:48,0.37,Partially cloudy,Partly cloudy throughout the day.,partly-cloudy-day,"65210099999,DNMM,remote,65201099999"
Lagos,2010-01-27,33,25.6,28.7,40,25.6,33.2,25,81.3,0,0,0,,,,18.4,17.3,211.4,1010.1,58.8,9.3,209,18,8,,2010-01-27T07:04:19,2010-01-27T18:54:08,0.41,Partially cloudy,Partly cloudy throughout the day.,partly-cloudy-day,"65210099999,DNMM,remote,65201099999"
Lagos,2010-01-28,33,26,28.8,40.6,26,33.6,25.1,80.8,0,0,0,,,,20.5,16.6,214.4,1010.7,49.2,10,115.7,9.9,4,,2010-01-28T07:04:23,2010-01-28T18:54:27,0.44,Partially cloudy,Partly cloudy throughout the day.,partly-cloudy-day,"65210099999,DNMM,65201099999"
Lagos,2010-01-29,35.1,25,29.2,42,25,33.9,25.1,80.5,0,0,0,,,,20.5,18.4,222,1009.5,58.5,9.4,100.6,8.6,3,,2010-01-29T07:04:27,2010-01-29T18:54:46,0.47,Partially cloudy,Partly cloudy throughout the day.,partly-cloudy-day,"65210099999,DNMM,65201099999"
Lagos,2010-01-30,36,26.1,29.6,42,26.1,34.8,25.2,79.6,0,0,0,,,,22.3,16.6,224.5,1010.4,66,8.8,121,10.5,4,,2010-01-30T07:04:29,2010-01-30T18:55:04,0.5,Partially cloudy,Partly cloudy throughout the day.,partly-cloudy-day,"65210099999,DNMM,remote,65201099999"
Lagos,2010-01-31,37,22.5,28.7,39.8,22.5,32,24,79.2,0,0,0,,,,20.5,16.6,217.5,1010.8,48.6,6.9,161.8,14.1,6,,2010-01-31T07:04:30,2010-01-31T18:55:21,0.54,Partially cloudy,Partly cloudy throughout the day.,partly-cloudy-day,"DNMM,65201099999"
Lagos,2010-02-01,29.3,24,27.7,35.3,24,31.6,25.3,87.2,0,0,0,,,,7.6,22,244.3,1011,68.1,5.8,214.4,18.5,8,,2010-02-01T07:04:31,2010-02-01T18:55:37,0.57,Partially cloudy,Partly cloudy throughout the day.,partly-cloudy-day,"65210099999,DNMM,remote,65201099999"
Lagos,2010-02-02,34.1,27,30,40.1,31.2,35.9,25,75.7,0,0,0,,,,37.1,31.3,231.2,1011.3,71.1,9.8,193.3,16.6,7,,2010-02-02T07:04:30,2010-02-02T18:55:53,0.61,Partially cloudy,Partly cloudy throughout the day.,partly-cloudy-day,"65210099999,DNMM,remote,65201099999"
Lagos,2010-02-03,34,26,29.5,42,26,35.3,25.7,81.4,0,0,0,,,,35.3,18.5,211.3,1011.9,54.5,9.6,123.6,10.7,4,,2010-02-03T07:04:28,2010-02-03T18:56:08,0.64,Partially cloudy,Partly cloudy throughout the day.,partly-cloudy-day,"65210099999,DNMM,65201099999"
Lagos,2010-02-04,34,26,29.3,41.8,26,34.5,25.5,81.2,0,0,0,,,,20.5,16.6,210.3,1011.8,54.1,9,103.1,8.7,4,,2010-02-04T07:04:26,2010-02-04T18:56:23,0.67,Partially cloudy,Partly cloudy throughout the day.,partly-cloudy-day,"65210099999,DNMM,65201099999"
Lagos,2010-02-05,33,26.8,28.7,40.6,30.5,34.5,25.8,85.1,0,0,0,,,,27.7,25.9,268.9,1011.8,46.7,9.2,125.4,10.9,5,,2010-02-05T07:04:23,2010-02-05T18:56:37,0.71,Partially cloudy,Partly cloudy throughout the day.,partly-cloudy-day,"65210099999,DNMM,65201099999"
Lagos,2010-02-06,36.1,25.7,29.5,43.2,25.7,33.8,24.7,78.1,0,0,0,,,,22.3,18.3,301,1010.4,44.2,7,240.4,20.7,8,,2010-02-06T07:04:18,2010-02-06T18:56:50,0.75,Partially cloudy,Partly cloudy throughout the day.,partly-cloudy-day,"65210099999,DNMM,65201099999"
Lagos,2010-02-07,35,25.8,29.4,39.4,25.8,33.4,24.4,77,0,0,0,,,,18.4,13,257.4,1010.1,33.4,5.8,194.7,16.9,7,,2010-02-07T07:04:13,2010-02-07T18:57:02,0.78,Partially cloudy,Partly cloudy throughout the day.,partly-cloudy-day,"DNMM,65201099999"
Lagos,2010-02-08,36.1,25.8,29.4,39.9,25.8,33,24,75.7,0,0,0,,,,18.4,16.6,239.7,1009.9,36.9,6.3,205.4,17.8,7,,2010-02-08T07:04:07,2010-02-08T18:57:14,0.81,Partially cloudy,Partly cloudy throughout the day.,partly-cloudy-day,"65210099999,DNMM,65201099999"
Lagos,2010-02-09,34,26.6,29.4,40.6,26.6,34.7,25.2,79.2,0,0,0,,,,31.7,20.5,206,1009.8,51.3,6.5,207.1,17.9,8,,2010-02-09T07:04:00,2010-02-09T18:57:25,0.84,Partially cloudy,Partly cloudy throughout the day.,partly-cloudy-day,"65210099999,DNMM,65201099999"
Lagos,2010-02-10,34,27,29.8,40.6,30.6,35,24.6,75,0,0,0,,,,20.5,16.6,203.2,1010,49.7,8.7,156.1,13.5,7,,2010-02-10T07:03:52,2010-02-10T18:57:35,0.88,Partially cloudy,Partly cloudy throughout the day.,partly-cloudy-day,"65210099999,DNMM,65201099999"
Lagos,2010-02-11,32.1,24,27.3,38,24,30,24.1,83.9,7.1,100,4.17,rain,,,83.5,39.8,217,1009.6,58.3,9.2,131.5,11.6,5,,2010-02-11T07:03:43,2010-02-11T18:57:44,0.91,"Rain, Partially cloudy",Partly cloudy throughout the day with late afternoon rain.,rain,"65210099999,DNMM,65201099999"
Lagos,2010-02-12,33,24,27.9,40.9,24,31.7,24.6,83.4,0.3,100,4.17,rain,,,29.5,25.9,208.3,1009.5,56.8,8.2,180.1,15.7,6,,2010-02-12T07:03:34,2010-02-12T18:57:53,0.94,"Rain, Partially cloudy",Partly cloudy throughout the day with afternoon rain.,rain,"65210099999,DNMM,remote,65201099999"
Lagos,2010-02-13,35,25.1,28.6,44.3,25.1,32.8,24.6,80.3,13,100,4.17,rain,,,48.2,44.3,164,1010.6,56.3,8,173.7,15.3,6,,2010-02-13T07:03:23,2010-02-13T18:58:01,0.98,"Rain, Partially cloudy",Partly cloudy throughout the day with late afternoon rain.,rain,"65210099999,DNMM,remote,65201099999"
Lagos,2010-02-14,34.1,24,27.7,38.6,24,29.8,22.5,74.6,10.9,100,4.17,rain,,,48.2,22.3,221.8,1010,45.9,8.7,97.1,8.3,4,,2010-02-14T07:03:12,2010-02-14T18:58:09,0,"Rain, Partially cloudy",Partly cloudy throughout the day with morning rain.,rain,"65210099999,DNMM,65201099999"
Lagos,2010-02-15,33.1,25,28.7,39.6,25,32.6,24.4,78.9,0,0,0,,,,22.3,18.4,199.5,1010.8,49.2,10.2,155.1,13.3,6,,2010-02-15T07:03:00,2010-02-15T18:58:16,0.05,Partially cloudy,Partly cloudy throughout the day.,partly-cloudy-day,"65210099999,DNMM,65201099999"
Lagos,2010-02-16,34.4,25,29.2,41.2,25,33.1,24.3,76.8,0,0,0,,,,22.3,18.5,202.8,1011.1,49.4,10.1,165.8,14.2,6,,2010-02-16T07:02:47,2010-02-16T18:58:22,0.08,Partially cloudy,Partly cloudy throughout the day.,partly-cloudy-day,"65210099999,DNMM,remote,65201099999"
Lagos,2010-02-17,34.1,26,29.4,40.7,26,34.8,25.3,79.8,0,0,0,,,,31.7,27.7,208.1,1011.1,59,10.3,123.8,10.8,4,,2010-02-17T07:02:33,2010-02-17T18:58:27,0.11,Partially cloudy,Partly cloudy throughout the day.,partly-cloudy-day,"DNMM,65201099999"
Lagos,2010-02-18,34,27.5,29.8,43.5,32.5,36.4,25.8,80.2,0,0,0,,,,24.1,22.7,211.8,1011.7,57.7,10.5,99.9,8.5,4,,2010-02-18T07:02:18,2010-02-18T18:58:32,0.15,Partially cloudy,Partly cloudy throughout the day.,partly-cloudy-day,"65210099999,DNMM,remote,65201099999"
Lagos,2010-02-19,33.5,26.4,29.5,40.6,26.4,35.4,25.6,80.4,0,0,0,,,,51.8,20.6,219.7,1011.7,51.5,9.6,102.6,8.8,4,,2010-02-19T07:02:03,2010-02-19T18:58:37,0.18,Partially cloudy,Partly cloudy throughout the day.,partly-cloudy-day,"65210099999,DNMM,remote,65201099999"
Lagos,2010-02-20,34,27,29.9,42.3,31.2,36.5,25.8,79.4,0,0,0,,,,24.1,22,218.2,1011,65,10.4,93.6,8,3,,2010-02-20T07:01:47,2010-02-20T18:58:40,0.22,Partially cloudy,Partly cloudy throughout the day.,partly-cloudy-day,"65210099999,DNMM,remote,65201099999"
Lagos,2010-02-21,34.9,27,30,44.5,31.2,36.7,25.8,79,0,0,0,,,,18.4,20.5,214.5,1009.9,51.7,10.2,130.3,11.1,5,,2010-02-21T07:01:30,2010-02-21T18:58:43,0.25,Partially cloudy,Partly cloudy throughout the day.,partly-cloudy-day,"DNMM,remote,65201099999"
Lagos,2010-02-22,34.4,27.9,30.1,42.6,32.6,36.9,25.7,78.2,0,0,0,,,,37.1,31.3,215.5,1009.6,64,10.2,184.5,16,6,,2010-02-22T07:01:13,2010-02-22T18:58:46,0.25,Partially cloudy,Partly cloudy throughout the day.,partly-cloudy-day,"65210099999,DNMM,remote,65201099999"
Lagos,2010-02-23,35,27,30.2,43.3,30.6,36.7,25.6,77.5,0,0,0,,,,27.7,32.7,211.1,1010.3,57,10,121.9,10.6,4,,2010-02-23T07:00:55,2010-02-23T18:58:48,0.32,Partially cloudy,Partly cloudy throughout the day.,partly-cloudy-day,"65210099999,DNMM,65201099999"
Lagos,2010-02-24,36.1,27,30.6,44.8,31.2,37.5,25.7,76.7,0,0,0,,,,35.3,31.3,217.5,1009.8,56,9.5,93.6,8.1,3,,2010-02-24T07:00:36,2010-02-24T18:58:49,0.35,Partially cloudy,Partly cloudy throughout the day.,partly-cloudy-day,"65210099999,DNMM,65201099999"
Lagos,2010-02-25,34.3,28,30.3,43.1,32.8,37.2,25.7,77.4,0.1,100,4.17,rain,,,22.3,24.5,211.5,1009.5,76.2,10.3,148.2,12.8,6,,2010-02-25T07:00:16,2010-02-25T18:58:50,0.39,"Rain, Partially cloudy",Partly cloudy throughout the day with late afternoon rain.,rain,"65210099999,DNMM,remote,65201099999"
Lagos,2010-02-26,35.1,28,30.5,42.6,33.6,37.2,25.5,76.3,0.1,100,4.17,rain,,,33.5,29.5,216.7,1009.7,52.7,10.4,164.7,14.4,6,,2010-02-26T06:59:56,2010-02-26T18:58:50,0.42,"Rain, Partially cloudy",Partly cloudy throughout the day with late afternoon rain.,rain,"65210099999,DNMM,remote,65201099999"
Lagos,2010-02-27,35.1,28,30.4,43.5,33.6,37.1,25.6,76.7,0.1,100,4.17,rain,,,35.3,30.9,217.2,1010.4,57.8,10.7,131.3,11.4,5,,2010-02-27T06:59:36,2010-02-27T18:58:50,0.46,"Rain, Partially cloudy",Partly cloudy throughout the day with early morning rain.,rain,"65210099999,DNMM,remote,65201099999"
Lagos,2010-02-28,34.6,24.1,29.6,42.9,24.1,35.1,25,77.9,0,0,0,,,,66.6,35.3,192,1011.3,66.4,9.9,114.8,9.8,4,,2010-02-28T06:59:14,2010-02-28T18:58:49,0.5,Partially cloudy,Partly cloudy throughout the day.,partly-cloudy-day,"65210099999,DNMM,65201099999"
Lagos,2010-03-01,34,25,28.6,41.1,25,32.8,25,82.1,9.9,100,4.17,rain,,,29.5,14.8,209.1,1011.9,56.4,8.6,137.2,11.7,5,,2010-03-01T06:58:52,2010-03-01T18:58:48,0.53,"Rain, Partially cloudy",Partly cloudy throughout the day with early morning rain.,rain,"65210099999,DNMM,65201099999"
Lagos,2010-03-02,35,26,29.8,41.9,26,35.1,25.3,78.7,0,0,0,,,,16.6,13,198.6,1012.1,54.1,10.2,110.8,9.4,4,,2010-03-02T06:58:30,2010-03-02T18:58:46,0.56,Partially cloudy,Partly cloudy throughout the day.,partly-cloudy-day,"65210099999,DNMM,remote,65201099999"
Lagos,2010-03-03,34.4,27,30,42.3,31.2,36.6,25.7,78.7,0,0,0,,,,33.5,29.5,208.5,1011.5,55.1,10.5,123.4,10.5,4,,2010-03-03T06:58:07,2010-03-03T18:58:44,0.59,Partially cloudy,Partly cloudy throughout the day.,partly-cloudy-day,"65210099999,DNMM,remote,65201099999"
Lagos,2010-03-04,34.2,27.7,30.3,42.4,33.2,37.4,25.9,78.2,0,0,0,,,,31.7,27.7,211.3,1011.1,54.6,10.5,116,9.9,4,,2010-03-04T06:57:44,2010-03-04T18:58:41,0.62,Partially cloudy,Partly cloudy throughout the day.,partly-cloudy-day,"65210099999,DNMM,65201099999"
Lagos,2010-03-05,34.6,27,30.1,43.6,31.2,37.1,26,80,0.5,100,4.17,rain,,,25.9,22.3,213.4,1010.4,62.3,10,105.5,9.1,4,,2010-03-05T06:57:20,2010-03-05T18:58:38,0.66,"Rain, Partially cloudy",Partly cloudy throughout the day with morning rain.,rain,"65210099999,DNMM,65201099999"
Lagos,2010-03-06,33.6,24,28.9,41.1,24,33.2,24.4,78.3,2,100,4.17,rain,,,31.7,31.3,199.9,1010.6,45.2,9.5,164,14.3,6,,2010-03-06T06:56:56,2010-03-06T18:58:35,0.69,"Rain, Partially cloudy",Partly cloudy throughout the day with morning rain.,rain,"65210099999,DNMM,65201099999"
Lagos,2010-03-07,34.5,27,29.7,41.7,30.6,35.4,25.1,77.7,0,0,0,,,,29.5,25.9,214.5,1010.8,56.9,9.9,183.4,15.9,6,,2010-03-07T06:56:31,2010-03-07T18:58:31,0.75,Partially cloudy,Partly cloudy throughout the day.,partly-cloudy-day,"65210099999,DNMM,65201099999"
Lagos,2010-03-08,35,26,30.1,44.9,26,36,25.4,77.1,0,0,0,,,,29.5,25.9,216.1,1010.6,61,10.5,168.6,14.6,6,,2010-03-08T06:56:06,2010-03-08T18:58:27,0.76,Partially cloudy,Partly cloudy throughout the day.,partly-cloudy-day,"65210099999,DNMM,65201099999"
Lagos,2010-03-09,33,23.6,29.1,40.6,23.6,34.8,25.3,80.6,3,100,4.17,rain,,,40.7,38.9,203.7,1010.5,70.7,9.3,183.5,15.8,6,,2010-03-09T06:55:40,2010-03-09T18:58:23,0.79,"Rain, Partially cloudy",Partly cloudy throughout the day with morning rain.,rain,"65210099999,DNMM,65201099999"
Lagos,2010-03-10,33,23,27.6,39.8,23,30.4,23.3,78.8,3,100,4.17,rain,,,22.3,14.8,209.5,1010.5,48.1,9.1,90.9,7.7,3,,2010-03-10T06:55:14,2010-03-10T18:58:18,0.82,"Rain, Partially cloudy",Partly cloudy throughout the day with early morning rain.,rain,"65210099999,DNMM,65201099999"
Lagos,2010-03-11,34,26,28.8,42,26,34.1,25.5,83,19.1,100,4.17,rain,,,20.5,16.6,221.1,1011.3,60,9.6,109.5,9.3,4,,2010-03-11T06:54:48,2010-03-11T18:58:13,0.85,"Rain, Partially cloudy",Partly cloudy throughout the day with late afternoon rain.,rain,"65210099999,DNMM,65201099999"
Lagos,2010-03-12,32,26.8,29.2,37.9,30.2,34,24.6,77.5,0.1,100,4.17,rain,,,18.4,16.6,200.3,1011.2,51.9,10.7,178.3,15.3,6,,2010-03-12T06:54:21,2010-03-12T18:58:08,0.89,"Rain, Partially cloudy",Partly cloudy throughout the day with late afternoon rain.,rain,"65210099999,DNMM,remote,65201099999"
Lagos,2010-03-13,33.1,27.1,30.1,40.8,31.1,36.6,25.5,77.2,1.4,100,37.5,rain,,,38.9,35.3,211.3,1010.8,67.5,10.6,193,16.8,7,,2010-03-13T06:53:54,2010-03-13T18:58:02,0.92,"Rain, Partially cloudy",Partly cloudy throughout the day with rain clearing later.,rain,"65210099999,DNMM,remote,65201099999"
Lagos,2010-03-14,32.2,27.3,29.3,40.6,30.7,35.1,25.1,78.4,0,0,0,,,,31.7,27.7,220.6,1010.4,52.2,10.5,144.1,12.3,6,,2010-03-14T06:53:27,2010-03-14T18:57:56,0.95,Partially cloudy,Partly cloudy throughout the day.,partly-cloudy-day,"65210099999,DNMM,65201099999"
Lagos,2010-03-15,33,25.1,28.9,40.1,25.1,32.8,24.4,77.8,0,0,0,,,,44.6,40.7,186.9,1010.6,58.6,10.2,147.6,12.6,5,,2010-03-15T06:52:59,2010-03-15T18:57:50,0,Partially cloudy,Partly cloudy throughout the day.,partly-cloudy-day,"65210099999,DNMM,65201099999"
Lagos,2010-03-16,33.6,23.1,26.3,38.1,23.1,27.7,22,78.1,0,0,0,,,,57.6,57.2,38.6,1012,60.7,9.3,148.9,12.9,6,,2010-03-16T06:52:32,2010-03-16T18:57:44,0.02,Partially cloudy,Partly cloudy throughout the day.,wind,"65210099999,DNMM,65201099999"
Lagos,2010-03-17,34,25,28.4,37.6,25,30.9,23.1,74.8,0,0,0,,,,18.4,14.8,198.1,1011.8,46.4,10.1,127.2,10.9,4,,2010-03-17T06:52:04,2010-03-17T18:57:37,0.06,Partially cloudy,Partly cloudy throughout the day.,partly-cloudy-day,"65210099999,DNMM,remote,65201099999"
Lagos,2010-03-18,33.3,26.1,28.9,40,26.1,33.8,25,80.3,0,0,0,,,,22.3,18.3,198.8,1012.2,56.6,10.5,149.3,13,5,,2010-03-18T06:51:36,2010-03-18T18:57:30,0.09,Partially cloudy,Partly cloudy throughout the day.,partly-cloudy-day,"65210099999,DNMM,remote,65201099999"
Lagos,2010-03-19,34,24.3,28.6,42,24.3,32.6,24.4,79.1,4.1,100,4.17,rain,,,137.2,51.8,196.7,1012.1,64.5,9.6,133.6,11.4,5,,2010-03-19T06:51:07,2010-03-19T18:57:23,0.13,"Rain, Partially cloudy",Partly cloudy throughout the day with late afternoon rain.,rain,"65210099999,DNMM,65201099999"
Lagos,2010-03-20,32,24,27.9,39.2,24,31.3,23.8,79.2,0.1,100,4.17,rain,,,16.6,13,270.8,1012,55.1,9.2,84.3,7.2,3,,2010-03-20T06:50:39,2010-03-20T18:57:17,0.16,"Rain, Partially cloudy",Partly cloudy throughout the day with morning rain.,rain,"65210099999,DNMM,65201099999"
Lagos,2010-03-21,33.2,26.7,29.2,38.1,26.7,32.6,23.1,71.9,0,0,0,,,,16.6,14.8,336.2,1011.7,51.1,5.3,62.9,5.5,2,,2010-03-21T06:50:10,2010-03-21T18:57:09,0.2,Partially cloudy,Partly cloudy throughout the day.,partly-cloudy-day,"65210099999,DNMM,65201099999"
Lagos,2010-03-22,35.2,27,30,36.4,28.5,32.6,21,62,0,0,0,,,,13,13,355.5,1010.9,79.1,1.2,134.9,11.8,5,,2010-03-22T06:49:42,2010-03-22T18:57:02,0.23,Partially cloudy,Partly cloudy throughout the day.,partly-cloudy-day,"DNMM,remote,65201099999"
Lagos,2010-03-23,36,26,30,37.3,26,33,21.8,63.5,0,0,0,,,,,14.8,238.6,1008.8,70.3,1,126.6,11,5,,2010-03-23T06:49:13,2010-03-23T18:56:55,0.25,Partially cloudy,Partly cloudy throughout the day.,partly-cloudy-day,"65210099999,DNMM,remote,65201099999"
Lagos,2010-03-24,35,26.1,29.6,40.1,26.1,34.7,24.6,75.4,0,0,0,,,,13,16.6,215.5,1008.7,43.1,1.5,113.3,9.9,5,,2010-03-24T06:48:44,2010-03-24T18:56:48,0.3,Partially cloudy,Partly cloudy throughout the day.,partly-cloudy-day,"65210099999,DNMM,remote,65201099999"
Lagos,2010-03-25,33.8,27,29.6,41,31.2,35.2,25.1,77.7,0,0,0,,,,22.3,16.6,227.5,1009.9,39.8,2.2,108,9.4,4,,2010-03-25T06:48:15,2010-03-25T18:56:40,0.34,Partially cloudy,Partly cloudy throughout the day.,partly-cloudy-day,"DNMM,65201099999"
Lagos,2010-03-26,34.5,27,30,42.7,30.6,35.9,25,75.8,0,0,0,,,,24.1,13,218.2,1011.4,45.1,3.9,87.4,7.6,4,,2010-03-26T06:47:46,2010-03-26T18:56:33,0.37,Partially cloudy,Partly cloudy throughout the day.,partly-cloudy-day,"DNMM,65201099999"
Lagos,2010-03-27,34.3,27.7,30.3,42.7,33,37,25.6,76.8,0.3,100,4.17,rain,,,,14.8,201.3,1011.2,50.1,4.4,99.2,8.6,4,,2010-03-27T06:47:18,2010-03-27T18:56:25,0.41,"Rain, Partially cloudy",Partly cloudy throughout the day with morning rain.,rain,"65210099999,DNMM,remote,65201099999"
Lagos,2010-03-28,32.1,23.9,29.1,40.3,23.9,34.9,25.3,80.7,32,100,4.17,rain,,,72.4,20.5,226.6,1011.3,39.5,7.5,135,11.7,5,,2010-03-28T06:46:49,2010-03-28T18:56:18,0.44,"Rain, Partially cloudy",Partly cloudy throughout the day with afternoon rain.,rain,"65210099999,DNMM,65201099999"
Lagos,2010-03-29,32.2,26.1,29,39.1,26.1,34.6,25.6,82.3,2,100,4.17,rain,,,14.8,19.1,213.6,1010.9,55.6,7.9,151.7,13.3,6,,2010-03-29T06:46:20,2010-03-29T18:56:11,0.48,"Rain, Partially cloudy",Partly cloudy throughout the day with afternoon rain.,rain,"65210099999,DNMM,remote,65201099999"
Lagos,2010-03-30,33.3,27,29.1,41.8,30.7,35.1,25.5,81.7,3,100,4.17,rain,,,20.5,22.3,223,1011,65.1,8.2,139.9,12.1,5,,2010-03-30T06:45:51,2010-03-30T18:56:03,0.5,"Rain, Partially cloudy",Partly cloudy throughout the day with late afternoon rain.,rain,"65210099999,DNMM,65201099999"
Lagos,2010-03-31,34,26,29.4,42,26,34.8,25.5,80.9,0.2,100,8.33,rain,,,18.4,14.8,211.6,1010.2,49.2,8,150.1,12.9,5,,2010-03-31T06:45:23,2010-03-31T18:55:56,0.54,"Rain, Partially cloudy",Partly cloudy throughout the day with rain in the morning and afternoon.,rain,"65210099999,DNMM,remote,65201099999"
Lagos,2010-04-01,34,23.1,29.8,42.1,23.1,36.1,25.5,79.1,0.2,100,4.17,rain,,,55.4,55.4,197.1,1009.6,54.2,9.2,112,9.7,4,,2010-04-01T06:44:54,2010-04-01T18:55:49,0.58,"Rain, Partially cloudy",Partly cloudy throughout the day with afternoon rain.,rain,"65210099999,DNMM,65201099999"
Lagos,2010-04-02,34,23,28.3,40.6,23,31.7,23.7,77.7,17,100,4.17,rain,,,18.4,18.7,219.3,1008.9,48.8,8.8,115.4,10,4,,2010-04-02T06:44:26,2010-04-02T18:55:42,0.61,"Rain, Partially cloudy",Partly cloudy throughout the day with early morning rain.,rain,"65210099999,DNMM,remote,65201099999"
Lagos,2010-04-03,34,27,30.1,43.5,31.2,37.2,26.1,80.1,0,0,0,,,,25.9,22.3,208.2,1009.4,58.2,10.5,93.6,8,3,,2010-04-03T06:43:58,2010-04-03T18:55:35,0.64,Partially cloudy,Partly cloudy throughout the day.,partly-cloudy-day,"65210099999,DNMM,65201099999"
Lagos,2010-04-04,34,26,29.9,43.4,26,36.2,25.7,79.1,0,0,0,,,,22.3,16.6,212.1,1009.2,55,9.9,97.4,8.6,3,,2010-04-04T06:43:29,2010-04-04T18:55:28,0.67,Partially cloudy,Partly cloudy throughout the day.,partly-cloudy-day,"65210099999,DNMM,65201099999"
Lagos,2010-04-05,34.1,27.2,30,42.2,31.5,36.8,25.9,79.6,0.2,100,4.17,rain,,,24.1,20.5,203.9,1009.6,57.7,10.2,163,14.2,6,,2010-04-05T06:43:02,2010-04-05T18:55:21,0.71,"Rain, Partially cloudy",Partly cloudy throughout the day with late afternoon rain.,rain,"65210099999,DNMM,remote,65201099999"
Lagos,2010-04-06,35,25.2,29.7,40.6,25.2,33.9,23.5,71,1,100,4.17,rain,,,25.9,18.4,231.9,1009.5,48.7,10.3,133,11.6,4,,2010-04-06T06:42:34,2010-04-06T18:55:15,0.75,"Rain, Partially cloudy",Partly cloudy throughout the day with morning rain.,rain,"65210099999,DNMM,65201099999"
Lagos,2010-04-07,33.9,26,29.6,42.1,26,35.6,25.5,79.7,0,0,0,,,,27.7,31.3,187.4,1009.2,64.6,10.1,161.5,14,6,,2010-04-07T06:42:07,2010-04-07T18:55:08,0.77,Partially cloudy,Partly cloudy throughout the day.,partly-cloudy-day,"65210099999,DNMM,65201099999"
Lagos,2010-04-08,33.4,23.1,28.2,40.6,23.1,32.3,24.2,80.1,2,100,4.17,rain,,,18.4,18.4,192.2,1009.4,46.4,9.3,208,18.1,8,,2010-04-08T06:41:39,2010-04-08T18:55:02,0.8,"Rain, Partially cloudy",Partly cloudy throughout the day with early morning rain.,rain,"65210099999,DNMM,65201099999"
Lagos,2010-04-09,34.5,26,30,43.2,26,36,25.3,77.1,0,0,0,,,,20.5,18.4,201,1010.1,56.8,10.3,142.6,12.5,5,,2010-04-09T06:41:13,2010-04-09T18:54:56,0.84,Partially cloudy,Partly cloudy throughout the day.,partly-cloudy-day,"65210099999,DNMM,65201099999"
Lagos,2010-04-10,32.9,24,28,36.8,24,30.2,22.1,71.3,0,0,0,,,,44.6,40.7,105.3,1010.4,49.1,9.4,227.5,19.7,8,,2010-04-10T06:40:46,2010-04-10T18:54:50,0.87,Partially cloudy,Partly cloudy throughout the day.,partly-cloudy-day,"65210099999,DNMM,65201099999"
Lagos,2010-04-11,33.4,25,29,41,25,33.5,24.9,79.5,0,0,0,,,,22.3,16.6,199.9,1009,58.5,9.4,168.2,14.7,6,,2010-04-11T06:40:20,2010-04-11T18:54:45,0.9,Partially cloudy,Partly cloudy throughout the day.,partly-cloudy-day,"65210099999,DNMM,65201099999"
Lagos,2010-04-12,34.3,27,30,42,30.6,36.1,25.4,77.5,0,0,0,,,,27.7,25.9,205.1,1009.2,54.5,10.3,161.3,14,6,,2010-04-12T06:39:54,2010-04-12T18:54:40,0.93,Partially cloudy,Partly cloudy throughout the day.,partly-cloudy-day,"65210099999,DNMM,65201099999"
Lagos,2010-04-13,34,28,30.2,43.1,33.6,37.2,25.8,78.1,0.1,100,4.17,rain,,,27.7,22.2,203.2,1009.7,58.1,10.3,111.6,9.7,4,,2010-04-13T06:39:28,2010-04-13T18:54:35,0.97,"Rain, Partially cloudy",Partly cloudy throughout the day with late afternoon rain.,rain,"65210099999,DNMM,remote,65201099999"
Lagos,2010-04-14,35,27,30.3,43.3,31.2,37.3,25.9,78.3,0,0,0,,,,20.5,16.6,209.5,1010,54.7,10,120.7,10.5,4,,2010-04-14T06:39:03,2010-04-14T18:54:30,0,Partially cloudy,Partly cloudy throughout the day.,partly-cloudy-day,"65210099999,DNMM,65201099999"
Lagos,2010-04-15,33,27,28.8,40.6,29.6,34.6,25.5,82.7,230.1,100,4.17,rain,,,83.5,18.4,227.6,1010.2,56.7,9.8,173.3,15,6,,2010-04-15T06:38:38,2010-04-15T18:54:26,0.03,"Rain, Partially cloudy",Partly cloudy throughout the day with late afternoon rain.,rain,"65210099999,DNMM,remote,65201099999"
Lagos,2010-04-16,33.1,26,29.2,42.3,26,34.6,25.5,81,0,0,0,,,,25.9,18.4,209.5,1011,62.1,10.2,120.6,10.4,4,,2010-04-16T06:38:13,2010-04-16T18:54:22,0.07,Partially cloudy,Partly cloudy throughout the day.,partly-cloudy-day,"65210099999,DNMM,65201099999"
Lagos,2010-04-17,32.3,23,27.7,39.5,23,31.6,24.7,84.7,38.1,100,4.17,rain,,,111.2,58.5,196.1,1011.5,55.2,9.2,132.6,11.5,5,,2010-04-17T06:37:49,2010-04-17T18:54:18,0.1,"Rain, Partially cloudy",Partly cloudy throughout the day with morning rain.,rain,"65210099999,DNMM,65201099999"
Lagos,2010-04-18,34,24,29.1,42.8,24,33.3,24.4,77.4,0,0,0,,,,53.6,27.7,277.2,1010.6,37.9,9.7,284.2,24.6,9,,2010-04-18T06:37:26,2010-04-18T18:54:14,0.14,Partially cloudy,Partly cloudy throughout the day.,partly-cloudy-day,"65210099999,DNMM,remote,65201099999"
Lagos,2010-04-19,34,26,29.7,42.5,26,35.7,25.7,80.4,0,0,0,,,,37.1,33.2,235.9,1010.7,52.6,10.3,187.1,16.1,6,,2010-04-19T06:37:03,2010-04-19T18:54:11,0.18,Partially cloudy,Partly cloudy throughout the day.,partly-cloudy-day,"65210099999,DNMM,65201099999"
Lagos,2010-04-20,34.1,27,30.2,43.8,31.2,37.4,26,79.2,0,0,0,,,,44.6,29.5,238,1010.5,62.3,10.3,119.1,10.2,4,,2010-04-20T06:36:40,2010-04-20T18:54:08,0.21,Partially cloudy,Partly cloudy throughout the day.,partly-cloudy-day,"65210099999,DNMM,65201099999"
Lagos,2010-04-21,32.5,28,29.7,41.5,33,36.3,25.7,79.6,0.2,100,4.17,rain,,,37.1,33.5,246.6,1011,62.5,10.5,113,9.7,4,,2010-04-21T06:36:18,2010-04-21T18:54:06,0.25,"Rain, Partially cloudy",Partly cloudy throughout the day with morning rain.,rain,"65210099999,DNMM,remote,65201099999"
Lagos,2010-04-22,33.1,26,28.6,41.7,26,33.3,25.1,82.1,0.3,100,4.17,rain,,,51.8,37.1,238.1,1011.7,58.2,9.6,117,10.1,4,,2010-04-22T06:35:56,2010-04-22T18:54:04,0.28,"Rain, Partially cloudy",Partly cloudy throughout the day with afternoon rain.,rain,"65210099999,DNMM,65201099999"
Lagos,2010-04-23,32.7,25.8,29.3,40.9,25.8,34.5,25.2,79.4,0.4,100,4.17,rain,,,31.7,27.7,227.1,1011.9,63.2,10,153.6,13.4,6,,2010-04-23T06:35:35,2010-04-23T18:54:02,0.32,"Rain, Partially cloudy",Partly cloudy throughout the day with early morning rain.,rain,"65210099999,DNMM,remote,65201099999"
Lagos,2010-04-24,28.1,22.2,25.5,33.6,22.2,26.8,23.6,89.5,32,100,4.17,rain,,,92.5,43.7,6.8,1012.6,55.5,9.1,103.8,9.1,3,,2010-04-24T06:35:14,2010-04-24T18:54:01,0.36,"Rain, Partially cloudy",Partly cloudy throughout the day with afternoon rain.,rain,"65210099999,DNMM,65201099999"
Lagos,2010-04-25,33,22.9,27.3,40.9,22.9,30.4,23.9,83.2,0,0,0,,,,29.5,27.7,245.6,1011.5,43.8,8,150.2,13,5,,2010-04-25T06:34:54,2010-04-25T18:54:00,0.39,Partially cloudy,Partly cloudy throughout the day.,partly-cloudy-day,"65210099999,DNMM,65201099999"
Lagos,2010-04-26,32.7,23,27.8,40.6,23,31.1,24.6,83.8,0.1,100,4.17,rain,,,74.2,55.4,159.8,1010.6,63.2,8.8,119.9,10.3,4,,2010-04-26T06:34:35,2010-04-26T18:54:00,0.43,"Rain, Partially cloudy",Partly cloudy throughout the day with afternoon rain.,rain,"65210099999,DNMM,remote,65201099999"
Lagos,2010-04-27,32.9,23.7,27.3,40,23.7,30.4,24.2,84.1,3,100,4.17,rain,,,22.3,16.6,301.3,1010.9,74.2,9.2,154.4,13.4,5,,2010-04-27T06:34:16,2010-04-27T18:54:00,0.46,"Rain, Partially cloudy",Partly cloudy throughout the day with late afternoon rain.,rain,"DNMM,65201099999"
Lagos,2010-04-28,30,25,27.3,35.1,25,30.4,24.5,85.1,0,0,0,,,,20.5,18.4,174,1011.6,61.6,9.9,203.2,17.5,7,,2010-04-28T06:33:57,2010-04-28T18:54:00,0.5,Partially cloudy,Partly cloudy throughout the day.,partly-cloudy-day,"65210099999,DNMM,65201099999"
Lagos,2010-04-29,32,24,28,39.2,24,31.3,23.4,78.5,0,0,0,,,,18.4,14.8,201.7,1011.4,47.5,9.7,158.5,13.5,5,,2010-04-29T06:33:39,2010-04-29T18:54:01,0.53,Partially cloudy,Partly cloudy throughout the day.,partly-cloudy-day,"65210099999,DNMM,65201099999"
Lagos,2010-04-30,33,26.8,29.2,39.4,30.3,34.4,25,79.1,0.1,100,4.17,rain,,,20.5,20.5,194.8,1011.1,63.7,10.3,118.3,10.2,4,,2010-04-30T06:33:22,2010-04-30T18:54:02,0.56,"Rain, Partially cloudy",Partly cloudy throughout the day with late afternoon rain.,rain,"65210099999,DNMM,65201099999"
Lagos,2010-05-01,32.1,26,28.9,39.3,26,33.9,25.2,81.2,3,100,4.17,rain,,,31.7,27.5,243.5,1011.4,56.6,9.1,99.6,8.6,3,,2010-05-01T06:33:05,2010-05-01T18:54:04,0.59,"Rain, Partially cloudy",Partly cloudy throughout the day with afternoon rain.,rain,"65210099999,DNMM,remote,65201099999"
Lagos,2010-05-02,28.1,23,25.2,33.7,23,26.9,24,93.3,57.1,100,8.33,rain,,,85.3,51.8,80.5,1012.3,44.4,7.8,98.4,8.5,3,,2010-05-02T06:32:49,2010-05-02T18:54:06,0.63,"Rain, Partially cloudy",Partly cloudy throughout the day with rain in the morning and afternoon.,rain,"65210099999,DNMM,65201099999"
Lagos,2010-05-03,33,23.8,27.8,39.6,23.8,30.9,23.9,80.9,0,0,0,,,,27.7,24.1,242.8,1012.1,44.8,9.6,115.7,10.2,4,,2010-05-03T06:32:34,2010-05-03T18:54:09,0.66,Partially cloudy,Partly cloudy throughout the day.,partly-cloudy-day,"65210099999,DNMM,65201099999"
Lagos,2010-05-04,33,25.8,28.8,40.6,25.8,33.1,25,80.6,0.4,100,4.17,rain,,,33.5,27.7,237.4,1010.9,58.6,9.8,157.2,13.5,5,,2010-05-04T06:32:19,2010-05-04T18:54:12,0.69,"Rain, Partially cloudy",Partly cloudy throughout the day with late afternoon rain.,rain,"65210099999,DNMM,remote,65201099999"
Lagos,2010-05-05,32,26,28.2,39.2,26,32.6,25.2,84.4,0,0,0,,,,24.1,20.5,199.2,1010.7,67.4,10.1,115.7,10.1,4,,2010-05-05T06:32:05,2010-05-05T18:54:15,0.72,Partially cloudy,Partly cloudy throughout the day.,partly-cloudy-day,"65210099999,DNMM,65201099999"
Lagos,2010-05-06,32.5,25,28.1,39.3,25,31.7,24.7,82.4,0,0,0,,,,24.1,18.4,183.9,1010.9,57,9.6,113.8,9.9,4,,2010-05-06T06:31:52,2010-05-06T18:54:19,0.75,Partially cloudy,Partly cloudy throughout the day.,partly-cloudy-day,"65210099999,DNMM,65201099999"
Lagos,2010-05-07,32,25.9,28,36.3,25.9,31,24.1,80.6,1.2,100,4.17,rain,,,25.9,16.6,323.7,1011.6,62.8,10,99.5,8.6,3,,2010-05-07T06:31:39,2010-05-07T18:54:24,0.79,"Rain, Partially cloudy",Partly cloudy throughout the day with early morning rain.,rain,"65210099999,DNMM,remote,65201099999"
Lagos,2010-05-08,32.7,25.2,28.6,41.4,25.2,32.5,24.9,81.4,0,0,0,,,,25.9,22.3,200.8,1011.2,57,9.7,221.4,19.1,8,,2010-05-08T06:31:27,2010-05-08T18:54:28,0.82,Partially cloudy,Partly cloudy throughout the day.,partly-cloudy-day,"65210099999,DNMM,65201099999"
Lagos,2010-05-09,32.1,25.8,28.8,42.6,25.8,33.7,25.3,81.8,0,0,0,,,,27.7,24.1,211.8,1011.7,65.1,10.3,146.3,12.6,6,,2010-05-09T06:31:16,2010-05-09T18:54:34,0.85,Partially cloudy,Partly cloudy throughout the day.,partly-cloudy-day,"65210099999,DNMM,65201099999"
Lagos,2010-05-10,33.1,26,28.9,40.9,26,33.5,25,80.8,2,100,4.17,rain,,,25.9,22.3,171.2,1011.5,62.8,9.9,213.8,18.6,7,,2010-05-10T06:31:05,2010-05-10T18:54:39,0.88,"Rain, Partially cloudy",Partly cloudy throughout the day with afternoon rain.,rain,"65210099999,DNMM,65201099999"
Lagos,2010-05-11,33.8,24,28.7,40.6,24,33,24.5,79.1,0,0,0,,,,22.3,16.6,174.9,1011.2,56.3,10.1,199.1,17.1,7,,2010-05-11T06:30:56,2010-05-11T18:54:46,0.92,Partially cloudy,Partly cloudy throughout the day.,partly-cloudy-day,"65210099999,DNMM,65201099999"
Lagos,2010-05-12,33,26,29.3,41.8,26,34.9,25.6,81.4,0,0,0,,,,22.3,22.3,187.6,1011.3,60.6,10.3,130.5,11.3,5,,2010-05-12T06:30:46,2010-05-12T18:54:52,0.95,Partially cloudy,Partly cloudy throughout the day.,partly-cloudy-day,"65210099999,DNMM,65201099999"
Lagos,2010-05-13,33.1,26,29,41.1,26,34,24.9,79.3,0,0,0,,,,35.3,31,213.4,1011.9,70.6,9.9,108.4,9.3,4,,2010-05-13T06:30:38,2010-05-13T18:54:59,0.98,Partially cloudy,Partly cloudy throughout the day.,partly-cloudy-day,"65210099999,DNMM,65201099999"
Lagos,2010-05-14,32.3,26,28.6,39.9,26,33.1,25.1,82.1,0.5,100,4.17,rain,,,29.5,25.9,203.2,1012.5,72.1,9.1,246.7,21.3,8,,2010-05-14T06:30:30,2010-05-14T18:55:07,0,"Rain, Partially cloudy",Partly cloudy throughout the day with morning rain.,rain,"65210099999,DNMM,65201099999"
Lagos,2010-05-15,33.1,25,29,40.6,25,33.2,25,80.2,0,0,0,,,,22.3,18.4,199.2,1011.9,53.8,9.6,231.5,20,8,,2010-05-15T06:30:23,2010-05-15T18:55:15,0.05,Partially cloudy,Partly cloudy throughout the day.,partly-cloudy-day,"65210099999,DNMM,65201099999"
Lagos,2010-05-16,33,27,29.3,40.6,30.6,35.2,25.3,79.6,7.1,100,4.17,rain,,,27.7,18.3,200.1,1012.1,56.1,10.5,145.7,12.7,5,,2010-05-16T06:30:16,2010-05-16T18:55:23,0.09,"Rain, Partially cloudy",Partly cloudy throughout the day with afternoon rain.,rain,"65210099999,DNMM,65201099999"
Lagos,2010-05-17,30,23,26.9,36.2,23,30.4,24.5,87.2,2,100,4.17,rain,,,18.4,22.3,173.3,1011.5,66.4,9.3,99.1,8.7,3,,2010-05-17T06:30:11,2010-05-17T18:55:32,0.12,"Rain, Partially cloudy",Partly cloudy throughout the day with afternoon rain.,rain,"65210099999,DNMM,65201099999"
Lagos,2010-05-18,32,25,28.3,39.5,25,32,24.8,82.2,0,0,0,,,,35.3,29.5,195.6,1011.2,62.8,10.1,128.1,11.2,4,,2010-05-18T06:30:06,2010-05-18T18:55:41,0.16,Partially cloudy,Partly cloudy throughout the day.,partly-cloudy-day,"65210099999,DNMM,65201099999"
Lagos,2010-05-19,33,25,28.6,40,25,32.8,24.9,81.4,0,0,0,,,,37.1,31.3,200.8,1010.4,69.6,9.6,222.9,19.4,7,,2010-05-19T06:30:01,2010-05-19T18:55:50,0.19,Partially cloudy,Partly cloudy throughout the day.,partly-cloudy-day,"65210099999,DNMM,65201099999"
Lagos,2010-05-20,32,24,27.1,37.9,24,29.4,24.3,85.8,4.1,100,4.17,rain,,,64.8,64.8,93.8,1010.8,76,8.9,170.8,14.6,6,,2010-05-20T06:29:58,2010-05-20T18:56:00,0.23,"Rain, Partially cloudy",Partly cloudy throughout the day with late afternoon rain.,rain,"65210099999,DNMM,65201099999"
Lagos,2010-05-21,30,23.7,26.6,36.2,23.7,28.7,23.6,84.2,0.1,100,4.17,rain,,,18.4,9.4,294.6,1012.2,59.8,8.7,111.1,9.6,4,,2010-05-21T06:29:55,2010-05-21T18:56:11,0.25,"Rain, Partially cloudy",Partly cloudy throughout the day with afternoon rain.,rain,"65210099999,DNMM,65201099999"
Lagos,2010-05-22,32.1,25,28.1,39.5,25,31.2,24.8,83.4,0,0,0,,,,25.9,22.3,200.1,1011.9,56.3,9,204.2,17.4,7,,2010-05-22T06:29:53,2010-05-22T18:56:21,0.3,Partially cloudy,Partly cloudy throughout the day.,partly-cloudy-day,"65210099999,DNMM,65201099999"
Lagos,2010-05-23,32.2,26.1,28.5,40.8,26.1,32.7,25.3,83.3,0.1,100,4.17,rain,,,18.4,16.6,217.6,1011.7,61.6,9.1,200.7,17.3,6,,2010-05-23T06:29:51,2010-05-23T18:56:32,0.34,"Rain, Partially cloudy",Partly cloudy throughout the day with morning rain.,rain,"65210099999,DNMM,remote,65201099999"
Lagos,2010-05-24,33.1,26.1,29.2,40.8,26.1,34.4,25.1,79.6,0.1,100,4.17,rain,,,18.4,16.6,218.4,1011.1,55.9,10.4,94.1,8.2,3,,2010-05-24T06:29:50,2010-05-24T18:56:44,0.37,"Rain, Partially cloudy",Partly cloudy throughout the day with early morning rain.,rain,"65210099999,DNMM,remote,65201099999"
Lagos,2010-05-25,32.9,26.8,29.1,42,30.4,35,25.5,81.5,0.1,100,4.17,rain,,,22.3,14.8,199.7,1010.8,56.1,10.4,112,9.6,4,,2010-05-25T06:29:50,2010-05-25T18:56:55,0.41,"Rain, Partially cloudy",Partly cloudy throughout the day with early morning rain.,rain,"65210099999,DNMM,remote,65201099999"
Lagos,2010-05-26,31.2,26,28.4,39.1,26,33.5,25.4,84,0,0,0,,,,27.7,27.7,200.5,1011,67.5,10.4,94.7,8.1,3,,2010-05-26T06:29:51,2010-05-26T18:57:07,0.45,Partially cloudy,Partly cloudy throughout the day.,partly-cloudy-day,"65210099999,DNMM,65201099999"
Lagos,2010-05-27,31.1,25,26.7,37.9,25,28.6,24.3,87.6,0,0,0,,,,55.4,40.7,172.7,1011.8,56,9.1,115.8,10.1,4,,2010-05-27T06:29:52,2010-05-27T18:57:20,0.48,Partially cloudy,Partly cloudy throughout the day.,partly-cloudy-day,"65210099999,DNMM,65201099999"
Lagos,2010-05-28,32,24,27.4,37.9,24,29.9,24,82.9,0,0,0,,,,18.4,14.8,173.3,1012.6,43.2,10,148.7,12.9,5,,2010-05-28T06:29:54,2010-05-28T18:57:32,0.5,Partially cloudy,Partly cloudy throughout the day.,partly-cloudy-day,"65210099999,DNMM,65201099999"
Lagos,2010-05-29,31,24,27.1,35.5,24,28.9,23.7,82.5,2,100,4.17,rain,,,55.4,51.8,115.2,1012.2,63.9,10,145.5,12.4,5,,2010-05-29T06:29:56,2010-05-29T18:57:45,0.55,"Rain, Partially cloudy",Partly cloudy throughout the day with morning rain.,rain,"DNMM,remote,65201099999"
Lagos,2010-05-30,29.2,24,26.9,34.6,24,29.2,24.4,86.4,0,0,0,,,,14.8,14,222.1,1012.1,55.4,9.4,134.2,11.6,5,,2010-05-30T06:29:59,2010-05-30T18:57:58,0.58,Partially cloudy,Partly cloudy throughout the day.,partly-cloudy-day,"DNMM,remote,65201099999"
Lagos,2010-05-31,30,23.5,26.6,37.4,23.5,28.9,24.3,87.6,5.1,100,4.17,rain,,,31.7,27.7,207.3,1013.6,67.5,8.9,81.7,7,3,,2010-05-31T06:30:03,2010-05-31T18:58:11,0.61,"Rain, Partially cloudy",Partly cloudy throughout the day with late afternoon rain.,rain,"65210099999,DNMM,remote,65201099999"
Lagos,2010-06-01,32,23,26.7,39.2,23,29.4,24,85.6,60.9,100,8.33,rain,,,14.8,11.2,230.1,1014.1,60.6,9.7,155,13.4,6,,2010-06-01T06:30:08,2010-06-01T18:58:25,0.64,"Rain, Partially cloudy",Partly cloudy throughout the day with rain clearing later.,rain,"65210099999,DNMM,65201099999"
Lagos,2010-06-02,29.1,24,26.5,34.9,24,28.6,24.6,89.7,0.7,100,4.17,rain,,,20.5,16.6,169.1,1014.7,45.8,9,135.9,11.7,5,,2010-06-02T06:30:13,2010-06-02T18:58:39,0.68,"Rain, Partially cloudy",Partly cloudy throughout the day with late afternoon rain.,rain,"65210099999,DNMM,65201099999"
Lagos,2010-06-03,29.3,23.9,26.2,34.7,23.9,28,24.2,89.3,59.9,100,12.5,rain,,,16.6,15.5,202,1014.6,70.8,9,132.6,11.7,4,,2010-06-03T06:30:18,2010-06-03T18:58:53,0.71,"Rain, Partially cloudy",Partly cloudy throughout the day with rain.,rain,"65210099999,DNMM,remote,65201099999"
Lagos,2010-06-04,27.5,23.8,24.8,31.6,23.8,25,23.9,95,59,100,8.33,rain,,,13,25.9,215.3,1015.3,62.2,7.9,81.1,7,3,,2010-06-04T06:30:24,2010-06-04T18:59:07,0.75,"Rain, Partially cloudy",Partly cloudy throughout the day with rain.,rain,"65210099999,DNMM,remote,65201099999"
Lagos,2010-06-05,31,23,26.6,35.8,23,28.8,23.6,84.7,0,0,0,,,,22.3,18.4,269.6,1015.9,61.9,9.5,173.2,14.9,6,,2010-06-05T06:30:31,2010-06-05T18:59:21,0.77,Partially cloudy,Partly cloudy throughout the day.,partly-cloudy-day,"65210099999,DNMM,65201099999"
Lagos,2010-06-06,31.7,25,27.2,39.1,25,30.1,24.8,86.9,0.3,100,12.5,rain,,,16.6,13.3,212.2,1015.3,64.8,9.1,97.7,8.5,3,,2010-06-06T06:30:38,2010-06-06T18:59:35,0.81,"Rain, Partially cloudy",Partly cloudy throughout the day with late afternoon rain.,rain,"65210099999,DNMM,remote,65201099999"
Lagos,2010-06-07,31.1,27.2,28,35.6,30.7,32,24.5,81.4,2.4,100,83.33,rain,,,,22.3,193.3,1013.9,81.4,11,117.2,10,4,,2010-06-07T06:30:46,2010-06-07T18:59:49,0.84,"Rain, Partially cloudy",Partly cloudy throughout the day with a chance of rain throughout the day.,rain,"remote,65201099999"
Lagos,2010-06-08,28.6,25.1,27.9,36.2,25.1,32,24.8,83.4,2.4,100,75,rain,,,16.6,18.7,203.3,1013.1,62.7,10.8,189.7,16.3,6,,2010-06-08T06:30:54,2010-06-08T19:00:04,0.87,"Rain, Partially cloudy",Partly cloudy throughout the day with a chance of rain throughout the day.,rain,"DNMM,remote,65201099999"
Lagos,2010-06-09,28.3,24.7,27.3,33,24.7,30.6,24.6,85.3,3.4,100,66.67,rain,,,14.8,20.9,220.2,1014.9,76.9,10,146.6,12.6,5,,2010-06-09T06:31:03,2010-06-09T19:00:18,0.9,"Rain, Partially cloudy",Partly cloudy throughout the day with a chance of rain throughout the day.,rain,"remote,65201099999"
Lagos,2010-06-10,30.7,23.8,26.5,37,23.8,28.9,24,86.5,2,100,4.17,rain,,,11.2,15.1,265.8,1014.5,65.5,11.6,81.3,7,3,,2010-06-10T06:31:12,2010-06-10T19:00:33,0.94,"Rain, Partially cloudy",Partly cloudy throughout the day with early morning rain.,rain,"65210099999,DNMM,remote,65201099999"
Lagos,2010-06-11,31.1,24.1,27.3,36.7,24.1,30.5,24.8,86.3,2.8,100,41.67,rain,,,11.2,13,255.2,1015.1,62.4,8.8,120.4,10.5,4,,2010-06-11T06:31:21,2010-06-11T19:00:47,0.97,"Rain, Partially cloudy",Partly cloudy throughout the day with rain.,rain,"65210099999,DNMM,remote,65201099999"
Lagos,2010-06-12,31.9,25,28,39.2,25,32,25,84.3,1.8,100,37.5,rain,,,27.7,22.3,213.6,1013.6,64,9.5,128.2,11.2,4,,2010-06-12T06:31:31,2010-06-12T19:01:01,0,"Rain, Partially cloudy",Partly cloudy throughout the day with rain.,rain,"DNMM,remote,65201099999"
Lagos,2010-06-13,30.9,26.1,27.9,38.4,26.1,32.6,25.5,86.6,3.1,100,54.17,rain,,,,23.4,204.8,1013,86.7,10.1,80.3,7,3,,2010-06-13T06:31:42,2010-06-13T19:01:16,0.04,"Rain, Partially cloudy",Partly cloudy throughout the day with a chance of rain throughout the day.,rain,"65210099999,DNMM,remote,65201099999"
Lagos,2010-06-14,28.2,25.1,27.1,33.7,25.1,29.8,25.2,89.3,16,100,4.17,rain,,,22.3,23.4,219.6,1013.5,72.3,9,134.3,11.6,5,,2010-06-14T06:31:53,2010-06-14T19:01:30,0.07,"Rain, Partially cloudy",Partly cloudy throughout the day with early morning rain.,rain,"65210099999,DNMM,remote,65201099999"
Lagos,2010-06-15,27.8,25.1,26.7,32.3,25.1,29.1,24.8,89.3,4.7,100,50,rain,,,22.3,21.2,240.2,1014.3,65.8,10.8,111.5,9.5,4,,2010-06-15T06:32:04,2010-06-15T19:01:44,0.11,"Rain, Partially cloudy",Partly cloudy throughout the day with rain.,rain,"DNMM,remote,65201099999"
Lagos,2010-06-16,28.1,24,26.6,32.1,24,28.5,24.2,87.1,5.1,100,62.5,rain,,,,24.8,228.4,1014.9,76.5,9.2,96.8,8.3,3,,2010-06-16T06:32:15,2010-06-16T19:01:58,0.14,"Rain, Partially cloudy",Partly cloudy throughout the day with a chance of rain throughout the day.,rain,"65210099999,DNMM,remote,65201099999"
Lagos,2010-06-17,30.1,24.1,27.5,36.4,24.1,31,24.7,84.9,2.8,100,45.83,rain,,,22.3,22.7,236.8,1014.3,72.8,10.1,121.2,10.5,4,,2010-06-17T06:32:27,2010-06-17T19:02:12,0.18,"Rain, Partially cloudy",Partly cloudy throughout the day with rain.,rain,"65210099999,DNMM,remote,65201099999"
Lagos,2010-06-18,30.6,25,27.8,37.3,25,31.5,24.6,83.2,4.1,100,54.17,rain,,,25.9,25.9,224.1,1013,72.5,10,107.8,9.3,4,,2010-06-18T06:32:39,2010-06-18T19:02:26,0.21,"Rain, Partially cloudy",Partly cloudy throughout the day with a chance of rain throughout the day.,rain,"65210099999,DNMM,remote,65201099999"
Lagos,2010-06-19,30.1,25.1,27.2,40.6,25.1,30.8,24.9,87.3,1.6,100,41.67,rain,,,,27.7,218.6,1011.8,72.8,10.3,104.4,9,4,,2010-06-19T06:32:52,2010-06-19T19:02:40,0.25,"Rain, Partially cloudy",Partly cloudy throughout the day with a chance of rain throughout the day.,rain,"DNMM,remote,65201099999"
Lagos,2010-06-20,27.7,26,27.3,31.5,26,30.3,24.3,84,6.2,100,79.17,rain,,,22.3,19.8,202.4,1012,79.1,10.5,156,13.4,6,,2010-06-20T06:33:04,2010-06-20T19:02:53,0.29,"Rain, Partially cloudy",Partly cloudy throughout the day with a chance of rain throughout the day.,rain,"DNMM,remote,65201099999"
Lagos,2010-06-21,27.6,27.1,27.3,31.6,30.4,30.9,24.7,85.9,17.1,100,100,rain,,,,18.7,224.1,,87.9,,100.3,8.8,4,,2010-06-21T06:33:17,2010-06-21T19:03:06,0.32,"Rain, Partially cloudy",Partly cloudy throughout the day with a chance of rain throughout the day.,rain,remote
Lagos,2010-06-22,28.2,27.5,27.9,32.9,31.3,32.2,24.8,83.3,13.6,100,100,rain,,,,18.4,243,,82.7,,139.6,12,5,,2010-06-22T06:33:30,2010-06-22T19:03:19,0.36,"Rain, Partially cloudy",Partly cloudy throughout the day with a chance of rain throughout the day.,rain,remote
Lagos,2010-06-23,30.1,23.7,27.4,36.3,23.7,31.5,25.1,87.5,2,100,4.17,rain,,,18.4,33.5,226.1,1011.5,81.1,10.4,94.3,8.3,3,,2010-06-23T06:33:44,2010-06-23T19:03:31,0.39,"Rain, Partially cloudy",Partly cloudy throughout the day with late afternoon rain.,rain,"DNMM,remote,65201099999"
Lagos,2010-06-24,30.9,22.1,26.9,36.6,22.1,29.9,24.2,85.3,28.4,100,70.83,rain,,,,25.6,225.2,1012.3,67.4,10.2,147.7,12.6,5,,2010-06-24T06:33:57,2010-06-24T19:03:44,0.43,"Rain, Partially cloudy",Partly cloudy throughout the day with a chance of rain throughout the day.,rain,"65210099999,DNMM,remote,65201099999"
Lagos,2010-06-25,28.1,24.1,26.5,32.8,24.1,28.3,24,86.4,12.6,100,75,rain,,,25.9,24.5,245.6,1013.4,80.5,9.6,116.4,10.2,4,,2010-06-25T06:34:11,2010-06-25T19:03:56,0.46,"Rain, Partially cloudy",Partly cloudy throughout the day with a chance of rain throughout the day.,rain,"65210099999,DNMM,remote,65201099999"
Lagos,2010-06-26,27.2,23.7,26.5,30.3,23.7,28,23.7,85,6.1,100,62.5,rain,,,,28.1,256,1013.4,83.5,8.7,136.7,11.7,4,,2010-06-26T06:34:24,2010-06-26T19:04:07,0.5,"Rain, Partially cloudy",Partly cloudy throughout the day with a chance of rain throughout the day.,rain,"65210099999,remote,65201099999"
Lagos,2010-06-27,28.1,25,26.9,32.1,25,29,23.9,83.9,1,100,25,rain,,,,17.3,240.5,1015.7,71.3,9.1,136.7,11.7,4,,2010-06-27T06:34:38,2010-06-27T19:04:18,0.53,"Rain, Partially cloudy",Partly cloudy throughout the day with rain clearing later.,rain,"65210099999,DNMM,remote,65201099999"
Lagos,2010-06-28,28,26,27.1,32.2,26,29.9,23.7,81.6,0.6,100,25,rain,,,24.1,18.4,235.8,1015,67.1,9.3,180.3,15.6,6,,2010-06-28T06:34:52,2010-06-28T19:04:29,0.56,"Rain, Partially cloudy",Partly cloudy throughout the day with rain clearing later.,rain,"DNMM,remote,65201099999"
Lagos,2010-06-29,31,26,28,37.7,26,31.7,24.3,80.7,1.1,100,29.17,rain,,,37.1,33.5,245.3,1013.3,65,10.5,180.8,15.8,6,,2010-06-29T06:35:06,2010-06-29T19:04:39,0.6,"Rain, Partially cloudy",Partly cloudy throughout the day with rain clearing later.,rain,"65210099999,DNMM,remote,65201099999"
Lagos,2010-06-30,31.8,25,27.5,38.5,25,30.2,24.2,82.9,0,0,0,,,,37.1,33.5,243.2,1013.3,54,9.6,164.6,14.3,6,,2010-06-30T06:35:19,2010-06-30T19:04:49,0.63,Partially cloudy,Partly cloudy throughout the day.,partly-cloudy-day,"65210099999,DNMM,65201099999"
Lagos,2010-07-01,28.1,22,25.4,32.1,22,26.2,23.5,89.5,18,100,4.17,rain,,,25.9,27.7,255.4,1013.3,55,9,103.1,8.8,3,,2010-07-01T06:35:33,2010-07-01T19:04:59,0.66,"Rain, Partially cloudy",Partly cloudy throughout the day with late afternoon rain.,rain,"65210099999,DNMM,65201099999"
Lagos,2010-07-02,30.1,22.9,25.7,34.3,22.9,26.8,22.5,83.4,2,100,4.17,rain,,,33.5,29.1,252.7,1013.8,66.7,9.6,90.6,7.9,3,,2010-07-02T06:35:47,2010-07-02T19:05:08,0.69,"Rain, Partially cloudy",Partly cloudy throughout the day with early morning rain.,rain,"65210099999,DNMM,65201099999"
Lagos,2010-07-03,31,24,26.7,35.5,24,28.6,23.4,83,0.3,100,8.33,rain,,,27.7,25.9,247.5,1013.4,58.3,9.4,172.5,14.9,6,,2010-07-03T06:36:01,2010-07-03T19:05:16,0.73,"Rain, Partially cloudy",Partly cloudy throughout the day with late afternoon rain.,rain,"65210099999,DNMM,remote,65201099999"
Lagos,2010-07-04,29.1,22,25.7,33.7,22,27,23.1,86.4,18,100,4.17,rain,,,37.1,44.3,290.7,1014.1,63.2,9.1,126.4,11,4,,2010-07-04T06:36:14,2010-07-04T19:05:24,0.75,"Rain, Partially cloudy",Partly cloudy throughout the day with afternoon rain.,rain,"65210099999,DNMM,remote,65201099999"
Lagos,2010-07-05,30,24,26.4,35.1,24,27.9,23.7,85.4,6.1,100,4.17,rain,,,37.1,27.4,254.4,1013.9,55.3,11,123,10.7,4,,2010-07-05T06:36:28,2010-07-05T19:05:32,0.79,"Rain, Partially cloudy",Partly cloudy throughout the day with afternoon rain.,rain,"65210099999,DNMM,remote,65201099999"
Lagos,2010-07-06,30,24,26.4,35.1,24,27.8,24,87.2,5.1,100,4.17,rain,,,24.1,34.8,250.3,1013,66.9,9.8,168.5,14.4,6,,2010-07-06T06:36:41,2010-07-06T19:05:38,0.83,"Rain, Partially cloudy",Partly cloudy throughout the day with morning rain.,rain,"65210099999,DNMM,remote,65201099999"
Lagos,2010-07-07,26.2,24,24.6,26.2,24,24.6,23.6,94.2,18.3,100,12.5,rain,,,18.4,22.3,274.7,1013.6,68.3,8,106.3,9.2,4,,2010-07-07T06:36:55,2010-07-07T19:05:45,0.86,"Rain, Partially cloudy",Partly cloudy throughout the day with rain.,rain,"65210099999,DNMM,remote,65201099999"
Lagos,2010-07-08,30.1,23,26.1,36.3,23,28.4,24.2,89.6,7.9,100,4.17,rain,,,29.5,26.9,244.5,1014.4,60.1,9.7,182.3,15.7,6,,2010-07-08T06:37:08,2010-07-08T19:05:50,0.89,"Rain, Partially cloudy",Partly cloudy throughout the day with late afternoon rain.,rain,"65210099999,DNMM,remote,65201099999"
Lagos,2010-07-09,29.9,24,26.5,34.8,24,28,24.2,87.7,0,0,0,,,,37.1,27.7,247.6,1013.8,60.4,9.4,189.2,16.4,7,,2010-07-09T06:37:21,2010-07-09T19:05:55,0.92,Partially cloudy,Partly cloudy throughout the day.,partly-cloudy-day,"65210099999,DNMM,65201099999"
Lagos,2010-07-10,28,23,25.4,31.9,23,26.1,23.7,90.5,51.8,100,8.33,rain,,,44.6,35.3,255.1,1014,65.1,8.4,150.4,13,6,,2010-07-10T06:37:33,2010-07-10T19:06:00,0.96,"Rain, Partially cloudy",Partly cloudy throughout the day with rain in the morning and afternoon.,rain,"65210099999,DNMM,65201099999"
Lagos,2010-07-11,30,24,26.2,34.5,24,27.7,23.8,86.9,0.5,100,4.17,rain,,,22.3,18.4,253.4,1014.5,66,9.8,185.1,15.9,7,,2010-07-11T06:37:46,2010-07-11T19:06:04,0,"Rain, Partially cloudy",Partly cloudy throughout the day with morning rain.,rain,"65210099999,DNMM,65201099999"
Lagos,2010-07-12,30,24,26.3,35.1,24,28,23.6,85.8,0.3,100,12.5,rain,,,24.1,27.7,246.8,1014,53.3,9.8,186.3,16,7,,2010-07-12T06:37:58,2010-07-12T19:06:07,0.02,"Rain, Partially cloudy",Partly cloudy throughout the day with late afternoon rain.,rain,"65210099999,DNMM,remote,65201099999"
Lagos,2010-07-13,28.3,24,25.8,32,24,26.8,23.4,86.6,0.7,100,16.67,rain,,,27.7,25.9,249.4,1013.1,67.6,10.2,145.3,12.5,6,,2010-07-13T06:38:10,2010-07-13T19:06:09,0.06,"Rain, Partially cloudy",Partly cloudy throughout the day with rain.,rain,"65210099999,DNMM,remote,65201099999"
Lagos,2010-07-14,29,23.1,25.9,33.6,23.1,27.3,23.5,86.8,1.1,100,8.33,rain,,,37.1,33.5,251.3,1013.2,63.8,9.9,152,12.9,5,,2010-07-14T06:38:22,2010-07-14T19:06:11,0.09,"Rain, Partially cloudy",Partly cloudy throughout the day with rain in the morning and afternoon.,rain,"65210099999,DNMM,remote,65201099999"
Lagos,2010-07-15,47,22.2,25.5,47,22.2,26,22.9,88.1,7.9,100,4.17,rain,,,37.1,27.7,246.2,1013.1,56.1,9,135.3,11.8,5,,2010-07-15T06:38:33,2010-07-15T19:06:12,0.13,"Rain, Partially cloudy",Partly cloudy throughout the day with late afternoon rain.,rain,"65210099999,DNMM,65201099999"
Lagos,2010-07-16,28,22.2,25,31.9,22.2,25.7,23.2,90.1,5.1,100,8.33,rain,,,40.7,33.5,248.1,1013,76.4,8.6,136.2,11.6,4,,2010-07-16T06:38:44,2010-07-16T19:06:13,0.16,"Rain, Partially cloudy",Partly cloudy throughout the day with rain.,rain,"65210099999,DNMM,remote,65201099999"
Lagos,2010-07-17,29,24,26,33.1,24,27.1,23,84.1,0,0,0,,,,31.7,27.6,255.1,1014.7,74.4,9.5,222.7,19.3,8,,2010-07-17T06:38:55,2010-07-17T19:06:12,0.2,Partially cloudy,Partly cloudy throughout the day.,partly-cloudy-day,"65210099999,DNMM,65201099999"
Lagos,2010-07-18,30,21.1,25.7,34.1,21.1,27,22.8,85,0,0,0,,,,25.9,25.9,250.7,1015.6,63.7,10.2,267.7,23.1,9,,2010-07-18T06:39:06,2010-07-18T19:06:11,0.25,Partially cloudy,Partly cloudy throughout the day.,partly-cloudy-day,"65210099999,DNMM,65201099999"
Lagos,2010-07-19,28.4,22.8,25.3,31.9,22.8,26.2,22.8,86.4,0,0,0,,,,38.9,35.3,249.5,1015.3,62.4,10.1,225.1,19.2,8,,2010-07-19T06:39:16,2010-07-19T19:06:10,0.27,Partially cloudy,Partly cloudy throughout the day.,partly-cloudy-day,"65210099999,DNMM,65201099999"
Lagos,2010-07-20,28.1,23.9,25.9,30.8,23.9,26.8,22.6,82.8,0,0,0,,,,40.7,33.5,255.4,1015.5,62.4,10.1,199.1,17.2,7,,2010-07-20T06:39:25,2010-07-20T19:06:07,0.3,Partially cloudy,Partly cloudy throughout the day.,partly-cloudy-day,"65210099999,DNMM,65201099999"
Lagos,2010-07-21,29.1,23,25.9,31.6,23,26.8,21.9,79.4,0,0,0,,,,33.5,27.7,266.5,1016.5,49.5,10.4,153.4,13.3,6,,2010-07-21T06:39:34,2010-07-21T19:06:04,0.34,Partially cloudy,Partly cloudy throughout the day.,partly-cloudy-day,"65210099999,DNMM,65201099999"
Lagos,2010-07-22,29.2,23.2,25.8,33.2,23.2,26.9,22.2,81.2,0,0,0,,,,40.7,37.1,246.4,1015.6,61.6,9.6,253.6,22.1,9,,2010-07-22T06:39:43,2010-07-22T19:06:00,0.37,Partially cloudy,Partly cloudy throughout the day.,partly-cloudy-day,"65210099999,DNMM,65201099999"
Lagos,2010-07-23,27,24.8,25.7,29.4,24.8,26.2,21.9,79.6,0,0,0,,,,37.1,33.5,252.7,1015.9,64,10.4,170.5,14.8,7,,2010-07-23T06:39:52,2010-07-23T19:05:56,0.41,Partially cloudy,Partly cloudy throughout the day.,partly-cloudy-day,"65210099999,DNMM,remote,65201099999"
Lagos,2010-07-24,30,22.5,25.8,33.3,22.5,26.7,21.6,78.6,0,0,0,,,,37.1,33.5,257.2,1016.2,63.7,10.2,259.5,22.4,9,,2010-07-24T06:40:00,2010-07-24T19:05:50,0.44,Partially cloudy,Partly cloudy throughout the day.,partly-cloudy-day,"65210099999,DNMM,65201099999"
Lagos,2010-07-25,30,22.6,25.8,33.5,22.6,26.9,21.7,78.8,0,0,0,,,,46.4,37.1,247.8,1014.4,54.5,10.3,260.6,22.6,9,,2010-07-25T06:40:07,2010-07-25T19:05:44,0.48,Partially cloudy,Partly cloudy throughout the day.,partly-cloudy-day,"65210099999,DNMM,65201099999"
Lagos,2010-07-26,28.2,24.5,25.9,31.5,24.5,26.6,22,79.8,0,0,0,,,,37.1,37.1,255.3,1013.3,67.3,10.4,243.9,21.1,8,,2010-07-26T06:40:15,2010-07-26T19:05:37,0.5,Partially cloudy,Partly cloudy throughout the day.,partly-cloudy-day,"65210099999,DNMM,65201099999"
Lagos,2010-07-27,28,24,25.6,31.5,24,26.3,23,86.1,0.1,100,4.17,rain,,,38.9,34.8,247.3,1015,66.9,9.4,134.2,11.4,4,,2010-07-27T06:40:21,2010-07-27T19:05:30,0.55,"Rain, Partially cloudy",Partly cloudy throughout the day with afternoon rain.,rain,"65210099999,DNMM,remote,65201099999"
Lagos,2010-07-28,30,24,26.3,34.1,24,27.5,23.3,84.2,0.1,100,4.17,rain,,,37.1,33.5,249,1016.1,70.4,9.4,168.2,14.6,6,,2010-07-28T06:40:28,2010-07-28T19:05:22,0.58,"Rain, Partially cloudy",Partly cloudy throughout the day with early morning rain.,rain,"65210099999,DNMM,65201099999"
Lagos,2010-07-29,28.9,23,25.6,32.5,23,26.5,22.4,83.2,0.1,100,4.17,rain,,,37.1,33.5,255.2,1014.7,64.4,9.6,243.3,21,9,,2010-07-29T06:40:33,2010-07-29T19:05:12,0.61,"Rain, Partially cloudy",Partly cloudy throughout the day with afternoon rain.,rain,"65210099999,DNMM,65201099999"
Lagos,2010-07-30,27.5,23.5,25.1,30,23.5,25.3,22.2,84.4,0,0,0,,,,37.1,33.5,247.5,1013,66.7,10.1,218.5,18.8,7,,2010-07-30T06:40:39,2010-07-30T19:05:03,0.65,Partially cloudy,Partly cloudy throughout the day.,partly-cloudy-day,"65210099999,DNMM,remote,65201099999"
Lagos,2010-07-31,29.5,23.8,26.2,32.7,23.8,27.2,22.1,78.7,0,0,0,,,,37.1,33.5,245.5,1013.1,72.3,10.4,242.1,20.9,8,,2010-07-31T06:40:43,2010-07-31T19:04:52,0.68,Partially cloudy,Partly cloudy throughout the day.,partly-cloudy-day,"65210099999,DNMM,remote,65201099999"
Lagos,2010-08-01,30.4,23,25.9,33.9,23,26.9,22.1,80.7,0,0,0,,,,35.3,29,236.5,1013.3,70.9,9,259.2,22.3,9,,2010-08-01T06:40:48,2010-08-01T19:04:41,0.71,Partially cloudy,Partly cloudy throughout the day.,partly-cloudy-day,"65210099999,DNMM,65201099999"
Lagos,2010-08-02,30.1,22.8,25.8,33.5,22.8,26.7,22.2,81.6,0,0,0,,,,37.1,33.5,246.9,1014,50.9,9.5,279.5,24.2,9,,2010-08-02T06:40:52,2010-08-02T19:04:29,0.75,Partially cloudy,Partly cloudy throughout the day.,partly-cloudy-day,"65210099999,DNMM,65201099999"
Lagos,2010-08-03,30,24,26.2,33.3,24,27.1,22.4,80.4,0,0,0,,,,37.1,33.5,251.8,1014.1,63.8,10.1,270.6,23.4,9,,2010-08-03T06:40:55,2010-08-03T19:04:16,0.75,Partially cloudy,Partly cloudy throughout the day.,partly-cloudy-day,"65210099999,DNMM,remote,65201099999"
Lagos,2010-08-04,30.7,24,26.4,34,24,27.4,22.3,79.5,0,0,0,,,,37.1,33.5,248.7,1013.5,64.1,9.2,257.3,22.2,9,,2010-08-04T06:40:58,2010-08-04T19:04:03,0.81,Partially cloudy,Partly cloudy throughout the day.,partly-cloudy-day,"65210099999,DNMM,65201099999"
Lagos,2010-08-05,31,24,26.4,35.5,24,27.7,22.7,80.8,0,0,0,,,,37.1,33.5,257.3,1013.2,52.8,10.1,252.1,21.8,8,,2010-08-05T06:41:01,2010-08-05T19:03:48,0.84,Partially cloudy,Partly cloudy throughout the day.,partly-cloudy-day,"65210099999,DNMM,65201099999"
Lagos,2010-08-06,28,24,26.1,30.7,24,27,22.7,82.1,0,0,0,,,,40.7,31.3,263.8,1013.1,62.6,10.3,108.8,9.4,3,,2010-08-06T06:41:02,2010-08-06T19:03:34,0.88,Partially cloudy,Partly cloudy throughout the day.,partly-cloudy-day,"65210099999,DNMM,65201099999"
Lagos,2010-08-07,26.6,24,25.3,26.6,24,25.3,23.5,89.9,24.1,100,8.33,rain,,,25.9,25.9,253.3,1014.6,79.9,9,140.6,12.1,5,,2010-08-07T06:41:04,2010-08-07T19:03:18,0.91,"Rain, Partially cloudy",Partly cloudy throughout the day with rain.,rain,"65210099999,DNMM,remote,65201099999"
Lagos,2010-08-08,26.2,24,25,26.2,24,25,23.8,93.4,29,100,8.33,rain,,,37.1,31.3,254.6,1014.9,75.4,6.5,168.5,14.4,5,,2010-08-08T06:41:05,2010-08-08T19:03:02,0.94,"Rain, Partially cloudy",Partly cloudy throughout the day with rain.,rain,"65210099999,DNMM,65201099999"
Lagos,2010-08-09,27.1,23.7,25.4,30.1,23.7,26,23.4,89,0.5,100,4.17,rain,,,25.9,18.4,275.1,1015.3,71.8,8.2,145.7,12.6,5,,2010-08-09T06:41:05,2010-08-09T19:02:45,0.98,"Rain, Partially cloudy",Partly cloudy throughout the day with late afternoon rain.,rain,"65210099999,DNMM,remote,65201099999"
Lagos,2010-08-10,28,24,25.7,31.3,24,26.7,23.3,87.3,0.1,100,4.17,rain,,,37.1,27.7,256.6,1014,62.1,9.3,122,10.6,4,,2010-08-10T06:41:05,2010-08-10T19:02:27,0,"Rain, Partially cloudy",Partly cloudy throughout the day with afternoon rain.,rain,"65210099999,DNMM,remote,65201099999"
Lagos,2010-08-11,27.5,24.8,25.6,30.8,24.8,26.3,23.7,89.2,2,100,4.17,rain,,,46.4,37.1,249.4,1013.9,73,10.1,200.6,17.3,7,,2010-08-11T06:41:05,2010-08-11T19:02:09,0.05,"Rain, Partially cloudy",Partly cloudy throughout the day with late afternoon rain.,rain,"65210099999,DNMM,remote,65201099999"
Lagos,2010-08-12,27.3,23.9,25.2,30.4,23.9,25.6,23.5,91.1,7.9,100,8.33,rain,,,35.3,27.7,246.2,1015.1,85.6,8.6,219.6,18.9,8,,2010-08-12T06:41:04,2010-08-12T19:01:50,0.08,"Rain, Partially cloudy",Partly cloudy throughout the day with rain.,rain,"65210099999,DNMM,65201099999"
Lagos,2010-08-13,27.8,23.5,25.2,31,23.5,25.7,22.9,87.4,4.6,100,8.33,rain,,,31.7,31.3,265.8,1014.6,71.8,8.8,104.2,9,3,,2010-08-13T06:41:03,2010-08-13T19:01:30,0.11,"Rain, Partially cloudy",Partly cloudy throughout the day with rain.,rain,"65210099999,DNMM,remote,65201099999"
Lagos,2010-08-14,27,24,25.1,29.6,24,25.2,23.1,88.9,27.9,100,8.33,rain,,,31.7,27.7,246.3,1014.3,67.9,9,169.4,14.8,6,,2010-08-14T06:41:01,2010-08-14T19:01:10,0.15,"Rain, Partially cloudy",Partly cloudy throughout the day with rain in the morning and afternoon.,rain,"65210099999,DNMM,remote,65201099999"
Lagos,2010-08-15,28.7,23,25.7,33.5,23,26.9,23.6,88.8,0,0,0,,,,22.3,18.4,238.1,1014.2,62.4,9.2,190.2,16.4,7,,2010-08-15T06:40:58,2010-08-15T19:00:49,0.18,Partially cloudy,Partly cloudy throughout the day.,partly-cloudy-day,"65210099999,DNMM,65201099999"
Lagos,2010-08-16,30.1,23,26.4,36,23,28.1,23.6,85.3,0,0,0,,,,37.1,29.5,260,1013.7,67.4,8.9,205.7,17.8,8,,2010-08-16T06:40:56,2010-08-16T19:00:28,0.25,Partially cloudy,Partly cloudy throughout the day.,partly-cloudy-day,"65210099999,DNMM,65201099999"
Lagos,2010-08-17,27.4,22,24.6,30,22,25,22.2,87.3,24.1,100,8.33,rain,,,31.7,27.7,245.8,1014,65.2,9.7,130.4,11.3,4,,2010-08-17T06:40:52,2010-08-17T19:00:06,0.25,"Rain, Partially cloudy",Partly cloudy throughout the day with rain.,rain,"65210099999,DNMM,65201099999"
Lagos,2010-08-18,30.1,23.9,26.5,35.1,23.9,28.1,23.2,82.9,0,0,0,,,,31.7,27.7,261.3,1013.7,59.7,10.1,248.3,21.4,8,,2010-08-18T06:40:49,2010-08-18T18:59:43,0.29,Partially cloudy,Partly cloudy throughout the day.,partly-cloudy-day,"65210099999,DNMM,65201099999"
Lagos,2010-08-19,29.1,23,25.7,33.1,23,26.8,22.8,85,0,0,0,,,,37.1,33.2,257.1,1013.6,58.5,8.6,258.8,22.3,8,,2010-08-19T06:40:45,2010-08-19T18:59:20,0.32,Partially cloudy,Partly cloudy throughout the day.,partly-cloudy-day,"65210099999,DNMM,65201099999"
Lagos,2010-08-20,27,24,24.8,29.7,24,25.2,23.2,91.2,59.9,100,8.33,rain,,,50,33.5,256,1013.8,72,7.5,152.8,13.1,6,,2010-08-20T06:40:40,2010-08-20T18:58:56,0.35,"Rain, Partially cloudy",Partly cloudy throughout the day with rain.,rain,"65210099999,DNMM,remote,65201099999"
Lagos,2010-08-21,29,23.5,25.9,32.7,23.5,27,23.2,85.7,0,0,0,,,,40.7,37.1,250.7,1014.5,69.1,9.4,190.3,16.4,6,,2010-08-21T06:40:35,2010-08-21T18:58:32,0.39,Partially cloudy,Partly cloudy throughout the day.,partly-cloudy-day,"65210099999,DNMM,65201099999"
Lagos,2010-08-22,28,24,25.3,31.3,24,25.9,23.3,88.9,2,100,4.17,rain,,,37.1,33.1,256.3,1015.2,68.9,9.4,232.4,20.1,8,,2010-08-22T06:40:30,2010-08-22T18:58:07,0.42,"Rain, Partially cloudy",Partly cloudy throughout the day with morning rain.,rain,"65210099999,DNMM,65201099999"
Lagos,2010-08-23,29.1,23,25.7,32.9,23,26.6,23.2,86.5,0,0,0,,,,37.1,33.5,264.1,1014.4,65.4,9.1,197,16.9,6,,2010-08-23T06:40:24,2010-08-23T18:57:42,0.46,Partially cloudy,Partly cloudy throughout the day.,partly-cloudy-day,"65210099999,DNMM,65201099999"
Lagos,2010-08-24,27.8,24,25.6,31.3,24,26.3,23.2,86.9,0.4,100,4.17,rain,,,37.1,33.1,265,1014.3,66.9,8.8,183.3,15.8,6,,2010-08-24T06:40:18,2010-08-24T18:57:16,0.5,"Rain, Partially cloudy",Partly cloudy throughout the day with morning rain.,rain,"65210099999,DNMM,remote,65201099999"
Lagos,2010-08-25,26.3,24,25,26.3,24,25,23.6,91.9,1,100,4.17,rain,,,31.7,26.6,253.7,1015,72.2,9,75.9,6.7,3,,2010-08-25T06:40:12,2010-08-25T18:56:50,0.53,"Rain, Partially cloudy",Partly cloudy throughout the day with afternoon rain.,rain,"65210099999,DNMM,remote,65201099999"
Lagos,2010-08-26,28.5,23.8,25.7,32.6,23.8,26.7,23.3,87.2,0,0,0,,,,44.6,33.5,256.3,1014.7,78,9.8,255.8,22,9,,2010-08-26T06:40:05,2010-08-26T18:56:23,0.56,Partially cloudy,Partly cloudy throughout the day.,partly-cloudy-day,"65210099999,DNMM,65201099999"
Lagos,2010-08-27,28.1,24,25.6,32.1,24,26.3,23.4,87.9,0,0,0,,,,38.9,29.5,251.2,1012.9,75.4,10.1,166.2,14.5,5,,2010-08-27T06:39:58,2010-08-27T18:55:56,0.59,Partially cloudy,Partly cloudy throughout the day.,partly-cloudy-day,"65210099999,DNMM,65201099999"
Lagos,2010-08-28,29,24,25.7,33.4,24,26.7,23.2,86,0,0,0,,,,37.1,35.3,253.2,1012.6,68.6,9.6,224.5,19.4,9,,2010-08-28T06:39:51,2010-08-28T18:55:28,0.63,Partially cloudy,Partly cloudy throughout the day.,partly-cloudy-day,"65210099999,DNMM,65201099999"
Lagos,2010-08-29,28.3,24,25.4,31.8,24,25.8,23,86.9,0,0,0,,,,37.1,33.5,250.6,1012.5,87.2,9.8,224.8,19.5,8,,2010-08-29T06:39:43,2010-08-29T18:55:00,0.66,Partially cloudy,Partly cloudy throughout the day.,partly-cloudy-day,"65210099999,DNMM,remote,65201099999"
Lagos,2010-08-30,29,24.1,26,33.6,24.1,27.1,23.4,85.9,0,0,0,,,,37.1,35.3,254.3,1013.7,78.3,10.3,249.5,21.5,9,,2010-08-30T06:39:35,2010-08-30T18:54:32,0.7,Partially cloudy,Partly cloudy throughout the day.,partly-cloudy-day,"65210099999,DNMM,65201099999"
Lagos,2010-08-31,29,24,26.2,33.6,24,27.4,23.7,86.6,0.1,100,4.17,rain,,,37.1,33.3,247.3,1013.3,82.5,10.3,207.5,17.9,7,,2010-08-31T06:39:27,2010-08-31T18:54:03,0.73,"Rain, Partially cloudy",Partly cloudy throughout the day with early morning rain.,rain,"65210099999,DNMM,remote,65201099999"
Lagos,2010-09-01,30,24,26.4,35.1,24,27.8,23.7,86.1,0,0,0,,,,37.1,33.5,238.7,1013.8,72.5,10,255.9,22.1,9,,2010-09-01T06:39:18,2010-09-01T18:53:34,0.75,Partially cloudy,Partly cloudy throughout the day.,partly-cloudy-day,"65210099999,DNMM,65201099999"
Lagos,2010-09-02,30.1,22.8,26.1,35.2,22.8,27.4,23.2,85,0,0,0,,,,35.3,31,251.6,1014.7,55.2,9.7,256.3,22.1,9,,2010-09-02T06:39:09,2010-09-02T18:53:05,0.8,Partially cloudy,Partly cloudy throughout the day.,partly-cloudy-day,"65210099999,DNMM,65201099999"
Lagos,2010-09-03,28,24,25.7,31.6,24,26.7,23,85.5,0,0,0,,,,31.7,27.7,262.6,1013.4,61.6,9.9,136.5,11.9,5,,2010-09-03T06:39:00,2010-09-03T18:52:35,0.83,Partially cloudy,Partly cloudy throughout the day.,partly-cloudy-day,"65210099999,DNMM,65201099999"
Lagos,2010-09-04,27,23.9,25.1,30.1,23.9,25.3,23.4,90.9,18,100,12.5,rain,,,22.3,24.1,248.6,1012.8,72.8,7.9,210.9,18,7,,2010-09-04T06:38:51,2010-09-04T18:52:05,0.86,"Rain, Partially cloudy",Partly cloudy throughout the day with rain.,rain,"65210099999,DNMM,remote,65201099999"
Lagos,2010-09-05,28,24.7,26,31.9,24.7,27.1,23.7,87,0.8,100,4.17,rain,,,40.7,38.9,258.8,1013.3,75.6,9.1,192.7,16.7,7,,2010-09-05T06:38:41,2010-09-05T18:51:35,0.9,"Rain, Partially cloudy",Partly cloudy throughout the day with afternoon rain.,rain,"65210099999,DNMM,65201099999"
Lagos,2010-09-06,28,24.1,26,31.3,24.1,27,23.3,85.7,0,0,0,,,,33.5,31.3,251.3,1014.6,79.3,10.2,229.4,19.8,8,,2010-09-06T06:38:31,2010-09-06T18:51:04,0.93,Partially cloudy,Partly cloudy throughout the day.,partly-cloudy-day,"65210099999,DNMM,65201099999"
Lagos,2010-09-07,29,23.1,25.4,32.7,23.1,26.2,23.4,89,2,100,4.17,rain,,,31.7,27.7,265.4,1014.3,69.2,9.3,114.8,10,4,,2010-09-07T06:38:22,2010-09-07T18:50:34,0.97,"Rain, Partially cloudy",Partly cloudy throughout the day with late afternoon rain.,rain,"65210099999,DNMM,65201099999"
Lagos,2010-09-08,28,22,24.8,31.9,22,25.3,22.9,89.8,105.2,100,8.33,rain,,,31.7,27.7,258.4,1014.2,74.1,9.5,151.6,12.9,5,,2010-09-08T06:38:11,2010-09-08T18:50:03,0,"Rain, Partially cloudy",Partly cloudy throughout the day with rain.,rain,"65210099999,DNMM,remote,65201099999"
Lagos,2010-09-09,28,24,26,31.7,24,27.1,23.4,86.1,1,100,4.17,rain,,,37.1,27.7,255.5,1014.7,70.1,9.9,135.3,11.5,5,,2010-09-09T06:38:01,2010-09-09T18:49:31,0.03,"Rain, Partially cloudy",Partly cloudy throughout the day with morning rain.,rain,"65210099999,DNMM,65201099999"
Lagos,2010-09-10,29,24,25.5,33.5,24,26.4,23.4,89,41.9,100,8.33,rain,,,27.7,32.8,266.1,1014.1,62.7,7.8,96.4,8.3,3,,2010-09-10T06:37:51,2010-09-10T18:49:00,0.07,"Rain, Partially cloudy",Partly cloudy throughout the day with rain.,rain,"65210099999,DNMM,65201099999"
Lagos,2010-09-11,29.6,23,25.4,34.7,23,26.2,23.4,89.4,1,100,4.17,rain,,,40.7,37.1,255,1013.2,71,9.3,216.5,18.7,7,,2010-09-11T06:37:40,2010-09-11T18:48:29,0.1,"Rain, Partially cloudy",Partly cloudy throughout the day with afternoon rain.,rain,"65210099999,DNMM,65201099999"
Lagos,2010-09-12,30.2,23.7,26.2,35.9,23.7,27.7,23.5,85.7,0,0,0,,,,33.5,29.2,248.4,1013.3,68,10.1,245.9,21.4,9,,2010-09-12T06:37:30,2010-09-12T18:47:57,0.13,Partially cloudy,Partly cloudy throughout the day.,partly-cloudy-day,"65210099999,DNMM,65201099999"
Lagos,2010-09-13,30.1,24,26.4,35.6,24,27.9,23.7,85.7,0,0,0,,,,35.3,31.3,241.5,1013.1,64.9,10.3,208.1,17.9,7,,2010-09-13T06:37:19,2010-09-13T18:47:25,0.17,Partially cloudy,Partly cloudy throughout the day.,partly-cloudy-day,"65210099999,DNMM,65201099999"
Lagos,2010-09-14,29.5,24,25.9,33.7,24,26.9,23.6,87.5,7.1,100,8.33,rain,,,37.1,35.3,247.1,1012.8,69.7,9.9,164.2,14.1,6,,2010-09-14T06:37:08,2010-09-14T18:46:54,0.2,"Rain, Partially cloudy",Partly cloudy throughout the day with rain.,rain,"65210099999,DNMM,remote,65201099999"
Lagos,2010-09-15,29.1,24,25.7,33.7,24,26.8,23.2,86.4,0,0,0,,,,40.7,33.5,239.6,1012.9,67.9,10.1,191.4,16.5,7,,2010-09-15T06:36:58,2010-09-15T18:46:22,0.25,Partially cloudy,Partly cloudy throughout the day.,partly-cloudy-day,"65210099999,DNMM,65201099999"
Lagos,2010-09-16,29.1,23,25.2,34.3,23,26,23.1,88.8,2,100,4.17,rain,,,25.9,20.5,243.5,1012.9,59,10.1,239.2,20.6,8,,2010-09-16T06:36:47,2010-09-16T18:45:50,0.27,"Rain, Partially cloudy",Partly cloudy throughout the day with late afternoon rain.,rain,"65210099999,DNMM,65201099999"
Lagos,2010-09-17,30,23.5,26.1,35.1,23.5,27.7,23.5,85.9,5.1,100,8.33,rain,,,37.1,33,251,1012.7,66.6,9.4,101.6,8.8,4,,2010-09-17T06:36:36,2010-09-17T18:45:18,0.3,"Rain, Partially cloudy",Partly cloudy throughout the day with rain in the morning and afternoon.,rain,"65210099999,DNMM,65201099999"
Lagos,2010-09-18,28.2,23.1,25.6,32,23.1,26.4,23.4,88,1,100,4.17,rain,,,33.5,27.5,254.3,1013.7,73.5,10.3,149.7,12.8,5,,2010-09-18T06:36:25,2010-09-18T18:44:46,0.34,"Rain, Partially cloudy",Partly cloudy throughout the day with late afternoon rain.,rain,"65210099999,DNMM,65201099999"
Lagos,2010-09-19,30.4,22.7,25.6,36.2,22.7,27.2,23.2,86.7,5.1,100,4.17,rain,,,37.1,33.5,260.5,1013.4,65.5,10.3,171.5,14.9,6,,2010-09-19T06:36:14,2010-09-19T18:44:14,0.37,"Rain, Partially cloudy",Partly cloudy throughout the day with late afternoon rain.,rain,"65210099999,DNMM,65201099999"
Lagos,2010-09-20,29,23,25.8,33.6,23,27.1,23.1,85.6,2.8,100,4.17,rain,,,38.9,35.3,253.4,1012,65.4,9.6,157,13.6,6,,2010-09-20T06:36:03,2010-09-20T18:43:42,0.4,"Rain, Partially cloudy",Partly cloudy throughout the day with morning rain.,rain,"65210099999,DNMM,remote,65201099999"
Lagos,2010-09-21,31.1,23,26.4,36.4,23,28,23.2,83.8,0.2,100,4.17,rain,,,33.5,29.5,250.3,1011.5,57,10.3,229.9,19.9,8,,2010-09-21T06:35:53,2010-09-21T18:43:10,0.44,"Rain, Partially cloudy",Partly cloudy throughout the day with late afternoon rain.,rain,"65210099999,DNMM,remote,65201099999"
Lagos,2010-09-22,29,24,26.4,34.5,24,28.3,24.1,87.3,4,100,8.33,rain,,,37.1,33.5,249.3,1011.7,68.1,10.2,135.7,11.8,5,,2010-09-22T06:35:42,2010-09-22T18:42:38,0.47,"Rain, Partially cloudy",Partly cloudy throughout the day with rain.,rain,"65210099999,DNMM,remote,65201099999"
Lagos,2010-09-23,29,21,25.8,33.6,21,26.7,23.9,89.8,33.8,100,12.5,rain,,,40.7,37.1,259,1012.3,79.3,8.8,109.1,9.5,4,,2010-09-23T06:35:32,2010-09-23T18:42:07,0.5,"Rain, Partially cloudy",Partly cloudy throughout the day with rain.,rain,"65210099999,DNMM,remote,65201099999"
Lagos,2010-09-24,29,22.1,25.5,33.6,22.1,26.5,23,86.6,46,100,4.17,rain,,,33.5,27.7,241,1013,71.4,9.5,136.6,11.8,5,,2010-09-24T06:35:21,2010-09-24T18:41:35,0.54,"Rain, Partially cloudy",Partly cloudy throughout the day with early morning rain.,rain,"65210099999,DNMM,remote,65201099999"
Lagos,2010-09-25,29.5,23,26,34,23,27.1,23.6,86.8,29,100,4.17,rain,,,22.3,20.5,227.6,1013.8,68.8,9.1,108.5,9.4,4,,2010-09-25T06:35:11,2010-09-25T18:41:04,0.57,"Rain, Partially cloudy",Partly cloudy throughout the day with morning rain.,rain,"65210099999,DNMM,remote,65201099999"
Lagos,2010-09-26,29.8,24,26.6,34.7,24,28.1,23.5,84,0.8,100,12.5,rain,,,25.9,33.5,248,1012.5,74.1,9.8,225,19.4,8,,2010-09-26T06:35:01,2010-09-26T18:40:32,0.61,"Rain, Partially cloudy",Partly cloudy throughout the day with early morning rain.,rain,"65210099999,DNMM,remote,65201099999"
Lagos,2010-09-27,30.4,22,25.3,34.3,22,26,22.9,87.2,23.1,100,4.17,rain,,,31.7,27.7,246.7,1011.7,73.7,9.5,121.7,10.5,4,,2010-09-27T06:34:51,2010-09-27T18:40:01,0.64,"Rain, Partially cloudy",Partly cloudy throughout the day with morning rain.,rain,"DNMM,remote,65201099999"
Lagos,2010-09-28,30.5,24,26.4,36.2,24,28.2,23.6,85.1,4.1,100,4.17,rain,,,29.5,25.9,211.4,1011.7,68.1,10,83.5,7.2,3,,2010-09-28T06:34:41,2010-09-28T18:39:31,0.68,"Rain, Partially cloudy",Partly cloudy throughout the day with morning rain.,rain,"65210099999,DNMM,65201099999"
Lagos,2010-09-29,31,23,26.6,36.2,23,28.8,23.6,84.4,1,100,41.67,rain,,,33.5,27.4,237.3,1011.6,58.7,8.5,196.9,16.8,7,,2010-09-29T06:34:31,2010-09-29T18:39:00,0.71,"Rain, Partially cloudy",Partly cloudy throughout the day with rain.,rain,"65210099999,DNMM,remote,65201099999"
Lagos,2010-09-30,26.9,26.6,26.8,30.2,26.6,28.4,24.6,88,7.3,100,100,rain,,,,15.1,237.5,,76.3,,118.2,10.2,4,,2010-09-30T06:34:22,2010-09-30T18:38:30,0.75,"Rain, Partially cloudy",Partly cloudy throughout the day with a chance of rain throughout the day.,rain,remote
Lagos,2010-10-01,30.2,25.8,27.5,35.9,25.8,29.5,24.1,82.4,4.2,100,41.67,rain,,,24.1,24.1,247.9,1010.1,69.3,10.4,191.4,16.5,7,,2010-10-01T06:34:13,2010-10-01T18:38:00,0.75,"Rain, Partially cloudy",Partly cloudy throughout the day with rain clearing later.,rain,"DNMM,remote,65201099999"
Lagos,2010-10-02,30,23,26.4,35.1,23,28.5,24,87.1,0,0,0,,,,24.1,22.3,238.5,1011,62,10.3,189.4,16.4,6,,2010-10-02T06:34:04,2010-10-02T18:37:30,0.82,Partially cloudy,Partly cloudy throughout the day.,partly-cloudy-day,"65210099999,DNMM,65201099999"
Lagos,2010-10-03,31.8,24,26.5,38.3,24,28.4,24.4,88.7,1,100,4.17,rain,,,25.9,22.3,248.8,1011.2,61.8,9,122.2,10.6,4,,2010-10-03T06:33:56,2010-10-03T18:37:00,0.85,"Rain, Partially cloudy",Partly cloudy throughout the day with late afternoon rain.,rain,"65210099999,DNMM,65201099999"
Lagos,2010-10-04,29.3,23,26,33.7,23,27.4,23.5,87,3.1,100,4.17,rain,,,27.7,46.4,210.2,1012,67.2,8.8,96.9,8.2,3,,2010-10-04T06:33:47,2010-10-04T18:36:31,0.88,"Rain, Partially cloudy",Partly cloudy throughout the day with morning rain.,rain,"65210099999,DNMM,remote,65201099999"
Lagos,2010-10-05,28,24.1,25.8,31.9,24.1,26.7,24.1,90.1,0.4,100,4.17,rain,,,27.7,25.9,235.9,1013,56,8.9,115.5,10.1,4,,2010-10-05T06:33:40,2010-10-05T18:36:03,0.92,"Rain, Partially cloudy",Partly cloudy throughout the day with afternoon rain.,rain,"65210099999,DNMM,65201099999"
Lagos,2010-10-06,28.6,24,25.9,33.9,24,27.3,24.1,90,0,0,0,,,,29.5,29.5,244.1,1013.3,67.8,9.9,90.7,7.9,3,,2010-10-06T06:33:32,2010-10-06T18:35:34,0.95,Partially cloudy,Partly cloudy throughout the day.,partly-cloudy-day,"65210099999,DNMM,65201099999"
Lagos,2010-10-07,30.1,23.4,26.6,35.8,23.4,28.3,23.8,85.4,0.8,100,4.17,rain,,,31.7,33.5,267.5,1014.4,64.5,10,185.7,16,6,,2010-10-07T06:33:25,2010-10-07T18:35:06,0,"Rain, Partially cloudy",Partly cloudy throughout the day with morning rain.,rain,"65210099999,DNMM,remote,65201099999"
Lagos,2010-10-08,31,23,27.1,36.4,23,29.3,23.7,83,1,100,8.33,rain,,,33.5,29.5,251,1014.3,51,9.6,224,19.2,8,,2010-10-08T06:33:18,2010-10-08T18:34:39,0.02,"Rain, Partially cloudy",Partly cloudy throughout the day with rain in the morning and afternoon.,rain,"65210099999,DNMM,remote,65201099999"
Lagos,2010-10-09,30,25,27,36.1,25,29.1,24.5,86.8,7.1,100,4.17,rain,,,31.7,31.3,243.7,1013.9,52.9,9.8,159.7,14,6,,2010-10-09T06:33:11,2010-10-09T18:34:12,0.05,"Rain, Partially cloudy",Partly cloudy throughout the day with afternoon rain.,rain,"65210099999,DNMM,65201099999"
Lagos,2010-10-10,29,22,24.9,34.5,22,25.7,23.5,92.4,13,100,4.17,rain,,,44.6,37.1,188.5,1012.8,59.9,8.7,103.2,8.9,4,,2010-10-10T06:33:05,2010-10-10T18:33:45,0.09,"Rain, Partially cloudy",Partly cloudy throughout the day with late afternoon rain.,rain,"65210099999,DNMM,remote,65201099999"
Lagos,2010-10-11,30.1,21,24.9,33.8,21,25.9,22.2,86.2,0,0,0,,,,31.7,27.5,227.1,1012.1,64.8,8,125.6,10.6,4,,2010-10-11T06:33:00,2010-10-11T18:33:19,0.12,Partially cloudy,Partly cloudy throughout the day.,partly-cloudy-day,"65210099999,DNMM,65201099999"
Lagos,2010-10-12,31.1,22,25.6,36.7,22,27.2,23.1,87,0.8,100,4.17,rain,,,31.7,27.7,179.2,1012.9,63,8.6,242.2,20.7,8,,2010-10-12T06:32:55,2010-10-12T18:32:53,0.15,"Rain, Partially cloudy",Partly cloudy throughout the day with morning rain.,rain,"65210099999,DNMM,65201099999"
Lagos,2010-10-13,30.3,24,26.6,36.2,24,28.7,23.9,85.9,0,0,0,,,,31.7,27.7,235.9,1013.1,67.7,8.1,131.1,11.2,5,,2010-10-13T06:32:50,2010-10-13T18:32:28,0.19,Partially cloudy,Partly cloudy throughout the day.,partly-cloudy-day,"65210099999,DNMM,65201099999"
Lagos,2010-10-14,29.2,22.5,26.4,34.7,22.5,28.5,24.2,88.3,3,100,4.17,rain,,,31.7,24.1,242.4,1013.5,61.2,9.3,138.3,12,5,,2010-10-14T06:32:46,2010-10-14T18:32:04,0.25,"Rain, Partially cloudy",Partly cloudy throughout the day with afternoon rain.,rain,"65210099999,DNMM,65201099999"
Lagos,2010-10-15,30.9,24,27,38,24,29.6,24.1,85.1,0,0,0,,,,27.7,24.1,247.5,1012.3,59.3,9.9,212.6,18.3,7,,2010-10-15T06:32:42,2010-10-15T18:31:40,0.25,Partially cloudy,Partly cloudy throughout the day.,partly-cloudy-day,"65210099999,DNMM,65201099999"
Lagos,2010-10-16,32.5,24,27.6,40.8,24,30.8,24.4,83.6,0,0,0,,,,37.1,33.2,252.4,1011.7,55.1,10.5,129.5,11.1,5,,2010-10-16T06:32:39,2010-10-16T18:31:17,0.28,Partially cloudy,Partly cloudy throughout the day.,partly-cloudy-day,"65210099999,DNMM,65201099999"
Lagos,2010-10-17,30.8,24,27.2,37,24,30,24.3,84.9,0.1,100,4.17,rain,,,31.7,31.3,239.7,1011.4,67.3,9.9,90,7.7,4,,2010-10-17T06:32:36,2010-10-17T18:30:54,0.32,"Rain, Partially cloudy",Partly cloudy throughout the day with afternoon rain.,rain,"65210099999,DNMM,remote,65201099999"
Lagos,2010-10-18,32,24,27.7,37.9,24,30.2,24.1,81.9,0,0,0,,,,33.5,29.5,242.4,1011.4,61.2,10.2,117.5,10.1,4,,2010-10-18T06:32:34,2010-10-18T18:30:32,0.35,Partially cloudy,Partly cloudy throughout the day.,partly-cloudy-day,"65210099999,DNMM,65201099999"
Lagos,2010-10-19,32,25,27.3,37.9,25,29.3,24.2,83.9,0,0,0,,,,37.1,29.2,258.3,1011.4,54.4,10.1,91.8,8,3,,2010-10-19T06:32:33,2010-10-19T18:30:11,0.38,Partially cloudy,Partly cloudy throughout the day.,partly-cloudy-day,"65210099999,DNMM,65201099999"
Lagos,2010-10-20,32.1,24,27.2,38,24,29.5,23.6,81.6,0,0,0,,,,42.5,33.5,248,1011.7,53.7,10.5,87.6,7.5,3,,2010-10-20T06:32:32,2010-10-20T18:29:50,0.41,Partially cloudy,Partly cloudy throughout the day.,partly-cloudy-day,"65210099999,DNMM,65201099999"
Lagos,2010-10-21,30.4,22,25.4,34.3,22,26.1,22.3,84.2,28.1,100,12.5,rain,,,50,27.4,267.8,1012.2,69,9.8,87.5,7.7,3,,2010-10-21T06:32:31,2010-10-21T18:29:30,0.45,"Rain, Partially cloudy",Partly cloudy throughout the day with rain.,rain,"65210099999,DNMM,65201099999"
Lagos,2010-10-22,31,23.1,27,36.1,23.1,28.8,23.2,81.2,0,0,0,,,,37.1,25.9,239.6,1011.9,55.9,10,175.6,15.2,6,,2010-10-22T06:32:32,2010-10-22T18:29:11,0.48,Partially cloudy,Partly cloudy throughout the day.,partly-cloudy-day,"65210099999,DNMM,65201099999"
Lagos,2010-10-23,31.5,24,27,37.9,24,29.3,24,84.2,0,0,0,,,,37.1,33.5,245.2,1011.1,66.8,10.1,171.1,14.8,6,,2010-10-23T06:32:33,2010-10-23T18:28:53,0.5,Partially cloudy,Partly cloudy throughout the day.,partly-cloudy-day,"65210099999,DNMM,65201099999"
Lagos,2010-10-24,30.1,22,24.6,35.2,22,25.3,22.9,90.9,50,100,8.33,rain,,,64.8,46.4,302.1,1011,62.2,9.1,148.6,12.8,5,,2010-10-24T06:32:34,2010-10-24T18:28:35,0.55,"Rain, Partially cloudy",Partly cloudy throughout the day with rain.,rain,"65210099999,DNMM,65201099999"
Lagos,2010-10-25,30.1,22,25.2,33.9,22,26.2,22.5,86.1,0,0,0,,,,20.5,33.5,254.9,1011.1,49.2,8,236.4,20.5,8,,2010-10-25T06:32:36,2010-10-25T18:28:18,0.58,Partially cloudy,Partly cloudy throughout the day.,partly-cloudy-day,"65210099999,DNMM,65201099999"
Lagos,2010-10-26,30.7,22,26.3,39.2,22,28.4,23.5,85.4,0.3,100,8.33,rain,,,25.9,27.7,241.5,1011.3,49.3,8,249.5,21.4,8,,2010-10-26T06:32:39,2010-10-26T18:28:02,0.62,"Rain, Partially cloudy",Partly cloudy throughout the day with early morning rain.,rain,"65210099999,DNMM,remote,65201099999"
Lagos,2010-10-27,29,23.1,25.3,33.6,23.1,26,23.5,89.8,3,100,4.17,rain,,,55.4,51,232,1011.7,65.7,7.7,191.2,16.5,7,,2010-10-27T06:32:43,2010-10-27T18:27:47,0.66,"Rain, Partially cloudy",Partly cloudy throughout the day with late afternoon rain.,rain,"65210099999,DNMM,65201099999"
Lagos,2010-10-28,30,23,26,36.3,23,28.1,23.6,87.2,0,0,0,,,,22.3,22.3,247.6,1011.4,57.1,7.8,168.1,14.5,6,,2010-10-28T06:32:47,2010-10-28T18:27:32,0.69,Partially cloudy,Partly cloudy throughout the day.,partly-cloudy-day,"65210099999,DNMM,65201099999"
Lagos,2010-10-29,28,23,25.2,31.9,23,25.9,23.4,89.7,0,0,0,,,,74.1,44.3,34.2,1011.1,55.6,8.4,104.8,8.9,4,,2010-10-29T06:32:52,2010-10-29T18:27:19,0.73,Partially cloudy,Partly cloudy throughout the day.,partly-cloudy-day,"65210099999,DNMM,65201099999"
Lagos,2010-10-30,32.7,23,26.8,39,23,29.1,23.6,83.7,0,0,0,,,,27.7,27.7,192.1,1011.2,48.6,7.8,107.9,9.4,4,,2010-10-30T06:32:57,2010-10-30T18:27:06,0.75,Partially cloudy,Partly cloudy throughout the day.,partly-cloudy-day,"65210099999,65202099999,DNMM,65201099999"
Lagos,2010-10-31,31.1,24,26.7,38.7,24,29,24.3,87,11.9,100,4.17,rain,,,27.7,27.7,240.9,1012.4,67,9.1,131,11.2,5,,2010-10-31T06:33:04,2010-10-31T18:26:54,0.8,"Rain, Partially cloudy",Partly cloudy throughout the day with afternoon rain.,rain,"65210099999,DNMM,65201099999"
Lagos,2010-11-01,30.4,23,25.9,36.1,23,27.6,23.3,86.4,0.3,100,4.17,rain,,,20.5,44.3,49,1012,64.9,9.7,109.4,9.5,4,,2010-11-01T06:33:11,2010-11-01T18:26:43,0.83,"Rain, Partially cloudy",Partly cloudy throughout the day with afternoon rain.,rain,"65210099999,DNMM,remote,65201099999"
Lagos,2010-11-02,31.7,22,25.9,38.9,22,27.9,23.2,85.6,10.9,100,4.17,rain,,,22.3,22.3,250.8,1010.9,46.4,8.2,119.3,10.3,4,,2010-11-02T06:33:18,2010-11-02T18:26:33,0.87,"Rain, Partially cloudy",Partly cloudy throughout the day with early morning rain.,rain,"65210099999,DNMM,65201099999"
Lagos,2010-11-03,31.3,22,26.5,36.6,22,28.7,22.8,81.2,0.2,100,4.17,rain,,,37.1,27.7,256.2,1010.1,51.3,9.7,216.1,18.7,7,,2010-11-03T06:33:27,2010-11-03T18:26:24,0.9,"Rain, Partially cloudy",Partly cloudy throughout the day with afternoon rain.,rain,"65210099999,DNMM,remote,65201099999"
Lagos,2010-11-04,32.1,23,27.2,38.4,23,30.1,23.7,82,0,0,0,,,,25.9,42.9,235.3,1010.9,53.3,8.8,176.4,15.3,6,,2010-11-04T06:33:36,2010-11-04T18:26:16,0.94,Partially cloudy,Partly cloudy throughout the day.,partly-cloudy-day,"65210099999,DNMM,65201099999"
Lagos,2010-11-05,31.6,24,26.5,39.3,24,28.4,24.1,87.3,8.9,100,4.17,rain,,,33.5,29.5,179.2,1011.6,68.4,9.3,188.5,16.3,6,,2010-11-05T06:33:46,2010-11-05T18:26:08,0.97,"Rain, Partially cloudy",Partly cloudy throughout the day with late afternoon rain.,rain,"65210099999,DNMM,remote,65201099999"
Lagos,2010-11-06,30.1,23,25.8,35.6,23,27.3,23.3,86.9,17,100,8.33,rain,,,,0.3,358.1,1011.9,56.2,9,137.4,11.7,5,,2010-11-06T06:33:57,2010-11-06T18:26:02,0,"Rain, Partially cloudy",Partly cloudy throughout the day with rain.,rain,"65210099999,DNMM,65201099999"
Lagos,2010-11-07,30.5,24,26.8,36.5,24,29,23.8,84.4,0.1,100,4.17,rain,,,37.1,33.5,255.8,1011.8,59.2,8.9,129.2,11.2,5,,2010-11-07T06:34:08,2010-11-07T18:25:57,0.04,"Rain, Partially cloudy",Partly cloudy throughout the day with afternoon rain.,rain,"65210099999,DNMM,65201099999"
Lagos,2010-11-08,32,23,26.9,39.2,23,29.4,24,85.3,0,0,0,,,,31.7,18.4,257.6,1011.1,56.6,9.2,148.3,12.7,5,,2010-11-08T06:34:20,2010-11-08T18:25:52,0.07,Partially cloudy,Partly cloudy throughout the day.,partly-cloudy-day,"65210099999,DNMM,65201099999"
Lagos,2010-11-09,31.2,24.1,27.3,38.5,24.1,30.1,24.4,85.1,0,0,0,,,,33.5,29.5,248.5,1009.8,56.5,9.3,232.7,20.1,8,,2010-11-09T06:34:33,2010-11-09T18:25:49,0.1,Partially cloudy,Partly cloudy throughout the day.,partly-cloudy-day,"65210099999,DNMM,65201099999"
Lagos,2010-11-10,31.9,24,27.7,39.6,24,31.1,24.5,83.5,0.2,100,8.33,rain,,,14.8,30.6,240.3,1011.4,61.3,10.2,228.7,19.8,8,,2010-11-10T06:34:47,2010-11-10T18:25:46,0.14,"Rain, Partially cloudy",Partly cloudy throughout the day with rain in the morning and afternoon.,rain,"65210099999,DNMM,remote,65201099999"
Lagos,2010-11-11,32.1,24,27.2,39.3,24,30.1,24.5,86,7.9,100,4.17,rain,,,22.3,22.3,251.8,1013,68,8.7,200.6,17.4,7,,2010-11-11T06:35:01,2010-11-11T18:25:45,0.17,"Rain, Partially cloudy",Partly cloudy throughout the day with early morning rain.,rain,"65210099999,DNMM,remote,65201099999"
Lagos,2010-11-12,31.1,25,28,40.8,25,32.4,25.6,87.1,0,0,0,,,,31.7,27.7,252.6,1010.6,67.8,8.5,80.6,6.9,3,,2010-11-12T06:35:17,2010-11-12T18:25:44,0.2,Partially cloudy,Partly cloudy throughout the day.,partly-cloudy-day,"65210099999,DNMM,65201099999"
Lagos,2010-11-13,32.9,21,27.3,40.8,21,30.6,24.2,84.5,7.9,100,4.17,rain,,,98.3,42.5,236.8,1009,74.9,10,207.4,17.9,7,,2010-11-13T06:35:33,2010-11-13T18:25:45,0.25,"Rain, Partially cloudy",Partly cloudy throughout the day with late afternoon rain.,rain,"65210099999,DNMM,remote,65201099999"
Lagos,2010-11-14,31.1,23.8,27.6,38.3,23.8,31,24.3,82.8,1.5,100,25,rain,,,37.1,27.4,231.8,1010.9,66.5,9.1,184.1,16,6,,2010-11-14T06:35:49,2010-11-14T18:25:46,0.27,"Rain, Partially cloudy",Partly cloudy throughout the day with rain clearing later.,rain,"65210099999,DNMM,remote,65201099999"
Lagos,2010-11-15,31.4,23,26.9,39.3,23,29.5,23.7,83.3,0.3,100,4.17,rain,,,20.5,22.3,242.5,1011.9,66.9,9.1,188.5,16.3,6,,2010-11-15T06:36:06,2010-11-15T18:25:49,0.3,"Rain, Partially cloudy",Partly cloudy throughout the day with morning rain.,rain,"65210099999,DNMM,remote,65201099999"
Lagos,2010-11-16,32,23,26.5,39.2,23,28.7,23.8,86.2,34,100,4.17,rain,,,25.9,20.5,240.6,1012.3,69.8,7.8,116.4,9.9,4,,2010-11-16T06:36:24,2010-11-16T18:25:52,0.33,"Rain, Partially cloudy",Partly cloudy throughout the day with late afternoon rain.,rain,"65210099999,DNMM,remote,65201099999"
Lagos,2010-11-17,33,23.4,27.3,39.1,23.4,30,24,83.2,0.2,100,4.17,rain,,,35.3,31.3,234.8,1011.1,61.5,9.4,108.7,9.2,4,,2010-11-17T06:36:43,2010-11-17T18:25:57,0.36,"Rain, Partially cloudy",Partly cloudy throughout the day with afternoon rain.,rain,"65210099999,DNMM,remote,65201099999"
Lagos,2010-11-18,31.9,24.6,27.7,38.5,24.6,31,24.6,83.9,7.9,100,4.17,rain,,,31.7,29.5,237.4,1010.5,69.3,9.8,98.7,8.5,3,,2010-11-18T06:37:03,2010-11-18T18:26:02,0.39,"Rain, Partially cloudy",Partly cloudy throughout the day with afternoon rain.,rain,"65210099999,DNMM,remote,65201099999"
Lagos,2010-11-19,31,23,26.7,37.7,23,29.2,23.8,84.8,0,0,0,,,,13,24.1,262.9,1010.7,63.6,9.9,121.5,10.4,4,,2010-11-19T06:37:23,2010-11-19T18:26:08,0.43,Partially cloudy,Partly cloudy throughout the day.,partly-cloudy-day,"65210099999,DNMM,65201099999"
Lagos,2010-11-20,32.1,22,26.7,38.2,22,29.5,23.3,82.3,0,0,0,,,,14.8,55.4,209.6,1010.7,56.2,9.7,197.2,17.1,7,,2010-11-20T06:37:44,2010-11-20T18:26:16,0.46,Partially cloudy,Partly cloudy throughout the day.,wind,"65210099999,DNMM,65201099999"
Lagos,2010-11-21,32,22,25.4,38.2,22,27.4,22.7,85.7,10.2,100,8.33,rain,,,25.9,27.7,269.8,1009.6,59.7,8.6,107.7,9.2,4,,2010-11-21T06:38:05,2010-11-21T18:26:24,0.5,"Rain, Partially cloudy",Partly cloudy throughout the day with rain.,rain,"65210099999,DNMM,65201099999"
Lagos,2010-11-22,31,22,25.9,36.6,22,27.6,23.1,85.5,2,100,4.17,rain,,,24.1,20.5,170.6,1009.2,42.7,9.8,122.4,10.7,4,,2010-11-22T06:38:27,2010-11-22T18:26:33,0.53,"Rain, Partially cloudy",Partly cloudy throughout the day with morning rain.,rain,"65210099999,DNMM,65201099999"
Lagos,2010-11-23,31.4,23,26.8,38.7,23,29.2,23.8,84.6,0,0,0,,,,31.7,27.7,239,1009.5,55.1,8.9,104.8,8.9,4,,2010-11-23T06:38:50,2010-11-23T18:26:44,0.56,Partially cloudy,Partly cloudy throughout the day.,partly-cloudy-day,"65210099999,DNMM,65201099999"
Lagos,2010-11-24,32.2,23,27.2,39.9,23,30,24.2,84.7,0,0,0,,,,33.5,25.9,259.8,1009.6,47.2,8.3,155.3,13.4,5,,2010-11-24T06:39:13,2010-11-24T18:26:55,0.6,Partially cloudy,Partly cloudy throughout the day.,partly-cloudy-day,"65210099999,DNMM,65201099999"
Lagos,2010-11-25,33,23,27.3,39.2,23,30.1,24.2,84.5,0,0,0,,,,27.7,22.3,234.4,1009.7,50.1,8.7,126.9,10.9,5,,2010-11-25T06:39:37,2010-11-25T18:27:07,0.63,Partially cloudy,Partly cloudy throughout the day.,partly-cloudy-day,"65210099999,DNMM,65201099999"
Lagos,2010-11-26,32.9,24,27.9,41.5,24,31.5,24.9,84.7,0,0,0,,,,31.7,24.1,258.8,1009.8,60.5,9.2,90.7,7.8,3,,2010-11-26T06:40:01,2010-11-26T18:27:20,0.67,Partially cloudy,Partly cloudy throughout the day.,partly-cloudy-day,"65210099999,DNMM,65201099999"
Lagos,2010-11-27,31.4,26,27.6,40,26,30.5,24.7,84.4,0,0,0,,,,22.3,24.1,261.1,1010.2,53.6,9,143.4,12.4,6,,2010-11-27T06:40:27,2010-11-27T18:27:34,0.7,Partially cloudy,Partly cloudy throughout the day.,partly-cloudy-day,"65210099999,DNMM,65201099999"
Lagos,2010-11-28,31.8,24,27.5,38.1,24,29.8,24.1,82.8,0,0,0,,,,24.1,22.3,217.3,1011.6,54.5,10.2,217.7,18.8,8,,2010-11-28T06:40:52,2010-11-28T18:27:49,0.75,Partially cloudy,Partly cloudy throughout the day.,partly-cloudy-day,"65210099999,DNMM,65201099999"
Lagos,2010-11-29,31.6,24,27.5,39.1,24,30.8,24.6,85,0,0,0,,,,37.1,33.5,239.4,1010.7,51.3,9.2,208.1,18,7,,2010-11-29T06:41:18,2010-11-29T18:28:05,0.78,Partially cloudy,Partly cloudy throughout the day.,partly-cloudy-day,"65210099999,DNMM,65201099999"
Lagos,2010-11-30,32.6,24,27.7,40.1,24,30.7,24.5,83.8,0,0,0,,,,40.7,33.5,255.2,1010.6,56.5,9.7,210.2,18.1,8,,2010-11-30T06:41:45,2010-11-30T18:28:22,0.81,Partially cloudy,Partly cloudy throughout the day.,partly-cloudy-day,"65210099999,DNMM,65201099999"
Lagos,2010-12-01,32,24,26.9,37.7,24,28.9,24.2,86.1,0,0,0,,,,18.4,20.5,255.8,1009.7,51.2,8.8,177.1,15.4,6,,2010-12-01T06:42:12,2010-12-01T18:28:39,0.85,Partially cloudy,Partly cloudy throughout the day.,partly-cloudy-day,"65210099999,DNMM,65201099999"
Lagos,2010-12-02,32.6,24,27.1,39.2,24,29.4,23.8,83.6,0,0,0,,,,24.1,16.6,248.3,1009.4,57.5,8.3,203.3,17.5,7,,2010-12-02T06:42:39,2010-12-02T18:28:58,0.88,Partially cloudy,Partly cloudy throughout the day.,partly-cloudy-day,"65210099999,DNMM,65201099999"
Lagos,2010-12-03,32,23,26.4,38.9,23,28.5,23.9,86.9,7.1,100,4.17,rain,,,18.4,22.3,248,1010.3,53.9,8.6,240,20.8,9,,2010-12-03T06:43:07,2010-12-03T18:29:17,0.92,"Rain, Partially cloudy",Partly cloudy throughout the day with late afternoon rain.,rain,"65210099999,DNMM,65201099999"
Lagos,2010-12-04,33.2,24,27.5,40.3,24,31,24.6,85.1,0.3,100,4.17,rain,,,18.4,22.3,246.9,1010.3,45.2,8.3,224.4,19.4,8,,2010-12-04T06:43:35,2010-12-04T18:29:37,0.95,"Rain, Partially cloudy",Partly cloudy throughout the day with early morning rain.,rain,"65210099999,DNMM,remote,65201099999"
Lagos,2010-12-05,31.1,25,27.8,36.5,25,31,24.9,85.6,0,0,0,,,,27.7,24.1,262.5,1010.7,51.3,8.7,108.8,9.3,4,,2010-12-05T06:44:04,2010-12-05T18:29:58,0,Partially cloudy,Partly cloudy throughout the day.,partly-cloudy-day,"65210099999,DNMM,65201099999"
Lagos,2010-12-06,32.6,24.6,27.2,39.4,24.6,29.5,24.5,85.7,7.9,100,4.17,rain,,,27.7,25.9,237.4,1010.8,56.5,8.9,191.1,16.4,7,,2010-12-06T06:44:33,2010-12-06T18:30:19,0.02,"Rain, Partially cloudy",Partly cloudy throughout the day with late afternoon rain.,rain,"65210099999,DNMM,remote,65201099999"
Lagos,2010-12-07,30.5,23,25.2,36.2,23,26,23.6,91.4,18,100,4.17,rain,,,18.4,40.7,203.6,1010.8,70.9,7.1,130.8,11.4,4,,2010-12-07T06:45:02,2010-12-07T18:30:41,0.06,"Rain, Partially cloudy",Partly cloudy throughout the day with late afternoon rain.,rain,"65210099999,DNMM,65201099999"
Lagos,2010-12-08,32.1,23,26.7,38.8,23,28.8,23.8,85.2,0,0,0,,,,27.7,25.9,246.6,1011.1,55.1,6.2,147.5,12.8,5,,2010-12-08T06:45:31,2010-12-08T18:31:04,0.09,Partially cloudy,Partly cloudy throughout the day.,partly-cloudy-day,"65210099999,DNMM,65201099999"
Lagos,2010-12-09,32.3,24,26.9,38.8,24,28.4,23,81.5,0,0,0,,,,25.9,27.7,130.7,1011.1,42.7,5.7,246,21.3,8,,2010-12-09T06:46:01,2010-12-09T18:31:28,0.12,Partially cloudy,Partly cloudy throughout the day.,partly-cloudy-day,"65210099999,DNMM,remote,65201099999"
Lagos,2010-12-10,33,22,26.5,38.2,22,27.8,22.4,81.4,0,0,0,,,,33.5,29.5,227.7,1011.4,37.3,4.5,252.9,21.9,9,,2010-12-10T06:46:31,2010-12-10T18:31:52,0.15,Partially cloudy,Partly cloudy throughout the day.,partly-cloudy-day,"65210099999,DNMM,65201099999"
Lagos,2010-12-11,33,22,26.2,35.4,22,27.4,22.3,81.9,0,0,0,,,,25.9,18.4,257.7,1009.9,33,4.6,252.6,21.7,9,,2010-12-11T06:47:01,2010-12-11T18:32:17,0.18,Partially cloudy,Partly cloudy throughout the day.,partly-cloudy-day,"DNMM,65201099999"
Lagos,2010-12-12,32,22.5,26.5,36.6,22.5,28,22.9,82.3,0,0,0,,,,25.9,22.3,242.8,1008.5,40.8,7.1,251.7,21.8,9,,2010-12-12T06:47:31,2010-12-12T18:32:43,0.22,Partially cloudy,Partly cloudy throughout the day.,partly-cloudy-day,"65210099999,DNMM,remote,65201099999"
Lagos,2010-12-13,32.1,22,26.4,39,22,28.3,23,82.8,0,0,0,,,,25.9,32.6,236.5,1008,48.6,6,245.8,21.1,9,,2010-12-13T06:48:02,2010-12-13T18:33:09,0.25,Partially cloudy,Partly cloudy throughout the day.,partly-cloudy-day,"65210099999,DNMM,65201099999"
Lagos,2010-12-14,32.2,22,26.9,39.2,22,29.5,23.4,82.1,0,0,0,,,,13,18.4,244.8,1009.3,43.5,6.2,241.1,20.8,8,,2010-12-14T06:48:32,2010-12-14T18:33:35,0.28,Partially cloudy,Partly cloudy throughout the day.,partly-cloudy-day,"DNMM,remote,65201099999"
Lagos,2010-12-15,33.1,23,27.5,42.6,23,30.2,23.6,81.2,0,0,0,,,,9.4,20.5,238.4,1009.9,42.8,6.3,234.1,20.2,8,,2010-12-15T06:49:03,2010-12-15T18:34:02,0.31,Partially cloudy,Partly cloudy throughout the day.,partly-cloudy-day,"65210099999,DNMM,65201099999"
Lagos,2010-12-16,33.1,23,27.4,40.3,23,30.3,24.3,84.1,0,0,0,,,,24.1,20.5,246.6,1009.2,41.9,6,184,15.9,6,,2010-12-16T06:49:33,2010-12-16T18:34:30,0.34,Partially cloudy,Partly cloudy throughout the day.,partly-cloudy-day,"65210099999,DNMM,65201099999"
Lagos,2010-12-17,35,23.9,27.4,39.8,23.9,29.9,24,83.6,0,0,0,,,,20.5,22.3,243.1,1008.1,37,5.7,177.9,15.5,6,,2010-12-17T06:50:03,2010-12-17T18:34:58,0.38,Partially cloudy,Partly cloudy throughout the day.,partly-cloudy-day,"65210099999,DNMM,65201099999"
Lagos,2010-12-18,33.3,24,27.8,39.7,24,30.8,24.1,81.8,0,0,0,,,,31.7,27.7,240.8,1008.4,48.6,5.7,133.9,11.6,5,,2010-12-18T06:50:34,2010-12-18T18:35:26,0.41,Partially cloudy,Partly cloudy throughout the day.,partly-cloudy-day,"65210099999,DNMM,65201099999"
Lagos,2010-12-19,33.1,23.1,27.8,38.7,23.1,31,24,81.6,0,0,0,,,,29.5,29.5,242.1,1010.1,41.9,6.7,185.9,16,7,,2010-12-19T06:51:04,2010-12-19T18:35:55,0.44,Partially cloudy,Partly cloudy throughout the day.,partly-cloudy-day,"DNMM,65201099999"
Lagos,2010-12-20,33.6,25,28.5,41.9,25,32.7,25.1,83,0,0,0,,,,14.8,227.9,243.3,1011.2,46.7,6.9,179.4,15.4,7,,2010-12-20T06:51:34,2010-12-20T18:36:25,0.47,Partially cloudy,Partly cloudy throughout the day.,wind,"65210099999,DNMM,remote,65201099999"
Lagos,2010-12-21,34,25.1,28.3,39.4,25.1,31.9,25,83.6,0,0,0,,,,22.3,25.9,256.4,1010.5,49.8,7.1,166.8,14.3,6,,2010-12-21T06:52:04,2010-12-21T18:36:54,0.5,Partially cloudy,Partly cloudy throughout the day.,partly-cloudy-day,"65210099999,DNMM,65201099999"
Lagos,2010-12-22,32.1,25,26.9,38.6,25,28.8,24.7,88.4,24.9,100,4.17,rain,,,22.3,40.7,178.7,1010.5,53.8,6.5,115.4,9.9,4,,2010-12-22T06:52:34,2010-12-22T18:37:24,0.54,"Rain, Partially cloudy",Partly cloudy throughout the day with late afternoon rain.,rain,"65210099999,DNMM,remote,65201099999"
Lagos,2010-12-23,32,24,26.5,36.8,24,28.4,23.7,85.8,19.1,100,4.17,rain,,,22.3,18.2,248.4,1010.3,50.4,6.3,191,16.8,7,,2010-12-23T06:53:04,2010-12-23T18:37:54,0.58,"Rain, Partially cloudy",Partly cloudy throughout the day with late afternoon rain.,rain,"65210099999,DNMM,65201099999"
Lagos,2010-12-24,32,22.8,26.5,37.9,22.8,28.7,23.6,84.9,0,0,0,,,,25.9,24.1,269,1009.9,52.3,5.8,148.7,12.9,6,,2010-12-24T06:53:33,2010-12-24T18:38:24,0.61,Partially cloudy,Partly cloudy throughout the day.,partly-cloudy-day,"65210099999,DNMM,65201099999"
Lagos,2010-12-25,32,23,26.6,37.4,23,28.8,23.6,85,0,0,0,,,,22.3,24.1,249.3,1010.8,39.2,4.9,195.4,16.9,7,,2010-12-25T06:54:02,2010-12-25T18:38:55,0.65,Partially cloudy,Partly cloudy throughout the day.,partly-cloudy-day,"65210099999,DNMM,65201099999"
Lagos,2010-12-26,32,20,27.1,38.2,20,30.1,24.1,84.1,0.3,100,8.33,rain,,,24.1,22.3,250.7,1010.5,51.1,7.3,148.7,12.8,6,,2010-12-26T06:54:31,2010-12-26T18:39:25,0.68,"Rain, Partially cloudy",Partly cloudy throughout the day with morning rain.,rain,"65210099999,DNMM,remote,65201099999"
Lagos,2010-12-27,32.1,25.3,28.1,39.5,25.3,32,24.9,83.5,0,0,0,,,,20.5,20.5,240.6,1009.8,52.3,7.7,137.7,11.9,5,,2010-12-27T06:54:59,2010-12-27T18:39:56,0.72,Partially cloudy,Partly cloudy throughout the day.,partly-cloudy-day,"65210099999,DNMM,65201099999"
Lagos,2010-12-28,31.5,24.3,27.2,38.1,24.3,29.6,24.4,85.5,0,0,0,,,,22.3,22.3,251.9,1008.9,47,7.1,125.4,10.7,4,,2010-12-28T06:55:27,2010-12-28T18:40:27,0.75,Partially cloudy,Partly cloudy throughout the day.,partly-cloudy-day,"65210099999,DNMM,65201099999"
Lagos,2010-12-29,31,23,26.4,36.2,23,28.7,23.9,87.2,0,0,0,,,,16.6,22.3,239.1,1009.5,53.3,5.9,165.4,14.3,6,,2010-12-29T06:55:55,2010-12-29T18:40:58,0.79,Partially cloudy,Partly cloudy throughout the day.,partly-cloudy-day,"65210099999,DNMM,remote,65201099999"
Lagos,2010-12-30,31.1,22,26,31.6,22,26.3,19.7,71.6,0,0,0,,,,25.9,24.1,53.1,1010.2,45.1,4.6,149.1,12.8,5,,2010-12-30T06:56:22,2010-12-30T18:41:29,0.82,Partially cloudy,Partly cloudy throughout the day.,partly-cloudy-day,"65210099999,DNMM,remote,65201099999"
Lagos,2010-12-31,32.4,19,24.8,30.7,19,24.4,15.3,61.8,0,0,0,,,,24.1,24.1,46.1,1009.4,23.4,4,228.6,19.9,8,,2010-12-31T06:56:49,2010-12-31T18:42:00,0.86,Partially cloudy,Partly cloudy throughout the day.,partly-cloudy-day,"65210099999,DNMM,65201099999"
