name,datetime,tempmax,tempmin,temp,feelslikemax,feelslikemin,feelslike,dew,humidity,precip,precipprob,precipcover,preciptype,snow,snowdepth,windgust,windspeed,winddir,sealevelpressure,cloudcover,visibility,solarradiation,solarenergy,uvindex,severerisk,sunrise,sunset,moonphase,conditions,description,icon,stations
Lagos,2014-01-01,32,23,27.9,37.9,23,31.1,23.2,76,0.5,100,20.83,rain,,,33.5,29.5,197,1011.2,40.7,8.7,198.3,17.2,7,,2014-01-01T06:57:21,2014-01-01T18:42:39,0,"Rain, Partially cloudy",Partly cloudy throughout the day with early morning rain.,rain,"65210099999,DNMM,remote,65201099999"
Lagos,2014-01-02,30.5,23.8,26.1,36.2,23.8,27.4,22.1,79.3,12,100,4.17,rain,,,9.4,16.6,215.7,1010.7,43.1,6.6,221.5,19.1,8,,2014-01-02T06:57:47,2014-01-02T18:43:09,0.03,"Rain, Partially cloudy",Partly cloudy throughout the day with late afternoon rain.,rain,"65210099999,65213099999,DNMM,65201099999"
Lagos,2014-01-03,32.8,24,27.2,41.9,24,30,24.6,86.9,0,0,0,,,,25.9,18.4,297.5,1010.8,32.9,6.6,191,16.6,7,,2014-01-03T06:58:11,2014-01-03T18:43:40,0.07,Partially cloudy,Partly cloudy throughout the day.,partly-cloudy-day,"65210099999,DNMM,65201099999"
Lagos,2014-01-04,32.5,23,26.7,38.3,23,28.6,23.1,81.9,0.1,100,4.17,rain,,,20.5,16.6,258.8,1011.4,51.2,6.8,198.2,17.4,7,,2014-01-04T06:58:36,2014-01-04T18:44:11,0.1,"Rain, Partially cloudy",Partly cloudy throughout the day with morning rain.,rain,"65210099999,DNMM,remote,65201099999"
Lagos,2014-01-05,31,22,26.1,37.7,22,27.9,22.1,79.1,0,0,0,,,,16.6,13,232.7,1011.4,47.5,7,216.1,18.7,8,,2014-01-05T06:58:59,2014-01-05T18:44:41,0.14,Partially cloudy,Partly cloudy throughout the day.,partly-cloudy-day,"65210099999,DNMM,65201099999"
Lagos,2014-01-06,31.7,23,26.5,39,23,28.5,23.6,84.9,0.3,100,8.33,rain,,,22.3,18.4,259.9,1010.5,31.7,6.1,197.8,17.1,7,,2014-01-06T06:59:22,2014-01-06T18:45:11,0.17,"Rain, Partially cloudy",Partly cloudy throughout the day with rain.,rain,"DNMM,remote,65201099999"
Lagos,2014-01-07,31.8,24,26.5,39.6,24,28.6,22.7,79.9,1,100,33.33,rain,,,25.9,22.3,235.4,1011.3,32,5.5,214.6,18.7,8,,2014-01-07T06:59:45,2014-01-07T18:45:41,0.2,"Rain, Partially cloudy",Partly cloudy throughout the day with rain.,rain,"65210099999,DNMM,remote,65201099999"
Lagos,2014-01-08,27.7,26.5,27,30.7,26.5,29.2,24,83.5,3.6,100,66.67,rain,,,,15.8,187.6,,1.2,,219.7,19,8,,2014-01-08T07:00:06,2014-01-08T18:46:10,0.25,Rain,Clear conditions throughout the day with a chance of rain throughout the day.,rain,remote
Lagos,2014-01-09,31,26,27.4,37.7,26,29.8,24,82.2,2.4,100,54.17,rain,,,18.4,16.2,199.5,1010.4,20.9,7.7,232.6,20.2,9,,2014-01-09T07:00:27,2014-01-09T18:46:40,0.27,"Rain, Partially cloudy",Becoming cloudy in the afternoon with a chance of rain throughout the day.,rain,"65210099999,DNMM,remote,65201099999"
Lagos,2014-01-10,28.1,26.8,27.3,31.4,29.7,30.4,24.1,83,7.2,100,91.67,rain,,,,14,206.6,,83,,198.2,17.2,7,,2014-01-10T07:00:47,2014-01-10T18:47:09,0.31,"Rain, Partially cloudy",Partly cloudy throughout the day with a chance of rain throughout the day.,rain,remote
Lagos,2014-01-11,27.9,26.8,27.2,31.6,29.8,30.6,24.4,84.7,0.1,100,4.17,rain,,,,14.4,194.3,,93.2,,195.3,16.9,7,,2014-01-11T07:01:06,2014-01-11T18:47:37,0.34,"Rain, Overcast",Cloudy skies throughout the day with early morning rain.,rain,remote
Lagos,2014-01-12,27.9,26.7,27.2,30.8,26.7,30.1,24,82.8,0,0,0,,,,,12.6,199.5,,67.9,,214,18.6,8,,2014-01-12T07:01:25,2014-01-12T18:48:06,0.37,Partially cloudy,Partly cloudy throughout the day.,partly-cloudy-day,remote
Lagos,2014-01-13,28.3,26,27.2,31.8,26,30.2,24,83,0,0,0,,,,,14.8,213.2,1013.3,78.4,6.7,204.1,17.6,7,,2014-01-13T07:01:43,2014-01-13T18:48:33,0.41,Partially cloudy,Partly cloudy throughout the day.,partly-cloudy-day,"DNMM,remote,65201099999"
Lagos,2014-01-14,28,23,26.4,31.8,23,28.5,24,87.1,0,0,0,,,,9.4,16.2,231.3,1012.8,57.7,4.1,173.7,15,6,,2014-01-14T07:02:00,2014-01-14T18:49:01,0.44,Partially cloudy,Partly cloudy throughout the day.,partly-cloudy-day,"DNMM,remote,65201099999"
Lagos,2014-01-15,27.8,27.1,27.4,31.6,30.5,31.1,24.5,84.2,0,0,0,,,,,16.9,208.7,,48.1,,179.4,15.6,6,,2014-01-15T07:02:16,2014-01-15T18:49:28,0.47,Partially cloudy,Partly cloudy throughout the day.,partly-cloudy-day,remote
Lagos,2014-01-16,32.9,27,27.8,39.9,30.4,31.8,24.8,84.4,0.3,100,12.5,rain,,,20.5,16.9,207.2,1010.8,51.2,8.1,189.5,16.2,6,,2014-01-16T07:02:31,2014-01-16T18:49:54,0.5,"Rain, Partially cloudy",Partly cloudy throughout the day with rain.,rain,"65210099999,remote,65201099999"
Lagos,2014-01-17,31.7,25.4,27.5,37.3,25.4,31.1,25,86.8,13,100,4.17,rain,,,18.4,18.4,224.9,1011.9,81.9,6,138.4,12,5,,2014-01-17T07:02:45,2014-01-17T18:50:20,0.54,"Rain, Partially cloudy",Partly cloudy throughout the day with afternoon rain.,rain,"65210099999,remote,65201099999"
Lagos,2014-01-18,32.2,24.6,27.6,39.3,24.6,31.5,25.1,86.6,1,100,41.67,rain,,,31.7,25.9,239.3,1011.6,75.4,6.6,165.1,14.3,6,,2014-01-18T07:02:59,2014-01-18T18:50:45,0.58,"Rain, Partially cloudy",Partly cloudy throughout the day with a chance of rain throughout the day.,rain,"65210099999,remote,65201099999"
Lagos,2014-01-19,35.4,24.4,28,44,24.4,31.9,24.8,83.5,1.1,100,45.83,rain,,,29.5,25.9,254.3,1011.6,80.9,7.9,118.9,10.2,4,,2014-01-19T07:03:11,2014-01-19T18:51:10,0.61,"Rain, Partially cloudy",Partly cloudy throughout the day with a chance of rain throughout the day.,rain,"65210099999,remote,65201099999"
Lagos,2014-01-20,32.6,25.6,27.6,39.6,25.6,30.7,24.3,83.2,0.6,100,25,rain,,,33.5,25.9,245.1,1011.8,65.1,9,138.3,11.8,5,,2014-01-20T07:03:23,2014-01-20T18:51:35,0.64,"Rain, Partially cloudy",Partly cloudy throughout the day with rain.,rain,"65210099999,DNMM,remote,65201099999"
Lagos,2014-01-21,32.8,24,27.2,40.6,24,30.2,24.4,85.5,0.6,100,8.33,rain,,,33.5,29.5,250.9,1011.4,59.2,7.7,202.5,17.6,8,,2014-01-21T07:03:34,2014-01-21T18:51:58,0.68,"Rain, Partially cloudy",Partly cloudy throughout the day with afternoon rain.,rain,"65210099999,DNMM,remote,65201099999"
Lagos,2014-01-22,30.5,25,26.9,37.2,25,29.3,24.6,87.9,0.4,100,4.17,rain,,,29.5,25.9,255.8,1010.7,50.3,8.7,118,10.3,4,,2014-01-22T07:03:44,2014-01-22T18:52:22,0.71,"Rain, Partially cloudy",Partly cloudy throughout the day with late afternoon rain.,rain,"65210099999,DNMM,65201099999"
Lagos,2014-01-23,32.1,24,27.2,39.8,24,30.1,24.7,86.5,0,0,0,,,,33.5,29.5,260.4,1010.1,47.9,8.7,143.3,12.4,5,,2014-01-23T07:03:53,2014-01-23T18:52:44,0.75,Partially cloudy,Partly cloudy throughout the day.,partly-cloudy-day,"65210099999,DNMM,65201099999"
Lagos,2014-01-24,31.3,24,27.1,37.7,24,29.5,24.5,86.5,1,100,8.33,rain,,,31.7,27.7,256.8,1009.9,50.1,8.4,69.3,6,2,,2014-01-24T07:04:01,2014-01-24T18:53:06,0.75,"Rain, Partially cloudy",Partly cloudy throughout the day with rain.,rain,"65210099999,DNMM,remote,65201099999"
Lagos,2014-01-25,33.2,21,26.6,39.3,21,28.9,23.4,83.4,46,100,8.33,rain,,,44.6,40.7,230.6,1010.1,51.9,8.1,111.7,9.4,4,,2014-01-25T07:04:08,2014-01-25T18:53:27,0.81,"Rain, Partially cloudy",Partly cloudy throughout the day with rain clearing later.,rain,"DNMM,remote,65201099999"
Lagos,2014-01-26,32,23,26.9,39.2,23,29.4,23.9,84.5,0,0,0,,,,22.3,24.1,258.3,1010.8,52.3,8.7,76.8,6.6,3,,2014-01-26T07:04:14,2014-01-26T18:53:48,0.85,Partially cloudy,Partly cloudy throughout the day.,partly-cloudy-day,"DNMM,remote,65201099999"
Lagos,2014-01-27,34,23,27.7,43.5,23,31.4,24.2,82.3,0,0,0,,,,31.7,27.7,257.9,1010,43.1,8.2,125.3,10.9,5,,2014-01-27T07:04:19,2014-01-27T18:54:08,0.88,Partially cloudy,Partly cloudy throughout the day.,partly-cloudy-day,"65210099999,DNMM,65201099999"
Lagos,2014-01-28,33,24,28.1,42.1,24,32.7,25.3,85.6,0,0,0,,,,31.7,27.7,256.2,1008.8,54.5,8.6,210.8,18.2,8,,2014-01-28T07:04:23,2014-01-28T18:54:27,0.92,Partially cloudy,Partly cloudy throughout the day.,partly-cloudy-day,"65210099999,DNMM,remote,65201099999"
Lagos,2014-01-29,34,25,28.4,42,25,32.6,25,82.8,0,0,0,,,,35.3,31.5,251.5,1009.3,65.7,9,183.7,15.9,7,,2014-01-29T07:04:26,2014-01-29T18:54:46,0.95,Partially cloudy,Partly cloudy throughout the day.,partly-cloudy-day,"65210099999,DNMM,remote,65201099999"
Lagos,2014-01-30,31,24,27.2,39.1,24,30.6,24.3,84.5,0,0,0,,,,25.9,24.1,249.5,1009.8,66.4,8.8,89.8,7.7,3,,2014-01-30T07:04:28,2014-01-30T18:55:04,0,Partially cloudy,Partly cloudy throughout the day.,partly-cloudy-day,"65210099999,DNMM,remote,65201099999"
Lagos,2014-01-31,30.9,27,28.3,37.7,30.6,33.2,25.2,83.6,0,0,0,,,,27.7,24.1,256,1010.4,62.2,9.8,149.4,12.7,6,,2014-01-31T07:04:30,2014-01-31T18:55:21,0.02,Partially cloudy,Partly cloudy throughout the day.,partly-cloudy-day,"DNMM,remote,65201099999"
Lagos,2014-02-01,31.7,25,27.2,35.8,25,29.3,23.9,83.3,0,0,0,,,,22.3,18.4,258.4,1010.7,39.9,6.1,102.3,8.7,4,,2014-02-01T07:04:30,2014-02-01T18:55:38,0.05,Partially cloudy,Partly cloudy throughout the day.,partly-cloudy-day,"65210099999,DNMM,remote,65201099999"
Lagos,2014-02-02,33.1,24.7,27.6,37.6,24.7,28.1,20.7,70.2,0,0,0,,,,24.1,20.5,27.5,1009.8,21.7,5.1,157.2,13.5,6,,2014-02-02T07:04:29,2014-02-02T18:55:53,0.08,Partially cloudy,Partly cloudy throughout the day.,partly-cloudy-day,"65210099999,DNMM,65201099999"
Lagos,2014-02-03,33,21.8,27.2,37,21.8,28.6,20.2,66.2,0,0,0,,,,25.9,14.8,188.8,1009.6,18.7,5.4,166.7,14.5,6,,2014-02-03T07:04:28,2014-02-03T18:56:09,0.12,Clear,Clear conditions throughout the day.,clear-day,"65210099999,DNMM,65201099999"
Lagos,2014-02-04,30,24.5,27.3,36.2,24.5,30.2,23.9,81.7,0,0,0,,,,18,16.9,207.7,1009.6,52.3,7.6,205.4,17.7,7,,2014-02-04T07:04:25,2014-02-04T18:56:23,0.15,Partially cloudy,Partly cloudy throughout the day.,partly-cloudy-day,"65210099999,DNMM,remote,65201099999"
Lagos,2014-02-05,32.8,24,28.1,40.1,24,31.6,24.7,83.1,0,0,0,,,,27.7,24.1,235.9,1009.8,58.6,7.8,150.7,13,5,,2014-02-05T07:04:22,2014-02-05T18:56:37,0.18,Partially cloudy,Partly cloudy throughout the day.,partly-cloudy-day,"65210099999,DNMM,remote,65201099999"
Lagos,2014-02-06,34,25,28.1,42,25,31.7,24.8,83.5,0,0,0,,,,16.6,24.1,220.6,1010,38.8,7,149.2,12.9,6,,2014-02-06T07:04:18,2014-02-06T18:56:50,0.25,Partially cloudy,Partly cloudy throughout the day.,partly-cloudy-day,"65210099999,DNMM,remote,65201099999"
Lagos,2014-02-07,33,25.1,28.3,40.6,25.1,32,25,83.1,0,0,0,,,,33.5,27.7,203.3,1011.2,50.3,8.7,165.4,14.4,6,,2014-02-07T07:04:12,2014-02-07T18:57:02,0.25,Partially cloudy,Partly cloudy throughout the day.,partly-cloudy-day,"65210099999,DNMM,remote,65201099999"
Lagos,2014-02-08,32.9,25.1,28.1,40.9,25.1,32.7,25.2,84.4,0,0,0,,,,24.1,20.5,207.2,1010.1,65.5,7.8,173.9,15.1,6,,2014-02-08T07:04:06,2014-02-08T18:57:14,0.28,Partially cloudy,Partly cloudy throughout the day.,partly-cloudy-day,"65210099999,DNMM,remote,65201099999"
Lagos,2014-02-09,31,26,27.5,39.1,26,31,25.2,87.8,0,0,0,,,,29.5,25.9,226.5,1010.8,52.2,8,79.3,6.7,3,,2014-02-09T07:03:59,2014-02-09T18:57:25,0.32,Partially cloudy,Partly cloudy throughout the day.,partly-cloudy-day,"65210099999,DNMM,remote,65201099999"
Lagos,2014-02-10,32,25,27.6,38.5,25,30.8,24.7,85.1,0.6,100,20.83,rain,,,35.3,31.1,205.1,1011,67.6,6,111.6,9.4,4,,2014-02-10T07:03:51,2014-02-10T18:57:35,0.35,"Rain, Partially cloudy",Partly cloudy throughout the day with a chance of rain throughout the day.,rain,"65210099999,DNMM,remote,65201099999"
Lagos,2014-02-11,32,25,27.3,40.6,25,30,24.8,87,18,100,4.17,rain,,,13,64.8,205.8,1010.9,45.6,7.3,123.7,10.9,4,,2014-02-11T07:03:43,2014-02-11T18:57:44,0.38,"Rain, Partially cloudy",Partly cloudy throughout the day with late afternoon rain.,rain,"65210099999,DNMM,65201099999"
Lagos,2014-02-12,30,25.1,27.1,36.2,25.1,29.2,24.4,85.6,18,100,4.17,rain,,,25.9,13,197.2,1010,52.8,6.7,156.5,13.5,6,,2014-02-12T07:03:33,2014-02-12T18:57:53,0.42,"Rain, Partially cloudy",Partly cloudy throughout the day with morning rain.,rain,"65210099999,DNMM,remote,65201099999"
Lagos,2014-02-13,28.1,27.5,27.8,32.6,31.7,32.2,25,84.4,2.6,100,100,rain,,,,15.5,210.5,,75,,129.2,11.1,5,,2014-02-13T07:03:22,2014-02-13T18:58:01,0.45,"Rain, Partially cloudy",Partly cloudy throughout the day with a chance of rain throughout the day.,rain,remote
Lagos,2014-02-14,28.3,27.3,27.7,32.3,31.3,31.9,24.9,85.1,4.8,100,100,rain,,,,18.4,217.7,,65.1,,207,17.7,7,,2014-02-14T07:03:11,2014-02-14T18:58:09,0.48,"Rain, Partially cloudy",Partly cloudy throughout the day with a chance of rain throughout the day.,rain,remote
Lagos,2014-02-15,27.8,27.4,27.6,32,31,31.6,24.8,85,1.6,100,58.33,rain,,,,16.6,221.9,,76.6,,109.2,9.4,4,,2014-02-15T07:02:59,2014-02-15T18:58:16,0.5,"Rain, Partially cloudy",Partly cloudy throughout the day with a chance of rain throughout the day.,rain,remote
Lagos,2014-02-16,27.9,27.2,27.6,32.5,30.9,31.6,24.8,84.5,1.1,100,45.83,rain,,,,20.5,225.9,,72.1,,108.1,9.3,4,,2014-02-16T07:02:46,2014-02-16T18:58:22,0.55,"Rain, Partially cloudy",Partly cloudy throughout the day with a chance of rain throughout the day.,rain,remote
Lagos,2014-02-17,28.2,24,27.7,32,24,31.1,23.9,80.1,0.4,100,16.67,rain,,,,14.4,204.7,1011,63.9,3,200.4,17.3,8,,2014-02-17T07:02:32,2014-02-17T18:58:27,0.59,"Rain, Partially cloudy",Partly cloudy throughout the day with early morning rain.,rain,"DNMM,remote,65201099999"
Lagos,2014-02-18,28.3,27.6,27.9,32.6,31.4,32,24.6,82,0,0,0,,,,,16.9,215.1,,74.1,,218.3,18.8,8,,2014-02-18T07:02:18,2014-02-18T18:58:32,0.62,Partially cloudy,Partly cloudy throughout the day.,partly-cloudy-day,remote
Lagos,2014-02-19,34.2,27.4,28.1,39.7,31.3,32.4,24.8,82.9,0,0,0,,,,31.7,25.1,216.3,1008.7,64.4,14.2,204.7,17.8,7,,2014-02-19T07:02:02,2014-02-19T18:58:36,0.66,Partially cloudy,Partly cloudy throughout the day.,partly-cloudy-day,"65210099999,remote,65201099999"
Lagos,2014-02-20,32.9,27.3,27.9,39.5,31.1,32.2,25,84.4,0.9,100,37.5,rain,,,14.8,19.8,218.5,1010.7,77.3,10,202.1,17.5,7,,2014-02-20T07:01:46,2014-02-20T18:58:40,0.69,"Rain, Partially cloudy",Partly cloudy throughout the day with a chance of rain throughout the day.,rain,"remote,65201099999"
Lagos,2014-02-21,31,26.1,28,39.1,26.1,32.6,25.3,85.7,0.5,100,20.83,rain,,,9.4,19.8,220.6,1010.6,89.7,8.7,203.1,17.6,7,,2014-02-21T07:01:29,2014-02-21T18:58:43,0.73,"Rain, Partially cloudy",Partly cloudy throughout the day with rain in the morning and afternoon.,rain,"65210099999,DNMM,remote,65201099999"
Lagos,2014-02-22,35.4,27.6,28.3,42.2,32,33.3,25.5,85.5,1.9,100,70.83,rain,,,,21.6,227.9,,86.1,20,203,17.4,7,,2014-02-22T07:01:12,2014-02-22T18:58:46,0.75,"Rain, Partially cloudy",Partly cloudy throughout the day with a chance of rain throughout the day.,rain,"65210099999,remote"
Lagos,2014-02-23,29.6,26.6,28.1,37.3,26.6,33.4,25.9,88.2,2.5,100,83.33,rain,,,25.9,22,224.7,1008.8,83.8,6.9,153.2,13.2,6,,2014-02-23T07:00:54,2014-02-23T18:58:48,0.8,"Rain, Partially cloudy",Partly cloudy throughout the day with a chance of rain throughout the day.,rain,"65210099999,DNMM,remote,65201099999"
Lagos,2014-02-24,32,27.6,28.1,42.3,31.2,32.8,25.1,83.7,3.7,100,95.83,rain,,,,28.4,231,1008,73.5,8,198.5,17,8,,2014-02-24T07:00:35,2014-02-24T18:58:49,0.83,"Rain, Partially cloudy",Partly cloudy throughout the day with a chance of rain throughout the day.,rain,"DNMM,remote,65201099999"
Lagos,2014-02-25,28.3,27.2,27.8,32.4,30.5,31.5,24.2,80.8,3.5,100,100,rain,,,,27,207.8,,69.1,,202.2,17.6,7,,2014-02-25T07:00:16,2014-02-25T18:58:50,0.86,"Rain, Partially cloudy",Partly cloudy throughout the day with a chance of rain throughout the day.,rain,remote
Lagos,2014-02-26,27.8,26.9,27.5,32.3,30.2,31.5,25,86.4,1.9,100,75,rain,,,,19.1,213.3,,63.3,,162.8,14,6,,2014-02-26T06:59:55,2014-02-26T18:58:50,0.9,"Rain, Partially cloudy",Partly cloudy throughout the day with a chance of rain throughout the day.,rain,remote
Lagos,2014-02-27,28.2,27.7,28,33.3,31.7,32.5,24.9,83.3,2.4,100,79.17,rain,,,,20.9,223.3,,69.4,,197.8,16.9,7,,2014-02-27T06:59:35,2014-02-27T18:58:50,0.93,"Rain, Partially cloudy",Partly cloudy throughout the day with a chance of rain throughout the day.,rain,remote
Lagos,2014-02-28,28.1,27.7,27.9,33.2,32,32.6,25.3,85.7,3.8,100,100,rain,,,,23.4,227.4,,83,,98,8.4,3,,2014-02-28T06:59:14,2014-02-28T18:58:49,0.97,"Rain, Partially cloudy",Partly cloudy throughout the day with a chance of rain throughout the day.,rain,remote
Lagos,2014-03-01,28,27.2,27.6,32.6,30.9,31.9,25.1,86.1,2.5,100,70.83,rain,,,,19.4,234.4,,75.1,,106.4,9.2,4,,2014-03-01T06:58:52,2014-03-01T18:58:48,0,"Rain, Partially cloudy",Partly cloudy throughout the day with a chance of rain throughout the day.,rain,remote
Lagos,2014-03-02,31,27.9,28.2,39.1,31.8,32.5,24.4,79.8,1.2,100,50,rain,,,,20.5,206.7,1012,74.5,6,125.8,11,5,,2014-03-02T06:58:29,2014-03-02T18:58:46,0.04,"Rain, Partially cloudy",Partly cloudy throughout the day with a chance of rain throughout the day.,rain,"DNMM,remote,65201099999"
Lagos,2014-03-03,32,26.7,27.9,39.2,26.7,31.8,24.6,82.5,1,100,41.67,rain,,,,18.4,198.8,1008,77.8,9.3,156,13.6,6,,2014-03-03T06:58:06,2014-03-03T18:58:44,0.07,"Rain, Partially cloudy",Partly cloudy throughout the day with a chance of rain throughout the day.,rain,"65210099999,DNMM,remote,65201099999"
Lagos,2014-03-04,33,27.4,28.8,42.1,31.1,33.7,24.8,79.7,1.3,100,54.17,rain,,,27.7,24.1,199.6,1008.1,49.4,6.2,202.5,17.7,7,,2014-03-04T06:57:43,2014-03-04T18:58:41,0.1,"Rain, Partially cloudy",Partly cloudy throughout the day with a chance of rain throughout the day.,rain,"65210099999,DNMM,remote,65201099999"
Lagos,2014-03-05,29,26,28,35.6,26,32.4,25,84.1,2.7,100,91.67,rain,,,,27.7,210.4,1011,84.3,9,171.4,14.9,7,,2014-03-05T06:57:19,2014-03-05T18:58:38,0.13,"Rain, Partially cloudy",Partly cloudy throughout the day with a chance of rain throughout the day.,rain,"65210099999,DNMM,remote,65201099999"
Lagos,2014-03-06,31.2,24,27.2,38.2,24,30.6,24.7,86.1,5,100,4.17,rain,,,55.4,16.2,202.9,1011.5,89.8,15,69.6,6,2,,2014-03-06T06:56:55,2014-03-06T18:58:35,0.17,"Rain, Partially cloudy",Partly cloudy throughout the day with early morning rain.,rain,"65210099999,DNMM,remote,65201099999"
Lagos,2014-03-07,32.9,24,28.1,40.2,24,32.8,25.1,84.1,0,0,0,,,,22.3,18,210.7,1008.7,75.6,9.2,120.6,10.3,4,,2014-03-07T06:56:30,2014-03-07T18:58:31,0.2,Partially cloudy,Partly cloudy throughout the day.,partly-cloudy-day,"DNMM,remote,65201099999"
Lagos,2014-03-08,28.4,25.6,27.9,34.2,25.6,32.8,25.5,86.9,0,0,0,,,,16.6,27.7,234.3,1009.9,74.5,10,106.7,9.5,4,,2014-03-08T06:56:05,2014-03-08T18:58:27,0.25,Partially cloudy,Partly cloudy throughout the day.,partly-cloudy-day,"65210099999,remote,65201099999"
Lagos,2014-03-09,34.4,26.8,28.5,42.7,30.8,33.9,25.6,84.3,0,0,0,,,,16.6,28.4,234.3,1009.4,70.3,14,137.5,12,5,,2014-03-09T06:55:39,2014-03-09T18:58:23,0.26,Partially cloudy,Partly cloudy throughout the day.,partly-cloudy-day,"65210099999,DNMM,remote,65201099999"
Lagos,2014-03-10,33.4,27,28.2,41.3,30.6,33.5,25.6,85.8,0,0,0,,,,,31.3,226,1010.4,66.5,11.7,125.6,10.8,4,,2014-03-10T06:55:13,2014-03-10T18:58:18,0.3,Partially cloudy,Partly cloudy throughout the day.,partly-cloudy-day,"65210099999,DNMM,remote,65201099999"
Lagos,2014-03-11,30,26.2,28.2,37.4,26.2,33.2,25.3,84.1,10,100,4.17,rain,,,22.3,24.1,210.6,1010.6,72.1,9.2,157.8,13.7,5,,2014-03-11T06:54:47,2014-03-11T18:58:13,0.33,"Rain, Partially cloudy",Partly cloudy throughout the day with late afternoon rain.,rain,"65210099999,DNMM,remote,65201099999"
Lagos,2014-03-12,32,26,28.6,38.8,26,33.5,25,81.4,261,100,4.17,rain,,,18.4,16.6,208.8,1012,47.2,10.7,183.2,15.8,6,,2014-03-12T06:54:20,2014-03-12T18:58:07,0.36,"Rain, Partially cloudy",Partly cloudy throughout the day with late afternoon rain.,rain,"65210099999,DNMM,remote,65201099999"
Lagos,2014-03-13,34,25,28.7,43.2,25,33,25.1,82.2,0,0,0,,,,22.3,18.4,228.7,1011.3,50,9.3,149.7,12.9,6,,2014-03-13T06:53:53,2014-03-13T18:58:02,0.39,Partially cloudy,Partly cloudy throughout the day.,partly-cloudy-day,"65210099999,DNMM,remote,65201099999"
Lagos,2014-03-14,32.5,25.9,29,42.3,25.9,34.1,25.4,81.7,0,0,0,,,,31.7,27.7,202.5,1010.6,57.5,10,125,10.9,5,,2014-03-14T06:53:26,2014-03-14T18:57:56,0.43,Partially cloudy,Partly cloudy throughout the day.,partly-cloudy-day,"DNMM,remote,65201099999"
Lagos,2014-03-15,33,26,29.1,41.8,26,35,25.8,82.7,0,0,0,,,,14.8,25.9,216.9,1010.1,53.4,9.8,118.7,10.2,4,,2014-03-15T06:52:59,2014-03-15T18:57:50,0.46,Partially cloudy,Partly cloudy throughout the day.,partly-cloudy-day,"65210099999,DNMM,remote,65201099999"
Lagos,2014-03-16,32.6,28,28.5,41.2,33.4,34.2,25.7,84.8,1.9,100,79.17,rain,,,31.7,27.7,223.5,1008.8,68.1,10.1,123.1,10.7,4,,2014-03-16T06:52:31,2014-03-16T18:57:43,0.5,"Rain, Partially cloudy",Partly cloudy throughout the day with a chance of rain throughout the day.,rain,"65210099999,DNMM,remote,65201099999"
Lagos,2014-03-17,29.7,27.7,28.1,36.4,32.3,33.4,25.6,86.3,2.5,100,62.5,rain,,,37.1,22.3,221.9,1009.1,65.5,11.7,152,13.1,6,,2014-03-17T06:52:03,2014-03-17T18:57:37,0.53,"Rain, Partially cloudy",Partly cloudy throughout the day with rain.,rain,"65210099999,DNMM,remote,65201099999"
Lagos,2014-03-18,33.2,26.1,28.5,39.5,26.1,33.5,25.3,83.4,2.1,100,70.83,rain,,,,22.3,229,1012,79,13.8,111,9.6,4,,2014-03-18T06:51:35,2014-03-18T18:57:30,0.56,"Rain, Partially cloudy",Partly cloudy throughout the day with a chance of rain throughout the day.,rain,"65210099999,DNMM,remote,65201099999"
Lagos,2014-03-19,33.4,27,28.7,41.2,31.2,34.4,25.6,83.4,1.1,100,45.83,rain,,,31.7,23.2,220.6,1009.9,64.7,12.1,139.7,12,5,,2014-03-19T06:51:07,2014-03-19T18:57:23,0.6,"Rain, Partially cloudy",Partly cloudy throughout the day with rain.,rain,"65210099999,DNMM,remote,65201099999"
Lagos,2014-03-20,32.2,27,28.5,40.5,30.6,33.9,25.5,84,1.1,100,41.67,rain,,,29.5,25.6,208.8,1010.9,63.8,9.8,191.3,16.8,7,,2014-03-20T06:50:38,2014-03-20T18:57:16,0.63,"Rain, Partially cloudy",Partly cloudy throughout the day with a chance of rain throughout the day.,rain,"65210099999,DNMM,remote,65201099999"
Lagos,2014-03-21,33,25.9,28.6,40.6,25.9,33.8,25.4,83.1,2.9,100,95.83,rain,,,,21.6,233.1,1010,72.8,10,178.6,15.5,7,,2014-03-21T06:50:10,2014-03-21T18:57:09,0.67,"Rain, Partially cloudy",Partly cloudy throughout the day with a chance of rain throughout the day.,rain,"65210099999,DNMM,remote,65201099999"
Lagos,2014-03-22,28.9,28.3,28.6,34.9,33.5,34.2,25.6,83.8,5,100,100,rain,,,,22,230.7,,59.8,,167.2,14.6,6,,2014-03-22T06:49:41,2014-03-22T18:57:02,0.7,"Rain, Partially cloudy",Partly cloudy throughout the day with a chance of rain throughout the day.,rain,remote
Lagos,2014-03-23,32.9,28.2,28.8,40.6,33.2,34.5,25.6,83.3,6.7,100,91.67,rain,,,33.5,29.4,228,1009.8,83.1,12.7,99.9,8.6,4,,2014-03-23T06:49:12,2014-03-23T18:56:55,0.74,"Rain, Partially cloudy",Partly cloudy throughout the day with a chance of rain throughout the day.,rain,"65210099999,DNMM,remote,65201099999"
Lagos,2014-03-24,29.2,24,27.5,34,24,31.1,24.4,83.2,3.7,100,62.5,rain,,,,29.5,186.7,1013,81.7,12.5,137.1,11.8,5,,2014-03-24T06:48:43,2014-03-24T18:56:48,0.75,"Rain, Partially cloudy",Partly cloudy throughout the day with a chance of rain throughout the day.,rain,"65210099999,DNMM,remote,65201099999"
Lagos,2014-03-25,31,24.7,27.9,39.1,24.7,31.9,24.6,82.6,1.9,100,75,rain,,,,20.2,221.1,1011.8,63.4,9.7,198.4,17.2,7,,2014-03-25T06:48:15,2014-03-25T18:56:40,0.81,"Rain, Partially cloudy",Partly cloudy throughout the day with a chance of rain throughout the day.,rain,"65210099999,DNMM,remote,65201099999"
Lagos,2014-03-26,28.6,27,28.2,33.6,30.6,32.9,24.9,82.4,3.8,100,91.67,rain,,,,24.5,229.5,1011.5,77.4,10,208.9,18,8,,2014-03-26T06:47:46,2014-03-26T18:56:33,0.85,"Rain, Partially cloudy",Partly cloudy throughout the day with a chance of rain throughout the day.,rain,"DNMM,remote,65201099999"
Lagos,2014-03-27,28.2,27.6,27.9,33.2,32,32.7,25.3,85.7,9.9,100,100,rain,,,,30.2,231.3,,84.8,,118.8,10.2,5,,2014-03-27T06:47:17,2014-03-27T18:56:25,0.88,"Rain, Partially cloudy",Partly cloudy throughout the day with a chance of rain throughout the day.,rain,remote
Lagos,2014-03-28,31.6,26,27.7,37.7,26,31.2,24.1,81.3,2.1,100,54.17,rain,,,20.5,29.5,222.7,1011.2,72.3,8.4,174.8,15.2,6,,2014-03-28T06:46:48,2014-03-28T18:56:18,0.92,"Rain, Partially cloudy",Partly cloudy throughout the day with a chance of rain throughout the day.,rain,"DNMM,remote,65201099999"
Lagos,2014-03-29,32,27,28.5,39.2,30.6,33.4,25.1,81.9,7.8,100,70.83,rain,,,37.1,33.5,212.9,1011.2,67.1,9.7,124.5,10.8,4,,2014-03-29T06:46:19,2014-03-29T18:56:11,0.95,"Rain, Partially cloudy",Partly cloudy throughout the day with a chance of rain throughout the day.,rain,"DNMM,remote,65201099999"
Lagos,2014-03-30,32,27,28.6,40.6,30.6,33.8,25.3,82.8,3.9,100,70.83,rain,,,7.6,21.2,217.3,1011.2,70.9,10,138.3,12,5,,2014-03-30T06:45:51,2014-03-30T18:56:03,0,"Rain, Partially cloudy",Partly cloudy throughout the day with a chance of rain throughout the day.,rain,"DNMM,remote,65201099999"
Lagos,2014-03-31,28.7,28.2,28.5,34.1,33.2,33.6,25.2,82.3,6.1,100,100,rain,,,,19.1,217.4,,73.1,,130.2,11.3,4,,2014-03-31T06:45:22,2014-03-31T18:55:56,0.02,"Rain, Partially cloudy",Partly cloudy throughout the day with a chance of rain throughout the day.,rain,remote
Lagos,2014-04-01,33,28,29.6,40.6,32.7,35.5,25.3,78.6,0.1,100,4.17,rain,,,18.4,22.3,214.2,1011.6,57.9,9.9,137.8,12,5,,2014-04-01T06:44:54,2014-04-01T18:55:49,0.05,"Rain, Partially cloudy",Partly cloudy throughout the day with early morning rain.,rain,"65210099999,DNMM,remote,65201099999"
Lagos,2014-04-02,34,26,28.4,42,26,33.2,25.5,84.9,0,0,0,,,,27.7,25.6,215.5,1010.3,52,9.8,176.9,15.5,6,,2014-04-02T06:44:25,2014-04-02T18:55:42,0.09,Partially cloudy,Partly cloudy throughout the day.,partly-cloudy-day,"65210099999,DNMM,remote,65201099999"
Lagos,2014-04-03,31,26.8,28.4,37.7,30.5,33.7,25.4,84.1,0,0,0,,,,16.6,25.9,206.3,1010.9,65.1,10,136.6,11.9,5,,2014-04-03T06:43:57,2014-04-03T18:55:35,0.12,Partially cloudy,Partly cloudy throughout the day.,partly-cloudy-day,"65210099999,DNMM,remote,65201099999"
Lagos,2014-04-04,32.3,24,28.6,39.8,24,32.8,24.8,81,0,0,0,,,,24.1,18.4,192,1011.5,50.8,8.7,201.3,17.6,7,,2014-04-04T06:43:29,2014-04-04T18:55:28,0.15,Partially cloudy,Partly cloudy throughout the day.,partly-cloudy-day,"DNMM,65201099999"
Lagos,2014-04-05,28.7,26.7,28.2,34.5,26.7,33.4,25.6,85.4,0,0,0,,,,22.3,20.2,217.4,1011.2,76.8,10,115.3,10,4,,2014-04-05T06:43:01,2014-04-05T18:55:21,0.18,Partially cloudy,Partly cloudy throughout the day.,partly-cloudy-day,"DNMM,remote,65201099999"
Lagos,2014-04-06,28.8,28.4,28.5,34.4,33.8,34.1,25.5,83.7,3.9,100,95.83,rain,,,,21.2,233.7,,71.6,,139.9,12.1,5,,2014-04-06T06:42:34,2014-04-06T18:55:15,0.21,"Rain, Partially cloudy",Partly cloudy throughout the day with a chance of rain throughout the day.,rain,remote
Lagos,2014-04-07,28.7,28,28.4,34.5,33.1,33.8,25.7,85.4,4.2,100,100,rain,,,,19.8,219.7,,72.7,,137,11.9,5,,2014-04-07T06:42:06,2014-04-07T18:55:08,0.25,"Rain, Partially cloudy",Partly cloudy throughout the day with a chance of rain throughout the day.,rain,remote
Lagos,2014-04-08,28.6,28.2,28.3,34.3,33.2,33.6,25.5,84.3,5.2,100,100,rain,,,,19.8,236,,65.3,,137.6,11.8,5,,2014-04-08T06:41:39,2014-04-08T18:55:02,0.28,"Rain, Partially cloudy",Partly cloudy throughout the day with a chance of rain throughout the day.,rain,remote
Lagos,2014-04-09,32,28,29,39.1,31.9,34.5,25.1,79.6,5.3,100,54.17,rain,,,,20.5,217.5,1011.9,66.8,10,168.4,14.5,6,,2014-04-09T06:41:12,2014-04-09T18:54:56,0.31,"Rain, Partially cloudy",Partly cloudy throughout the day with a chance of rain throughout the day.,rain,"DNMM,remote,65201099999"
Lagos,2014-04-10,34,23,28.2,38.3,23,32,24.1,79.4,3.4,100,25,rain,,,,46.4,243.6,1011,47.5,9.5,148.6,12.8,5,,2014-04-10T06:40:46,2014-04-10T18:54:51,0.34,"Rain, Partially cloudy",Partly cloudy throughout the day with a chance of rain throughout the day.,rain,"DNMM,remote,65201099999"
Lagos,2014-04-11,31,26,28,37.7,26,31.8,24.8,83.6,0.2,100,4.17,rain,,,,21.6,213.4,1011.7,42.4,10,110.9,9.7,4,,2014-04-11T06:40:19,2014-04-11T18:54:45,0.38,"Rain, Partially cloudy",Partly cloudy throughout the day with early morning rain.,rain,"DNMM,remote,65201099999"
Lagos,2014-04-12,33,25,28.8,40.6,25,33.2,24.9,80.1,0,0,0,,,,,22.3,211.5,1010.7,43.4,9.9,190.8,16.6,7,,2014-04-12T06:39:53,2014-04-12T18:54:40,0.41,Partially cloudy,Partly cloudy throughout the day.,partly-cloudy-day,"DNMM,remote,65201099999"
Lagos,2014-04-13,29,22,26.8,34.1,22,29.1,24.2,86.2,0.3,100,8.33,rain,,,,27.7,218.6,1011.8,53.9,9.6,103.8,9,4,,2014-04-13T06:39:28,2014-04-13T18:54:35,0.44,"Rain, Partially cloudy",Partly cloudy throughout the day with rain.,rain,"DNMM,remote,65201099999"
Lagos,2014-04-14,33,23,28,39.3,23,31.2,23.8,79.4,0,0,0,,,,,25.9,171.6,1012.2,33.7,8.9,123.8,10.7,4,,2014-04-14T06:39:03,2014-04-14T18:54:30,0.47,Partially cloudy,Partly cloudy throughout the day.,partly-cloudy-day,"DNMM,remote,65201099999"
Lagos,2014-04-15,33,25,28.9,40.6,25,33.2,25,80.4,0.2,100,8.33,rain,,,22.3,18.4,196.9,1011.6,57.9,9,153.5,13.5,6,,2014-04-15T06:38:38,2014-04-15T18:54:26,0.5,"Rain, Partially cloudy",Partly cloudy throughout the day with early morning rain.,rain,"DNMM,remote,65201099999"
Lagos,2014-04-16,33,25,28.9,40.6,25,33.5,25.1,80.7,0.3,100,8.33,rain,,,25.9,25.9,219.3,1010.6,43.5,10,174.8,15.1,6,,2014-04-16T06:38:13,2014-04-16T18:54:22,0.54,"Rain, Partially cloudy",Partly cloudy throughout the day with rain.,rain,"DNMM,remote,65201099999"
Lagos,2014-04-17,33,26,29.3,40.6,26,34.8,25.4,80.3,0,0,0,,,,18.4,24.1,198.3,1009.7,47.5,10,132.4,11.4,5,,2014-04-17T06:37:49,2014-04-17T18:54:18,0.58,Partially cloudy,Partly cloudy throughout the day.,partly-cloudy-day,"65210099999,DNMM,65201099999"
Lagos,2014-04-18,30.2,24,26.8,37.9,24,29.6,24.5,87.2,24,100,8.33,rain,,,74.2,40.7,205.2,1010.1,54.9,9.1,108.5,9.3,3,,2014-04-18T06:37:26,2014-04-18T18:54:15,0.61,"Rain, Partially cloudy",Partly cloudy throughout the day with rain.,rain,"DNMM,remote,65201099999"
Lagos,2014-04-19,33,23,28.2,42.1,23,32.6,24.8,82.5,0.9,100,4.17,rain,,,27.7,16.6,247.6,1011,49,9.1,121.5,10.6,4,,2014-04-19T06:37:03,2014-04-19T18:54:12,0.65,"Rain, Partially cloudy",Partly cloudy throughout the day with early morning rain.,rain,"DNMM,remote,65201099999"
Lagos,2014-04-20,32,23,26.7,40.6,23,29.9,24.7,89.3,47,100,4.17,rain,,,96.5,24.1,242.1,1010.1,52.2,9.2,125.9,10.9,4,,2014-04-20T06:36:40,2014-04-20T18:54:09,0.68,"Rain, Partially cloudy",Partly cloudy throughout the day with late afternoon rain.,rain,"DNMM,remote,65201099999"
Lagos,2014-04-21,33,22.9,27.9,39.1,22.9,32.3,24.7,83.1,4.3,100,29.17,rain,,,18.4,19.8,219.9,1009.7,55.4,9.2,137.1,11.8,5,,2014-04-21T06:36:18,2014-04-21T18:54:07,0.72,"Rain, Partially cloudy",Partly cloudy throughout the day with rain.,rain,"65210099999,DNMM,remote,65201099999"
Lagos,2014-04-22,30,23,27.3,37.4,23,30.9,25.7,91.4,18,100,4.17,rain,,,42.5,40.7,236.5,1010.7,52,8,106.4,9.3,4,,2014-04-22T06:35:56,2014-04-22T18:54:05,0.75,"Rain, Partially cloudy",Partly cloudy throughout the day with afternoon rain.,rain,"DNMM,remote,65201099999"
Lagos,2014-04-23,33,25.1,28.7,42.1,25.1,33.7,25.6,84.1,1,100,12.5,rain,,,33.5,29.5,220.1,1010.6,59.8,9.1,115.1,9.8,4,,2014-04-23T06:35:35,2014-04-23T18:54:03,0.79,"Rain, Partially cloudy",Partly cloudy throughout the day with late afternoon rain.,rain,"DNMM,remote,65201099999"
Lagos,2014-04-24,32,23,27.7,40.6,23,32.2,25.5,88.1,34,100,4.17,rain,,,55.4,25.6,230.6,1009.9,51.1,9.7,86.7,7.5,3,,2014-04-24T06:35:14,2014-04-24T18:54:02,0.83,"Rain, Partially cloudy",Partly cloudy throughout the day with morning rain.,rain,"DNMM,remote,65201099999"
Lagos,2014-04-25,32,24,28.1,39.2,24,32.1,24.8,83.1,0,0,0,,,,27.7,22.3,214.8,1009.9,47.6,9.4,169.9,14.5,6,,2014-04-25T06:34:54,2014-04-25T18:54:01,0.86,Partially cloudy,Partly cloudy throughout the day.,partly-cloudy-day,"65210099999,DNMM,65201099999"
Lagos,2014-04-26,32,25,27.8,40.6,25,31.6,24.8,84,0,0,0,,,,66.6,33.5,165.3,1011.1,54.3,8.9,115.1,10,4,,2014-04-26T06:34:35,2014-04-26T18:54:00,0.9,Partially cloudy,Partly cloudy throughout the day.,partly-cloudy-day,"65210099999,DNMM,remote,65201099999"
Lagos,2014-04-27,34,24.8,28.1,40.6,24.8,31.4,24.2,81,0,0,0,,,,20.5,22.3,234.5,1010.6,39.3,9.6,127.7,11,4,,2014-04-27T06:34:16,2014-04-27T18:54:00,0.94,Partially cloudy,Partly cloudy throughout the day.,partly-cloudy-day,"65210099999,DNMM,remote,65201099999"
Lagos,2014-04-28,32,25,28.1,37.9,25,32.2,24.8,82.4,0,0,0,,,,24.1,20.5,184,1010.2,60,9.6,123.3,10.7,4,,2014-04-28T06:33:57,2014-04-28T18:54:01,0.97,Partially cloudy,Partly cloudy throughout the day.,partly-cloudy-day,"65210099999,DNMM,remote,65201099999"
Lagos,2014-04-29,31,25,28.4,39.3,25,32.8,25.2,83.7,0,0,0,,,,11.2,14,220,1010.7,59.3,8.1,148,12.7,5,,2014-04-29T06:33:39,2014-04-29T18:54:02,0,Partially cloudy,Partly cloudy throughout the day.,partly-cloudy-day,"65210099999,DNMM,remote,65201099999"
Lagos,2014-04-30,33,26,28.8,42.1,26,33.8,25.6,84,0,0,0,,,,24.1,22.3,215.9,1009.9,48.4,9.1,115.1,9.9,4,,2014-04-30T06:33:22,2014-04-30T18:54:03,0.04,Partially cloudy,Partly cloudy throughout the day.,partly-cloudy-day,"65210099999,DNMM,65201099999"
Lagos,2014-05-01,32,24,27.9,37.9,24,31.2,24.2,81.2,0.5,100,4.17,rain,,,48.2,27.7,267.6,1010.5,45.6,9.5,119.9,10.4,4,,2014-05-01T06:33:06,2014-05-01T18:54:05,0.07,"Rain, Partially cloudy",Partly cloudy throughout the day with early morning rain.,rain,"DNMM,remote,65201099999"
Lagos,2014-05-02,30,25,27.1,37.4,25,29.9,24.4,85.5,0.2,100,8.33,rain,,,13,46.4,122.4,1011.2,53.6,7.7,199.7,17.2,7,,2014-05-02T06:32:50,2014-05-02T18:54:07,0.1,"Rain, Partially cloudy",Partly cloudy throughout the day with late afternoon rain.,rain,"65210099999,DNMM,remote,65201099999"
Lagos,2014-05-03,33,24.9,28.4,40.6,24.9,32.5,25.1,83.1,0.2,100,4.17,rain,,,24.1,18.4,182.5,1010.5,51.1,8.3,220.4,19,8,,2014-05-03T06:32:34,2014-05-03T18:54:09,0.14,"Rain, Partially cloudy",Partly cloudy throughout the day with morning rain.,rain,"65210099999,DNMM,remote,65201099999"
Lagos,2014-05-04,33,25,28.8,42.3,25,33.7,25.4,82.9,0.1,100,4.17,rain,,,22.3,18.4,212.9,1009.4,52.3,8.7,211.8,18.4,7,,2014-05-04T06:32:20,2014-05-04T18:54:13,0.17,"Rain, Partially cloudy",Partly cloudy throughout the day with morning rain.,rain,"DNMM,remote,65201099999"
Lagos,2014-05-05,34,26,28.1,43.5,26,32.5,25.7,87.9,17,100,4.17,rain,,,22.3,42.5,240.9,1009.5,69,8.6,102.9,8.9,4,,2014-05-05T06:32:06,2014-05-05T18:54:16,0.2,"Rain, Partially cloudy",Partly cloudy throughout the day with late afternoon rain.,rain,"65210099999,DNMM,remote,65201099999"
Lagos,2014-05-06,31,24,27.1,40.6,24,30.2,25,88.8,1.9,100,8.33,rain,,,22.3,51.8,307.6,1011.5,60.8,8.4,104.5,9.2,4,,2014-05-06T06:31:53,2014-05-06T18:54:20,0.23,"Rain, Partially cloudy",Partly cloudy throughout the day with afternoon rain.,rain,"DNMM,65201099999"
Lagos,2014-05-07,30,24.2,27.1,37.4,24.2,30.3,25,88.6,5.1,100,8.33,rain,,,14.8,15.5,228.4,1011.9,62.4,6.8,107.2,9.3,4,,2014-05-07T06:31:40,2014-05-07T18:54:24,0.25,"Rain, Partially cloudy",Partly cloudy throughout the day with rain in the morning and afternoon.,rain,"DNMM,remote,65201099999"
Lagos,2014-05-08,30,25.4,27.5,36.2,25.4,31.3,25.3,87.8,2,100,12.5,rain,,,25.9,22.3,140.4,1012,48.6,7.6,139.4,12,4,,2014-05-08T06:31:28,2014-05-08T18:54:29,0.3,"Rain, Partially cloudy",Partly cloudy throughout the day with rain.,rain,"DNMM,remote,65201099999"
Lagos,2014-05-09,31,26,28,39.1,26,31.6,24.5,81.6,4.9,100,29.17,rain,,,24.1,20.5,175.5,1011.9,59.9,9.5,190.8,16.4,6,,2014-05-09T06:31:17,2014-05-09T18:54:35,0.33,"Rain, Partially cloudy",Partly cloudy throughout the day with rain clearing later.,rain,"DNMM,remote,65201099999"
Lagos,2014-05-10,33,25,28.5,43.8,25,33,25.1,82,1.5,100,12.5,rain,,,18.4,12.2,209.6,1011.4,52.6,8.7,121.8,10.7,4,,2014-05-10T06:31:06,2014-05-10T18:54:40,0.36,"Rain, Partially cloudy",Partly cloudy throughout the day with rain.,rain,"65210099999,DNMM,remote,65201099999"
Lagos,2014-05-11,30,23,26.6,34.2,23,28.6,23.9,86.1,83,100,8.33,rain,,,55.4,18.4,285.1,1010.5,51.4,7.3,195,16.6,7,,2014-05-11T06:30:56,2014-05-11T18:54:47,0.39,"Rain, Partially cloudy",Partly cloudy throughout the day with rain in the morning and afternoon.,rain,"65210099999,DNMM,remote,65201099999"
Lagos,2014-05-12,33,25,28.5,42.1,25,33.1,25.5,84.9,0.1,100,4.17,rain,,,29.5,25.9,193.5,1010.4,50.1,8.6,148.9,12.9,5,,2014-05-12T06:30:47,2014-05-12T18:54:53,0.42,"Rain, Partially cloudy",Partly cloudy throughout the day with late afternoon rain.,rain,"65210099999,DNMM,remote,65201099999"
Lagos,2014-05-13,30,25.8,27.7,36.3,25.8,31.7,25.3,86.8,3.2,100,37.5,rain,,,31.7,22.3,186.5,1010.9,58,9.6,119.6,10.4,4,,2014-05-13T06:30:38,2014-05-13T18:55:00,0.46,"Rain, Partially cloudy",Partly cloudy throughout the day with rain.,rain,"65210099999,DNMM,remote,65201099999"
Lagos,2014-05-14,30,24,27.2,37.4,24,30.9,24.9,87.6,18,100,8.33,rain,,,13,22.3,203.1,1013,66.4,8.2,203.8,17.7,7,,2014-05-14T06:30:31,2014-05-14T18:55:08,0.5,"Rain, Partially cloudy",Partly cloudy throughout the day with rain.,rain,"65210099999,DNMM,remote,65201099999"
Lagos,2014-05-15,32,23.1,27.1,39.2,23.1,30,24.1,84.7,66,100,4.17,rain,,,31.7,27.7,47.7,1011.7,40.2,9.1,176.2,15.3,7,,2014-05-15T06:30:23,2014-05-15T18:55:16,0.52,"Rain, Partially cloudy",Partly cloudy throughout the day with morning rain.,rain,"65210099999,DNMM,remote,65201099999"
Lagos,2014-05-16,32,25.7,27.8,40.6,25.7,31.3,24.8,84.3,3.2,100,29.17,rain,,,22.3,16.2,209.8,1009.9,41.2,9.5,238.1,20.5,8,,2014-05-16T06:30:17,2014-05-16T18:55:24,0.56,"Rain, Partially cloudy",Partly cloudy throughout the day with rain in the morning and afternoon.,rain,"65210099999,DNMM,remote,65201099999"
Lagos,2014-05-17,33,25,28.2,42.3,25,32.4,25.3,84.9,0.1,100,4.17,rain,,,22.3,18.4,190.3,1010.2,47.4,8.8,145.7,12.6,5,,2014-05-17T06:30:11,2014-05-17T18:55:33,0.6,"Rain, Partially cloudy",Partly cloudy throughout the day with afternoon rain.,rain,"DNMM,remote,65201099999"
Lagos,2014-05-18,33,25,28.8,40.6,25,33.5,25.3,82.3,0,0,0,,,,31.7,27.7,193.9,1011.1,39.9,9.8,178.4,15.5,6,,2014-05-18T06:30:06,2014-05-18T18:55:42,0.63,Partially cloudy,Partly cloudy throughout the day.,partly-cloudy-day,"65210099999,DNMM,65201099999"
Lagos,2014-05-19,32.2,23.8,28.3,40.7,23.8,32.9,25,83.1,39,100,4.17,rain,,,22.3,18.4,249.4,1012,70.1,8.7,155.6,13.4,6,,2014-05-19T06:30:02,2014-05-19T18:55:51,0.67,"Rain, Partially cloudy",Partly cloudy throughout the day with late afternoon rain.,rain,"65210099999,DNMM,remote,65201099999"
Lagos,2014-05-20,29,23,26.1,35.6,23,28.4,24.2,89.4,34,100,4.17,rain,,,18.4,14.8,27.3,1011.9,34.4,7.8,103.4,8.8,4,,2014-05-20T06:29:59,2014-05-20T18:56:01,0.7,"Rain, Partially cloudy",Partly cloudy throughout the day with morning rain.,rain,"65210099999,DNMM,65201099999"
Lagos,2014-05-21,33,24.2,28.3,42.1,24.2,32.5,25.3,84.9,0,0,0,,,,25.9,22.3,172.9,1011.3,53.1,7.8,99.4,8.6,3,,2014-05-21T06:29:56,2014-05-21T18:56:12,0.75,Partially cloudy,Partly cloudy throughout the day.,partly-cloudy-day,"DNMM,remote,65201099999"
Lagos,2014-05-22,33.1,25.8,29,42.1,25.8,34.1,25.3,81.1,0,0,0,,,,35.3,31.5,212.3,1011.4,59.8,9.5,111.8,9.6,4,,2014-05-22T06:29:54,2014-05-22T18:56:22,0.77,Partially cloudy,Partly cloudy throughout the day.,partly-cloudy-day,"DNMM,remote,65201099999"
Lagos,2014-05-23,32,25.9,28.2,42.1,25.9,33.1,25.7,86.4,0,0,0,,,,25.9,22.3,213.8,1011.4,56.9,9.2,138.1,11.9,5,,2014-05-23T06:29:52,2014-05-23T18:56:33,0.81,Partially cloudy,Partly cloudy throughout the day.,partly-cloudy-day,"65210099999,DNMM,remote,65201099999"
Lagos,2014-05-24,32,26,28.8,40.6,26,33.9,25.6,83.9,0,0,0,,,,24.1,16.6,190.4,1011.4,58.2,9.4,151.2,13.1,5,,2014-05-24T06:29:51,2014-05-24T18:56:45,0.85,Partially cloudy,Partly cloudy throughout the day.,partly-cloudy-day,"65210099999,DNMM,remote,65201099999"
Lagos,2014-05-25,33,26,28.8,40.6,26,33.4,25.2,81.6,0,0,0,,,,24.1,13,195.5,1011.6,47.5,9.6,170,14.7,6,,2014-05-25T06:29:51,2014-05-25T18:56:57,0.88,Partially cloudy,Partly cloudy throughout the day.,partly-cloudy-day,"DNMM,remote,65201099999"
Lagos,2014-05-26,31.9,26,28.2,39.5,26,32.9,25.5,85.8,2,100,4.17,rain,,,24.1,20.5,207.9,1012,57.5,9,145.6,12.5,5,,2014-05-26T06:29:52,2014-05-26T18:57:09,0.92,"Rain, Partially cloudy",Partly cloudy throughout the day with morning rain.,rain,"65210099999,DNMM,remote,65201099999"
Lagos,2014-05-27,28.1,22.1,25.8,32.1,22.1,27.2,23.9,89.1,51,100,8.33,rain,,,101.9,98.3,34.6,1011.7,61.8,8.4,110.9,9.5,4,,2014-05-27T06:29:53,2014-05-27T18:57:21,0.95,"Rain, Partially cloudy",Partly cloudy throughout the day with rain in the morning and afternoon.,rain,"65210099999,DNMM,65201099999"
Lagos,2014-05-28,31.8,25,27.8,39.1,25,31.1,24.5,83.2,1.4,100,4.17,rain,,,31.7,25.9,196,1011.3,54.1,7.8,165.3,14.2,5,,2014-05-28T06:29:55,2014-05-28T18:57:33,0,"Rain, Partially cloudy",Partly cloudy throughout the day with morning rain.,rain,"65210099999,DNMM,remote,65201099999"
Lagos,2014-05-29,31,24,26.7,39.7,24,29.1,24.8,89.5,145,100,8.33,rain,,,16.6,15.8,211.3,1012.3,66.7,8.5,116.3,10,4,,2014-05-29T06:29:57,2014-05-29T18:57:46,0.02,"Rain, Partially cloudy",Partly cloudy throughout the day with rain clearing later.,rain,"65210099999,DNMM,remote,65201099999"
Lagos,2014-05-30,32,25,27.6,37.9,25,30.4,24.3,83.2,2.2,100,8.33,rain,,,20.5,16.6,203.6,1012,46.4,9.8,168.2,14.7,5,,2014-05-30T06:30:01,2014-05-30T18:57:59,0.05,"Rain, Partially cloudy",Partly cloudy throughout the day with rain clearing later.,rain,"65210099999,DNMM,remote,65201099999"
Lagos,2014-05-31,33,24.9,28.6,40.6,24.9,32.7,24.9,81.2,0.2,100,4.17,rain,,,29.5,25.9,225.7,1011.4,45.1,9.3,211.1,18.2,7,,2014-05-31T06:30:04,2014-05-31T18:58:13,0.09,"Rain, Partially cloudy",Partly cloudy throughout the day with early morning rain.,rain,"65210099999,DNMM,remote,65201099999"
Lagos,2014-06-01,31,23,25.7,39.1,23,27.7,24.4,92.6,21,100,8.33,rain,,,70.6,20.5,262,1010.9,48.7,8.1,98.1,8.5,3,,2014-06-01T06:30:09,2014-06-01T18:58:26,0.12,"Rain, Partially cloudy",Partly cloudy throughout the day with rain.,rain,"65210099999,DNMM,remote,65201099999"
Lagos,2014-06-02,31,22.9,26.3,37.7,22.9,28.8,23.8,86.7,0.1,100,4.17,rain,,,24.1,20.5,216.2,1011.3,37.9,7,142.5,12.3,5,,2014-06-02T06:30:14,2014-06-02T18:58:40,0.15,"Rain, Partially cloudy",Partly cloudy throughout the day with early morning rain.,rain,"DNMM,remote,65201099999"
Lagos,2014-06-03,32,24,27.2,37.9,24,29.6,23.7,81.8,0.1,100,4.17,rain,,,16.6,18.4,208.4,1010.8,44.5,8.6,138.2,11.9,4,,2014-06-03T06:30:19,2014-06-03T18:58:54,0.18,"Rain, Partially cloudy",Partly cloudy throughout the day with morning rain.,rain,"65210099999,DNMM,remote,65201099999"
Lagos,2014-06-04,32,25.8,28.2,39.2,25.8,32,24.7,81.7,0.8,100,4.17,rain,,,24.1,20.5,221.7,1009.8,58.1,10,113.2,9.7,4,,2014-06-04T06:30:25,2014-06-04T18:59:08,0.22,"Rain, Partially cloudy",Partly cloudy throughout the day with afternoon rain.,rain,"65210099999,DNMM,remote,65201099999"
Lagos,2014-06-05,31,23.9,26.8,38.5,23.9,29.8,24.8,88.9,48,100,8.33,rain,,,25.9,22.3,209.5,1010.8,68.5,7,94.2,8.1,3,,2014-06-05T06:30:32,2014-06-05T18:59:22,0.25,"Rain, Partially cloudy",Partly cloudy throughout the day with rain in the morning and afternoon.,rain,"65210099999,DNMM,remote,65201099999"
Lagos,2014-06-06,27.2,23,25.1,31,23,25.8,23.9,93.1,38,100,8.33,rain,,,51.8,25.9,291.2,1011.8,64.9,5.7,85.7,7.4,3,,2014-06-06T06:30:39,2014-06-06T18:59:36,0.28,"Rain, Partially cloudy",Partly cloudy throughout the day with rain in the morning and afternoon.,rain,"65210099999,DNMM,remote,65201099999"
Lagos,2014-06-07,28.8,23,25.7,33.3,23,26.9,23.3,87.2,1.6,100,8.33,rain,,,20.5,17.3,268.6,1012.3,46.8,7.4,97,8.4,3,,2014-06-07T06:30:47,2014-06-07T18:59:50,0.31,"Rain, Partially cloudy",Partly cloudy throughout the day with rain clearing later.,rain,"65210099999,DNMM,remote,65201099999"
Lagos,2014-06-08,31,24,27.1,37.7,24,29.9,24.5,86.4,0,0,0,,,,22.3,18.4,196.5,1012.2,48.5,7.7,87.8,7.6,3,,2014-06-08T06:30:55,2014-06-08T19:00:05,0.35,Partially cloudy,Partly cloudy throughout the day.,partly-cloudy-day,"65210099999,DNMM,remote,65201099999"
Lagos,2014-06-09,33,24.8,28,40.6,24.8,31.4,24.6,82.9,0.3,100,4.17,rain,,,27.7,24.1,193.4,1011.8,54.1,8.2,177.1,15.2,6,,2014-06-09T06:31:04,2014-06-09T19:00:19,0.38,"Rain, Partially cloudy",Partly cloudy throughout the day with late afternoon rain.,rain,"65210099999,DNMM,remote,65201099999"
Lagos,2014-06-10,30,25.8,27.2,36.2,25.8,29.8,25,88.4,7,100,4.17,rain,,,25.9,24.1,242,1012.4,61.9,9.5,104.4,9.1,4,,2014-06-10T06:31:13,2014-06-10T19:00:34,0.41,"Rain, Partially cloudy",Partly cloudy throughout the day with afternoon rain.,rain,"65210099999,DNMM,remote,65201099999"
Lagos,2014-06-11,32,23,27.4,36.8,23,30,23.5,80.6,0.5,100,8.33,rain,,,25.9,22.3,257,1013.1,55.3,9.8,134.9,11.9,5,,2014-06-11T06:31:23,2014-06-11T19:00:48,0.44,"Rain, Partially cloudy",Partly cloudy throughout the day with rain.,rain,"65210099999,DNMM,remote,65201099999"
Lagos,2014-06-12,27.2,22.9,25.1,30.6,22.9,25.5,24,93.8,42,100,4.17,rain,,,40.7,37.1,212.8,1013.9,53.1,7.2,106.5,9.2,4,,2014-06-12T06:31:33,2014-06-12T19:01:03,0.48,"Rain, Partially cloudy",Partly cloudy throughout the day with afternoon rain.,rain,"65210099999,DNMM,remote,65201099999"
Lagos,2014-06-13,30.8,23,26.7,37.6,23,29.5,24.1,86.7,0.4,100,8.33,rain,,,22.3,18.4,246.1,1013.4,52.1,8.3,101.6,8.9,4,,2014-06-13T06:31:43,2014-06-13T19:01:17,0.5,"Rain, Partially cloudy",Partly cloudy throughout the day with rain.,rain,"65210099999,DNMM,remote,65201099999"
Lagos,2014-06-14,32,25,27.4,40.6,25,30.3,24.9,86.8,0.4,100,8.33,rain,,,33.5,29.5,225.2,1013.7,54.5,10,98.1,8.4,3,,2014-06-14T06:31:54,2014-06-14T19:01:31,0.55,"Rain, Partially cloudy",Partly cloudy throughout the day with afternoon rain.,rain,"65210099999,DNMM,remote,65201099999"
Lagos,2014-06-15,31,25,27.7,39.1,25,31.5,25.1,86,0.9,100,12.5,rain,,,33.5,24.1,215.6,1014.1,64.1,9.6,188.3,16.2,7,,2014-06-15T06:32:05,2014-06-15T19:01:46,0.58,"Rain, Partially cloudy",Partly cloudy throughout the day with rain.,rain,"DNMM,remote,65201099999"
Lagos,2014-06-16,31,23,26.8,37.7,23,29.6,24.7,89,0.3,100,8.33,rain,,,29.5,25.9,221.3,1013.7,60.2,9.4,226.6,19.7,8,,2014-06-16T06:32:17,2014-06-16T19:02:00,0.62,"Rain, Partially cloudy",Partly cloudy throughout the day with rain.,rain,"DNMM,remote,65201099999"
Lagos,2014-06-17,30,22,25.8,35.1,22,27.8,23.6,88.3,14,100,8.33,rain,,,29.5,25.9,247,1014.1,46.4,8.5,162.9,14.2,6,,2014-06-17T06:32:29,2014-06-17T19:02:14,0.65,"Rain, Partially cloudy",Partly cloudy throughout the day with rain clearing later.,rain,"DNMM,remote,65201099999"
Lagos,2014-06-18,29,25.1,26.6,33.6,25.1,27.4,24.4,88.2,4.7,100,79.17,rain,,,14.8,18.7,225.1,1015,77.6,8,115.7,10.1,4,,2014-06-18T06:32:41,2014-06-18T19:02:27,0.69,"Rain, Partially cloudy",Partly cloudy throughout the day with a chance of rain throughout the day.,rain,"DNMM,remote,65201099999"
Lagos,2014-06-19,30.2,25,27.3,37.4,25,30.4,25.1,88.1,11,100,4.17,rain,,,25.9,22.3,218,1014.7,67.2,9.2,174.5,15,6,,2014-06-19T06:32:53,2014-06-19T19:02:41,0.75,"Rain, Partially cloudy",Partly cloudy throughout the day with morning rain.,rain,"DNMM,remote,65201099999"
Lagos,2014-06-20,29,24.2,27.1,35.6,24.2,30.3,25,88.7,1,100,4.17,rain,,,29.5,25.7,233.5,1013.7,61.4,9.1,178.3,15.2,6,,2014-06-20T06:33:06,2014-06-20T19:02:54,0.76,"Rain, Partially cloudy",Partly cloudy throughout the day with afternoon rain.,rain,"65210099999,DNMM,remote,65201099999"
Lagos,2014-06-21,31,24.9,27.7,39.1,24.9,31.4,25.1,86.4,0.2,100,4.17,rain,,,27.7,24.1,218.8,1013.8,57.2,9.6,133.9,11.4,4,,2014-06-21T06:33:19,2014-06-21T19:03:07,0.79,"Rain, Partially cloudy",Partly cloudy throughout the day with early morning rain.,rain,"65210099999,DNMM,remote,65201099999"
Lagos,2014-06-22,27,23.9,25.7,30.6,23.9,26.5,24,90.9,6,100,12.5,rain,,,31.7,27.7,208.4,1014.3,52.9,9.4,152.6,13.2,5,,2014-06-22T06:33:32,2014-06-22T19:03:20,0.83,"Rain, Partially cloudy",Partly cloudy throughout the day with rain.,rain,"65210099999,DNMM,remote,65201099999"
Lagos,2014-06-23,29.1,24,26.1,34.3,24,27.1,24,88.5,0.7,100,29.17,rain,,,44.3,22.3,234.8,1016,50.7,7.5,191.5,16.4,7,,2014-06-23T06:33:45,2014-06-23T19:03:33,0.86,"Rain, Partially cloudy",Partly cloudy throughout the day with rain.,rain,"DNMM,remote,65201099999"
Lagos,2014-06-24,31,22.8,26.9,37.7,22.8,29.6,23.9,84.5,0,0,0,,,,33.5,25.9,204.9,1014.3,61.4,8.6,132.7,11.4,4,,2014-06-24T06:33:58,2014-06-24T19:03:45,0.9,Partially cloudy,Partly cloudy throughout the day.,partly-cloudy-day,"65210099999,DNMM,65201099999"
Lagos,2014-06-25,30,24,26.1,36.2,24,27.7,24.4,90.4,8,100,8.33,rain,,,16.6,24.1,227.9,1014.2,51.1,7.7,211.1,18.4,7,,2014-06-25T06:34:12,2014-06-25T19:03:57,0.93,"Rain, Partially cloudy",Partly cloudy throughout the day with rain in the morning and afternoon.,rain,"DNMM,remote,65201099999"
Lagos,2014-06-26,29,23.8,26.6,34.5,23.8,28.5,24.2,87,0,0,0,,,,20.5,18.4,223.1,1013.5,53.8,8.1,170.7,14.6,6,,2014-06-26T06:34:26,2014-06-26T19:04:08,0.97,Partially cloudy,Partly cloudy throughout the day.,partly-cloudy-day,"65210099999,DNMM,remote,65201099999"
Lagos,2014-06-27,29,25,26.7,34.5,25,28.5,24.5,88,0,0,0,,,,,25.9,230.8,1014.4,71.9,8.5,147.5,12.8,5,,2014-06-27T06:34:39,2014-06-27T19:04:19,0,Partially cloudy,Partly cloudy throughout the day.,partly-cloudy-day,"DNMM,remote,65201099999"
Lagos,2014-06-28,28,24,25.6,31.9,24,25.9,24.2,92.5,0,0,0,,,,,18,223.3,1014.4,48.4,7.5,108.8,9.4,4,,2014-06-28T06:34:53,2014-06-28T19:04:30,0.04,Partially cloudy,Partly cloudy throughout the day.,partly-cloudy-day,"DNMM,remote,65201099999"
Lagos,2014-06-29,28,23,25.9,33.6,23,27.4,24.2,90.8,0,0,0,,,,,40.7,208.4,1013.9,56.4,7.9,167.1,14.4,6,,2014-06-29T06:35:07,2014-06-29T19:04:41,0.07,Partially cloudy,Partly cloudy throughout the day.,partly-cloudy-day,"DNMM,remote,65201099999"
Lagos,2014-06-30,31,25,26.8,38.2,25,29.2,24.3,86.5,6.8,100,50,rain,,,18.4,25.9,218.6,1013.4,61.4,8.3,117.1,10.3,4,,2014-06-30T06:35:21,2014-06-30T19:04:50,0.1,"Rain, Partially cloudy",Partly cloudy throughout the day with rain.,rain,"65210099999,DNMM,remote,65201099999"
Lagos,2014-07-01,27.2,21,26.4,30.6,21,28.2,24.2,88.1,79,100,4.17,rain,,,16.6,16.6,214.4,1012.7,74,7.7,90.1,7.7,3,,2014-07-01T06:35:35,2014-07-01T19:05:00,0.14,"Rain, Partially cloudy",Partly cloudy throughout the day with late afternoon rain.,rain,"65210099999,DNMM,remote,65201099999"
Lagos,2014-07-02,28,24,25.8,32.9,24,26.6,24.5,92.7,61,100,4.17,rain,,,33.5,23,206.2,1014.7,68.7,7.5,86.9,7.7,3,,2014-07-02T06:35:48,2014-07-02T19:05:09,0.17,"Rain, Partially cloudy",Partly cloudy throughout the day with late afternoon rain.,rain,"65210099999,DNMM,remote,65201099999"
Lagos,2014-07-03,28,24,25.9,32.7,24,26.7,24.3,91.4,4.3,100,37.5,rain,,,20.5,23.4,249.1,1015.5,60.9,8.6,125.5,10.9,4,,2014-07-03T06:36:02,2014-07-03T19:05:17,0.2,"Rain, Partially cloudy",Partly cloudy throughout the day with rain.,rain,"65210099999,DNMM,remote,65201099999"
Lagos,2014-07-04,29,22,25.8,33.6,22,26,23.9,89.4,6.2,100,62.5,rain,,,31.7,27.7,204.1,1014.9,77.5,7.6,100.6,8.7,4,,2014-07-04T06:36:16,2014-07-04T19:05:25,0.24,"Rain, Partially cloudy",Partly cloudy throughout the day with a chance of rain throughout the day.,rain,"DNMM,remote,65201099999"
Lagos,2014-07-05,26.6,26.1,26.4,26.6,26.1,26.4,24.2,87.9,1.4,100,45.83,rain,,,,23.8,216.3,,81.9,,103.1,8.9,4,,2014-07-05T06:36:29,2014-07-05T19:05:32,0.25,"Rain, Partially cloudy",Partly cloudy throughout the day with rain clearing later.,rain,remote
Lagos,2014-07-06,26.4,26,26.2,26.4,26,26.2,23.8,86.4,0.4,100,16.67,rain,,,,23.8,225.4,,78.5,,131.9,11.4,4,,2014-07-06T06:36:43,2014-07-06T19:05:39,0.3,"Rain, Partially cloudy",Partly cloudy throughout the day with rain clearing later.,rain,remote
Lagos,2014-07-07,29,25,26.6,32.7,25,27.8,23.3,82.1,0,0,0,,,,44.6,25.9,216.3,1016.9,71,9.7,146.4,12.7,5,,2014-07-07T06:36:56,2014-07-07T19:05:45,0.33,Partially cloudy,Partly cloudy throughout the day.,partly-cloudy-day,"65210099999,DNMM,remote,65201099999"
Lagos,2014-07-08,29.1,22,25.9,33.6,22,27.2,22.7,82.8,0,0,0,,,,16.6,20.5,218.7,1017.3,48.4,9.3,249.1,21.3,8,,2014-07-08T06:37:09,2014-07-08T19:05:51,0.37,Partially cloudy,Partly cloudy throughout the day.,partly-cloudy-day,"DNMM,remote,65201099999"
Lagos,2014-07-09,29,23.1,26,34.5,23.1,27.3,23.2,84.6,0,0,0,,,,24.1,22.3,225.2,1016.2,60,9.9,221.6,19.1,7,,2014-07-09T06:37:22,2014-07-09T19:05:56,0.4,Partially cloudy,Partly cloudy throughout the day.,partly-cloudy-day,"DNMM,remote,65201099999"
Lagos,2014-07-10,29,23,26.3,33.6,23,27.8,23.4,84.8,0,0,0,,,,25.9,24.1,205.8,1016.3,54.3,7.9,241.2,21,8,,2014-07-10T06:37:35,2014-07-10T19:06:01,0.43,Partially cloudy,Partly cloudy throughout the day.,partly-cloudy-day,"65210099999,DNMM,remote,65201099999"
Lagos,2014-07-11,30,24,26.5,35.1,24,28.4,23.8,85.3,0,0,0,,,,31.7,27.2,201.4,1015.9,60.8,9,272.7,23.7,9,,2014-07-11T06:37:47,2014-07-11T19:06:04,0.47,Partially cloudy,Partly cloudy throughout the day.,partly-cloudy-day,"65210099999,DNMM,remote,65201099999"
Lagos,2014-07-12,29,24,26.6,34.5,24,28.5,23.9,85,0,0,0,,,,16.6,25.9,216.3,1016.2,56.5,9.5,275.2,23.6,9,,2014-07-12T06:37:59,2014-07-12T19:06:07,0.5,Partially cloudy,Partly cloudy throughout the day.,partly-cloudy-day,"65210099999,DNMM,remote,65201099999"
Lagos,2014-07-13,30,24,26.4,35.1,24,27.9,24,87.2,3,100,4.17,rain,,,25.9,22.3,220.6,1014.9,59.9,8.3,178.8,15.2,6,,2014-07-13T06:38:11,2014-07-13T19:06:10,0.53,"Rain, Partially cloudy",Partly cloudy throughout the day with afternoon rain.,rain,"65210099999,DNMM,remote,65201099999"
Lagos,2014-07-14,29,24.9,26.6,35.6,24.9,28.6,24.5,88.4,3,100,4.17,rain,,,25.9,22.2,233.8,1014.4,56.8,8.7,241.1,21,8,,2014-07-14T06:38:23,2014-07-14T19:06:12,0.57,"Rain, Partially cloudy",Partly cloudy throughout the day with morning rain.,rain,"65210099999,DNMM,remote,65201099999"
Lagos,2014-07-15,30.4,24.9,26.5,37,24.9,27.8,24.5,89.1,1.6,100,33.33,rain,,,25.9,24.8,229.4,1014.1,60.7,8.6,234.1,20.2,8,,2014-07-15T06:38:34,2014-07-15T19:06:13,0.6,"Rain, Partially cloudy",Partly cloudy throughout the day with rain.,rain,"65210099999,DNMM,remote,65201099999"
Lagos,2014-07-16,28,23,25.7,32,23,26.3,23.7,89.2,15,100,4.17,rain,,,29.5,25.9,215.5,1014.6,75.3,9.9,126.2,10.9,4,,2014-07-16T06:38:46,2014-07-16T19:06:13,0.64,"Rain, Partially cloudy",Partly cloudy throughout the day with morning rain.,rain,"65210099999,DNMM,remote,65201099999"
Lagos,2014-07-17,27,24,25.7,30.6,24,26.1,23.7,89.2,16,100,8.33,rain,,,50,32.4,240,1015.6,70.8,8.8,233.1,20.2,8,,2014-07-17T06:38:56,2014-07-17T19:06:13,0.67,"Rain, Partially cloudy",Partly cloudy throughout the day with rain in the morning and afternoon.,rain,"DNMM,remote,65201099999"
Lagos,2014-07-18,27,23.9,25.1,30.6,23.9,25.2,23.7,92,0.8,100,20.83,rain,,,24.1,20.5,257.7,1016.5,54.2,7.5,112.6,9.7,3,,2014-07-18T06:39:07,2014-07-18T19:06:12,0.71,"Rain, Partially cloudy",Partly cloudy throughout the day with rain in the morning and afternoon.,rain,"65210099999,DNMM,remote,65201099999"
Lagos,2014-07-19,30.8,23,26,36,23,27.7,23.8,88.2,0,0,0,,,,33.5,29.5,260.7,1015.9,57.4,8.2,246.6,21.3,9,,2014-07-19T06:39:17,2014-07-19T19:06:10,0.75,Partially cloudy,Partly cloudy throughout the day.,partly-cloudy-day,"65210099999,DNMM,remote,65201099999"
Lagos,2014-07-20,27,24,25.5,30.6,24,25.8,23.8,90.3,6,100,4.17,rain,,,27.7,25.9,217,1015.8,65.8,8.1,242.5,20.9,8,,2014-07-20T06:39:26,2014-07-20T19:06:08,0.78,"Rain, Partially cloudy",Partly cloudy throughout the day with late afternoon rain.,rain,"DNMM,remote,65201099999"
Lagos,2014-07-21,28,24.2,25.8,31.9,24.2,26.8,24,89.7,4,100,4.17,rain,,,27.7,24.1,202.9,1016.1,72,8.7,218.6,19,7,,2014-07-21T06:39:36,2014-07-21T19:06:05,0.81,"Rain, Partially cloudy",Partly cloudy throughout the day with morning rain.,rain,"65210099999,DNMM,remote,65201099999"
Lagos,2014-07-22,27.8,24,25.4,31,24,25.6,23.5,89.8,0,0,0,,,,31.7,27.2,214.3,1015.9,57,9.2,226.2,19.5,8,,2014-07-22T06:39:44,2014-07-22T19:06:01,0.84,Partially cloudy,Partly cloudy throughout the day.,partly-cloudy-day,"65210099999,DNMM,remote,65201099999"
Lagos,2014-07-23,28,23.5,25.8,31.9,23.5,26.3,23.1,85.4,0.7,100,29.17,rain,,,25.9,24.1,232.2,1015.8,74.3,8.9,146.4,12.7,5,,2014-07-23T06:39:53,2014-07-23T19:05:56,0.88,"Rain, Partially cloudy",Partly cloudy throughout the day with a chance of rain throughout the day.,rain,"65210099999,DNMM,remote,65201099999"
Lagos,2014-07-24,27.8,23.1,25.4,31.4,23.1,25.6,23.5,89.7,4,100,4.17,rain,,,35.3,31.5,224.2,1015.7,66.3,8.2,213.3,18.3,7,,2014-07-24T06:40:01,2014-07-24T19:05:51,0.91,"Rain, Partially cloudy",Partly cloudy throughout the day with afternoon rain.,rain,"65210099999,DNMM,remote,65201099999"
Lagos,2014-07-25,28,24,25.4,31.9,24,26.3,23.8,91.1,16,100,4.17,rain,,,25.9,22.3,217.1,1015.2,60.7,8.1,198.5,17.3,7,,2014-07-25T06:40:08,2014-07-25T19:05:45,0.95,"Rain, Partially cloudy",Partly cloudy throughout the day with afternoon rain.,rain,"65210099999,DNMM,65201099999"
Lagos,2014-07-26,27,24,25.3,30.6,24,25.4,24.1,93.2,0.1,100,4.17,rain,,,,20.2,245.8,1014.8,57.7,6.6,227.9,19.7,8,,2014-07-26T06:40:16,2014-07-26T19:05:38,0,"Rain, Partially cloudy",Partly cloudy throughout the day with morning rain.,rain,"DNMM,remote,65201099999"
Lagos,2014-07-27,27,24,24.9,30.6,24,25.3,24,95,1.7,100,12.5,rain,,,,24.1,220.5,1014,52.9,7.8,192.6,16.4,6,,2014-07-27T06:40:22,2014-07-27T19:05:30,0.02,"Rain, Partially cloudy",Partly cloudy throughout the day with rain in the morning and afternoon.,rain,"DNMM,remote,65201099999"
Lagos,2014-07-28,26,23.1,24.7,26,23.1,24.7,23.6,93.9,11,100,8.33,rain,,,22.3,25.2,212.2,1014.7,65.5,6.1,244.2,21.3,8,,2014-07-28T06:40:29,2014-07-28T19:05:22,0.05,"Rain, Partially cloudy",Partly cloudy throughout the day with rain.,rain,"65210099999,DNMM,remote,65201099999"
Lagos,2014-07-29,27.6,22.9,25.2,31.6,22.9,25.9,23.4,90.2,9,100,4.17,rain,,,25.9,22.3,235.1,1013.8,70.7,6.8,215.4,18.6,7,,2014-07-29T06:40:34,2014-07-29T19:05:13,0.08,"Rain, Partially cloudy",Partly cloudy throughout the day with morning rain.,rain,"65210099999,DNMM,remote,65201099999"
Lagos,2014-07-30,28,24,25.5,31.9,24,26.2,23.8,90.6,0.5,100,12.5,rain,,,29.5,23.7,237,1014.3,63.4,9,170.5,14.8,6,,2014-07-30T06:40:40,2014-07-30T19:05:03,0.12,"Rain, Partially cloudy",Partly cloudy throughout the day with rain clearing later.,rain,"65210099999,DNMM,remote,65201099999"
Lagos,2014-07-31,28,24,25.2,31.9,24,25.5,23.7,91.7,2,100,4.17,rain,,,29.5,25.9,239.5,1015.3,64.8,9.2,217.1,18.8,8,,2014-07-31T06:40:44,2014-07-31T19:04:52,0.15,"Rain, Partially cloudy",Partly cloudy throughout the day with afternoon rain.,rain,"65210099999,DNMM,remote,65201099999"
Lagos,2014-08-01,27,24,25.1,30.6,24,25.4,24,93.4,8,100,4.17,rain,,,29.5,25.9,236.8,1015.6,64.9,8.8,148.8,13.1,6,,2014-08-01T06:40:49,2014-08-01T19:04:41,0.19,"Rain, Partially cloudy",Partly cloudy throughout the day with late afternoon rain.,rain,"65210099999,DNMM,remote,65201099999"
Lagos,2014-08-02,27.6,24,25.2,31.2,24,25.5,23.4,89.5,0.7,100,29.17,rain,,,31.7,24.5,226.8,1014.6,57.9,9.1,212.2,18.3,7,,2014-08-02T06:40:53,2014-08-02T19:04:29,0.22,"Rain, Partially cloudy",Partly cloudy throughout the day with a chance of rain throughout the day.,rain,"65210099999,DNMM,remote,65201099999"
Lagos,2014-08-03,27,23.7,25.4,30.1,23.7,26,23.5,89.4,0.6,100,12.5,rain,,,29.5,25.9,231.9,1015.3,60.1,9.8,171.2,14.7,6,,2014-08-03T06:40:56,2014-08-03T19:04:16,0.25,"Rain, Partially cloudy",Partly cloudy throughout the day with rain clearing later.,rain,"65210099999,DNMM,remote,65201099999"
Lagos,2014-08-04,27.2,23.8,25,30.5,23.8,25.1,23.5,91.4,2,100,37.5,rain,,,29.5,25.9,233.3,1015.1,67.1,9.2,139.1,12.1,4,,2014-08-04T06:40:59,2014-08-04T19:04:03,0.25,"Rain, Partially cloudy",Partly cloudy throughout the day with a chance of rain throughout the day.,rain,"DNMM,remote,65201099999"
Lagos,2014-08-05,26,23,24.7,26,23,24.7,23.2,91.7,22,100,4.17,rain,,,33.5,29.5,242.8,1014.6,61.6,7.7,174.9,15.3,6,,2014-08-05T06:41:01,2014-08-05T19:03:49,0.32,"Rain, Partially cloudy",Partly cloudy throughout the day with afternoon rain.,rain,"65210099999,DNMM,remote,65201099999"
Lagos,2014-08-06,27,23,24.6,30.1,23,24.8,23.2,92.6,21,100,8.33,rain,,,29.5,25.8,230.8,1014.5,79.3,7.4,257.3,22.1,9,,2014-08-06T06:41:03,2014-08-06T19:03:34,0.35,"Rain, Partially cloudy",Partly cloudy throughout the day with rain.,rain,"65210099999,DNMM,remote,65201099999"
Lagos,2014-08-07,29,23.8,25.5,33.6,23.8,26.4,23.6,89.4,5,100,8.33,rain,,,25.9,22.3,228.9,1014.3,70.7,7.7,171.5,14.8,6,,2014-08-07T06:41:05,2014-08-07T19:03:18,0.39,"Rain, Partially cloudy",Partly cloudy throughout the day with rain in the morning and afternoon.,rain,"65210099999,DNMM,65201099999"
Lagos,2014-08-08,28,24,25.5,31.9,24,26.4,23.2,87.7,0.1,100,4.17,rain,,,33.5,29.2,227.6,1014.3,58.1,9.3,204.5,17.7,8,,2014-08-08T06:41:06,2014-08-08T19:03:02,0.42,"Rain, Partially cloudy",Partly cloudy throughout the day with early morning rain.,rain,"65210099999,DNMM,remote,65201099999"
Lagos,2014-08-09,28,23.7,25.2,31.3,23.7,26.1,22.9,87.4,0,0,0,,,,29.5,25.9,215.3,1014.9,58.7,9.6,189.8,16.3,7,,2014-08-09T06:41:06,2014-08-09T19:02:45,0.46,Partially cloudy,Partly cloudy throughout the day.,partly-cloudy-day,"DNMM,65201099999"
Lagos,2014-08-10,28.9,21.8,24.7,32.5,21.8,25.3,22.3,86.9,0,0,0,,,,18.4,21.6,226.8,1015.2,48.5,9.8,255.6,22,9,,2014-08-10T06:41:06,2014-08-10T19:02:27,0.5,Partially cloudy,Partly cloudy throughout the day.,partly-cloudy-day,"65210099999,DNMM,remote,65201099999"
Lagos,2014-08-11,28,22,25.3,31.3,22,26.4,22.3,83.8,0,0,0,,,,31.7,27.6,238.9,1015.3,50.2,9.7,266.2,23,9,,2014-08-11T06:41:06,2014-08-11T19:02:09,0.52,Partially cloudy,Partly cloudy throughout the day.,partly-cloudy-day,"65210099999,DNMM,remote,65201099999"
Lagos,2014-08-12,27,23.8,25.1,29.7,23.8,25.6,22.7,86.3,0,0,0,,,,33.5,29.5,231.7,1013.3,61.5,9.8,169.6,14.6,6,,2014-08-12T06:41:05,2014-08-12T19:01:50,0.56,Partially cloudy,Partly cloudy throughout the day.,partly-cloudy-day,"65210099999,DNMM,remote,65201099999"
Lagos,2014-08-13,28,23.4,25.2,30.7,23.4,25.4,22.4,85,0,0,0,,,,25.9,27.7,231.6,1014.4,63.9,9.7,218,18.6,7,,2014-08-13T06:41:03,2014-08-13T19:01:30,0.59,Partially cloudy,Partly cloudy throughout the day.,partly-cloudy-day,"65210099999,DNMM,remote,65201099999"
Lagos,2014-08-14,27,22.4,24.8,29.2,22.4,25.1,22,84.4,0.1,100,4.17,rain,,,25.9,20.3,233.6,1015.2,58.8,8.3,221.6,19.1,8,,2014-08-14T06:41:01,2014-08-14T19:01:10,0.62,"Rain, Partially cloudy",Partly cloudy throughout the day with afternoon rain.,rain,"65210099999,DNMM,remote,65201099999"
Lagos,2014-08-15,30,22,25.1,33.6,22,25.7,22.4,85.3,0.4,100,16.67,rain,,,33.5,29.5,234.6,1015.5,61.7,9.2,232.8,20,8,,2014-08-15T06:40:59,2014-08-15T19:00:49,0.66,"Rain, Partially cloudy",Partly cloudy throughout the day with rain clearing later.,rain,"65210099999,DNMM,remote,65201099999"
Lagos,2014-08-16,26.7,23,25,26.7,23,25,22.4,85.7,0.1,100,4.17,rain,,,11.2,25.9,213.3,1014.3,73.5,11.2,240.3,20.8,8,,2014-08-16T06:40:56,2014-08-16T19:00:27,0.69,"Rain, Partially cloudy",Partly cloudy throughout the day with afternoon rain.,rain,"65210099999,DNMM,remote,65201099999"
Lagos,2014-08-17,30,24.7,25.4,34.1,24.7,25.7,22.5,84.3,0,0,0,,,,18.4,18,220.6,1013.7,78.7,11.5,236.5,20.4,8,,2014-08-17T06:40:53,2014-08-17T19:00:05,0.75,Partially cloudy,Partly cloudy throughout the day.,partly-cloudy-day,"65210099999,DNMM,remote,65201099999"
Lagos,2014-08-18,28,24,25.1,31.3,24,25.4,22.8,87.6,2.1,100,37.5,rain,,,,20.9,243.7,1015.8,75,10,209,18,8,,2014-08-18T06:40:49,2014-08-18T18:59:43,0.76,"Rain, Partially cloudy",Partly cloudy throughout the day with a chance of rain throughout the day.,rain,"65210099999,DNMM,remote,65201099999"
Lagos,2014-08-19,24.7,22,24.5,24.7,22,24.5,23,91.6,6.5,100,91.67,rain,,,,22.7,224.2,1015,85.3,5,85.7,7.3,3,,2014-08-19T06:40:45,2014-08-19T18:59:20,0.79,"Rain, Partially cloudy",Partly cloudy throughout the day with a chance of rain throughout the day.,rain,"DNMM,remote,65201099999"
Lagos,2014-08-20,29,23,25.3,33.6,23,26,23.3,88.8,3.1,100,62.5,rain,,,16.6,20.5,214,1013.8,73.4,9.2,189.6,16.3,7,,2014-08-20T06:40:41,2014-08-20T18:58:56,0.83,"Rain, Partially cloudy",Partly cloudy throughout the day with a chance of rain throughout the day.,rain,"65210099999,DNMM,remote,65201099999"
Lagos,2014-08-21,25.2,22.4,24.6,25.2,22.4,24.6,23.2,91.9,23,100,4.17,rain,,,18.4,19.8,233.9,1016.1,76.7,9.1,122.5,10.7,4,,2014-08-21T06:40:36,2014-08-21T18:58:32,0.86,"Rain, Partially cloudy",Partly cloudy throughout the day with afternoon rain.,rain,"65210099999,DNMM,remote,65201099999"
Lagos,2014-08-22,25,23,24.5,25,23,24.5,22.9,91.2,6.9,100,66.67,rain,,,,24.8,239.9,1015,55.6,8.8,230.7,19.8,8,,2014-08-22T06:40:31,2014-08-22T18:58:07,0.89,"Rain, Partially cloudy",Partly cloudy throughout the day with rain.,rain,"DNMM,remote,65201099999"
Lagos,2014-08-23,27,24,25,29.8,24,25.4,23,88.7,3.4,100,45.83,rain,,,20.5,22.7,230,1014.6,68,10,155.9,13.6,5,,2014-08-23T06:40:25,2014-08-23T18:57:41,0.93,"Rain, Partially cloudy",Partly cloudy throughout the day with rain clearing later.,rain,"65210099999,DNMM,remote,65201099999"
Lagos,2014-08-24,27,21.9,24.8,30.1,21.9,25.1,23.1,90.5,1.5,100,37.5,rain,,,,18.4,228.6,1015,57.4,8.5,242,20.8,9,,2014-08-24T06:40:19,2014-08-24T18:57:16,0.96,"Rain, Partially cloudy",Partly cloudy throughout the day with a chance of rain throughout the day.,rain,"DNMM,remote,65201099999"
Lagos,2014-08-25,29,23,25.5,33.6,23,26.2,23.3,88,7,100,50,rain,,,35.3,25.5,232,1013.6,75.7,9.6,183.8,15.8,7,,2014-08-25T06:40:12,2014-08-25T18:56:49,0,"Rain, Partially cloudy",Partly cloudy throughout the day with a chance of rain throughout the day.,rain,"65210099999,DNMM,remote,65201099999"
Lagos,2014-08-26,27,22,24.9,29.6,22,25.1,23.2,90.7,0.2,100,4.17,rain,,,25.9,35.6,216.8,1013.7,78.8,8.6,86,7.4,3,,2014-08-26T06:40:06,2014-08-26T18:56:23,0.03,"Rain, Partially cloudy",Partly cloudy throughout the day with late afternoon rain.,rain,"65210099999,DNMM,remote,65201099999"
Lagos,2014-08-27,29.6,23,25.2,34.4,23,26,23.2,88.9,2.4,100,25,rain,,,27.7,27.2,205.4,1014.8,57.7,9.1,239.7,20.8,8,,2014-08-27T06:39:58,2014-08-27T18:55:55,0.06,"Rain, Partially cloudy",Partly cloudy throughout the day with a chance of rain throughout the day.,rain,"65210099999,DNMM,remote,65201099999"
Lagos,2014-08-28,28,23,24.8,32.7,23,25,23.2,91,1,100,37.5,rain,,,18.4,20.5,248.6,1013.4,70.3,9.1,166.4,14.2,5,,2014-08-28T06:39:51,2014-08-28T18:55:28,0.1,"Rain, Partially cloudy",Partly cloudy throughout the day with a chance of rain throughout the day.,rain,"65210099999,DNMM,remote,65201099999"
Lagos,2014-08-29,25.4,22,24.6,25.4,22,24.6,23.2,92.3,31,100,4.17,rain,,,11.2,28.1,232.2,1012.4,69.8,7.3,171.1,14.8,6,,2014-08-29T06:39:43,2014-08-29T18:55:00,0.13,"Rain, Partially cloudy",Partly cloudy throughout the day with late afternoon rain.,rain,"DNMM,remote,65201099999"
Lagos,2014-08-30,26.9,23,24.8,30,23,24.9,23.3,91.4,1.8,100,41.67,rain,,,24.1,25.9,222.9,1013.3,62.4,8.5,217.2,18.8,8,,2014-08-30T06:39:35,2014-08-30T18:54:32,0.17,"Rain, Partially cloudy",Partly cloudy throughout the day with a chance of rain throughout the day.,rain,"65210099999,DNMM,remote,65201099999"
Lagos,2014-08-31,29.1,24,25.5,33.1,24,26,23.3,87.7,1.2,100,37.5,rain,,,24.1,24.5,231.6,1012.6,77.6,10.1,220.6,18.9,8,,2014-08-31T06:39:27,2014-08-31T18:54:03,0.2,"Rain, Partially cloudy",Partly cloudy throughout the day with a chance of rain throughout the day.,rain,"65210099999,DNMM,remote,65201099999"
Lagos,2014-09-01,26.6,23.9,25,26.6,23.9,25,23,89,3,100,58.33,rain,,,20.5,27.4,233.3,1013.1,74.6,9.7,249.8,21.6,9,,2014-09-01T06:39:18,2014-09-01T18:53:34,0.24,"Rain, Partially cloudy",Partly cloudy throughout the day with a chance of rain throughout the day.,rain,"65210099999,DNMM,remote,65201099999"
Lagos,2014-09-02,28,24,25.4,31.3,24,26.2,23,86.4,0.8,100,33.33,rain,,,29.5,27.6,228.9,1014.6,73.4,9.9,243.6,21,8,,2014-09-02T06:39:09,2014-09-02T18:53:04,0.25,"Rain, Partially cloudy",Partly cloudy throughout the day with rain clearing later.,rain,"65210099999,DNMM,remote,65201099999"
Lagos,2014-09-03,28,23.9,24.7,31.9,23.9,24.9,22.7,88.6,0,0,0,,,,,18.7,228.1,1015.1,69.1,10.4,188.7,16.3,8,,2014-09-03T06:39:00,2014-09-03T18:52:35,0.31,Partially cloudy,Partly cloudy throughout the day.,partly-cloudy-day,"DNMM,remote,65201099999"
Lagos,2014-09-04,26.6,24,24.6,26.6,24,24.6,23.2,91.7,0.4,100,16.67,rain,,,,25.2,237.1,1013.6,49.2,9.3,234.6,20.1,8,,2014-09-04T06:38:51,2014-09-04T18:52:05,0.34,"Rain, Partially cloudy",Partly cloudy throughout the day with late afternoon rain.,rain,"65210099999,DNMM,remote,65201099999"
Lagos,2014-09-05,27.9,24.5,25,30.8,24.5,25.1,23.3,90.5,0.3,100,4.17,rain,,,33.5,26.6,227.4,1011.9,70.3,10,177.1,15.3,6,,2014-09-05T06:38:41,2014-09-05T18:51:34,0.38,"Rain, Partially cloudy",Partly cloudy throughout the day with afternoon rain.,rain,"remote,65201099999"
Lagos,2014-09-06,25.6,24.5,24.8,25.6,24.5,24.8,23.2,91,0.7,100,29.17,rain,,,,22.3,203.3,1011.2,82.8,10,155,13.3,5,,2014-09-06T06:38:32,2014-09-06T18:51:04,0.41,"Rain, Partially cloudy",Partly cloudy throughout the day with rain clearing later.,rain,"remote,65201099999"
Lagos,2014-09-07,25.3,24.8,25,25.3,24.8,25,23.4,90.6,0,0,0,,,,,19.8,230.3,1016,85.4,10,162.3,14.1,6,,2014-09-07T06:38:22,2014-09-07T18:50:33,0.44,Partially cloudy,Partly cloudy throughout the day.,partly-cloudy-day,"DNMM,remote,65201099999"
Lagos,2014-09-08,25.6,23.9,24.9,25.6,23.9,24.9,23.3,91,2.2,100,66.67,rain,,,,23,236.7,1014.9,57.9,7.8,214.1,18.4,7,,2014-09-08T06:38:12,2014-09-08T18:50:02,0.48,"Rain, Partially cloudy",Partly cloudy throughout the day with a chance of rain throughout the day.,rain,"DNMM,remote,65201099999"
Lagos,2014-09-09,25.6,23.6,25.1,25.6,23.6,25.1,23.4,90,4.6,100,62.5,rain,,,,25.6,219.9,1013.3,78.8,5.1,105.4,9.2,3,,2014-09-09T06:38:01,2014-09-09T18:49:31,0.5,"Rain, Partially cloudy",Partly cloudy throughout the day with a chance of rain throughout the day.,rain,"65210099999,remote,65201099999"
Lagos,2014-09-10,28,24,25.3,31.9,24,25.6,23.5,89.9,2,100,4.17,rain,,,14.8,19.4,226.9,1012.9,63.1,8.8,204.6,17.8,7,,2014-09-10T06:37:51,2014-09-10T18:49:00,0.55,"Rain, Partially cloudy",Partly cloudy throughout the day with afternoon rain.,rain,"65210099999,DNMM,remote,65201099999"
Lagos,2014-09-11,29,23,25.7,33.6,23,26.5,23.5,88,2.1,100,33.33,rain,,,22.3,26.3,237,1013.7,68,9.2,200.3,17.4,7,,2014-09-11T06:37:41,2014-09-11T18:48:28,0.58,"Rain, Partially cloudy",Partly cloudy throughout the day with a chance of rain throughout the day.,rain,"DNMM,remote,65201099999"
Lagos,2014-09-12,28,21.1,24.8,31.9,21.1,25,23.2,90.9,14,100,4.17,rain,,,18.4,25.2,214.3,1013,51,8.8,173.9,15.2,7,,2014-09-12T06:37:30,2014-09-12T18:47:57,0.61,"Rain, Partially cloudy",Clearing in the afternoon with early morning rain.,rain,"65210099999,DNMM,remote,65201099999"
Lagos,2014-09-13,30.1,22.9,26.5,35.3,22.9,27.9,23.6,85.1,0,0,0,,,,16.6,17.6,211.1,1013.3,71.3,9.4,212.6,18.3,8,,2014-09-13T06:37:19,2014-09-13T18:47:25,0.64,Partially cloudy,Partly cloudy throughout the day.,partly-cloudy-day,"DNMM,remote,65201099999"
Lagos,2014-09-14,30,23.2,26,36.2,23.2,27.1,23.9,88.5,1.7,100,50,rain,,,16.6,19.4,229.1,1013.8,71.7,9.6,213.9,18.4,7,,2014-09-14T06:37:08,2014-09-14T18:46:53,0.68,"Rain, Partially cloudy",Partly cloudy throughout the day with a chance of rain throughout the day.,rain,"65210099999,DNMM,remote,65201099999"
Lagos,2014-09-15,30,24.1,26.2,37.4,24.1,27.5,24.1,88.4,3.8,100,54.17,rain,,,22.3,22.7,235.8,1013.2,72.1,10.5,167.4,14.5,6,,2014-09-15T06:36:58,2014-09-15T18:46:21,0.71,"Rain, Partially cloudy",Partly cloudy throughout the day with a chance of rain throughout the day.,rain,"65210099999,DNMM,remote,65201099999"
Lagos,2014-09-16,27.4,25,25.5,31.2,25,26,23.9,90.5,9.2,100,75,rain,,,20.5,22.7,235.1,1012.6,88.8,9.7,148.1,12.7,5,,2014-09-16T06:36:47,2014-09-16T18:45:49,0.75,"Rain, Partially cloudy",Partly cloudy throughout the day with a chance of rain throughout the day.,rain,"DNMM,remote,65201099999"
Lagos,2014-09-17,28.7,24.2,25.4,33.5,24.2,25.6,23.8,91.3,11,100,4.17,rain,,,25.9,19.4,239.9,1013.4,83.3,9,111.3,9.4,4,,2014-09-17T06:36:36,2014-09-17T18:45:17,0.78,"Rain, Partially cloudy",Partly cloudy throughout the day with afternoon rain.,rain,"65210099999,DNMM,remote,65201099999"
Lagos,2014-09-18,30,23,25.7,36.2,23,26.7,23.8,89.6,1.7,100,29.17,rain,,,22.3,22.3,222.6,1014,66.8,9,140.9,12,5,,2014-09-18T06:36:25,2014-09-18T18:44:45,0.81,"Rain, Partially cloudy",Partly cloudy throughout the day with a chance of rain throughout the day.,rain,"DNMM,remote,65201099999"
Lagos,2014-09-19,28,25,25.7,32.7,25,26.3,23.9,89.6,1.8,100,50,rain,,,18.4,19.8,231.7,1015.1,66,8.4,165.1,14.3,6,,2014-09-19T06:36:14,2014-09-19T18:44:13,0.84,"Rain, Partially cloudy",Partly cloudy throughout the day with a chance of rain throughout the day.,rain,"65210099999,DNMM,remote,65201099999"
Lagos,2014-09-20,27.9,23,25.1,32.1,23,25.3,23.8,92.5,13,100,4.17,rain,,,16.6,21.2,218.2,1014.4,69.3,7.2,114.6,10,4,,2014-09-20T06:36:04,2014-09-20T18:43:41,0.87,"Rain, Partially cloudy",Partly cloudy throughout the day with late afternoon rain.,rain,"65210099999,DNMM,remote,65201099999"
Lagos,2014-09-21,27.1,23,25.6,30.1,23,26,23.7,89.3,8,100,8.33,rain,,,13,21.6,222.8,1014.4,64.7,8.1,96.6,8.3,3,,2014-09-21T06:35:53,2014-09-21T18:43:10,0.91,"Rain, Partially cloudy",Partly cloudy throughout the day with rain.,rain,"DNMM,remote,65201099999"
Lagos,2014-09-22,31,23.7,26.4,37.7,23.7,27.6,23.9,86.5,1.7,100,37.5,rain,,,27.7,24.1,230.8,1012.9,66.7,8.9,225.8,19.5,8,,2014-09-22T06:35:42,2014-09-22T18:42:38,0.94,"Rain, Partially cloudy",Partly cloudy throughout the day with a chance of rain throughout the day.,rain,"65210099999,DNMM,remote,65201099999"
Lagos,2014-09-23,28.1,25,25.8,32.7,25,26.2,23.9,89.2,5.9,100,58.33,rain,,,,21.2,227.8,1013.5,77.3,8.8,122.2,10.6,5,,2014-09-23T06:35:32,2014-09-23T18:42:06,0.97,"Rain, Partially cloudy",Partly cloudy throughout the day with a chance of rain throughout the day.,rain,"DNMM,remote,65201099999"
Lagos,2014-09-24,28,24,25.5,31.3,24,25.7,23.8,90.9,4,100,4.17,rain,,,5.4,19.4,230.8,1013.5,61.6,7.8,161.7,14,5,,2014-09-24T06:35:21,2014-09-24T18:41:35,0,"Rain, Partially cloudy",Partly cloudy throughout the day with morning rain.,rain,"DNMM,remote,65201099999"
Lagos,2014-09-25,30,25.1,26.4,36.2,25.1,27.6,24,86.6,15.2,100,58.33,rain,,,5.4,20.5,242.5,1013.8,70.6,8.9,134.6,11.6,5,,2014-09-25T06:35:11,2014-09-25T18:41:03,0.04,"Rain, Partially cloudy",Partly cloudy throughout the day with a chance of rain throughout the day.,rain,"DNMM,remote,65201099999"
Lagos,2014-09-26,25.9,22,25.2,25.9,22,25.2,23.4,90,32,100,4.17,rain,,,7.6,20.9,233.5,1011.9,72.5,8,183.2,15.6,6,,2014-09-26T06:35:01,2014-09-26T18:40:32,0.08,"Rain, Partially cloudy",Partly cloudy throughout the day with late afternoon rain.,rain,"DNMM,remote,65201099999"
Lagos,2014-09-27,28,21.9,25.3,31.9,21.9,25.5,22.5,85.3,30.2,100,79.17,rain,,,5.4,16.6,217.8,1012.7,61.6,9,224.2,19,8,,2014-09-27T06:34:51,2014-09-27T18:40:01,0.11,"Rain, Partially cloudy",Partly cloudy throughout the day with a chance of rain throughout the day.,rain,"65210099999,DNMM,remote,65201099999"
Lagos,2014-09-28,29.2,21.9,25.1,33.7,21.9,25.3,23.6,91.5,60,100,4.17,rain,,,44.6,18.4,220.3,1013.4,53.1,6.6,210.4,18.1,7,,2014-09-28T06:34:41,2014-09-28T18:39:30,0.15,"Rain, Partially cloudy",Partly cloudy throughout the day with late afternoon rain.,rain,"DNMM,remote,65201099999"
Lagos,2014-09-29,29.6,22,25.5,35,22,25.9,23.7,89.8,8.3,100,70.83,rain,,,16.6,22,242.7,1013.3,60.9,9.6,183.8,15.9,6,,2014-09-29T06:34:32,2014-09-29T18:39:00,0.18,"Rain, Partially cloudy",Partly cloudy throughout the day with a chance of rain throughout the day.,rain,"65210099999,DNMM,remote,65201099999"
Lagos,2014-09-30,28.1,22.7,25.3,32.8,22.7,25.7,23.8,91.6,10.5,100,58.33,rain,,,16.6,24.1,229.5,1012.7,73.7,8.3,127.8,11,4,,2014-09-30T06:34:22,2014-09-30T18:38:29,0.22,"Rain, Partially cloudy",Partly cloudy throughout the day with a chance of rain throughout the day.,rain,"DNMM,remote,65201099999"
Lagos,2014-10-01,26.3,22.7,25.5,26.3,22.7,25.5,23.5,88.9,8,100,4.17,rain,,,7.6,17.6,220.7,1013.1,73.2,7.5,167.3,14.4,6,,2014-10-01T06:34:13,2014-10-01T18:37:59,0.25,"Rain, Partially cloudy",Partly cloudy throughout the day with late afternoon rain.,rain,"DNMM,remote,65201099999"
Lagos,2014-10-02,26.3,24.1,26,26.3,24.1,26,23.4,85.8,6.5,100,100,rain,,,,18,238.8,,87.4,10,105.1,9.1,4,,2014-10-02T06:34:04,2014-10-02T18:37:29,0.29,"Rain, Partially cloudy",Partly cloudy throughout the day with a chance of rain throughout the day.,rain,"65210099999,remote"
Lagos,2014-10-03,26.2,23.9,26,26.2,23.9,26,23.8,87.8,20.6,100,87.5,rain,,,,24.1,232,1013.7,76.8,6,135.2,11.7,5,,2014-10-03T06:33:56,2014-10-03T18:37:00,0.32,"Rain, Partially cloudy",Partly cloudy throughout the day with a chance of rain throughout the day.,rain,"remote,65201099999"
Lagos,2014-10-04,26.9,25.8,26.1,30.1,25.8,26.3,24,87.8,4.9,100,83.33,rain,,,,20.2,196.9,,33.2,14,279.9,24.2,9,,2014-10-04T06:33:48,2014-10-04T18:36:31,0.36,"Rain, Partially cloudy",Clearing in the afternoon with a chance of rain throughout the day.,rain,"65210099999,remote"
Lagos,2014-10-05,29.2,25.4,26.7,33.6,25.4,27.6,23.7,83.8,4,100,62.5,rain,,,16.6,13.7,204.3,1010.9,57.6,10.1,272.5,23.7,9,,2014-10-05T06:33:40,2014-10-05T18:36:02,0.39,"Rain, Partially cloudy",Partly cloudy throughout the day with a chance of rain throughout the day.,rain,"65210099999,DNMM,remote,65201099999"
Lagos,2014-10-06,26.5,24.4,26.2,26.5,24.4,26.2,24.1,88.4,9.1,100,91.67,rain,,,,18,239.6,1012,39.6,9,253.4,21.9,9,,2014-10-06T06:33:32,2014-10-06T18:35:34,0.43,"Rain, Partially cloudy",Partly cloudy throughout the day with a chance of rain throughout the day.,rain,"remote,65201099999"
Lagos,2014-10-07,26.9,26.1,26.4,30,26.1,26.5,24.2,87.9,14.4,100,95.83,rain,,,22.3,21.8,227.5,1010.5,43.9,10.3,225.7,19.5,8,,2014-10-07T06:33:25,2014-10-07T18:35:06,0.47,"Rain, Partially cloudy",Partly cloudy throughout the day with a chance of rain throughout the day.,rain,"65210099999,remote,65201099999"
Lagos,2014-10-08,31,26.1,27.1,37.7,26.1,28.5,24.3,85,6.6,100,62.5,rain,,,11.2,17.6,227.2,1011.1,66.3,10,245.8,21.2,8,,2014-10-08T06:33:18,2014-10-08T18:34:38,0.5,"Rain, Partially cloudy",Partly cloudy throughout the day with a chance of rain throughout the day.,rain,"DNMM,remote,65201099999"
Lagos,2014-10-09,31,25,27,36.5,25,28.5,24.4,85.7,1.2,100,25,rain,,,11.2,19.8,228.1,1011,66.8,9.4,254.9,22.2,8,,2014-10-09T06:33:12,2014-10-09T18:34:11,0.53,"Rain, Partially cloudy",Partly cloudy throughout the day with rain.,rain,"DNMM,remote,65201099999"
Lagos,2014-10-10,27,24,26.4,31,24,27.1,24.5,89.5,7.5,100,83.33,rain,,,18.4,21.6,227.6,1010.4,77.2,11.6,222.7,19.3,8,,2014-10-10T06:33:06,2014-10-10T18:33:45,0.56,"Rain, Partially cloudy",Partly cloudy throughout the day with a chance of rain throughout the day.,rain,"65210099999,DNMM,remote,65201099999"
Lagos,2014-10-11,26.6,22.9,25.8,26.6,22.9,25.8,24.2,90.7,45,100,8.33,rain,,,22.3,25.6,236.2,1011.8,77.8,9.3,116.8,10.2,4,,2014-10-11T06:33:00,2014-10-11T18:33:19,0.6,"Rain, Partially cloudy",Partly cloudy throughout the day with rain in the morning and afternoon.,rain,"65210099999,DNMM,remote,65201099999"
Lagos,2014-10-12,30.6,25.7,26.5,35.6,25.7,27,24.2,87.4,5.3,100,87.5,rain,,,22.3,19.1,235.4,1013,82.2,12.2,164.8,14.2,6,,2014-10-12T06:32:55,2014-10-12T18:32:53,0.63,"Rain, Partially cloudy",Partly cloudy throughout the day with a chance of rain throughout the day.,rain,"65210099999,DNMM,remote,65201099999"
Lagos,2014-10-13,31,24.4,26.7,38.8,24.4,27.6,24.2,86.6,9.3,100,66.67,rain,,,0,19.8,236.8,1013.7,89.2,9.5,121.7,10.5,4,,2014-10-13T06:32:50,2014-10-13T18:32:28,0.66,"Rain, Partially cloudy",Partly cloudy throughout the day with a chance of rain throughout the day.,rain,"65210099999,DNMM,remote,65201099999"
Lagos,2014-10-14,30.1,23.6,26.7,36.2,23.6,28,24.2,86.5,8.9,100,62.5,rain,,,16.6,20.5,240.7,1014.4,79.9,10.6,172.2,15,6,,2014-10-14T06:32:46,2014-10-14T18:32:04,0.69,"Rain, Partially cloudy",Partly cloudy throughout the day with a chance of rain throughout the day.,rain,"65210099999,DNMM,remote,65201099999"
Lagos,2014-10-15,31,24.8,27.1,37.7,24.8,29.3,24.5,85.9,3.6,100,58.33,rain,,,18.4,20.4,236.2,1013.4,73.7,9.3,179.5,15.4,7,,2014-10-15T06:32:42,2014-10-15T18:31:40,0.75,"Rain, Partially cloudy",Partly cloudy throughout the day with a chance of rain throughout the day.,rain,"65210099999,DNMM,remote,65201099999"
Lagos,2014-10-16,29,25,26.9,34.5,25,29.6,24.8,88.1,4,100,75,rain,,,22.3,22.3,241.7,1012.2,84.8,9.5,126.9,11,5,,2014-10-16T06:32:39,2014-10-16T18:31:17,0.76,"Rain, Partially cloudy",Partly cloudy throughout the day with a chance of rain throughout the day.,rain,"65210099999,DNMM,remote,65201099999"
Lagos,2014-10-17,31,25.5,27.4,39.1,25.5,30.9,25,87.1,2,100,4.17,rain,,,24.1,24.1,241.2,1010.4,90,9.1,94.3,8.2,3,,2014-10-17T06:32:37,2014-10-17T18:30:54,0.79,"Rain, Partially cloudy",Partly cloudy throughout the day with late afternoon rain.,rain,"65210099999,DNMM,remote,65201099999"
Lagos,2014-10-18,29.1,22.4,25.6,34.3,22.4,27.3,23.9,90.6,35,100,4.17,rain,,,76,55.4,241.1,1012.3,88,6.8,97.7,8.4,4,,2014-10-18T06:32:35,2014-10-18T18:30:32,0.82,"Rain, Partially cloudy",Partly cloudy throughout the day with morning rain.,rain,"DNMM,remote,65201099999"
Lagos,2014-10-19,30.1,21.9,25.7,36.5,21.9,26,23.4,87.8,7,100,4.17,rain,,,25.9,18.3,150.2,1011.8,84.9,9.4,153,13.2,6,,2014-10-19T06:32:33,2014-10-19T18:30:11,0.86,"Rain, Partially cloudy",Partly cloudy throughout the day with late afternoon rain.,rain,"65210099999,DNMM,remote,65201099999"
Lagos,2014-10-20,27.5,23.2,26.2,30,23.2,27.1,23.2,83.8,2,100,50,rain,,,9.4,14.8,205.8,1012.4,89,9,232.3,20.2,9,,2014-10-20T06:32:32,2014-10-20T18:29:50,0.89,"Rain, Partially cloudy",Partly cloudy throughout the day with a chance of rain throughout the day.,rain,"DNMM,remote,65201099999"
Lagos,2014-10-21,27.2,26.3,26.7,30.5,26.3,27.9,24.3,86.9,1.5,100,45.83,rain,,,,20.2,237.7,,39.8,17,267.9,23,9,,2014-10-21T06:32:32,2014-10-21T18:29:30,0.92,"Rain, Partially cloudy",Clearing in the afternoon with a chance of rain throughout the day.,rain,"65210099999,remote"
Lagos,2014-10-22,27.2,24.7,26.8,30.6,24.7,29,24.4,86.8,1.8,100,50,rain,,,9.4,19.8,228.4,1011.2,40.5,10,214.2,18.5,7,,2014-10-22T06:32:32,2014-10-22T18:29:11,0.95,"Rain, Partially cloudy",Clearing in the afternoon with a chance of rain throughout the day.,rain,"65210099999,remote,65201099999"
Lagos,2014-10-23,27.1,26.7,26.9,30.4,26.7,29.5,24.2,85.4,5.1,100,75,rain,,,,17.6,222.4,,48.7,,220.3,19,8,,2014-10-23T06:32:33,2014-10-23T18:28:53,0,"Rain, Partially cloudy",Becoming cloudy in the afternoon with a chance of rain throughout the day.,rain,remote
Lagos,2014-10-24,27.3,26.8,27,30.7,29.6,30.1,24.2,84.9,7.2,100,91.67,rain,,,,17.3,240.6,1010,71.7,12,221.9,19,8,,2014-10-24T06:32:34,2014-10-24T18:28:35,0.02,"Rain, Partially cloudy",Partly cloudy throughout the day with a chance of rain throughout the day.,rain,"65210099999,remote,65201099999"
Lagos,2014-10-25,26.8,26.2,26.4,29.7,26.2,26.5,23.6,84.6,11.7,100,79.17,rain,,,,14.4,220,,82.6,,146.2,12.5,6,,2014-10-25T06:32:37,2014-10-25T18:28:18,0.06,"Rain, Partially cloudy",Partly cloudy throughout the day with a chance of rain throughout the day.,rain,remote
Lagos,2014-10-26,30,26.2,26.7,36.2,26.2,27.1,24.1,86.1,5.4,100,91.67,rain,,,,20.9,202.6,1012.5,82.8,10,91.7,7.9,3,,2014-10-26T06:32:40,2014-10-26T18:28:02,0.09,"Rain, Partially cloudy",Partly cloudy throughout the day with a chance of rain throughout the day.,rain,"DNMM,remote,65201099999"
Lagos,2014-10-27,32,26.5,27.6,39.2,26.5,30.6,24.5,83.5,7,100,83.33,rain,,,16.6,18.4,240.2,1011.3,84.9,10,124.7,10.7,5,,2014-10-27T06:32:43,2014-10-27T18:27:47,0.13,"Rain, Partially cloudy",Partly cloudy throughout the day with a chance of rain throughout the day.,rain,"DNMM,remote,65201099999"
Lagos,2014-10-28,27,21.7,26.4,30.5,21.7,27.8,24.5,89.3,6.6,100,75,rain,,,74.2,21.2,233.5,1010.1,77.9,6,114.7,9.7,4,,2014-10-28T06:32:47,2014-10-28T18:27:32,0.16,"Rain, Partially cloudy",Partly cloudy throughout the day with a chance of rain throughout the day.,rain,"remote,65201099999"
Lagos,2014-10-29,29.6,26.3,26.9,35.1,26.3,29,24.1,85,3.6,100,62.5,rain,,,,14,211.5,,80.3,20,191.3,16.6,6,,2014-10-29T06:32:52,2014-10-29T18:27:19,0.2,"Rain, Partially cloudy",Partly cloudy throughout the day with a chance of rain throughout the day.,rain,"65210099999,remote"
Lagos,2014-10-30,29.7,26.7,27.3,35.8,26.7,30.7,24.5,84.6,4.2,100,66.67,rain,,,,24.1,228.1,,72.7,19,134.9,11.7,4,,2014-10-30T06:32:58,2014-10-30T18:27:06,0.23,"Rain, Partially cloudy",Partly cloudy throughout the day with a chance of rain throughout the day.,rain,"65210099999,remote"
Lagos,2014-10-31,27.1,26.9,27,30.3,29.8,30.1,24.2,84.5,4.7,100,95.83,rain,,,,17.6,233.9,,82.5,,95.2,8.3,3,,2014-10-31T06:33:04,2014-10-31T18:26:54,0.25,"Rain, Partially cloudy",Partly cloudy throughout the day with a chance of rain throughout the day.,rain,remote
Lagos,2014-11-01,27.2,24.6,26.8,30.7,24.6,29.2,24.6,87.7,5.8,100,100,rain,,,,19.8,237.7,,74.3,10,127.4,11,4,,2014-11-01T06:33:11,2014-11-01T18:26:43,0.3,"Rain, Partially cloudy",Partly cloudy throughout the day with a chance of rain throughout the day.,rain,"65210099999,remote"
Lagos,2014-11-02,31.6,26.5,27.2,37.7,26.5,29.2,24.7,86.8,2.7,100,79.17,rain,,,16.6,20.2,229.5,1008.9,59.2,7.5,172,14.9,6,,2014-11-02T06:33:19,2014-11-02T18:26:33,0.34,"Rain, Partially cloudy",Partly cloudy throughout the day with a chance of rain throughout the day.,rain,"remote,65201099999"
Lagos,2014-11-03,27.3,26.8,27.1,30.8,29.7,30.3,24.5,86.1,4.7,100,100,rain,,,,15.5,232.1,,56.6,,183.6,15.9,6,,2014-11-03T06:33:27,2014-11-03T18:26:24,0.38,"Rain, Partially cloudy",Partly cloudy throughout the day with a chance of rain throughout the day.,rain,remote
Lagos,2014-11-04,27.3,22.6,26.8,30.9,22.6,29.8,24.5,87.6,25,100,4.17,rain,,,,18,261.8,1011,86,7.5,80.7,6.8,3,,2014-11-04T06:33:37,2014-11-04T18:26:16,0.41,"Rain, Partially cloudy",Partly cloudy throughout the day with morning rain.,rain,"remote,65201099999"
Lagos,2014-11-05,26.9,26.1,26.7,30.1,26.1,27.9,24.2,86.2,24.2,100,95.83,rain,,,,20.9,256,,91.1,10,71.4,6.1,2,,2014-11-05T06:33:47,2014-11-05T18:26:09,0.45,"Rain, Overcast",Cloudy skies throughout the day with a chance of rain throughout the day.,rain,"remote,65201099999"
Lagos,2014-11-06,30,24.9,26.6,35.7,24.9,27.6,23.6,83.6,6.9,100,50,rain,,,14.8,14.8,217.5,1014.2,73.5,7.9,128.7,11.2,4,,2014-11-06T06:33:57,2014-11-06T18:26:02,0.5,"Rain, Partially cloudy",Partly cloudy throughout the day with a chance of rain throughout the day.,rain,"DNMM,remote,65201099999"
Lagos,2014-11-07,28.1,23.1,26.4,32.8,23.1,28.7,24,87.1,0.4,100,16.67,rain,,,13,12.2,185.1,1012.7,73.9,4.9,239.4,20.7,8,,2014-11-07T06:34:09,2014-11-07T18:25:57,0.52,"Rain, Partially cloudy",Partly cloudy throughout the day with rain in the morning and afternoon.,rain,"DNMM,remote,65201099999"
Lagos,2014-11-08,27.6,24.4,26.9,31.6,24.4,29.3,24.6,87.4,0.8,100,33.33,rain,,,,15.5,200.6,1011,69.7,6,265.7,22.8,9,,2014-11-08T06:34:21,2014-11-08T18:25:52,0.55,"Rain, Partially cloudy",Partly cloudy throughout the day with rain.,rain,"DNMM,remote,65201099999"
Lagos,2014-11-09,28,25,27.3,33.6,25,31.1,25,87.3,2.9,100,91.67,rain,,,,20.9,227.9,1011.5,46.3,7,242.5,20.8,8,,2014-11-09T06:34:34,2014-11-09T18:25:49,0.58,"Rain, Partially cloudy",Clearing in the afternoon with a chance of rain throughout the day.,rain,"DNMM,remote,65201099999"
Lagos,2014-11-10,31,26,27.9,39.1,26,32,25.2,85.8,3.9,100,50,rain,,,13,19.4,226.1,1010.5,67.1,9.3,133.6,11.5,5,,2014-11-10T06:34:48,2014-11-10T18:25:47,0.61,"Rain, Partially cloudy",Partly cloudy throughout the day with rain.,rain,"DNMM,remote,65201099999"
Lagos,2014-11-11,31,24,26.9,39.1,24,29.1,24.6,87.6,9,100,4.17,rain,,,13,20.2,223,1010.9,68.3,9.7,116.9,10.2,4,,2014-11-11T06:35:02,2014-11-11T18:25:45,0.65,"Rain, Partially cloudy",Partly cloudy throughout the day with afternoon rain.,rain,"DNMM,remote,65201099999"
Lagos,2014-11-12,34,24,27.3,39.2,24,30.3,24.2,83.9,0.2,100,8.33,rain,,,5.4,27.7,219.4,1010.5,67.2,8.9,176.7,15.3,6,,2014-11-12T06:35:17,2014-11-12T18:25:45,0.68,"Rain, Partially cloudy",Partly cloudy throughout the day with morning rain.,rain,"DNMM,remote,65201099999"
Lagos,2014-11-13,32,26,28.2,39.2,26,32.4,24.9,82.7,0,0,0,,,,11.2,18.4,220.2,1010.3,67.5,9.5,189.8,16.5,7,,2014-11-13T06:35:33,2014-11-13T18:25:45,0.71,Partially cloudy,Partly cloudy throughout the day.,partly-cloudy-day,"DNMM,remote,65201099999"
Lagos,2014-11-14,32,26,28,39.2,26,32,24.8,83.6,0.2,100,8.33,rain,,,35.3,24.1,209.9,1010.1,60.1,10,199.1,17.2,7,,2014-11-14T06:35:50,2014-11-14T18:25:47,0.75,"Rain, Partially cloudy",Partly cloudy throughout the day with early morning rain.,rain,"DNMM,remote,65201099999"
Lagos,2014-11-15,31,24.1,27.2,39.1,24.1,30.5,25,87.9,0.2,100,8.33,rain,,,5.4,15.1,229.5,1010.9,53.7,8.4,227.7,19.6,8,,2014-11-15T06:36:07,2014-11-15T18:25:49,0.77,"Rain, Partially cloudy",Partly cloudy throughout the day with rain clearing later.,rain,"DNMM,remote,65201099999"
Lagos,2014-11-16,29,24.8,27.1,35.6,24.8,30.6,24.9,87.7,0.3,100,12.5,rain,,,5.4,19.8,236.5,1010.3,77.1,7.4,244.7,21.3,9,,2014-11-16T06:36:25,2014-11-16T18:25:52,0.81,"Rain, Partially cloudy",Partly cloudy throughout the day with rain in the morning and afternoon.,rain,"DNMM,remote,65201099999"
Lagos,2014-11-17,30,25.1,27.9,37.4,25.1,32.6,25.3,85.9,4.2,100,54.17,rain,,,5.4,24.1,226.1,1009.9,78.4,9.5,94.2,8.2,4,,2014-11-17T06:36:44,2014-11-17T18:25:57,0.84,"Rain, Partially cloudy",Partly cloudy throughout the day with a chance of rain throughout the day.,rain,"DNMM,remote,65201099999"
Lagos,2014-11-18,32,24,27.9,39.2,24,31.8,24.7,83.2,36,100,4.17,rain,,,18.4,25.2,211,1011.6,79.3,9.1,143.2,12.3,6,,2014-11-18T06:37:03,2014-11-18T18:26:02,0.87,"Rain, Partially cloudy",Partly cloudy throughout the day with late afternoon rain.,rain,"DNMM,remote,65201099999"
Lagos,2014-11-19,31.4,24,27.3,40.2,24,30.6,24.6,85.2,3.1,100,41.67,rain,,,20.5,25.9,199.1,1012.3,68.8,8.4,132,11.3,5,,2014-11-19T06:37:23,2014-11-19T18:26:09,0.9,"Rain, Partially cloudy",Partly cloudy throughout the day with rain.,rain,"DNMM,remote,65201099999"
Lagos,2014-11-20,31,22,26,38.1,22,28,23.8,88.3,13,100,4.17,rain,,,18.4,14.8,218.1,1012,63.3,7,125.2,10.8,4,,2014-11-20T06:37:44,2014-11-20T18:26:16,0.93,"Rain, Partially cloudy",Partly cloudy throughout the day with morning rain.,rain,"DNMM,remote,65201099999"
Lagos,2014-11-21,32.1,26,27.7,41.1,26,31.4,24.8,84.3,4.2,100,54.17,rain,,,14.8,11.2,200,1011.8,71.3,9,177.1,15.4,6,,2014-11-21T06:38:06,2014-11-21T18:26:25,0.97,"Rain, Partially cloudy",Partly cloudy throughout the day with a chance of rain throughout the day.,rain,"DNMM,remote,65201099999"
Lagos,2014-11-22,32,24,28.2,40.6,24,32.7,24.9,82.8,0,0,0,,,,3.6,14.8,205.1,1011.9,68.3,7,147.8,12.8,5,,2014-11-22T06:38:28,2014-11-22T18:26:34,0,Partially cloudy,Partly cloudy throughout the day.,partly-cloudy-day,"DNMM,remote,65201099999"
Lagos,2014-11-23,32.6,24,27.7,42.5,24,32.2,25.3,87.3,0,0,0,,,,11.2,15.1,248.4,1012.4,61.3,7,111.1,9.4,4,,2014-11-23T06:38:51,2014-11-23T18:26:44,0.03,Partially cloudy,Partly cloudy throughout the day.,partly-cloudy-day,"DNMM,remote,65201099999"
Lagos,2014-11-24,34.5,25.8,27.6,43.9,25.8,31,24.9,85.6,0,0,0,,,,11.2,17.3,236,1012.2,75.9,6.4,108.2,9.2,4,,2014-11-24T06:39:14,2014-11-24T18:26:56,0.07,Partially cloudy,Partly cloudy throughout the day.,partly-cloudy-day,"DNMM,remote,65201099999"
Lagos,2014-11-25,32,26,28.5,39.2,26,33.2,24.9,81.3,0,0,0,,,,13,18.7,217.4,1011.7,59.9,9.5,164.1,14.2,6,,2014-11-25T06:39:38,2014-11-25T18:27:08,0.1,Partially cloudy,Partly cloudy throughout the day.,partly-cloudy-day,"DNMM,remote,65201099999"
Lagos,2014-11-26,29,24,26.8,35.6,24,29.7,24.6,87.9,0,0,0,,,,7.6,16.9,227.7,1011.7,47.7,9.2,200.2,17.4,7,,2014-11-26T06:40:02,2014-11-26T18:27:21,0.14,Partially cloudy,Partly cloudy throughout the day.,partly-cloudy-day,"DNMM,remote,65201099999"
Lagos,2014-11-27,31,23,27,37.7,23,30.1,24.4,85.8,0.2,100,8.33,rain,,,5.4,12.6,236.4,1011.7,65.3,7.3,111.5,9.5,4,,2014-11-27T06:40:27,2014-11-27T18:27:35,0.18,"Rain, Partially cloudy",Partly cloudy throughout the day with rain clearing later.,rain,"DNMM,remote,65201099999"
Lagos,2014-11-28,28,24.4,26.7,32.7,24.4,29.2,24.8,89.2,5,100,4.17,rain,,,7.6,16.9,221.9,1011.4,73.2,6.8,98.9,8.6,4,,2014-11-28T06:40:53,2014-11-28T18:27:50,0.21,"Rain, Partially cloudy",Partly cloudy throughout the day with morning rain.,rain,"DNMM,remote,65201099999"
Lagos,2014-11-29,32.1,24,28,39.4,24,31.9,24.6,82.4,0,0,0,,,,25.9,11.5,210.5,1010.5,60.3,8.5,131,11.4,4,,2014-11-29T06:41:19,2014-11-29T18:28:06,0.25,Partially cloudy,Partly cloudy throughout the day.,partly-cloudy-day,"DNMM,remote,65201099999"
Lagos,2014-11-30,33,25,28.6,40.9,25,33.2,24.7,80.1,0,0,0,,,,7.6,15.1,228.9,1011.4,56.8,8.9,241.4,21,8,,2014-11-30T06:41:45,2014-11-30T18:28:22,0.28,Partially cloudy,Partly cloudy throughout the day.,partly-cloudy-day,"DNMM,remote,65201099999"
Lagos,2014-12-01,33,23,27.5,42.1,23,31.4,24.5,83.9,0.2,100,8.33,rain,,,5.4,18,233.3,1011.1,46.1,8,183.7,15.9,6,,2014-12-01T06:42:12,2014-12-01T18:28:40,0.32,"Rain, Partially cloudy",Partly cloudy throughout the day with rain clearing later.,rain,"DNMM,remote,65201099999"
Lagos,2014-12-02,32.4,25,27.6,40.2,25,31.3,25,86.2,0,0,0,,,,5.4,22,238.5,1011.1,54.7,7.7,182,15.8,6,,2014-12-02T06:42:40,2014-12-02T18:28:58,0.35,Partially cloudy,Partly cloudy throughout the day.,partly-cloudy-day,"DNMM,remote,65201099999"
Lagos,2014-12-03,32,27,28.3,40.6,31.2,33.3,25.3,84.5,0,0,0,,,,7.6,18.7,231.7,1010.4,55.1,9.4,211.7,18.2,7,,2014-12-03T06:43:08,2014-12-03T18:29:17,0.39,Partially cloudy,Partly cloudy throughout the day.,partly-cloudy-day,"DNMM,remote,65201099999"
Lagos,2014-12-04,31.8,25,28.1,40,25,32.4,25,83.7,0,0,0,,,,9.4,17.6,212.9,1010.9,52.3,9.8,201.4,17.4,7,,2014-12-04T06:43:36,2014-12-04T18:29:37,0.43,Partially cloudy,Partly cloudy throughout the day.,partly-cloudy-day,"DNMM,remote,65201099999"
Lagos,2014-12-05,32,24,26.8,39.2,24,29.3,24.5,87.7,0,0,0,,,,7.6,13.3,218.8,1012.1,57,7.9,242.8,21.1,8,,2014-12-05T06:44:05,2014-12-05T18:29:58,0.46,Partially cloudy,Partly cloudy throughout the day.,partly-cloudy-day,"DNMM,remote,65201099999"
Lagos,2014-12-06,34,24,27.8,43.5,24,31.6,25,85.5,0,0,0,,,,5.4,18.7,222.9,1010.9,55.5,8.5,224.2,19.2,8,,2014-12-06T06:44:33,2014-12-06T18:30:20,0.5,Partially cloudy,Partly cloudy throughout the day.,partly-cloudy-day,"DNMM,remote,65201099999"
Lagos,2014-12-07,32,24.8,27.9,40.6,24.8,32.3,25.2,85.7,0,0,0,,,,,19.8,233.7,1010.5,41.2,8.7,235.9,20.3,8,,2014-12-07T06:45:03,2014-12-07T18:30:42,0.53,Partially cloudy,Partly cloudy throughout the day.,partly-cloudy-day,"DNMM,remote,65201099999"
Lagos,2014-12-08,33,24.6,28.3,43.8,24.6,32.9,25.5,85.4,0,0,0,,,,20.5,18.7,230.9,1010.8,57.3,8.9,222.5,19.2,8,,2014-12-08T06:45:32,2014-12-08T18:31:05,0.56,Partially cloudy,Partly cloudy throughout the day.,partly-cloudy-day,"DNMM,remote,65201099999"
Lagos,2014-12-09,33,24.9,27.9,42.1,24.9,31.7,25,85.1,0,0,0,,,,9.4,18.4,238,1010.9,47.9,8.4,243.8,21.2,9,,2014-12-09T06:46:02,2014-12-09T18:31:29,0.59,Partially cloudy,Partly cloudy throughout the day.,partly-cloudy-day,"DNMM,remote,65201099999"
Lagos,2014-12-10,33,24.8,27.6,42.2,24.8,31.4,25.1,86.8,1,100,4.17,rain,,,9.4,18.7,236.3,1010.5,64.4,6.2,222.2,19.2,8,,2014-12-10T06:46:32,2014-12-10T18:31:53,0.63,"Rain, Partially cloudy",Partly cloudy throughout the day with morning rain.,rain,"DNMM,remote,65201099999"
Lagos,2014-12-11,32,27,28.4,40.6,31,33.7,25.5,84.8,2,100,4.17,rain,,,18.4,19.8,227.6,1010.7,67.5,9.2,222.6,19.3,8,,2014-12-11T06:47:02,2014-12-11T18:32:18,0.66,"Rain, Partially cloudy",Partly cloudy throughout the day with late afternoon rain.,rain,"DNMM,remote,65201099999"
Lagos,2014-12-12,34,26,28.4,42.1,26,33.3,25.3,83.7,99,100,4.17,rain,,,,15.5,229.9,1010.4,52.1,8.1,229.8,19.9,8,,2014-12-12T06:47:32,2014-12-12T18:32:43,0.69,"Rain, Partially cloudy",Partly cloudy throughout the day with afternoon rain.,rain,"DNMM,remote,65201099999"
Lagos,2014-12-13,28,25,26.7,32.7,25,29,24.8,89.1,0,0,0,,,,9.4,15.1,155.9,1011.2,36.6,4,214.2,18.6,8,,2014-12-13T06:48:02,2014-12-13T18:33:09,0.72,Partially cloudy,Partly cloudy throughout the day.,partly-cloudy-day,"DNMM,remote,65201099999"
Lagos,2014-12-14,34,24,28.3,38.1,24,31.3,23.7,78.3,0,0,0,,,,14.8,16.9,213.7,1010.8,26.1,4.3,206.7,17.7,8,,2014-12-14T06:48:33,2014-12-14T18:33:36,0.75,Partially cloudy,Clearing in the afternoon.,partly-cloudy-day,"DNMM,remote,65201099999"
Lagos,2014-12-15,30,23,27.1,36.2,23,30.4,24.4,85.6,0,0,0,,,,,16.9,225.1,1013.5,42.4,3,206.1,17.9,8,,2014-12-15T06:49:03,2014-12-15T18:34:03,0.79,Partially cloudy,Partly cloudy throughout the day.,partly-cloudy-day,"DNMM,remote,65201099999"
Lagos,2014-12-16,27.5,26.9,27.2,30.9,29.9,30.5,24.2,83.9,0,0,0,,,,,14.8,214.9,,29.8,,205.5,17.9,8,,2014-12-16T06:49:34,2014-12-16T18:34:31,0.82,Partially cloudy,Partly cloudy throughout the day.,partly-cloudy-day,remote
Lagos,2014-12-17,34,27,29.1,42.2,30.4,34,24.4,76.4,0,0,0,,,,,16.6,190,1011.5,55.6,4.4,199.2,17.3,8,,2014-12-17T06:50:04,2014-12-17T18:34:59,0.85,Partially cloudy,Partly cloudy throughout the day.,partly-cloudy-day,"DNMM,remote,65201099999"
Lagos,2014-12-18,32.1,24.8,28.1,41.1,24.8,32.2,25.1,84.7,0,0,0,,,,13,13.3,208.1,1012,46.1,3.8,183.6,15.8,7,,2014-12-18T06:50:35,2014-12-18T18:35:27,0.88,Partially cloudy,Partly cloudy throughout the day.,partly-cloudy-day,"DNMM,remote,65201099999"
Lagos,2014-12-19,33,24,28.3,41.7,24,32.5,24.9,82.6,0,0,0,,,,14.8,18.4,201.8,1012.3,67.4,4.2,180.3,15.3,7,,2014-12-19T06:51:05,2014-12-19T18:35:56,0.92,Partially cloudy,Partly cloudy throughout the day.,partly-cloudy-day,"DNMM,remote,65201099999"
Lagos,2014-12-20,27.7,27.2,27.4,31.4,30.7,31.1,24.5,83.9,0,0,0,,,,,15.5,226.3,,62.7,,180.2,15.6,6,,2014-12-20T06:51:35,2014-12-20T18:36:25,0.95,Partially cloudy,Partly cloudy throughout the day.,partly-cloudy-day,remote
Lagos,2014-12-21,28,27,27.4,31.9,30.2,31,24.4,83.6,0,0,0,,,,,15.8,228.6,,20.4,,225.9,19.6,8,,2014-12-21T06:52:05,2014-12-21T18:36:55,0.98,Partially cloudy,Partly cloudy throughout the day.,partly-cloudy-day,remote
Lagos,2014-12-22,28.1,27.2,27.5,31.8,30.6,31.1,24.3,83,0,0,0,,,,,16.2,208.5,,27.6,,217.3,18.7,8,,2014-12-22T06:52:35,2014-12-22T18:37:25,0,Partially cloudy,Partly cloudy throughout the day.,partly-cloudy-day,remote
Lagos,2014-12-23,28.3,27.2,27.7,31.9,30.4,31.1,23.8,79.7,0,0,0,,,,,11.9,164,,80.9,,227.1,19.6,8,,2014-12-23T06:53:04,2014-12-23T18:37:55,0.05,Partially cloudy,Partly cloudy throughout the day.,partly-cloudy-day,remote
Lagos,2014-12-24,28,26.7,27.5,31.5,26.7,30.5,23.4,78.1,0,0,0,,,,,8.3,124,,48.3,,205.6,17.9,8,,2014-12-24T06:53:34,2014-12-24T18:38:25,0.08,Partially cloudy,Partly cloudy throughout the day.,partly-cloudy-day,remote
Lagos,2014-12-25,28.6,27,27.8,31.1,29.5,30.4,22.4,72.5,0,0,0,,,,,9.7,298.3,,46.3,,204.7,17.7,8,,2014-12-25T06:54:03,2014-12-25T18:38:56,0.12,Partially cloudy,Becoming cloudy in the afternoon.,partly-cloudy-day,remote
Lagos,2014-12-26,28.2,26,27.3,30.3,26,28.3,20,64.9,0,0,0,,,,,11.9,340.2,,19.2,,156.1,13.6,7,,2014-12-26T06:54:31,2014-12-26T18:39:26,0.16,Clear,Clear conditions throughout the day.,clear-day,remote
Lagos,2014-12-27,28.1,26.2,27.4,29.5,26.2,28.3,19,60.3,0,0,0,,,,,10.1,20.4,,14.1,,167.9,14.6,7,,2014-12-27T06:55:00,2014-12-27T18:39:57,0.19,Clear,Clear conditions throughout the day.,clear-day,remote
Lagos,2014-12-28,28.6,27.4,27.9,30.6,28.5,29.6,20,62.3,0,0,0,,,,,10.1,197.6,,26.8,,199.5,17.1,7,,2014-12-28T06:55:28,2014-12-28T18:40:28,0.25,Partially cloudy,Clearing in the afternoon.,partly-cloudy-day,remote
Lagos,2014-12-29,28,26.9,27.4,31.5,29.3,30.4,23.5,79.4,0,0,0,,,,,14.8,222.1,,31.7,,203.1,17.6,8,,2014-12-29T06:55:55,2014-12-29T18:40:59,0.26,Partially cloudy,Partly cloudy throughout the day.,partly-cloudy-day,remote
Lagos,2014-12-30,28.4,27,27.7,33,30.3,31.5,24.6,83.4,0,0,0,,,,,18,241.5,,47.1,,191.1,16.5,7,,2014-12-30T06:56:22,2014-12-30T18:41:30,0.3,Partially cloudy,Becoming cloudy in the afternoon.,partly-cloudy-day,remote
Lagos,2014-12-31,28.5,26.4,27.4,31.2,26.4,28.7,21.1,70.1,0,0,0,,,,,19.4,294.3,,46.3,,193.6,16.7,8,,2014-12-31T06:56:49,2014-12-31T18:42:01,0.33,Partially cloudy,Becoming cloudy in the afternoon.,partly-cloudy-day,remote
