name,datetime,tempmax,tempmin,temp,feelslikemax,feelslikemin,feelslike,dew,humidity,precip,precipprob,precipcover,preciptype,snow,snowdepth,windgust,windspeed,winddir,sealevelpressure,cloudcover,visibility,solarradiation,solarenergy,uvindex,severerisk,sunrise,sunset,moonphase,conditions,description,icon,stations
Lagos,2016-01-01,34.2,23.7,27.7,35.8,23.7,28.8,22.1,75.2,0,0,0,,0,0,26.6,18.4,13.5,1013.4,25.4,3.1,247.5,21.4,9,,2016-01-01T06:57:08,2016-01-01T18:42:23,0.72,Partially cloudy,Partly cloudy throughout the day.,partly-cloudy-day,"65210099999,65213099999,DNMM,65201099999"
Lagos,2016-01-02,34.1,22.9,27.3,33,22.9,27,17.1,59.7,0,0,0,,0,0,26.3,14.8,73.5,1013.3,20.1,4.2,258.1,22.3,9,,2016-01-02T06:57:34,2016-01-02T18:42:54,0.75,Partially cloudy,Partly cloudy throughout the day.,partly-cloudy-day,"65210099999,65213099999,DNMM,65201099999"
Lagos,2016-01-03,34,20.8,26.6,33,20.8,26.3,15.6,55.9,0,0,0,,0,0,24.8,16.6,13.1,1012.6,20.4,4.8,255.5,22,9,,2016-01-03T06:57:59,2016-01-03T18:43:25,0.79,Partially cloudy,Partly cloudy throughout the day.,partly-cloudy-day,"65210099999,65213099999,DNMM,remote,65201099999"
Lagos,2016-01-04,35.2,21.1,26.6,34.5,21.1,26.5,16.2,56.7,0,0,0,,0,0,27.4,16.6,25.9,1011.3,22.9,3.1,256.3,22,9,,2016-01-04T06:58:23,2016-01-04T18:43:55,0.82,Partially cloudy,Partly cloudy throughout the day.,partly-cloudy-day,"65210099999,DNMM,remote,65201099999"
Lagos,2016-01-05,34,22,26.6,36.5,22,27.6,20.4,70.6,0,0,0,,0,0,31,11.2,227.7,1012.5,30,3,255.7,22.1,9,,2016-01-05T06:58:47,2016-01-05T18:44:26,0.85,Partially cloudy,Partly cloudy throughout the day.,partly-cloudy-day,"65210099999,DNMM,65201099999"
Lagos,2016-01-06,35,22.8,27.5,38,22.8,28.2,20.5,69.1,0,0,0,,0,0,28.4,13,310.7,1012.6,30.5,3,251.1,21.6,9,,2016-01-06T06:59:11,2016-01-06T18:44:56,0.88,Partially cloudy,Partly cloudy throughout the day.,partly-cloudy-day,"65210099999,65213099999,65202099999,DNMM,65201099999"
Lagos,2016-01-07,36.1,21,27.8,36.4,21,27.9,17,57.5,30,100,4.17,rain,0,0,33.1,14.8,46.5,1012.4,22.6,4.1,257.3,22.4,9,,2016-01-07T06:59:33,2016-01-07T18:45:26,0.92,"Rain, Partially cloudy",Partly cloudy throughout the day with morning rain.,rain,"65210099999,DNMM,65201099999"
Lagos,2016-01-08,34,21,26.9,40.6,21,29.3,21.7,74.6,0,0,0,,0,0,28.8,14.8,187.4,1013.2,23.8,3.4,245.2,21.2,9,,2016-01-08T06:59:55,2016-01-08T18:45:56,0.95,Partially cloudy,Partly cloudy throughout the day.,partly-cloudy-day,"65210099999,DNMM,remote,65201099999"
Lagos,2016-01-09,34,24.7,28.4,40.6,24.7,31.8,24.3,79.9,0,0,0,,0,0,32.4,13,203.8,1013.4,38.8,6.5,240.6,20.6,9,,2016-01-09T07:00:16,2016-01-09T18:46:25,0.98,Partially cloudy,Partly cloudy throughout the day.,partly-cloudy-day,"65210099999,65213099999,DNMM,remote,65201099999"
Lagos,2016-01-10,34,25,28.6,42,25,32.3,24.7,80.7,0,0,0,,0,0,33.8,20.5,229.8,1012.8,40.5,6.9,208.2,17.9,7,,2016-01-10T07:00:37,2016-01-10T18:46:54,0,Partially cloudy,Partly cloudy throughout the day.,partly-cloudy-day,"65210099999,65213099999,DNMM,65201099999"
Lagos,2016-01-11,34,25,28.3,42,25,31.9,25,83.7,0,0,0,,0,0,29.5,24.4,234.5,1012,54.4,6.3,222.5,19.2,8,,2016-01-11T07:00:57,2016-01-11T18:47:23,0.05,Partially cloudy,Partly cloudy throughout the day.,partly-cloudy-day,"65210099999,65213099999,DNMM,65201099999"
Lagos,2016-01-12,34,26,28.8,42,26,32.6,25.1,81.8,0,0,0,,0,0,26.3,12.8,244.2,1010.9,52.5,6.7,219.5,18.9,8,,2016-01-12T07:01:16,2016-01-12T18:47:51,0.09,Partially cloudy,Partly cloudy throughout the day.,partly-cloudy-day,"65210099999,DNMM,remote,65201099999"
Lagos,2016-01-13,34.2,25,28.4,40.9,25,31.5,24.6,81.5,0,0,0,,0,0,31,12.9,238.2,1010.9,44,7.6,221.4,19.1,8,,2016-01-13T07:01:34,2016-01-13T18:48:19,0.12,Partially cloudy,Partly cloudy throughout the day.,partly-cloudy-day,"65210099999,DNMM,remote,65201099999"
Lagos,2016-01-14,35,25.2,28.7,41.9,25.2,32.7,24.9,81.4,0,0,0,,0,0,31,13,252,1011.1,41.2,7,227.2,19.7,8,,2016-01-14T07:01:51,2016-01-14T18:48:47,0.16,Partially cloudy,Partly cloudy throughout the day.,partly-cloudy-day,"65210099999,65213099999,DNMM,remote,65201099999"
Lagos,2016-01-15,31.4,25,28,36.7,25,31.5,25,84.6,0,0,0,,0,0,32.8,18,229.6,1010.6,46.6,5.8,238.4,20.8,8,,2016-01-15T07:02:08,2016-01-15T18:49:14,0.19,Partially cloudy,Partly cloudy throughout the day.,partly-cloudy-day,"65210099999,DNMM,remote,65201099999"
Lagos,2016-01-16,35,26,29.1,40.6,26,33.6,25.3,81.9,0,0,0,,0,0,32,14.8,231.8,1011.2,45,7,220.8,19.1,8,,2016-01-16T07:02:23,2016-01-16T18:49:41,0.23,Partially cloudy,Partly cloudy throughout the day.,partly-cloudy-day,"65210099999,DNMM,remote,65201099999"
Lagos,2016-01-17,34,26.8,29.4,41.6,30.6,35.1,25.5,81.1,0,0,0,,0,0,29.5,14.8,192.6,1011.8,57.1,7.5,212.6,18.3,7,,2016-01-17T07:02:38,2016-01-17T18:50:07,0.25,Partially cloudy,Partly cloudy throughout the day.,partly-cloudy-day,"65210099999,DNMM,65201099999"
Lagos,2016-01-18,34,26,29.3,42,26,34.5,25.3,80.5,0,0,0,,0,0,30.6,14.8,204.9,1011.6,52,7.6,199.6,17,7,,2016-01-18T07:02:52,2016-01-18T18:50:33,0.3,Partially cloudy,Partly cloudy throughout the day.,partly-cloudy-day,"65210099999,65213099999,DNMM,65201099999"
Lagos,2016-01-19,31,24,27.2,36.6,24,29.9,24.5,85.7,28,100,4.17,rain,0,0,64.8,13,221.5,1011.4,39.4,8,176.9,15.2,5,,2016-01-19T07:03:05,2016-01-19T18:50:58,0.34,"Rain, Partially cloudy",Partly cloudy throughout the day with afternoon rain.,rain,"65210099999,DNMM,remote,65201099999"
Lagos,2016-01-20,34.1,24,27.9,41.7,24,31.2,24.2,81.3,24,100,4.17,rain,0,0,24.5,13.1,210.9,1011.1,43.2,6.7,199.4,17.3,7,,2016-01-20T07:03:17,2016-01-20T18:51:22,0.37,"Rain, Partially cloudy",Partly cloudy throughout the day with morning rain.,rain,"65210099999,65213099999,DNMM,remote,65201099999"
Lagos,2016-01-21,34,24,28.4,40.6,24,31.6,24.2,79.5,0,0,0,,0,0,28.4,11.2,201.5,1011.6,48.5,6,236.7,20.3,8,,2016-01-21T07:03:28,2016-01-21T18:51:46,0.41,Partially cloudy,Partly cloudy throughout the day.,partly-cloudy-day,"65210099999,DNMM,65201099999"
Lagos,2016-01-22,35,25,28.5,40.2,25,31.2,24.1,79.4,0,0,0,,0,0,29.5,13,248.1,1012.6,32.5,7.1,220.3,19,9,,2016-01-22T07:03:39,2016-01-22T18:52:10,0.44,Partially cloudy,Partly cloudy throughout the day.,partly-cloudy-day,"65210099999,DNMM,65201099999"
Lagos,2016-01-23,35,25.1,28.9,37.9,25.1,31,23,74.1,0,0,0,,0,0,24.5,14.8,241.7,1013.4,34.7,7.1,220.7,19,8,,2016-01-23T07:03:48,2016-01-23T18:52:33,0.48,Partially cloudy,Partly cloudy throughout the day.,partly-cloudy-day,"65210099999,DNMM,65201099999"
Lagos,2016-01-24,33.9,26,28.5,35.8,26,30.7,22.6,74.1,0,0,0,,0,0,28.4,20.5,17.7,1015.1,31.5,6,232.4,20.1,8,,2016-01-24T07:03:56,2016-01-24T18:52:55,0.5,Partially cloudy,Partly cloudy throughout the day.,partly-cloudy-day,"65210099999,DNMM,remote,65201099999"
Lagos,2016-01-25,34,22,27.1,32.3,22,26.8,11.9,42.4,0,0,0,,0,0,28.1,18.5,68.7,1015,28.3,2.6,261.1,22.4,9,,2016-01-25T07:04:04,2016-01-25T18:53:17,0.54,Partially cloudy,Partly cloudy throughout the day.,partly-cloudy-day,"65210099999,DNMM,remote,65201099999"
Lagos,2016-01-26,32,23,26.8,30.8,23,26.5,15.3,51.7,0,0,0,,0,0,24.5,14.8,30.5,1015.7,30.5,1.3,239.3,20.6,9,,2016-01-26T07:04:10,2016-01-26T18:53:37,0.58,Partially cloudy,Partly cloudy throughout the day.,partly-cloudy-day,"65210099999,65213099999,DNMM,remote,65201099999"
Lagos,2016-01-27,32.3,21,26.4,31.3,21,26,13.5,48.8,0,0,0,,0,0,30.6,13.1,57.2,1014.3,28.4,1.7,272,23.4,9,,2016-01-27T07:04:16,2016-01-27T18:53:58,0.61,Partially cloudy,Partly cloudy throughout the day.,partly-cloudy-day,"65210099999,65213099999,DNMM,remote,65201099999"
Lagos,2016-01-28,33.8,22,26.7,32.7,22,26.3,13.6,48.9,0,0,0,,0,0,25.9,14.8,84.7,1013.2,24.7,1.8,270.4,23.3,9,,2016-01-28T07:04:21,2016-01-28T18:54:17,0.64,Partially cloudy,Partly cloudy throughout the day.,partly-cloudy-day,"65210099999,65213099999,DNMM,remote,65201099999"
Lagos,2016-01-29,34,21,26.8,32.7,21,26.5,13.4,47.3,0,0,0,,0,0,28.1,16.8,60.6,1012.4,24.7,1.8,275.6,23.9,9,,2016-01-29T07:04:24,2016-01-29T18:54:36,0.67,Partially cloudy,Partly cloudy throughout the day.,partly-cloudy-day,"65210099999,65213099999,DNMM,remote,65201099999"
Lagos,2016-01-30,33.1,21,26.5,32.7,21,26.4,15,52.9,0,0,0,,0,0,24.5,14.7,70.6,1013,30,1.2,275.9,23.9,9,,2016-01-30T07:04:27,2016-01-30T18:54:55,0.71,Partially cloudy,Partly cloudy throughout the day.,partly-cloudy-day,"65210099999,65213099999,DNMM,65201099999"
Lagos,2016-01-31,34.2,21,26.9,32.9,21,26.5,15.6,54.9,0,0,0,,0,0,29.2,16.6,30,1013.2,25.5,1.7,275.9,23.8,9,,2016-01-31T07:04:29,2016-01-31T18:55:12,0.74,Partially cloudy,Partly cloudy throughout the day.,partly-cloudy-day,"65210099999,65213099999,DNMM,remote,65201099999"
Lagos,2016-02-01,34.9,22,27.2,36.7,22,29,21.6,73.5,0,0,0,,0,0,31.3,13,13.1,1012.4,26.2,1.9,260.7,22.4,9,,2016-02-01T07:04:30,2016-02-01T18:55:29,0.75,Partially cloudy,Partly cloudy throughout the day.,partly-cloudy-day,"65210099999,65213099999,DNMM,65201099999"
Lagos,2016-02-02,33,24.5,27.8,39.3,24.5,30.8,24.2,82.1,0,0,0,,0,0,31.7,9.4,219.3,1011.6,32.8,2.5,257.7,22.4,9,,2016-02-02T07:04:29,2016-02-02T18:55:45,0.8,Partially cloudy,Partly cloudy throughout the day.,partly-cloudy-day,"65210099999,65213099999,DNMM,remote,65201099999"
Lagos,2016-02-03,34,24.8,28.2,40.6,24.8,31.2,24.1,79.9,0,0,0,,0,0,30.2,11.2,224.7,1011.8,36.1,3.2,249.8,21.6,9,,2016-02-03T07:04:28,2016-02-03T18:56:01,0.83,Partially cloudy,Partly cloudy throughout the day.,partly-cloudy-day,"65213099999,DNMM,65201099999"
Lagos,2016-02-04,34,25,28.3,39.8,25,31.1,24.3,80.7,0,0,0,,0,0,34.2,16.6,237.2,1012.2,37.3,3.6,250.4,21.7,9,,2016-02-04T07:04:26,2016-02-04T18:56:16,0.87,Partially cloudy,Partly cloudy throughout the day.,partly-cloudy-day,"DNMM,remote,65201099999"
Lagos,2016-02-05,36,25.8,28.8,39.5,25.8,31.3,23.5,76,0,0,0,,0,0,34.2,18.4,245.6,1011.8,36.7,4,260.9,22.4,9,,2016-02-05T07:04:23,2016-02-05T18:56:30,0.9,Partially cloudy,Partly cloudy throughout the day.,partly-cloudy-day,"DNMM,remote,65201099999"
Lagos,2016-02-06,35,25,28.7,40.1,25,32.1,24.4,79.3,0,0,0,,0,0,33.8,11.2,220.3,1012.7,45.4,3.7,255.6,22,9,,2016-02-06T07:04:19,2016-02-06T18:56:43,0.93,Partially cloudy,Partly cloudy throughout the day.,partly-cloudy-day,"65210099999,DNMM,65201099999"
Lagos,2016-02-07,34,25.8,28.7,40.6,25.8,32,24.6,80.3,0,0,0,,0,0,32.4,16.5,240.5,1013.8,48.3,3.9,233.2,20.1,8,,2016-02-07T07:04:15,2016-02-07T18:56:56,0.96,Partially cloudy,Partly cloudy throughout the day.,partly-cloudy-day,"65210099999,DNMM,65201099999"
Lagos,2016-02-08,36,25.7,29,43.2,25.7,32.5,24.4,78.3,0,0,0,,0,0,35.3,20.2,246.7,1014.5,37.9,4.2,251.2,21.8,9,,2016-02-08T07:04:09,2016-02-08T18:57:08,0,Partially cloudy,Partly cloudy throughout the day.,partly-cloudy-day,"65210099999,DNMM,65201099999"
Lagos,2016-02-09,36,25.9,29.5,39.3,25.9,32.2,22.9,72.7,0,0,0,,0,0,36,16.4,5.7,1013.7,36.6,3.2,269.8,23.1,9,,2016-02-09T07:04:02,2016-02-09T18:57:19,0.03,Partially cloudy,Partly cloudy throughout the day.,partly-cloudy-day,"65210099999,DNMM,65201099999"
Lagos,2016-02-10,37,25,29.3,35.3,25,29.7,18.9,62.2,0,0,0,,0,0,34.9,16.4,77.5,1012.1,25.4,3.3,280.9,24.2,10,,2016-02-10T07:03:55,2016-02-10T18:57:29,0.07,Partially cloudy,Partly cloudy throughout the day.,partly-cloudy-day,"65210099999,DNMM,65201099999"
Lagos,2016-02-11,36,23,28.1,37.7,23,29.9,22.3,74,0,0,0,,0,0,32,20.5,234.7,1011.9,30,3.2,275.5,24,9,,2016-02-11T07:03:47,2016-02-11T18:57:39,0.1,Partially cloudy,Partly cloudy throughout the day.,partly-cloudy-day,"65210099999,65213099999,DNMM,65201099999"
Lagos,2016-02-12,34.3,24,28.2,38.3,24,30.7,23.7,79,0,0,0,,0,0,30.2,11.3,243,1012.1,40.9,3.8,264.5,22.9,9,,2016-02-12T07:03:37,2016-02-12T18:57:49,0.14,Partially cloudy,Partly cloudy throughout the day.,partly-cloudy-day,"65210099999,65213099999,DNMM,65201099999"
Lagos,2016-02-13,35.3,25,28.4,40.5,25,31.4,24.1,79.4,0,0,0,,0,0,36.4,18.4,230.8,1012,34.3,4.1,252.4,21.8,9,,2016-02-13T07:03:27,2016-02-13T18:57:57,0.17,Partially cloudy,Partly cloudy throughout the day.,partly-cloudy-day,"65210099999,65213099999,DNMM,remote,65201099999"
Lagos,2016-02-14,34,26,28.9,40.6,26,33.3,25.1,81.3,0,0,0,,0,0,31,16.6,228.6,1012.3,52.1,6.3,235,20.5,8,,2016-02-14T07:03:16,2016-02-14T18:58:05,0.21,Partially cloudy,Partly cloudy throughout the day.,partly-cloudy-day,"65210099999,65213099999,DNMM,65201099999"
Lagos,2016-02-15,34,26.2,29.4,41.5,26.2,34.8,25.4,80.7,0,0,0,,0,0,31.7,16.3,233.7,1010.3,52.2,7.4,236.6,20.6,8,,2016-02-15T07:03:04,2016-02-15T18:58:12,0.25,Partially cloudy,Partly cloudy throughout the day.,partly-cloudy-day,"65210099999,65213099999,DNMM,remote,65201099999"
Lagos,2016-02-16,34,26.8,29.5,41.4,30.6,35.3,25.5,80.6,0,0,0,,0,0,34.2,16.6,218.2,1011.6,47.6,7.9,235.9,20.3,9,,2016-02-16T07:02:52,2016-02-16T18:58:18,0.28,Partially cloudy,Partly cloudy throughout the day.,partly-cloudy-day,"65210099999,DNMM,65201099999"
Lagos,2016-02-17,35,27,29.5,43.3,31.2,35.7,25.8,82,0,0,0,,0,0,32,20.5,209.7,1011.8,46.3,7.2,228.8,19.8,8,,2016-02-17T07:02:38,2016-02-17T18:58:24,0.31,Partially cloudy,Partly cloudy throughout the day.,partly-cloudy-day,"65210099999,DNMM,remote,65201099999"
Lagos,2016-02-18,34,27,29,40.6,31.2,34.6,25.7,83.3,0.8,100,29.17,rain,0,0,40.3,16.7,228.3,1010.7,44.9,8,217.8,18.7,8,,2016-02-18T07:02:24,2016-02-18T18:58:29,0.35,"Rain, Partially cloudy",Clearing in the afternoon with rain in the morning and afternoon.,rain,"65210099999,DNMM,remote,65201099999"
Lagos,2016-02-19,35,26.8,29.8,43.3,30.5,36,25.6,79.4,0,0,0,,0,0,74.2,16.7,235,1009.7,49.6,8.4,236,20.3,8,,2016-02-19T07:02:09,2016-02-19T18:58:34,0.38,Partially cloudy,Partly cloudy throughout the day.,partly-cloudy-day,"65210099999,DNMM,65201099999"
Lagos,2016-02-20,34,27,29.7,42.1,31.2,35.9,25.6,80.1,0,0,0,,0,0,36.4,18.4,231.2,1009,56.1,7.8,223.3,19.4,9,,2016-02-20T07:01:54,2016-02-20T18:58:38,0.42,Partially cloudy,Partly cloudy throughout the day.,partly-cloudy-day,"65210099999,DNMM,65201099999"
Lagos,2016-02-21,34.1,27.1,29.8,42.1,32,36.5,25.9,80.8,0,0,0,,0,0,34.6,14.8,231.5,1010.1,49.3,9.1,205.6,17.9,8,,2016-02-21T07:01:37,2016-02-21T18:58:41,0.45,Partially cloudy,Partly cloudy throughout the day.,partly-cloudy-day,"65210099999,65213099999,DNMM,65201099999"
Lagos,2016-02-22,36,27.1,30.2,46.3,31.7,37.4,26,79.4,0,0,0,,0,0,33.8,16.7,230.3,1010.8,55.5,8.8,227.3,19.7,8,,2016-02-22T07:01:20,2016-02-22T18:58:44,0.5,Partially cloudy,Partly cloudy throughout the day.,partly-cloudy-day,"65210099999,65213099999,DNMM,65201099999"
Lagos,2016-02-23,36,27,30.2,44.7,31.3,36.9,25.8,78.8,0,0,0,,0,0,34.6,16.6,238.2,1010.1,41.9,7.9,230.7,20.2,8,,2016-02-23T07:01:02,2016-02-23T18:58:46,0.52,Partially cloudy,Partly cloudy throughout the day.,partly-cloudy-day,"65210099999,65213099999,DNMM,remote,65201099999"
Lagos,2016-02-24,36,27,30.3,44.7,31.2,37.3,26,79.8,0,0,0,,0,0,34.2,16.7,223.7,1010.3,48.6,7.8,243.1,21.1,9,,2016-02-24T07:00:44,2016-02-24T18:58:48,0.56,Partially cloudy,Partly cloudy throughout the day.,partly-cloudy-day,"65210099999,DNMM,65201099999"
Lagos,2016-02-25,36,26.8,30.4,44.7,30.6,37.4,26,79.1,0,0,0,,0,0,32.8,18.4,226.7,1010.9,48.3,7.7,228.2,19.6,9,,2016-02-25T07:00:25,2016-02-25T18:58:49,0.59,Partially cloudy,Partly cloudy throughout the day.,partly-cloudy-day,"65210099999,DNMM,65201099999"
Lagos,2016-02-26,34,27.8,29.6,43.5,33.6,36.7,26.4,83.9,0,0,0,,0,0,34.6,22.3,238,1011,55,7.9,235.9,20.4,9,,2016-02-26T07:00:05,2016-02-26T18:58:49,0.62,Partially cloudy,Partly cloudy throughout the day.,partly-cloudy-day,"65210099999,DNMM,remote,65201099999"
Lagos,2016-02-27,34,26.9,30,42,31,36.5,25.8,80.1,0,0,0,,0,0,34.9,16.6,220.6,1010,43.3,8.6,241.2,21,8,,2016-02-27T06:59:45,2016-02-27T18:58:49,0.65,Partially cloudy,Partly cloudy throughout the day.,partly-cloudy-day,"65210099999,DNMM,65201099999"
Lagos,2016-02-28,35,27.9,30.2,43.8,33.5,37.5,26.1,79.6,0,0,0,,0,0,36,18.4,227.1,1010,58.5,8.7,219.4,19,7,,2016-02-28T06:59:24,2016-02-28T18:58:49,0.69,Partially cloudy,Partly cloudy throughout the day.,partly-cloudy-day,"65210099999,65213099999,DNMM,65201099999"
Lagos,2016-02-29,35,27.9,30.5,43.3,34.1,37.9,26.2,79.4,0,0,0,,0,0,34.9,20.3,232.8,1011.1,48.1,9,213.6,18.3,8,,2016-02-29T06:59:02,2016-02-29T18:58:48,0.72,Partially cloudy,Partly cloudy throughout the day.,partly-cloudy-day,"65210099999,65213099999,DNMM,65201099999"
Lagos,2016-03-01,32,26,28.6,36.8,26,33.2,24.7,81,1.4,100,4.17,rain,0,0,41.4,13.3,226,1012.6,45.1,8.1,221.9,19.1,8,,2016-03-01T06:58:40,2016-03-01T18:58:46,0.75,"Rain, Partially cloudy",Partly cloudy throughout the day with morning rain.,rain,"65210099999,65213099999,DNMM,remote,65201099999"
Lagos,2016-03-02,35,25.8,29.4,43.3,25.8,34.3,25.4,80.9,0,0,0,,0,0,35.3,18.5,226.8,1011.8,54.5,8.9,226.1,19.5,8,,2016-03-02T06:58:17,2016-03-02T18:58:45,0.75,Partially cloudy,Partly cloudy throughout the day.,partly-cloudy-day,"65210099999,65213099999,DNMM,65201099999"
Lagos,2016-03-03,35,25.9,29.7,42,25.9,34.7,25.1,78,0,0,0,,0,0,34.6,20.5,212.5,1009.4,53.4,9.9,237.9,20.6,8,,2016-03-03T06:57:54,2016-03-03T18:58:42,0.82,Partially cloudy,Partly cloudy throughout the day.,partly-cloudy-day,"65210099999,65213099999,DNMM,remote,65201099999"
Lagos,2016-03-04,36,27,30.4,43.3,31.2,36.9,25.6,77.1,0,0,0,,0,0,40,20.5,221.5,1009.5,42.4,9.7,260,22.4,9,,2016-03-04T06:57:30,2016-03-04T18:58:39,0.85,Partially cloudy,Partly cloudy throughout the day.,partly-cloudy-day,"65210099999,65213099999,DNMM,65201099999"
Lagos,2016-03-05,28.1,24.9,27.1,34.6,24.9,30.3,24.9,88.3,20,100,4.17,rain,0,0,41,18.4,205.2,1011.6,55.3,9.4,91.5,7.9,4,,2016-03-05T06:57:06,2016-03-05T18:58:36,0.88,"Rain, Partially cloudy",Partly cloudy throughout the day with afternoon rain.,rain,"65210099999,DNMM,65201099999"
Lagos,2016-03-06,34,26,28.7,39.5,26,32.7,24.4,78.3,0,0,0,,0,0,33.8,14.8,211.5,1011.7,51.3,8.8,194.8,16.9,7,,2016-03-06T06:56:42,2016-03-06T18:58:33,0.91,Partially cloudy,Partly cloudy throughout the day.,partly-cloudy-day,"65210099999,65213099999,DNMM,65201099999"
Lagos,2016-03-07,35,26,29.5,40.9,26,34.3,25.1,78.8,0,0,0,,0,0,30.2,20.5,209,1010.2,44,9.1,248.1,21.4,9,,2016-03-07T06:56:17,2016-03-07T18:58:29,0.95,Partially cloudy,Partly cloudy throughout the day.,partly-cloudy-day,"65210099999,DNMM,remote,65201099999"
Lagos,2016-03-08,33,23,27.8,39.3,23,31.2,24,80.9,14,100,8.33,rain,0,0,27,63,164.8,1010.7,40.1,8.5,219.9,19.1,8,,2016-03-08T06:55:51,2016-03-08T18:58:24,0.98,"Rain, Partially cloudy",Partly cloudy throughout the day with rain in the morning and afternoon.,rain,"65210099999,65213099999,DNMM,65201099999"
Lagos,2016-03-09,34,26,29.5,42.9,26,34.9,25.4,80.1,0,0,0,,0,0,38.5,18.4,229.4,1010.4,44,9.4,242.7,20.9,8,,2016-03-09T06:55:26,2016-03-09T18:58:20,0,Partially cloudy,Partly cloudy throughout the day.,partly-cloudy-day,"65210099999,DNMM,65201099999"
Lagos,2016-03-10,34,27,29.9,43.2,31.2,36.7,26,80.6,0,0,0,,0,0,38.9,20.5,229.4,1010.5,53.6,9.8,228.3,19.8,8,,2016-03-10T06:54:59,2016-03-10T18:58:15,0.05,Partially cloudy,Partly cloudy throughout the day.,partly-cloudy-day,"65210099999,DNMM,65201099999"
Lagos,2016-03-11,34.1,28,30,42,33.6,36.8,25.8,79.4,0,0,0,,0,0,41.8,18.4,228.2,1010.8,57.3,9.2,203.1,17.5,9,,2016-03-11T06:54:33,2016-03-11T18:58:10,0.08,Partially cloudy,Partly cloudy throughout the day.,partly-cloudy-day,"65210099999,DNMM,65201099999"
Lagos,2016-03-12,35,27.8,30.3,41.9,33.2,36.9,25.6,77.5,0,0,0,,0,0,40.7,14.8,242,1011.6,50.6,10.1,213.3,18.5,8,,2016-03-12T06:54:06,2016-03-12T18:58:04,0.12,Partially cloudy,Partly cloudy throughout the day.,partly-cloudy-day,"65210099999,DNMM,65201099999"
Lagos,2016-03-13,31.9,24.8,28.4,40.2,24.8,32.9,24.6,80.2,0,0,0,,0,0,55.4,24.1,304.2,1012.3,57.4,9.1,168.8,14.8,6,,2016-03-13T06:53:39,2016-03-13T18:57:58,0.15,Partially cloudy,Partly cloudy throughout the day.,partly-cloudy-day,"65210099999,DNMM,65201099999"
Lagos,2016-03-14,32,23.8,27.4,39.2,23.8,30.3,23.7,81,0,0,0,,0,0,25.2,11.2,310.1,1013.4,51.1,7.8,131.1,11.3,5,,2016-03-14T06:53:12,2016-03-14T18:57:52,0.19,Partially cloudy,Partly cloudy throughout the day.,partly-cloudy-day,"65210099999,DNMM,65201099999"
Lagos,2016-03-15,35,25.7,29.7,44.9,25.7,35.1,25.3,78.8,0,0,0,,0,0,31,20.5,211.7,1012.5,42.7,7.8,271.7,23.4,9,,2016-03-15T06:52:44,2016-03-15T18:57:46,0.25,Partially cloudy,Partly cloudy throughout the day.,partly-cloudy-day,"65210099999,DNMM,65201099999"
Lagos,2016-03-16,34,26.9,29.9,40.6,30.4,35.7,25.1,76.6,0,0,0,,0,0,29.9,16.6,216.3,1012.7,51.4,9.5,215.8,18.6,8,,2016-03-16T06:52:16,2016-03-16T18:57:40,0.26,Partially cloudy,Partly cloudy throughout the day.,partly-cloudy-day,"65210099999,DNMM,65201099999"
Lagos,2016-03-17,35,26.9,30,43.3,30.9,36.2,25.5,78,0,0,0,,0,0,33.5,20.5,230.6,1012.5,54,9.2,209,18.2,8,,2016-03-17T06:51:48,2016-03-17T18:57:33,0.29,Partially cloudy,Partly cloudy throughout the day.,partly-cloudy-day,"65210099999,DNMM,65201099999"
Lagos,2016-03-18,32,24,27.3,39.2,24,30.1,23.9,82.9,2,100,4.17,rain,0,0,40.7,24.1,153,1012.8,49.2,8.8,154.5,13.3,6,,2016-03-18T06:51:20,2016-03-18T18:57:26,0.33,"Rain, Partially cloudy",Partly cloudy throughout the day with morning rain.,rain,"65210099999,DNMM,65201099999"
Lagos,2016-03-19,35,27,29.9,44.9,30.6,36.1,25.4,77.8,0,0,0,,0,0,32.4,20.5,212.8,1012.2,53,9.8,216.8,18.7,8,,2016-03-19T06:50:52,2016-03-19T18:57:19,0.36,Partially cloudy,Partly cloudy throughout the day.,partly-cloudy-day,"65210099999,DNMM,65201099999"
Lagos,2016-03-20,34,26,30,42,26,36.1,25.4,77.6,0,0,0,,0,0,28.8,18.4,211,1012.5,51.3,9.8,216.9,18.6,7,,2016-03-20T06:50:23,2016-03-20T18:57:12,0.39,Partially cloudy,Partly cloudy throughout the day.,partly-cloudy-day,"65210099999,DNMM,65201099999"
Lagos,2016-03-21,32,24,28,37.9,24,32.5,25.1,84.7,3,100,4.17,rain,0,0,22,14.8,186.7,1013.2,46.4,9.1,157.5,13.6,7,,2016-03-21T06:49:55,2016-03-21T18:57:05,0.43,"Rain, Partially cloudy",Partly cloudy throughout the day with afternoon rain.,rain,"65210099999,DNMM,65201099999"
Lagos,2016-03-22,33,25.8,29.2,40.6,25.8,33.5,25.1,80.4,0,0,0,,0,0,29.9,18.4,219.5,1012.8,44,9,223.1,19.2,7,,2016-03-22T06:49:26,2016-03-22T18:56:58,0.46,Partially cloudy,Partly cloudy throughout the day.,partly-cloudy-day,"65210099999,DNMM,remote,65201099999"
Lagos,2016-03-23,35,27,30,43.5,31.2,37,26,80.3,0,0,0,,0,0,40,20.5,232,1010.7,50.7,10,241.3,20.8,9,,2016-03-23T06:48:57,2016-03-23T18:56:51,0.5,Partially cloudy,Partly cloudy throughout the day.,partly-cloudy-day,"65210099999,DNMM,65201099999"
Lagos,2016-03-24,34,24.2,28.5,43.5,24.2,32.1,24.5,80.5,0,0,0,,0,0,40.7,24.2,208.1,1010.7,58.4,8.7,172,15,8,,2016-03-24T06:48:28,2016-03-24T18:56:43,0.53,Partially cloudy,Partly cloudy throughout the day.,partly-cloudy-day,"65210099999,65213099999,DNMM,65201099999"
Lagos,2016-03-25,34,24.2,28.7,42,24.2,33.3,25,81.6,32,100,4.17,rain,0,0,34.2,18.6,235.9,1012.7,49,9.4,234.7,20.1,9,,2016-03-25T06:48:00,2016-03-25T18:56:36,0.57,"Rain, Partially cloudy",Partly cloudy throughout the day with early morning rain.,rain,"65210099999,DNMM,65201099999"
Lagos,2016-03-26,33.1,27.7,29.7,41.3,33,36.4,26,81.5,0,0,0,,0,0,27.7,16.6,213.5,1012.6,61.7,10,182.9,15.9,8,,2016-03-26T06:47:31,2016-03-26T18:56:29,0.6,Partially cloudy,Partly cloudy throughout the day.,partly-cloudy-day,"65210099999,DNMM,65201099999"
Lagos,2016-03-27,34,27.7,29.4,45.3,33.6,36.9,26.6,85.4,0,0,0,,0,0,28.1,16.6,204.5,1011.9,57,9.9,211.2,18.2,8,,2016-03-27T06:47:02,2016-03-27T18:56:21,0.63,Partially cloudy,Partly cloudy throughout the day.,partly-cloudy-day,"65210099999,65213099999,DNMM,65201099999"
Lagos,2016-03-28,32.8,27,29.2,43.4,31.3,36.7,26.9,88.4,0,0,0,,0,0,28.4,14.8,200,1010.9,57.6,9.9,202.4,17.5,7,,2016-03-28T06:46:33,2016-03-28T18:56:14,0.67,Partially cloudy,Partly cloudy throughout the day.,partly-cloudy-day,"65210099999,65213099999,DNMM,65201099999"
Lagos,2016-03-29,34,26.9,29.9,45.3,31,37.7,26.7,83.7,0,0,0,,0,0,33.1,16.6,226.1,1010.3,47,9.9,236.1,20.4,9,,2016-03-29T06:46:04,2016-03-29T18:56:07,0.7,Partially cloudy,Partly cloudy throughout the day.,partly-cloudy-day,"65210099999,DNMM,65201099999"
Lagos,2016-03-30,34,26,29.5,45.3,26,35.5,25.5,79.7,0,0,0,,0,0,33.8,16.6,208.4,1011.3,49.9,9.5,199.6,17.2,8,,2016-03-30T06:45:36,2016-03-30T18:55:59,0.73,Partially cloudy,Partly cloudy throughout the day.,partly-cloudy-day,"65210099999,DNMM,65201099999"
Lagos,2016-03-31,34,27.1,30.1,42,31.1,37,25.8,78.7,0,0,0,,0,0,32.8,18.4,229.3,1012.1,51.8,9.8,231.9,20.1,8,,2016-03-31T06:45:07,2016-03-31T18:55:52,0.75,Partially cloudy,Partly cloudy throughout the day.,partly-cloudy-day,"65210099999,DNMM,65201099999"
Lagos,2016-04-01,34,27.7,30.1,43.5,33,37.5,26.2,80.3,0,0,0,,0,0,42.5,22.3,241.5,1011.3,54.9,9.9,204.1,17.5,8,,2016-04-01T06:44:39,2016-04-01T18:55:45,0.8,Partially cloudy,Partly cloudy throughout the day.,partly-cloudy-day,"65210099999,65213099999,DNMM,65201099999"
Lagos,2016-04-02,35,25,29.5,43.3,25,34.2,24.5,75.9,0,0,0,,0,0,31,22.3,250.9,1010.9,37,9.5,208.5,18.1,7,,2016-04-02T06:44:11,2016-04-02T18:55:38,0.83,Partially cloudy,Partly cloudy throughout the day.,partly-cloudy-day,"65210099999,65213099999,DNMM,65201099999"
Lagos,2016-04-03,34.2,27,29.9,45.3,31.1,37.3,26.4,82.2,0,0,0,,0,0,28.8,18.4,215,1011.2,58.5,9.8,223.7,19.4,8,,2016-04-03T06:43:42,2016-04-03T18:55:31,0.87,Partially cloudy,Partly cloudy throughout the day.,partly-cloudy-day,"65210099999,65213099999,DNMM,65201099999"
Lagos,2016-04-04,34,27.1,30.1,45.3,31.6,37.5,26.3,81.5,0,0,0,,0,0,34.2,16.6,226.8,1011.3,54.4,9.8,251.8,21.7,8,,2016-04-04T06:43:15,2016-04-04T18:55:24,0.9,Partially cloudy,Partly cloudy throughout the day.,partly-cloudy-day,"65210099999,65213099999,DNMM,65201099999"
Lagos,2016-04-05,34,27.2,29.9,43.5,31.6,36.9,26.1,80.8,0.1,100,4.17,rain,0,0,40.7,16.7,239.1,1010.7,60.1,9.6,235.9,20.3,9,,2016-04-05T06:42:47,2016-04-05T18:55:18,0.93,"Rain, Partially cloudy",Partly cloudy throughout the day with morning rain.,rain,"65210099999,65213099999,DNMM,remote,65201099999"
Lagos,2016-04-06,34,27.1,29.7,43.5,31.4,36.6,25.9,80.7,0,0,0,,0,0,42.1,14.8,249.9,1009.8,53.5,9.1,168.5,14.7,7,,2016-04-06T06:42:19,2016-04-06T18:55:11,0.97,Partially cloudy,Partly cloudy throughout the day.,partly-cloudy-day,"65210099999,DNMM,65201099999"
Lagos,2016-04-07,35,27,30,44.1,30.1,36,25.1,76.1,0.1,100,4.17,rain,0,0,32.4,23.1,209.4,1011.4,57.4,10,235.7,20.4,9,,2016-04-07T06:41:52,2016-04-07T18:55:05,0,"Rain, Partially cloudy",Partly cloudy throughout the day with afternoon rain.,rain,"65210099999,65213099999,DNMM,65201099999"
Lagos,2016-04-08,35,26,30,44.1,26,36,25.6,79,0,0,0,,0,0,28.4,18.5,223.5,1011.4,50.7,9.9,234.9,20.4,8,,2016-04-08T06:41:25,2016-04-08T18:54:59,0.03,Partially cloudy,Partly cloudy throughout the day.,partly-cloudy-day,"65210099999,DNMM,remote,65201099999"
Lagos,2016-04-09,34,24,28.9,43.5,24,34.6,25.5,82.7,3,100,4.17,rain,0,0,74.2,40.5,329,1012.3,67.1,9.1,221.7,19.2,8,,2016-04-09T06:40:58,2016-04-09T18:54:53,0.07,"Rain, Partially cloudy",Partly cloudy throughout the day with late afternoon rain.,rain,"65210099999,DNMM,65201099999"
Lagos,2016-04-10,35,23,28.3,40.6,23,31.7,23.4,76.5,37,100,8.33,rain,0,0,27.7,18.4,144,1011.4,37.5,8.9,147.6,12.8,5,,2016-04-10T06:40:32,2016-04-10T18:54:48,0.1,"Rain, Partially cloudy",Partly cloudy throughout the day with rain clearing later.,rain,"65210099999,DNMM,65201099999"
Lagos,2016-04-11,34,25.9,29.5,43.5,25.9,35.2,25.6,80.9,0,0,0,,0,0,30.2,20.5,219.2,1011.4,52.3,9.4,189.2,16.3,8,,2016-04-11T06:40:06,2016-04-11T18:54:42,0.14,Partially cloudy,Partly cloudy throughout the day.,partly-cloudy-day,"65210099999,65213099999,DNMM,65201099999"
Lagos,2016-04-12,30,25,28,38.2,25,32.4,24.7,82.8,2,100,4.17,rain,0,0,64.8,44.6,165.7,1011.8,46.7,9.7,215.3,18.8,9,,2016-04-12T06:39:40,2016-04-12T18:54:37,0.17,"Rain, Partially cloudy",Partly cloudy throughout the day with afternoon rain.,rain,"65210099999,DNMM,65201099999"
Lagos,2016-04-13,34,25,29.6,42.2,25,34.6,24.8,76.7,0,0,0,,0,0,26.3,20.5,202.3,1010.1,33.7,9.4,224.2,19.5,7,,2016-04-13T06:39:15,2016-04-13T18:54:32,0.2,Partially cloudy,Partly cloudy throughout the day.,partly-cloudy-day,"65210099999,65213099999,DNMM,65201099999"
Lagos,2016-04-14,34,27,29.9,43.5,31.2,36.5,25.8,79.9,0,0,0,,0,0,33.5,18.4,227.7,1009.5,48.3,10,254,22,9,,2016-04-14T06:38:50,2016-04-14T18:54:28,0.25,Partially cloudy,Partly cloudy throughout the day.,partly-cloudy-day,"65210099999,65213099999,DNMM,65201099999"
Lagos,2016-04-15,32.1,23,28.2,39.5,23,32.4,24.6,81.9,15,100,4.17,rain,0,0,55.4,33.5,199.9,1010.7,56.1,8.7,153,13.1,6,,2016-04-15T06:38:25,2016-04-15T18:54:24,0.27,"Rain, Partially cloudy",Partly cloudy throughout the day with morning rain.,rain,"65210099999,65213099999,DNMM,remote,65201099999"
Lagos,2016-04-16,34,26.1,29.7,42,26.1,35.4,25.3,78.4,0,0,0,,0,0,31.7,20.5,217.6,1012.3,48.3,10,236.7,20.6,8,,2016-04-16T06:38:01,2016-04-16T18:54:20,0.3,Partially cloudy,Partly cloudy throughout the day.,partly-cloudy-day,"65210099999,65213099999,DNMM,65201099999"
Lagos,2016-04-17,34,25.7,29.4,40.6,25.7,34.5,25.2,79.3,0,0,0,,0,0,29.9,14.8,229.5,1012.8,52.2,9.6,232.3,20,8,,2016-04-17T06:37:37,2016-04-17T18:54:16,0.34,Partially cloudy,Partly cloudy throughout the day.,partly-cloudy-day,"65210099999,65213099999,DNMM,65201099999"
Lagos,2016-04-18,34,26.1,29.7,40.6,26.1,35.3,25.1,77.6,0,0,0,,0,0,31.7,16.6,223,1013.5,50.7,9.8,245.2,21.3,9,,2016-04-18T06:37:14,2016-04-18T18:54:13,0.37,Partially cloudy,Partly cloudy throughout the day.,partly-cloudy-day,"65210099999,DNMM,remote,65201099999"
Lagos,2016-04-19,34,26,29.7,43.5,26,35.3,25.4,79.1,0,0,0,,0,0,27.4,16.6,216.4,1012.5,47.5,9.8,254.1,21.9,9,,2016-04-19T06:36:51,2016-04-19T18:54:10,0.41,Partially cloudy,Partly cloudy throughout the day.,partly-cloudy-day,"65210099999,DNMM,65201099999"
Lagos,2016-04-20,35,26.8,30.1,43.3,30.2,36.4,25.5,77.8,0,0,0,,0,0,29.9,18.4,222.3,1011.5,53.4,9.7,237.3,20.4,8,,2016-04-20T06:36:28,2016-04-20T18:54:07,0.44,Partially cloudy,Partly cloudy throughout the day.,partly-cloudy-day,"65210099999,DNMM,remote,65201099999"
Lagos,2016-04-21,35,27.1,30.6,42.8,31.6,37.4,25.6,76.2,0,0,0,,0,0,31.3,18.4,216.9,1011.5,51.1,10,249.8,21.5,8,,2016-04-21T06:36:06,2016-04-21T18:54:05,0.47,Partially cloudy,Partly cloudy throughout the day.,partly-cloudy-day,"65210099999,DNMM,65201099999"
Lagos,2016-04-22,34,27,30.2,43.5,31.3,37.2,25.9,79.1,0,0,0,,0,0,30.2,20.5,220.2,1011.1,52.5,10,249.7,21.5,8,,2016-04-22T06:35:45,2016-04-22T18:54:04,0.5,Partially cloudy,Partly cloudy throughout the day.,partly-cloudy-day,"65210099999,65213099999,DNMM,65201099999"
Lagos,2016-04-23,34,26.9,30.1,43.4,30.7,36.8,25.7,78.4,0,0,0,,0,0,33.1,18.3,214.7,1010,55.8,9.9,239.7,20.8,8,,2016-04-23T06:35:24,2016-04-23T18:54:02,0.54,Partially cloudy,Partly cloudy throughout the day.,partly-cloudy-day,"65210099999,65213099999,DNMM,remote,65201099999"
Lagos,2016-04-24,35,27.1,30.6,43.1,31.4,37.6,25.8,77.2,0,0,0,,0,0,38.5,20.5,224.7,1009.4,56.2,10,227.3,19.5,8,,2016-04-24T06:35:04,2016-04-24T18:54:01,0.58,Partially cloudy,Partly cloudy throughout the day.,partly-cloudy-day,"65210099999,65213099999,DNMM,65201099999"
Lagos,2016-04-25,35.1,27.8,30.6,43.6,33.2,38,26,77.5,0,0,0,,0,0,32,22.3,219.4,1009.2,52.8,9.8,221.4,19,8,,2016-04-25T06:34:44,2016-04-25T18:54:00,0.61,Partially cloudy,Partly cloudy throughout the day.,partly-cloudy-day,"65210099999,65213099999,DNMM,65201099999"
Lagos,2016-04-26,37.4,28,30.6,46.5,34.2,38.4,26.2,78.6,2.6,100,8.33,rain,0,0,33.8,22.3,221.9,1009.4,60.1,10,216.6,18.6,8,,2016-04-26T06:34:25,2016-04-26T18:54:00,0.65,"Rain, Partially cloudy",Partly cloudy throughout the day with rain.,rain,"65210099999,DNMM,remote,65201099999"
Lagos,2016-04-27,36,27,30.8,44.7,31.2,38,25.9,76.8,0,0,0,,0,0,28.8,16.6,221.4,1010.4,53.5,10,216,18.7,8,,2016-04-27T06:34:06,2016-04-27T18:54:01,0.68,Partially cloudy,Partly cloudy throughout the day.,partly-cloudy-day,"65210099999,DNMM,65201099999"
Lagos,2016-04-28,29,23,26.2,35.6,23,28.1,23.9,87.6,4,100,4.17,rain,0,0,55.4,20.5,118.2,1010.8,51.6,8.4,212.6,18.4,7,,2016-04-28T06:33:48,2016-04-28T18:54:01,0.71,"Rain, Partially cloudy",Partly cloudy throughout the day with afternoon rain.,rain,"65210099999,DNMM,65201099999"
Lagos,2016-04-29,34,22,28.2,42,22,32.2,23.9,79,0,0,0,,0,0,25.9,20.5,184.9,1010.8,36.2,8.2,245.8,21.3,8,,2016-04-29T06:33:31,2016-04-29T18:54:02,0.75,Partially cloudy,Partly cloudy throughout the day.,partly-cloudy-day,"65210099999,DNMM,65201099999"
Lagos,2016-04-30,35,27.1,30.4,43.6,30.9,37.2,25.5,76.1,0,0,0,,0,0,30.6,18.4,222.3,1010.7,52.7,9.8,192.3,16.6,7,,2016-04-30T06:33:14,2016-04-30T18:54:04,0.75,Partially cloudy,Partly cloudy throughout the day.,partly-cloudy-day,"65210099999,DNMM,65201099999"
Lagos,2016-05-01,34,27,30,43.6,31.2,37.3,26.2,81.1,0,0,0,,0,0,29.5,16.6,219,1009.7,59.2,10,213.7,18.5,8,,2016-05-01T06:32:57,2016-05-01T18:54:06,0.82,Partially cloudy,Partly cloudy throughout the day.,partly-cloudy-day,"65210099999,DNMM,65201099999"
Lagos,2016-05-02,34,27.8,30.3,44.4,33.6,38.1,26.4,80.5,0,0,0,,0,0,30.2,16.7,224.3,1009.8,58.8,10.1,199.7,17.1,7,,2016-05-02T06:32:42,2016-05-02T18:54:08,0.85,Partially cloudy,Partly cloudy throughout the day.,partly-cloudy-day,"65210099999,65213099999,DNMM,65201099999"
Lagos,2016-05-03,33,27,29.8,42.3,31.8,37.2,26.4,82.5,0,0,0,,0,0,35.3,16.6,224.3,1011.3,59.1,9.9,191.7,16.6,7,,2016-05-03T06:32:27,2016-05-03T18:54:11,0.89,Partially cloudy,Partly cloudy throughout the day.,partly-cloudy-day,"65210099999,DNMM,remote,65201099999"
Lagos,2016-05-04,32,26,29.1,40.6,26,35.1,25.8,82.7,0,0,0,,0,0,35.6,36.1,214.2,1012.5,62.4,9.5,211.5,18.2,8,,2016-05-04T06:32:13,2016-05-04T18:54:14,0.92,Partially cloudy,Partly cloudy throughout the day.,partly-cloudy-day,"65210099999,DNMM,remote,65201099999"
Lagos,2016-05-05,34,26.6,29.5,42,26.6,35.3,25.5,79.8,0.5,100,20.83,rain,0,0,30.6,17.3,218.1,1011.4,92.3,9.7,192.9,16.6,7,,2016-05-05T06:31:59,2016-05-05T18:54:18,0.95,"Rain, Overcast",Cloudy skies throughout the day with rain.,rain,"DNMM,remote,65201099999"
Lagos,2016-05-06,31,26.6,28.3,38.4,26.6,33.1,25.3,84.2,11,100,62.5,rain,0,0,33.8,16.6,229.8,1011,76.6,9.5,186.2,16,8,,2016-05-06T06:31:46,2016-05-06T18:54:22,0,"Rain, Partially cloudy",Partly cloudy throughout the day with a chance of rain throughout the day.,rain,"65210099999,DNMM,remote,65201099999"
Lagos,2016-05-07,34,25,29.1,42,25,33.9,24.9,79.2,0,0,0,,0,0,35.3,18.5,237.1,1012.1,51.9,9.7,229.9,19.8,8,,2016-05-07T06:31:34,2016-05-07T18:54:27,0.02,Partially cloudy,Partly cloudy throughout the day.,partly-cloudy-day,"65210099999,65213099999,DNMM,65201099999"
Lagos,2016-05-08,33,22.2,28.1,38.1,22.2,32.6,24.8,83.4,41,100,4.17,rain,0,0,31,13,216.3,1012.9,54.4,9.4,166.8,14.3,7,,2016-05-08T06:31:22,2016-05-08T18:54:32,0.05,"Rain, Partially cloudy",Partly cloudy throughout the day with morning rain.,rain,"65210099999,DNMM,65201099999"
Lagos,2016-05-09,34,26.8,29.3,43.5,30.4,35.6,25.8,82.4,0,0,0,,0,0,26.6,20.5,212.5,1013.2,62.1,10,235.1,20.1,9,,2016-05-09T06:31:11,2016-05-09T18:54:37,0.09,Partially cloudy,Partly cloudy throughout the day.,partly-cloudy-day,"65210099999,DNMM,65201099999"
Lagos,2016-05-10,29,22,26.7,33.6,22,29.5,24,85.7,0,0,0,,0,0,38.9,18.4,110.7,1013.6,44.1,9.1,221.4,19.1,8,,2016-05-10T06:31:01,2016-05-10T18:54:43,0.12,Partially cloudy,Partly cloudy throughout the day.,partly-cloudy-day,"65210099999,65213099999,DNMM,65201099999"
Lagos,2016-05-11,33,24.7,28.8,40.6,24.7,33.1,24.5,78.3,28,100,4.17,rain,0,0,28.8,16.6,219.4,1012.4,39.9,8.7,252.7,21.9,9,,2016-05-11T06:30:51,2016-05-11T18:54:50,0.15,"Rain, Partially cloudy",Partly cloudy throughout the day with morning rain.,rain,"65210099999,DNMM,65201099999"
Lagos,2016-05-12,30,23,26.8,35.1,23,29.3,24,85.5,107,100,8.33,rain,0,0,28.8,72.4,146,1011.9,43.4,9.7,97.4,8.2,4,,2016-05-12T06:30:42,2016-05-12T18:54:57,0.19,"Rain, Partially cloudy",Partly cloudy throughout the day with rain in the morning and afternoon.,rain,"65210099999,DNMM,65201099999"
Lagos,2016-05-13,33,24,28.2,40.6,24,31.8,24.2,80.4,0,0,0,,0,0,32.8,18.4,222.3,1011.9,45.5,9.1,223.7,19.3,7,,2016-05-13T06:30:34,2016-05-13T18:55:04,0.25,Partially cloudy,Partly cloudy throughout the day.,partly-cloudy-day,"DNMM,65201099999"
Lagos,2016-05-14,33,26,28.7,42.1,26,33.7,25.6,83.8,1.6,100,20.83,rain,0,0,34.6,19.4,226.7,1012.7,66.4,9.8,224.5,19.1,8,,2016-05-14T06:30:27,2016-05-14T18:55:12,0.25,"Rain, Partially cloudy",Partly cloudy throughout the day with rain.,rain,"DNMM,remote,65201099999"
Lagos,2016-05-15,32,23.8,27.2,39.5,23.8,30.7,24.6,86.3,40,100,4.17,rain,0,0,55.4,27.7,206.5,1014.2,54.2,9.1,194.1,16.7,7,,2016-05-15T06:30:20,2016-05-15T18:55:20,0.29,"Rain, Partially cloudy",Partly cloudy throughout the day with late afternoon rain.,rain,"DNMM,65201099999"
Lagos,2016-05-16,32,23,27.1,39.2,23,30.3,24.2,85.1,0,0,0,,0,0,23.8,14.4,229,1014.5,44.1,8.2,100.1,8.5,4,,2016-05-16T06:30:14,2016-05-16T18:55:28,0.32,Partially cloudy,Partly cloudy throughout the day.,partly-cloudy-day,"DNMM,remote,65201099999"
Lagos,2016-05-17,29.8,24,27,36.6,24,29.8,25.3,90.7,22,100,4.17,rain,0,0,35.3,17.3,217,1014.1,70.4,9.5,198.5,17.2,7,,2016-05-17T06:30:09,2016-05-17T18:55:37,0.35,"Rain, Partially cloudy",Partly cloudy throughout the day with afternoon rain.,rain,"DNMM,remote,65201099999"
Lagos,2016-05-18,32,25.8,28.2,40.6,25.8,32.4,25.5,85.4,5.2,100,37.5,rain,0,0,21.6,13,234.3,1013.7,77.5,10,136.3,11.8,5,,2016-05-18T06:30:04,2016-05-18T18:55:47,0.39,"Rain, Partially cloudy",Partly cloudy throughout the day with rain clearing later.,rain,"65213099999,DNMM,remote,65201099999"
Lagos,2016-05-19,32.1,25.9,28.3,40.6,25.9,32.4,25.2,84,0,0,0,,0,0,23.8,11.2,236,1013.7,60.8,9.9,209.2,18.1,8,,2016-05-19T06:30:00,2016-05-19T18:55:57,0.42,Partially cloudy,Partly cloudy throughout the day.,partly-cloudy-day,"65213099999,DNMM,remote,65201099999"
Lagos,2016-05-20,32,26.5,28.8,40.6,26.5,34.5,25.7,83.3,0,0,0,,0,0,33.5,11.5,240,1012.3,77.6,9.7,218.3,18.7,8,,2016-05-20T06:29:57,2016-05-20T18:56:07,0.45,Partially cloudy,Partly cloudy throughout the day.,partly-cloudy-day,"65213099999,DNMM,remote,65201099999"
Lagos,2016-05-21,31.8,22.2,26.9,40.4,22.2,30.6,24.8,89,50,100,4.17,rain,0,0,29.2,27.7,231.9,1012.4,63.2,8.9,157,13.6,7,,2016-05-21T06:29:55,2016-05-21T18:56:17,0.5,"Rain, Partially cloudy",Partly cloudy throughout the day with late afternoon rain.,rain,"65213099999,DNMM,remote,65201099999"
Lagos,2016-05-22,32,23.9,26.4,40.6,23.9,28.6,24.6,90.2,0,0,0,,0,0,34.6,18.4,213.2,1013.9,64.8,8.3,169.1,14.5,7,,2016-05-22T06:29:53,2016-05-22T18:56:28,0.52,Partially cloudy,Partly cloudy throughout the day.,partly-cloudy-day,"65210099999,65213099999,DNMM,65201099999"
Lagos,2016-05-23,28,24.9,26,33.3,24.9,26.9,24.9,94.1,5,100,8.33,rain,0,0,34.2,11.2,259.4,1016.1,56.2,8,50.2,4.3,2,,2016-05-23T06:29:52,2016-05-23T18:56:39,0.56,"Rain, Partially cloudy",Partly cloudy throughout the day with rain in the morning and afternoon.,rain,"65210099999,65213099999,DNMM,65201099999"
Lagos,2016-05-24,32,24,26.9,39.2,24,30.2,24.9,89.4,1.6,100,20.83,rain,0,0,23.8,13,193.9,1015.5,56.8,8.3,148.1,12.8,5,,2016-05-24T06:29:51,2016-05-24T18:56:51,0.59,"Rain, Partially cloudy",Partly cloudy throughout the day with rain in the morning and afternoon.,rain,"65213099999,DNMM,remote,65201099999"
Lagos,2016-05-25,33,24,27.3,40.6,24,30.3,24.5,85.7,0.2,100,4.17,rain,0,0,25.9,25.9,262.9,1014.7,57.7,7.4,208.3,17.8,7,,2016-05-25T06:29:52,2016-05-25T18:57:03,0.63,"Rain, Partially cloudy",Partly cloudy throughout the day with morning rain.,rain,"65213099999,DNMM,remote,65201099999"
Lagos,2016-05-26,32,23,27.3,40.3,23,31,24.7,86.5,0.9,100,4.17,rain,0,0,24.8,11.2,211.8,1013.2,47.6,7.2,189.8,16.3,6,,2016-05-26T06:29:52,2016-05-26T18:57:15,0.66,"Rain, Partially cloudy",Partly cloudy throughout the day with late afternoon rain.,rain,"65213099999,DNMM,65201099999"
Lagos,2016-05-27,32,26,28.7,40.6,26,33.8,25.7,84.3,0,0,0,,0,0,33.1,14.8,188.1,1013.9,54.7,9.3,200.4,17.4,7,,2016-05-27T06:29:54,2016-05-27T18:57:27,0.7,Partially cloudy,Partly cloudy throughout the day.,partly-cloudy-day,"65210099999,DNMM,65201099999"
Lagos,2016-05-28,33,25,27.9,42.1,25,31.7,24.9,84,0,0,0,,0,0,34.6,22.3,221.4,1014.8,55.9,9.3,171.1,14.8,6,,2016-05-28T06:29:56,2016-05-28T18:57:40,0.73,Partially cloudy,Partly cloudy throughout the day.,partly-cloudy-day,"65210099999,DNMM,65201099999"
Lagos,2016-05-29,32,25.8,28,40.6,25.8,32.3,25.4,86.4,1,100,4.17,rain,0,0,27.4,29.5,212.4,1013.7,57.9,9.3,139.9,11.9,6,,2016-05-29T06:29:59,2016-05-29T18:57:53,0.75,"Rain, Partially cloudy",Partly cloudy throughout the day with late afternoon rain.,rain,"65210099999,65213099999,DNMM,65201099999"
Lagos,2016-05-30,31,23.9,27.1,37.7,23.9,30.1,24.3,85.3,30,100,8.33,rain,0,0,28.4,18.4,169.8,1013.3,50.4,8.9,192.7,16.8,6,,2016-05-30T06:30:03,2016-05-30T18:58:06,0.8,"Rain, Partially cloudy",Partly cloudy throughout the day with rain clearing later.,rain,"65210099999,65213099999,DNMM,65201099999"
Lagos,2016-05-31,33,24,28,40.6,24,31.6,24.8,83.7,0,0,0,,0,0,22.3,13,184.2,1013.2,49.5,8.9,150,13.1,6,,2016-05-31T06:30:07,2016-05-31T18:58:20,0.84,Partially cloudy,Partly cloudy throughout the day.,partly-cloudy-day,"65210099999,DNMM,65201099999"
Lagos,2016-06-01,33,24,28.6,40.6,24,32.5,24.7,80.6,0,0,0,,0,0,24.5,18.4,197.7,1014.1,42.7,9.3,238.1,20.5,8,,2016-06-01T06:30:11,2016-06-01T18:58:33,0.87,Partially cloudy,Partly cloudy throughout the day.,partly-cloudy-day,"65210099999,65213099999,DNMM,65201099999"
Lagos,2016-06-02,28,24,26.3,32.7,24,27.7,24.4,89.5,2,100,4.17,rain,0,0,61.2,39.8,124.1,1014.2,47.2,8.1,206.2,17.7,8,,2016-06-02T06:30:17,2016-06-02T18:58:47,0.91,"Rain, Partially cloudy",Partly cloudy throughout the day with afternoon rain.,rain,"65210099999,DNMM,65201099999"
Lagos,2016-06-03,33,24,28,39.3,24,31.3,24.5,83,0,0,0,,0,0,25.2,13,168.3,1014.7,41.6,8.3,184.9,15.9,7,,2016-06-03T06:30:22,2016-06-03T18:59:01,0.94,Partially cloudy,Partly cloudy throughout the day.,partly-cloudy-day,"65210099999,DNMM,65201099999"
Lagos,2016-06-04,33,24.9,28.7,40.6,24.9,33.2,25,81.4,1.1,100,4.17,rain,0,0,26.3,12.2,201.6,1013.5,49,8.7,216.8,18.6,8,,2016-06-04T06:30:29,2016-06-04T18:59:15,0.98,"Rain, Partially cloudy",Partly cloudy throughout the day with afternoon rain.,rain,"65210099999,DNMM,remote,65201099999"
Lagos,2016-06-05,33,25.9,28.4,38.1,25.9,32.3,24.6,81,0.2,100,4.17,rain,0,0,32.8,22.3,308.8,1013.5,45.6,9.6,199.3,17.2,8,,2016-06-05T06:30:36,2016-06-05T18:59:29,0,"Rain, Partially cloudy",Partly cloudy throughout the day with afternoon rain.,rain,"65210099999,DNMM,remote,65201099999"
Lagos,2016-06-06,33,25.8,28.6,42.1,25.8,32.6,24.6,80,0,0,0,,0,0,27,9.4,215.7,1013.2,59.3,8.8,190.8,16.5,7,,2016-06-06T06:30:43,2016-06-06T18:59:44,0.04,Partially cloudy,Partly cloudy throughout the day.,partly-cloudy-day,"DNMM,65201099999"
Lagos,2016-06-07,28,24.2,26.4,31.9,24.2,27.9,23.9,86.4,4,100,4.17,rain,0,0,64.8,42.5,45.9,1013.8,43,8,101.9,8.7,4,,2016-06-07T06:30:51,2016-06-07T18:59:58,0.08,"Rain, Partially cloudy",Partly cloudy throughout the day with afternoon rain.,rain,"65210099999,DNMM,65201099999"
Lagos,2016-06-08,33,24,28.2,42.1,24,32.1,24.5,81.5,2.2,100,16.67,rain,0,0,29.2,16.6,161.1,1013.6,68.9,8.9,175.3,15.1,7,,2016-06-08T06:31:00,2016-06-08T19:00:12,0.11,"Rain, Partially cloudy",Partly cloudy throughout the day with rain clearing later.,rain,"65210099999,DNMM,remote,65201099999"
Lagos,2016-06-09,29.9,22,25.4,38.1,22,26.9,23.9,91.7,105,100,8.33,rain,0,0,34.9,31.7,180.4,1013.3,58.2,7.5,152.6,13.1,6,,2016-06-09T06:31:09,2016-06-09T19:00:27,0.14,"Rain, Partially cloudy",Partly cloudy throughout the day with rain in the morning and afternoon.,rain,"65210099999,DNMM,remote,65201099999"
Lagos,2016-06-10,31.8,23.9,27.2,37.6,23.9,29.7,23.9,83.3,18,100,8.33,rain,0,0,30.6,14.8,218.8,1013.7,65.7,7.8,205.9,17.7,7,,2016-06-10T06:31:18,2016-06-10T19:00:41,0.17,"Rain, Partially cloudy",Partly cloudy throughout the day with rain.,rain,"65210099999,65213099999,DNMM,remote,65201099999"
Lagos,2016-06-11,31.8,24,27.9,37.9,24,31.2,24.5,82.7,0,0,0,,0,0,33.8,18.4,244.4,1014.7,47.1,9.8,93,7.9,4,,2016-06-11T06:31:28,2016-06-11T19:00:56,0.21,Partially cloudy,Partly cloudy throughout the day.,partly-cloudy-day,"65210099999,DNMM,65201099999"
Lagos,2016-06-12,28,22.2,25.3,31.9,22.2,26.1,24.1,93.2,49,100,12.5,rain,0,0,33.5,11.2,256.8,1015.8,63.9,8,93.1,7.9,3,,2016-06-12T06:31:38,2016-06-12T19:01:10,0.25,"Rain, Partially cloudy",Partly cloudy throughout the day with a chance of rain throughout the day.,rain,"65210099999,65213099999,DNMM,65201099999"
Lagos,2016-06-13,30,24,26.9,36.2,24,29.9,24.3,86,0,0,0,,0,0,31,13,214.8,1016.1,50.9,8.8,118.8,10.2,5,,2016-06-13T06:31:49,2016-06-13T19:01:25,0.27,Partially cloudy,Partly cloudy throughout the day.,partly-cloudy-day,"65210099999,65213099999,DNMM,65201099999"
Lagos,2016-06-14,29.9,26,27.2,36.2,26,30.1,24.6,85.9,0,0,0,,0,0,28.8,14.8,245.5,1016.4,57.3,9.4,95.9,8.2,4,,2016-06-14T06:32:00,2016-06-14T19:01:39,0.3,Partially cloudy,Partly cloudy throughout the day.,partly-cloudy-day,"65210099999,65213099999,DNMM,65201099999"
Lagos,2016-06-15,26.1,24,25.5,26.1,24,25.5,24.2,92.4,5,100,4.17,rain,0,0,44.3,16.6,242,1016.9,52.6,8.1,123.9,10.6,6,,2016-06-15T06:32:11,2016-06-15T19:01:53,0.34,"Rain, Partially cloudy",Partly cloudy throughout the day with afternoon rain.,rain,"65210099999,65213099999,DNMM,65201099999"
Lagos,2016-06-16,30.2,22,26,35.1,22,27.6,23.2,85.1,0,0,0,,0,0,33.5,12.7,243,1016.3,46.3,8.9,129.8,11.3,5,,2016-06-16T06:32:23,2016-06-16T19:02:07,0.37,Partially cloudy,Partly cloudy throughout the day.,partly-cloudy-day,"65210099999,65213099999,DNMM,65201099999"
Lagos,2016-06-17,30,24,26.6,36.2,24,28.7,24.2,87.2,0.4,100,4.17,rain,0,0,24.8,13.7,245.5,1015.6,67.5,8.8,126.4,10.9,5,,2016-06-17T06:32:35,2016-06-17T19:02:21,0.4,"Rain, Partially cloudy",Partly cloudy throughout the day with morning rain.,rain,"DNMM,remote,65201099999"
Lagos,2016-06-18,32,24.9,28,40.6,24.9,31.8,24.8,83.7,4,100,4.17,rain,0,0,31,13,233.7,1015.1,58.9,9.2,208.4,18.1,8,,2016-06-18T06:32:47,2016-06-18T19:02:34,0.43,"Rain, Partially cloudy",Partly cloudy throughout the day with late afternoon rain.,rain,"DNMM,remote,65201099999"
Lagos,2016-06-19,31,23,26.6,36.5,23,28.8,24.2,87.1,2,100,4.17,rain,0,0,55.4,27.7,213.8,1014.6,51.4,8.7,100.3,8.9,4,,2016-06-19T06:33:00,2016-06-19T19:02:48,0.47,"Rain, Partially cloudy",Partly cloudy throughout the day with afternoon rain.,rain,"65210099999,DNMM,65201099999"
Lagos,2016-06-20,26.1,23,25.1,26.1,23,25.1,23.6,91.7,0.6,100,4.17,rain,0,0,31,14.8,210.6,1015.3,51,8.1,83.7,7.4,4,,2016-06-20T06:33:12,2016-06-20T19:03:01,0.5,"Rain, Partially cloudy",Partly cloudy throughout the day with late afternoon rain.,rain,"65210099999,DNMM,remote,65201099999"
Lagos,2016-06-21,28,23,25.5,31.9,23,26.2,23.8,90.9,10,100,8.33,rain,0,0,25.2,15.1,204.2,1015.3,55.1,7.4,164.1,14.3,6,,2016-06-21T06:33:25,2016-06-21T19:03:14,0.54,"Rain, Partially cloudy",Partly cloudy throughout the day with rain in the morning and afternoon.,rain,"65210099999,DNMM,remote,65201099999"
Lagos,2016-06-22,30,22.7,25.8,34.1,22.7,26.6,23.4,87.1,10,100,4.17,rain,0,0,29.5,16.6,233.8,1014.5,60.7,7.8,226.9,19.5,8,,2016-06-22T06:33:39,2016-06-22T19:03:27,0.57,"Rain, Partially cloudy",Partly cloudy throughout the day with late afternoon rain.,rain,"65210099999,DNMM,remote,65201099999"
Lagos,2016-06-23,30.4,23.1,26.6,35.3,23.1,28.4,23.5,83.6,0.6,100,20.83,rain,0,0,38.9,18,231.1,1014.1,65.1,9.2,203.5,17.5,7,,2016-06-23T06:33:52,2016-06-23T19:03:39,0.61,"Rain, Partially cloudy",Partly cloudy throughout the day with rain in the morning and afternoon.,rain,"65210099999,DNMM,remote,65201099999"
Lagos,2016-06-24,27,24,25.5,30.1,24,26,23.6,89.7,0,0,0,,0,0,32,13,217.5,1014.3,52.9,8.2,62.7,5.6,3,,2016-06-24T06:34:05,2016-06-24T19:03:51,0.64,Partially cloudy,Partly cloudy throughout the day.,partly-cloudy-day,"DNMM,65201099999"
Lagos,2016-06-25,30,24,26.2,34.1,24,27.6,23.3,84.6,0.2,100,4.17,rain,0,0,29.9,16.6,225.5,1014.4,64.2,8.8,87.7,7.5,3,,2016-06-25T06:34:19,2016-06-25T19:04:03,0.68,"Rain, Partially cloudy",Partly cloudy throughout the day with morning rain.,rain,"DNMM,remote,65201099999"
Lagos,2016-06-26,30,23,26,35.1,23,27.5,23.5,87,0,0,0,,0,0,32.8,16.6,220.7,1015.1,56,9,177.6,15.3,6,,2016-06-26T06:34:33,2016-06-26T19:04:14,0.71,Partially cloudy,Partly cloudy throughout the day.,partly-cloudy-day,"DNMM,65201099999"
Lagos,2016-06-27,28,24,25.4,32.7,24,25.9,24,91.9,6,100,8.33,rain,0,0,31.3,11.2,216.6,1015.3,54.8,7.9,99.3,8.6,4,,2016-06-27T06:34:47,2016-06-27T19:04:25,0.75,"Rain, Partially cloudy",Partly cloudy throughout the day with rain.,rain,"DNMM,65201099999"
Lagos,2016-06-28,30,24,26.6,35.1,24,28.5,23.7,84.9,0.7,100,8.33,rain,0,0,27.7,16.6,218.6,1016,63.5,8.6,202.5,17.5,8,,2016-06-28T06:35:00,2016-06-28T19:04:36,0.79,"Rain, Partially cloudy",Partly cloudy throughout the day with morning rain.,rain,"65213099999,DNMM,remote,65201099999"
Lagos,2016-06-29,29,24.9,26.6,33.6,24.9,27.9,23.1,81.7,99,100,4.17,rain,0,0,33.8,22.3,225.5,1015.5,53.3,8.5,221.9,19.2,8,,2016-06-29T06:35:14,2016-06-29T19:04:46,0.82,"Rain, Partially cloudy",Partly cloudy throughout the day with morning rain.,rain,"65210099999,DNMM,remote,65201099999"
Lagos,2016-06-30,30,23.9,26.5,34.7,23.9,28.2,23.2,82.8,0,0,0,,0,0,30.2,18.4,222.7,1015.6,57.2,9.2,136.2,11.8,4,,2016-06-30T06:35:28,2016-06-30T19:04:55,0.86,Partially cloudy,Partly cloudy throughout the day.,partly-cloudy-day,"65210099999,65213099999,DNMM,remote,65201099999"
Lagos,2016-07-01,30,24,26.4,35.1,24,27.8,23.5,84.7,0,0,0,,0,0,33.1,11.2,213,1016.3,46.7,9.1,203.3,17.6,7,,2016-07-01T06:35:42,2016-07-01T19:05:05,0.89,Partially cloudy,Partly cloudy throughout the day.,partly-cloudy-day,"65210099999,65213099999,DNMM,65201099999"
Lagos,2016-07-02,30.8,24,26.4,36.3,24,28.2,23.7,85.6,0,0,0,,0,0,29.5,9.4,220.7,1015.8,55.8,8.5,199.5,17.2,7,,2016-07-02T06:35:56,2016-07-02T19:05:13,0.93,Partially cloudy,Partly cloudy throughout the day.,partly-cloudy-day,"65210099999,65213099999,DNMM,65201099999"
Lagos,2016-07-03,30,24.9,27,34.1,24.9,29,23.4,81.2,0,0,0,,0,0,33.1,13,227.2,1015.9,53.5,9.7,193.2,16.6,7,,2016-07-03T06:36:09,2016-07-03T19:05:21,0.96,Partially cloudy,Partly cloudy throughout the day.,partly-cloudy-day,"65210099999,DNMM,65201099999"
Lagos,2016-07-04,30.2,25,27,35.1,25,28.8,23.6,82.3,0,0,0,,0,0,36,14.7,209.4,1015.7,55.8,9.8,213.1,18.4,7,,2016-07-04T06:36:23,2016-07-04T19:05:29,0,Partially cloudy,Partly cloudy throughout the day.,partly-cloudy-day,"65210099999,65213099999,DNMM,65201099999"
Lagos,2016-07-05,30,24.9,26.6,36.2,24.9,28.2,24,86.3,0,0,0,,0,0,31,18.4,215.4,1016.2,67.3,9.6,175.8,15.1,6,,2016-07-05T06:36:36,2016-07-05T19:05:36,0.03,Partially cloudy,Partly cloudy throughout the day.,partly-cloudy-day,"65210099999,65213099999,DNMM,65201099999"
Lagos,2016-07-06,29,25,26.5,34,25,27.9,24.1,87.1,0,0,0,,0,0,29.9,14.8,206.3,1015.5,59.5,9.7,173.7,15.2,6,,2016-07-06T06:36:50,2016-07-06T19:05:43,0.06,Partially cloudy,Partly cloudy throughout the day.,partly-cloudy-day,"65210099999,DNMM,remote,65201099999"
Lagos,2016-07-07,30.8,24.8,26.9,36,24.8,28.8,23.9,84.6,0,0,0,,0,0,31,11.4,217,1014.8,53.9,9.3,187.1,16.1,6,,2016-07-07T06:37:03,2016-07-07T19:05:49,0.1,Partially cloudy,Partly cloudy throughout the day.,partly-cloudy-day,"65210099999,DNMM,65201099999"
Lagos,2016-07-08,30.1,25,27.4,35.2,25,29.9,24.1,82.6,0,0,0,,0,0,38.2,16.6,223.9,1015.1,57,9.7,220.5,19.2,8,,2016-07-08T06:37:16,2016-07-08T19:05:54,0.13,Partially cloudy,Partly cloudy throughout the day.,partly-cloudy-day,"DNMM,65201099999"
Lagos,2016-07-09,29.9,25,26.8,35,25,28.5,24.3,86.1,1.1,100,8.33,rain,0,0,34.6,16.6,215.2,1014.4,74.6,9.2,164.4,14.1,6,,2016-07-09T06:37:29,2016-07-09T19:05:59,0.16,"Rain, Partially cloudy",Partly cloudy throughout the day with afternoon rain.,rain,"DNMM,remote,65201099999"
Lagos,2016-07-10,29.8,25,26.5,35.6,25,28.3,24.5,89,13,100,8.33,rain,0,0,36,18.4,213.7,1014.6,81.2,9.3,152,13.1,5,,2016-07-10T06:37:41,2016-07-10T19:06:03,0.19,"Rain, Partially cloudy",Partly cloudy throughout the day with rain.,rain,"DNMM,remote,65201099999"
Lagos,2016-07-11,30,24,26.5,35.1,24,28.1,23.7,85.3,99,100,4.17,rain,0,0,36,18.4,212.6,1015.3,63.4,9,164.2,14.3,6,,2016-07-11T06:37:54,2016-07-11T19:06:06,0.23,"Rain, Partially cloudy",Partly cloudy throughout the day with early morning rain.,rain,"65210099999,DNMM,remote,65201099999"
Lagos,2016-07-12,31,24,26.6,35.1,24,27.9,23.2,82.5,0,0,0,,0,0,38.9,18.4,215.3,1014.7,51,9.4,224.5,19.3,8,,2016-07-12T06:38:06,2016-07-12T19:06:09,0.25,Partially cloudy,Partly cloudy throughout the day.,partly-cloudy-day,"65210099999,65213099999,DNMM,65201099999"
Lagos,2016-07-13,29,24,26.2,32.9,24,27.3,23.1,83.6,0,0,0,,0,0,29.9,11.2,227.7,1014.4,57.1,9.5,0,0,0,,2016-07-13T06:38:18,2016-07-13T19:06:11,0.29,Partially cloudy,Partly cloudy throughout the day.,partly-cloudy-day,"65210099999,DNMM,remote,65201099999"
Lagos,2016-07-14,27.1,24.9,25.7,29.9,24.9,26.3,23.3,86.8,1,100,4.17,rain,0,0,41,14.8,222.6,1013.8,60.9,8.8,142,12.2,5,,2016-07-14T06:38:29,2016-07-14T19:06:13,0.32,"Rain, Partially cloudy",Partly cloudy throughout the day with afternoon rain.,rain,"65210099999,DNMM,remote,65201099999"
Lagos,2016-07-15,30,23.8,26.6,34.1,23.8,28,23.2,82.6,0,0,0,,0,0,34.2,14.8,215,1012.8,43.1,9.2,149.9,13.1,6,,2016-07-15T06:38:40,2016-07-15T19:06:13,0.35,Partially cloudy,Partly cloudy throughout the day.,partly-cloudy-day,"65210099999,DNMM,65201099999"
Lagos,2016-07-16,30,24,26.7,34.2,24,28.1,23.5,83.7,0.1,100,4.17,rain,0,0,38.2,18.4,225.3,1012.7,60.1,9.3,169.5,14.6,6,,2016-07-16T06:38:51,2016-07-16T19:06:13,0.39,"Rain, Partially cloudy",Partly cloudy throughout the day with early morning rain.,rain,"DNMM,remote,65201099999"
Lagos,2016-07-17,28.7,24.2,26.5,33.3,24.2,27.9,24,86.5,5,100,8.33,rain,0,0,33.8,16.6,200.9,1013.6,69,7.8,76.4,6.8,3,,2016-07-17T06:39:02,2016-07-17T19:06:13,0.42,"Rain, Partially cloudy",Partly cloudy throughout the day with rain in the morning and afternoon.,rain,"65210099999,DNMM,65201099999"
Lagos,2016-07-18,30.2,24,26.2,35.1,24,27.5,23.7,86.2,18,100,4.17,rain,0,0,32.4,13,218,1015.1,63.8,8,215.4,18.6,7,,2016-07-18T06:39:12,2016-07-18T19:06:11,0.45,"Rain, Partially cloudy",Partly cloudy throughout the day with afternoon rain.,rain,"65210099999,DNMM,remote,65201099999"
Lagos,2016-07-19,29,24,25.8,32.7,24,26.6,23.2,86.4,0.2,100,4.17,rain,0,0,31,15.5,242.3,1014.3,51,9.3,144.5,12.4,6,,2016-07-19T06:39:22,2016-07-19T19:06:09,0.5,"Rain, Partially cloudy",Partly cloudy throughout the day with afternoon rain.,rain,"65210099999,DNMM,remote,65201099999"
Lagos,2016-07-20,29,24,25.9,32.7,24,26.8,23.6,87.9,0.6,100,4.17,rain,0,0,37.4,16.9,224.2,1013.8,61.7,8.1,162.3,14.1,6,,2016-07-20T06:39:31,2016-07-20T19:06:06,0.52,"Rain, Partially cloudy",Partly cloudy throughout the day with afternoon rain.,rain,"65210099999,DNMM,remote,65201099999"
Lagos,2016-07-21,28.8,24,26,32.6,24,27.2,23.5,86.1,160.3,100,4.17,rain,0,0,36.7,15.5,226.5,1014.2,55.5,9.2,159.8,13.9,6,,2016-07-21T06:39:40,2016-07-21T19:06:03,0.55,"Rain, Partially cloudy",Partly cloudy throughout the day with early morning rain.,rain,"65210099999,DNMM,remote,65201099999"
Lagos,2016-07-22,29,24.4,26.4,33.3,24.4,27.9,23.2,82.8,0,0,0,,0,0,36,18.4,228.3,1014.8,53.1,8.9,124.3,10.7,5,,2016-07-22T06:39:49,2016-07-22T19:05:59,0.59,Partially cloudy,Partly cloudy throughout the day.,partly-cloudy-day,"DNMM,65201099999"
Lagos,2016-07-23,28,24,25.2,31.9,24,25.7,23.5,90.5,76,100,4.17,rain,0,0,28.8,16.9,244.8,1014.2,77.3,7.5,85.7,7.4,4,,2016-07-23T06:39:57,2016-07-23T19:05:54,0.63,"Rain, Partially cloudy",Partly cloudy throughout the day with late afternoon rain.,rain,"65210099999,DNMM,remote,65201099999"
Lagos,2016-07-24,30,23.7,25.5,35.1,23.7,26.5,23.7,90,0,0,0,,0,0,29.2,13,232.8,1014,63.8,9,120.6,10.5,5,,2016-07-24T06:40:05,2016-07-24T19:05:48,0.66,Partially cloudy,Partly cloudy throughout the day.,partly-cloudy-day,"65210099999,DNMM,65201099999"
Lagos,2016-07-25,30,23.9,25.9,35.1,23.9,27,23.2,85.7,0.1,100,4.17,rain,0,0,39.2,20.5,232.4,1013.4,61.2,9.1,195.5,16.9,6,,2016-07-25T06:40:12,2016-07-25T19:05:41,0.7,"Rain, Partially cloudy",Partly cloudy throughout the day with afternoon rain.,rain,"DNMM,remote,65201099999"
Lagos,2016-07-26,29,24,25.7,32,24,26.7,23.2,86.3,0,0,0,,0,0,35.6,14.8,223.5,1014,60.1,9.7,147.5,12.8,5,,2016-07-26T06:40:19,2016-07-26T19:05:34,0.75,Partially cloudy,Partly cloudy throughout the day.,partly-cloudy-day,"DNMM,65201099999"
Lagos,2016-07-27,30,24,26,35.1,24,27.2,23.5,86.5,0,0,0,,0,0,28.8,13,201.8,1013.9,54.1,9.8,184.9,16,6,,2016-07-27T06:40:26,2016-07-27T19:05:26,0.77,Partially cloudy,Partly cloudy throughout the day.,partly-cloudy-day,"DNMM,65201099999"
Lagos,2016-07-28,30,24,25.8,35.1,24,26.8,23.7,88.4,4,100,4.17,rain,0,0,33.5,14.8,217.1,1014.3,67.1,9,191.1,16.5,7,,2016-07-28T06:40:32,2016-07-28T19:05:17,0.81,"Rain, Partially cloudy",Partly cloudy throughout the day with afternoon rain.,rain,"DNMM,remote,65201099999"
Lagos,2016-07-29,29,24,25.9,33.6,24,27,23.5,86.9,0,0,0,,0,0,35.6,13,210.8,1014.5,63.8,9.7,236.8,20.4,7,,2016-07-29T06:40:37,2016-07-29T19:05:08,0.84,Partially cloudy,Partly cloudy throughout the day.,partly-cloudy-day,"65210099999,DNMM,remote,65201099999"
Lagos,2016-07-30,29,24,25.6,33.6,24,26.3,23.8,90.1,0,0,0,,0,0,31.3,14.8,217.3,1014.2,65.4,9.5,114,9.8,4,,2016-07-30T06:40:42,2016-07-30T19:04:58,0.88,Partially cloudy,Partly cloudy throughout the day.,partly-cloudy-day,"65210099999,DNMM,65201099999"
Lagos,2016-07-31,27,24,25.5,30.1,24,26,23.7,89.7,0.5,100,4.17,rain,0,0,33.1,17.3,215.5,1014.2,59.7,9.7,138.4,12,6,,2016-07-31T06:40:47,2016-07-31T19:04:47,0.91,"Rain, Partially cloudy",Partly cloudy throughout the day with afternoon rain.,rain,"65210099999,DNMM,remote,65201099999"
Lagos,2016-08-01,29,24.2,26.2,32.8,24.2,27.2,23.3,84.9,4.5,100,4.17,rain,0,0,35.3,18.4,221.4,1015.1,61,9.6,162.3,13.9,5,,2016-08-01T06:40:51,2016-08-01T19:04:35,0.95,"Rain, Partially cloudy",Partly cloudy throughout the day with morning rain.,rain,"65210099999,65213099999,DNMM,remote,65201099999"
Lagos,2016-08-02,29,24.9,26.2,32.7,24.9,27.3,23,83.2,0,0,0,,0,0,40.7,20.5,218,1015.7,55.4,10,111,9.5,3,,2016-08-02T06:40:54,2016-08-02T19:04:23,0,Partially cloudy,Partly cloudy throughout the day.,partly-cloudy-day,"65210099999,DNMM,65201099999"
Lagos,2016-08-03,28.1,24,25.8,31.3,24,26.6,23,84.6,0,0,0,,0,0,37.8,16.6,220.3,1014.7,65.5,9.8,163.9,14.3,5,,2016-08-03T06:40:58,2016-08-03T19:04:09,0.02,Partially cloudy,Partly cloudy throughout the day.,partly-cloudy-day,"65210099999,DNMM,65201099999"
Lagos,2016-08-04,31,23,26.4,34.6,23,27.6,22.7,80.9,0,0,0,,0,0,35.3,16.6,212.2,1014.4,62.4,9.9,225.3,19.4,8,,2016-08-04T06:41:00,2016-08-04T19:03:56,0.05,Partially cloudy,Partly cloudy throughout the day.,partly-cloudy-day,"65210099999,DNMM,remote,65201099999"
Lagos,2016-08-05,30,23.9,26.3,35.1,23.9,27.6,23.1,83.3,0,0,0,,0,0,39.6,14.8,215.2,1014.7,52,9.7,145.3,12.5,5,,2016-08-05T06:41:02,2016-08-05T19:03:41,0.08,Partially cloudy,Partly cloudy throughout the day.,partly-cloudy-day,"65210099999,65213099999,DNMM,65201099999"
Lagos,2016-08-06,28.8,24,25.9,33,24,26.8,23,84.7,0,0,0,,0,0,36,18.4,213.4,1014.9,62.1,9.3,88.8,7.8,3,,2016-08-06T06:41:04,2016-08-06T19:03:26,0.12,Partially cloudy,Partly cloudy throughout the day.,partly-cloudy-day,"65210099999,65213099999,DNMM,65201099999"
Lagos,2016-08-07,29,24,26.2,32.7,24,27.4,23.1,83.8,0,0,0,,0,0,39.2,18.4,211.2,1015.1,59.4,9.9,211,18.1,7,,2016-08-07T06:41:05,2016-08-07T19:03:10,0.15,Partially cloudy,Partly cloudy throughout the day.,partly-cloudy-day,"65210099999,DNMM,65201099999"
Lagos,2016-08-08,28,24,25.8,31.3,24,26.7,23.1,85.2,0.1,100,4.17,rain,0,0,36,15.1,206.6,1015.5,66.1,9.7,198.8,17,7,,2016-08-08T06:41:06,2016-08-08T19:02:53,0.18,"Rain, Partially cloudy",Partly cloudy throughout the day with early morning rain.,rain,"65213099999,DNMM,remote,65201099999"
Lagos,2016-08-09,27,23.8,24.9,29.6,23.8,25.1,23.2,90.1,5,100,4.17,rain,0,0,36.7,16.6,200.6,1015.1,54.9,9.3,217.2,18.8,6,,2016-08-09T06:41:06,2016-08-09T19:02:36,0.21,"Rain, Partially cloudy",Partly cloudy throughout the day with afternoon rain.,rain,"DNMM,remote,65201099999"
Lagos,2016-08-10,29.1,23.8,25.9,32.9,23.8,27.1,23.2,85.6,0,0,0,,0,0,32.8,14.8,214.2,1014.9,50.7,9.6,171.4,14.7,6,,2016-08-10T06:41:06,2016-08-10T19:02:18,0.25,Partially cloudy,Partly cloudy throughout the day.,partly-cloudy-day,"65210099999,65213099999,DNMM,65201099999"
Lagos,2016-08-11,29.1,23.8,26,32.8,23.8,27.3,23.1,84.5,0,0,0,,0,0,29.2,14.8,215.6,1014.8,49.7,9.3,175,15.1,6,,2016-08-11T06:41:05,2016-08-11T19:01:59,0.28,Partially cloudy,Partly cloudy throughout the day.,partly-cloudy-day,"65210099999,DNMM,65201099999"
Lagos,2016-08-12,29,24.8,26.1,33.6,24.8,26.9,23.6,86.4,0,0,0,,0,0,36.4,14.8,215.2,1014.7,58.2,9.5,199.3,17.2,7,,2016-08-12T06:41:04,2016-08-12T19:01:40,0.31,Partially cloudy,Partly cloudy throughout the day.,partly-cloudy-day,"65210099999,DNMM,65201099999"
Lagos,2016-08-13,29.1,24,26.3,33,24,27.4,23,83,0,0,0,,0,0,34.9,18.4,227.3,1014.1,61.2,9.6,194.3,16.6,8,,2016-08-13T06:41:02,2016-08-13T19:01:20,0.34,Partially cloudy,Partly cloudy throughout the day.,partly-cloudy-day,"65210099999,DNMM,65201099999"
Lagos,2016-08-14,30,24,26.2,34.1,24,27.6,23.1,83.3,0,0,0,,0,0,37.8,18.4,229.7,1013.9,59.4,9.5,155.9,13.4,6,,2016-08-14T06:41:00,2016-08-14T19:00:59,0.37,Partially cloudy,Partly cloudy throughout the day.,partly-cloudy-day,"65210099999,65213099999,DNMM,65201099999"
Lagos,2016-08-15,29,24.9,26,33.6,24.9,26.9,23.3,85.2,0.8,100,4.17,rain,0,0,41.4,23.4,219.1,1013.9,56.2,9.4,160.6,14,6,,2016-08-15T06:40:58,2016-08-15T19:00:38,0.41,"Rain, Partially cloudy",Partly cloudy throughout the day with late afternoon rain.,rain,"DNMM,remote,65201099999"
Lagos,2016-08-16,27,23.9,25.4,29.6,23.9,26,22.6,85.1,0,0,0,,0,0,36.4,16.6,218.9,1014.4,54.3,8.9,79.2,6.7,3,,2016-08-16T06:40:55,2016-08-16T19:00:16,0.44,Partially cloudy,Partly cloudy throughout the day.,partly-cloudy-day,"DNMM,remote,65201099999"
Lagos,2016-08-17,30,24.8,26.4,33.3,24.8,27.7,22.7,80.4,0,0,0,,0,0,35.3,14.4,218.7,1015.1,52.6,9.6,196.7,17,7,,2016-08-17T06:40:51,2016-08-17T18:59:54,0.47,Partially cloudy,Partly cloudy throughout the day.,partly-cloudy-day,"65210099999,DNMM,65201099999"
Lagos,2016-08-18,29,24,26,32.7,24,27,22.7,82.1,0,0,0,,0,0,34.9,24.1,230.6,1014.7,49,9.2,196.2,16.9,7,,2016-08-18T06:40:47,2016-08-18T18:59:31,0.5,Partially cloudy,Partly cloudy throughout the day.,partly-cloudy-day,"65210099999,DNMM,65201099999"
Lagos,2016-08-19,28.9,23,25.8,32.7,23,26.8,23.2,86.4,0,0,0,,0,0,32,16.6,214.4,1014.4,63.8,9.2,174.4,15.2,6,,2016-08-19T06:40:43,2016-08-19T18:59:07,0.54,Partially cloudy,Partly cloudy throughout the day.,partly-cloudy-day,"65210099999,DNMM,65201099999"
Lagos,2016-08-20,28.2,23,25.1,32.2,23,26,23.2,89.6,11,100,4.17,rain,0,0,24.1,16.6,203,1013.9,61,8.3,128.3,11,5,,2016-08-20T06:40:38,2016-08-20T18:58:43,0.57,"Rain, Partially cloudy",Partly cloudy throughout the day with early morning rain.,rain,"65210099999,DNMM,remote,65201099999"
Lagos,2016-08-21,27,24,25.6,30.1,24,26.2,23.5,88.1,99,100,4.17,rain,0,0,32.4,11.2,228,1014.5,50.9,9,222.4,19.2,8,,2016-08-21T06:40:33,2016-08-21T18:58:19,0.61,"Rain, Partially cloudy",Partly cloudy throughout the day with early morning rain.,rain,"65210099999,DNMM,65201099999"
Lagos,2016-08-22,29,24.8,26,33.6,24.8,27.1,23.8,87.8,1,100,4.17,rain,0,0,34.9,13,227.7,1014.3,63,8.7,209.6,18,7,,2016-08-22T06:40:28,2016-08-22T18:57:54,0.65,"Rain, Partially cloudy",Partly cloudy throughout the day with late afternoon rain.,rain,"65213099999,DNMM,65201099999"
Lagos,2016-08-23,29.8,24,26.5,33.8,24,27.9,23,82,0,0,0,,0,0,36,16.6,223.6,1014.2,67.9,9.9,126.7,11,5,,2016-08-23T06:40:22,2016-08-23T18:57:28,0.68,Partially cloudy,Partly cloudy throughout the day.,partly-cloudy-day,"DNMM,65201099999"
Lagos,2016-08-24,29,24,25.8,33.6,24,26.8,23.6,88.1,0,0,0,,0,0,34.2,20.5,225.8,1014.2,67.4,9.4,175.5,15.2,8,,2016-08-24T06:40:16,2016-08-24T18:57:02,0.72,Partially cloudy,Partly cloudy throughout the day.,partly-cloudy-day,"65210099999,65213099999,DNMM,65201099999"
Lagos,2016-08-25,30,24,26.2,34.1,24,27.5,22.9,82.8,6,100,4.17,rain,0,0,34.6,19.1,218.1,1013.7,56.3,9.9,174.5,15.1,6,,2016-08-25T06:40:09,2016-08-25T18:56:36,0.75,"Rain, Partially cloudy",Partly cloudy throughout the day with morning rain.,rain,"65210099999,DNMM,remote,65201099999"
Lagos,2016-08-26,27,24,25.7,29.8,24,26.6,23.1,85.6,0,0,0,,0,0,34.2,13,214.7,1013.3,57.1,9.9,149.4,12.9,6,,2016-08-26T06:40:02,2016-08-26T18:56:09,0.79,Partially cloudy,Partly cloudy throughout the day.,partly-cloudy-day,"65210099999,DNMM,65201099999"
Lagos,2016-08-27,28.1,24,26.1,31.9,24,27.4,23.2,84.1,0,0,0,,0,0,36.4,16.6,206.4,1012.5,66.9,9.8,77.7,6.6,4,,2016-08-27T06:39:55,2016-08-27T18:55:41,0.82,Partially cloudy,Partly cloudy throughout the day.,partly-cloudy-day,"65210099999,DNMM,65201099999"
Lagos,2016-08-28,25,23,24,25,23,24,23.2,95.4,35,100,8.33,rain,0,0,30.2,17.6,203,1014.8,70,6.7,94.6,8.2,3,,2016-08-28T06:39:47,2016-08-28T18:55:14,0.86,"Rain, Partially cloudy",Partly cloudy throughout the day with rain in the morning and afternoon.,rain,"DNMM,remote,65201099999"
Lagos,2016-08-29,30,23,25.5,35.1,23,26.8,23.4,88.6,14,100,8.33,rain,0,0,27,15.1,218.4,1015.3,69.6,7.8,168.7,14.4,6,,2016-08-29T06:39:39,2016-08-29T18:54:45,0.9,"Rain, Partially cloudy",Partly cloudy throughout the day with rain in the morning and afternoon.,rain,"DNMM,remote,65201099999"
Lagos,2016-08-30,27,24,25.3,30.1,24,26,23.4,89.3,0,0,0,,0,0,32.8,12.1,238.4,1014.6,59.2,9.6,142.3,12.3,5,,2016-08-30T06:39:31,2016-08-30T18:54:17,0.93,Partially cloudy,Partly cloudy throughout the day.,partly-cloudy-day,"65210099999,DNMM,remote,65201099999"
Lagos,2016-08-31,31,23.8,26.8,36.4,23.8,28.6,23.5,82.9,0.1,100,4.17,rain,0,0,33.8,14.8,206.3,1014.5,70.6,9.5,235.3,20.5,9,,2016-08-31T06:39:23,2016-08-31T18:53:48,0.97,"Rain, Partially cloudy",Partly cloudy throughout the day with early morning rain.,rain,"65210099999,65213099999,DNMM,remote,65201099999"
Lagos,2016-09-01,26.2,24,25.4,26.2,24,25.4,24.1,92.5,4,100,4.17,rain,0,0,23.4,7.6,239.8,1015.2,58,9.4,104,9,3,,2016-09-01T06:39:14,2016-09-01T18:53:19,0,"Rain, Partially cloudy",Partly cloudy throughout the day with late afternoon rain.,rain,"65210099999,65213099999,DNMM,65201099999"
Lagos,2016-09-02,29.8,24,26.1,34.9,24,27.3,23.8,87.4,0.1,100,4.17,rain,0,0,33.8,20.5,206,1013.4,69.4,9.4,213.2,18.3,8,,2016-09-02T06:39:05,2016-09-02T18:52:49,0.04,"Rain, Partially cloudy",Partly cloudy throughout the day with early morning rain.,rain,"65210099999,DNMM,remote,65201099999"
Lagos,2016-09-03,29,24,26.5,33.6,24,28.3,23.8,85.6,0.9,100,4.17,rain,0,0,32,16.6,215.2,1012.9,61.9,9.8,190.3,16.3,7,,2016-09-03T06:38:56,2016-09-03T18:52:19,0.07,"Rain, Partially cloudy",Partly cloudy throughout the day with afternoon rain.,rain,"65210099999,DNMM,remote,65201099999"
Lagos,2016-09-04,28,24,26.1,31.9,24,27.5,23.7,86.8,0.8,100,4.17,rain,0,0,30.6,11.2,220.6,1013.8,57.7,9.6,217.8,18.8,8,,2016-09-04T06:38:46,2016-09-04T18:51:49,0.1,"Rain, Partially cloudy",Partly cloudy throughout the day with late afternoon rain.,rain,"65213099999,DNMM,remote,65201099999"
Lagos,2016-09-05,26,25,25.2,26,25,25.2,24.1,93.7,33,100,4.17,rain,0,0,31,11.2,218.9,1014.7,57.8,8.1,154,13.3,7,,2016-09-05T06:38:36,2016-09-05T18:51:19,0.13,"Rain, Partially cloudy",Partly cloudy throughout the day with late afternoon rain.,rain,"65210099999,65213099999,DNMM,65201099999"
Lagos,2016-09-06,26,23.9,24.6,26,23.9,24.6,23.9,96,30,100,8.33,rain,0,0,20.5,11.9,232.4,1015.3,64.9,5.7,31.7,2.6,1,,2016-09-06T06:38:27,2016-09-06T18:50:48,0.16,"Rain, Partially cloudy",Partly cloudy throughout the day with rain.,rain,"65210099999,65213099999,DNMM,remote,65201099999"
Lagos,2016-09-07,28,24,25.7,32.7,24,26.8,24.2,91.8,30,100,8.33,rain,0,0,31,13.7,236.3,1014.5,61,7.7,217.9,18.8,8,,2016-09-07T06:38:17,2016-09-07T18:50:17,0.2,"Rain, Partially cloudy",Partly cloudy throughout the day with rain.,rain,"DNMM,remote,65201099999"
Lagos,2016-09-08,30,24.4,26.5,36.2,24.4,28.1,23.8,85.5,3.8,100,41.67,rain,0,0,28.8,16.6,224.9,1014,76.9,10,171.7,15,7,,2016-09-08T06:38:06,2016-09-08T18:49:46,0.23,"Rain, Partially cloudy",Partly cloudy throughout the day with rain clearing later.,rain,"DNMM,remote,65201099999"
Lagos,2016-09-09,30,24.9,26.5,36.2,24.9,28.2,24.1,87.3,0.2,100,4.17,rain,0,0,33.5,20.5,214.8,1015.1,64.7,9.9,195.9,17,8,,2016-09-09T06:37:56,2016-09-09T18:49:15,0.25,"Rain, Partially cloudy",Partly cloudy throughout the day with afternoon rain.,rain,"65213099999,DNMM,remote,65201099999"
Lagos,2016-09-10,26,24,24.9,26,24,24.9,23.7,93.2,14,100,8.33,rain,0,0,25.6,13,252.1,1015.1,49.9,8.4,163.4,14.2,6,,2016-09-10T06:37:46,2016-09-10T18:48:43,0.29,"Rain, Partially cloudy",Partly cloudy throughout the day with rain.,rain,"65210099999,65213099999,DNMM,remote,65201099999"
Lagos,2016-09-11,29,24,26,33.6,24,27.2,23.9,88.3,0.9,100,4.17,rain,0,0,29.9,14.8,235.7,1014.2,69.2,9.8,50.5,4.4,2,,2016-09-11T06:37:35,2016-09-11T18:48:12,0.33,"Rain, Partially cloudy",Partly cloudy throughout the day with morning rain.,rain,"65210099999,65213099999,DNMM,remote,65201099999"
Lagos,2016-09-12,29,25,26.1,33.6,25,27.1,23.8,87.3,0.7,100,16.67,rain,0,0,38.9,20.1,227.6,1013.3,74,10,176.4,15.1,6,,2016-09-12T06:37:24,2016-09-12T18:47:40,0.36,"Rain, Partially cloudy",Partly cloudy throughout the day with rain.,rain,"65210099999,65213099999,DNMM,remote,65201099999"
Lagos,2016-09-13,28.9,24.9,26.3,33.6,24.9,27.7,23.8,86.6,0,0,0,,0,0,34.2,22.3,204.6,1013.3,69.6,9.8,144.6,12.5,5,,2016-09-13T06:37:14,2016-09-13T18:47:08,0.39,Partially cloudy,Partly cloudy throughout the day.,partly-cloudy-day,"65210099999,65213099999,DNMM,65201099999"
Lagos,2016-09-14,26.8,23,24.9,30.1,23,25,23.8,93.8,0,0,0,,0,0,30.6,9.4,204.9,1014.1,67.3,7.7,115.4,10,5,,2016-09-14T06:37:03,2016-09-14T18:46:37,0.42,Partially cloudy,Partly cloudy throughout the day.,partly-cloudy-day,"65210099999,65213099999,DNMM,65201099999"
Lagos,2016-09-15,28,24,25.5,31.9,24,26.2,23.5,88.7,66,100,8.33,rain,0,0,24.5,20.5,214.3,1014.7,66.2,8.5,144,12.6,5,,2016-09-15T06:36:52,2016-09-15T18:46:05,0.46,"Rain, Partially cloudy",Partly cloudy throughout the day with rain.,rain,"65210099999,DNMM,65201099999"
Lagos,2016-09-16,29,24,26.3,34.5,24,28,24.1,87.8,0.7,100,4.17,rain,0,0,29.9,13,225.7,1014.8,63.4,9.4,206.7,17.9,8,,2016-09-16T06:36:41,2016-09-16T18:45:33,0.5,"Rain, Partially cloudy",Partly cloudy throughout the day with late afternoon rain.,rain,"DNMM,remote,65201099999"
Lagos,2016-09-17,30,23,25.9,35.1,23,27.2,22.9,84.5,16,100,4.17,rain,0,0,28.4,14.8,180.5,1014.3,44.4,8.2,202.8,17.5,8,,2016-09-17T06:36:30,2016-09-17T18:45:01,0.52,"Rain, Partially cloudy",Partly cloudy throughout the day with morning rain.,rain,"DNMM,65201099999"
Lagos,2016-09-18,31,23.9,26.4,36.5,23.9,28.2,23.7,85.5,0,0,0,,0,0,25.6,16.6,191.4,1014.2,54.5,9.4,206.8,17.8,8,,2016-09-18T06:36:20,2016-09-18T18:44:29,0.56,Partially cloudy,Partly cloudy throughout the day.,partly-cloudy-day,"DNMM,65201099999"
Lagos,2016-09-19,29,24,26.1,34.5,24,27.5,24.4,90.6,13,100,4.17,rain,0,0,28.1,11.2,217.8,1014.1,56.8,9.9,172,14.8,7,,2016-09-19T06:36:09,2016-09-19T18:43:57,0.59,"Rain, Partially cloudy",Partly cloudy throughout the day with late afternoon rain.,rain,"65210099999,DNMM,65201099999"
Lagos,2016-09-20,28,23.1,25.4,31.9,23.1,26.1,23.6,90.1,16,100,4.17,rain,0,0,31.3,11.2,207.9,1013,47.9,8.4,175.2,15.1,7,,2016-09-20T06:35:58,2016-09-20T18:43:25,0.63,"Rain, Partially cloudy",Partly cloudy throughout the day with afternoon rain.,rain,"65210099999,DNMM,remote,65201099999"
Lagos,2016-09-21,29.7,24,26.4,35.8,24,28.5,24.1,87.6,1,100,4.17,rain,0,0,29.9,11.2,211.9,1013.3,66,9.3,182.2,15.8,7,,2016-09-21T06:35:47,2016-09-21T18:42:53,0.66,"Rain, Partially cloudy",Partly cloudy throughout the day with afternoon rain.,rain,"65210099999,DNMM,65201099999"
Lagos,2016-09-22,30,25,26.7,36.2,25,28.2,24.2,86.6,0.3,100,4.17,rain,0,0,32.4,16.6,203.2,1014,61.2,9.6,160.8,14,6,,2016-09-22T06:35:37,2016-09-22T18:42:22,0.7,"Rain, Partially cloudy",Partly cloudy throughout the day with early morning rain.,rain,"65210099999,DNMM,remote,65201099999"
Lagos,2016-09-23,31,24.2,27,37.7,24.2,28.9,24.1,84.8,0,0,0,,0,0,29.9,18,225.7,1014.4,63.6,9.3,169.1,14.5,6,,2016-09-23T06:35:26,2016-09-23T18:41:50,0.75,Partially cloudy,Partly cloudy throughout the day.,partly-cloudy-day,"65210099999,DNMM,remote,65201099999"
Lagos,2016-09-24,31,24,26.5,37.7,24,28.4,23.8,85.5,0,0,0,,0,0,31.7,14.8,228.9,1013.2,57.2,9.7,142.8,12.2,5,,2016-09-24T06:35:16,2016-09-24T18:41:18,0.77,Partially cloudy,Partly cloudy throughout the day.,partly-cloudy-day,"DNMM,65201099999"
Lagos,2016-09-25,29,24,25.4,35.6,24,26.5,23.7,90.6,5,100,4.17,rain,0,0,29.9,11.2,214.2,1012.9,75.9,8.2,131.2,11.4,8,,2016-09-25T06:35:06,2016-09-25T18:40:47,0.8,"Rain, Partially cloudy",Partly cloudy throughout the day with afternoon rain.,rain,"65213099999,DNMM,65201099999"
Lagos,2016-09-26,28,24,25.7,32.7,24,26.7,24,90.2,0,0,0,,0,0,31,11.2,274.1,1013.3,63.4,9.1,177.6,15.3,8,,2016-09-26T06:34:56,2016-09-26T18:40:16,0.84,Partially cloudy,Partly cloudy throughout the day.,partly-cloudy-day,"65213099999,DNMM,65201099999"
Lagos,2016-09-27,30,24,26.5,36.3,24,28.5,24.2,87.2,2,100,4.17,rain,0,0,26.3,13,213.9,1013.5,63.4,9.2,194.8,16.6,8,,2016-09-27T06:34:46,2016-09-27T18:39:45,0.88,"Rain, Partially cloudy",Partly cloudy throughout the day with late afternoon rain.,rain,"65213099999,DNMM,remote,65201099999"
Lagos,2016-09-28,31,24.8,27.2,37.7,24.8,29.8,24.5,85.8,0,0,0,,0,0,27.7,14.8,197.6,1013.4,66,9.4,229.7,19.7,8,,2016-09-28T06:34:36,2016-09-28T18:39:14,0.91,Partially cloudy,Partly cloudy throughout the day.,partly-cloudy-day,"65213099999,DNMM,65201099999"
Lagos,2016-09-29,30.1,24,26.7,36.5,24,28.8,24.4,88,8,100,4.17,rain,0,0,25.6,11.2,223.1,1013,51.8,9.7,210.1,18.2,8,,2016-09-29T06:34:27,2016-09-29T18:38:44,0.95,"Rain, Partially cloudy",Partly cloudy throughout the day with afternoon rain.,rain,"DNMM,remote,65201099999"
Lagos,2016-09-30,31,22.9,26.6,37.7,22.9,28.8,24.4,88,0,0,0,,0,0,29.5,46.4,193.8,1012.9,54.5,9.1,202,17.3,8,,2016-09-30T06:34:17,2016-09-30T18:38:14,0.98,Partially cloudy,Partly cloudy throughout the day.,partly-cloudy-day,"DNMM,remote,65201099999"
Lagos,2016-10-01,27,22.9,24.8,30.1,22.9,25.4,23.3,91.5,25,100,8.33,rain,0,0,44.6,22.3,249,1012.4,55.8,7.8,107.5,9.1,6,,2016-10-01T06:34:08,2016-10-01T18:37:44,0,"Rain, Partially cloudy",Partly cloudy throughout the day with rain.,rain,"65213099999,DNMM,65201099999"
Lagos,2016-10-02,28.1,24.9,26,32.3,24.9,27,24,89,0,0,0,,0,0,29.9,9.4,226.6,1012.7,48.9,9,115.5,9.9,5,,2016-10-02T06:34:00,2016-10-02T18:37:14,0.05,Partially cloudy,Partly cloudy throughout the day.,partly-cloudy-day,"DNMM,65201099999"
Lagos,2016-10-03,32,23.8,26.8,39.2,23.8,29.5,24.1,85.7,0,0,0,,0,0,26.6,20.5,220.5,1012.6,49.7,8.7,211.7,18.2,8,,2016-10-03T06:33:51,2016-10-03T18:36:45,0.08,Partially cloudy,Partly cloudy throughout the day.,partly-cloudy-day,"65213099999,DNMM,65201099999"
Lagos,2016-10-04,32,24,27.4,40.6,24,30.6,24.6,85,0,0,0,,0,0,27.7,18.4,215.6,1012.6,45.4,9.9,203.2,17.6,7,,2016-10-04T06:33:43,2016-10-04T18:36:16,0.11,Partially cloudy,Partly cloudy throughout the day.,partly-cloudy-day,"65210099999,DNMM,65201099999"
Lagos,2016-10-05,31.2,25.7,27.9,40.2,25.7,31.3,25,84.9,0.3,100,8.33,rain,0,0,27.7,14.8,199.9,1011.2,65.2,9.6,213.5,18.4,8,,2016-10-05T06:33:36,2016-10-05T18:35:47,0.15,"Rain, Partially cloudy",Partly cloudy throughout the day with morning rain.,rain,"65210099999,65213099999,DNMM,remote,65201099999"
Lagos,2016-10-06,32,25,27.8,39.2,25,31.2,24.7,83.4,0,0,0,,0,0,27,11.2,198.4,1010.5,55.1,9.7,206.7,17.7,7,,2016-10-06T06:33:28,2016-10-06T18:35:19,0.18,Partially cloudy,Partly cloudy throughout the day.,partly-cloudy-day,"65210099999,DNMM,65201099999"
Lagos,2016-10-07,30,25,27,37.4,25,29.6,25.1,89.7,34,100,8.33,rain,0,0,46.4,42.5,178.9,1010.6,64.1,8.8,166.4,14.2,8,,2016-10-07T06:33:21,2016-10-07T18:34:52,0.21,"Rain, Partially cloudy",Partly cloudy throughout the day with rain.,rain,"DNMM,remote,65201099999"
Lagos,2016-10-08,28.4,24,25.8,33.5,24,27.3,24.1,90.6,69,100,8.33,rain,0,0,24.8,11.2,211.7,1012,51.9,7.5,121.1,10.3,5,,2016-10-08T06:33:15,2016-10-08T18:34:24,0.25,"Rain, Partially cloudy",Partly cloudy throughout the day with rain clearing later.,rain,"DNMM,65201099999"
Lagos,2016-10-09,26.2,22,25,26.2,22,25,23.8,93.2,61,100,8.33,rain,0,0,18.7,9.4,212.9,1013,56.6,9,88.3,7.5,4,,2016-10-09T06:33:08,2016-10-09T18:33:57,0.25,"Rain, Partially cloudy",Partly cloudy throughout the day with rain.,rain,"DNMM,65201099999"
Lagos,2016-10-10,30,23,26.5,36.2,23,28.5,24.2,87.9,0.6,100,4.17,rain,0,0,32.8,16.9,221.2,1012.8,53,8.4,191.1,16.4,7,,2016-10-10T06:33:03,2016-10-10T18:33:31,0.31,"Rain, Partially cloudy",Partly cloudy throughout the day with afternoon rain.,rain,"DNMM,remote,65201099999"
Lagos,2016-10-11,31,24.1,26.9,37.7,24.1,29.3,24.5,87.4,0.1,100,4.17,rain,0,0,26.3,11.2,216.8,1012.8,58.1,9.3,148.9,12.8,7,,2016-10-11T06:32:57,2016-10-11T18:33:05,0.34,"Rain, Partially cloudy",Partly cloudy throughout the day with morning rain.,rain,"DNMM,remote,65201099999"
Lagos,2016-10-12,32,24,27.2,41.1,24,29.9,24.4,85.3,0,0,0,,0,0,25.6,22.3,171.1,1012.6,60.5,8.7,184.8,16,6,,2016-10-12T06:32:52,2016-10-12T18:32:40,0.38,Partially cloudy,Partly cloudy throughout the day.,partly-cloudy-day,"65213099999,DNMM,remote,65201099999"
Lagos,2016-10-13,31,24,27.3,39.1,24,30.4,24.6,85.5,0.1,100,4.17,rain,0,0,27,14.8,231.5,1012.1,66.5,8.6,230.8,19.8,9,,2016-10-13T06:32:48,2016-10-13T18:32:15,0.41,"Rain, Partially cloudy",Partly cloudy throughout the day with morning rain.,rain,"65213099999,DNMM,remote,65201099999"
Lagos,2016-10-14,30,23.1,26.5,37.4,23.1,28,24.2,87.7,14,100,4.17,rain,0,0,27.7,14.8,216.2,1012,58.6,9.3,139.3,11.8,6,,2016-10-14T06:32:44,2016-10-14T18:31:51,0.44,"Rain, Partially cloudy",Partly cloudy throughout the day with afternoon rain.,rain,"65213099999,DNMM,remote,65201099999"
Lagos,2016-10-15,33,24,27.9,40.6,24,31,24.3,81.9,0.5,100,4.17,rain,0,0,20.9,18.4,206.8,1012,60.4,8.8,196.2,16.7,7,,2016-10-15T06:32:40,2016-10-15T18:31:28,0.48,"Rain, Partially cloudy",Partly cloudy throughout the day with morning rain.,rain,"DNMM,remote,65201099999"
Lagos,2016-10-16,32,22.7,27.3,37.9,22.7,29.4,23.8,82.3,10,100,4.17,rain,0,0,25.6,18.4,40.6,1012.6,47.1,9.8,195,16.8,7,,2016-10-16T06:32:38,2016-10-16T18:31:05,0.5,"Rain, Partially cloudy",Partly cloudy throughout the day with morning rain.,rain,"DNMM,remote,65201099999"
Lagos,2016-10-17,31,24.2,27.2,36.8,24.2,29.7,24.2,84,1.3,100,16.67,rain,0,0,24.8,16.6,203.1,1012.3,45.4,8.8,197.4,17,7,,2016-10-17T06:32:35,2016-10-17T18:30:43,0.54,"Rain, Partially cloudy",Partly cloudy throughout the day with rain in the morning and afternoon.,rain,"65213099999,DNMM,remote,65201099999"
Lagos,2016-10-18,32,24.2,27.7,36.8,24.2,30.6,24.2,81.9,0,0,0,,0,0,28.4,14.8,212,1012.9,52.5,9.4,214.3,18.4,8,,2016-10-18T06:32:33,2016-10-18T18:30:21,0.58,Partially cloudy,Partly cloudy throughout the day.,partly-cloudy-day,"65210099999,DNMM,65201099999"
Lagos,2016-10-19,32,22.8,26.4,37.9,22.8,28.4,23.6,86,63,100,8.33,rain,0,0,24.8,14.8,153.5,1013,48.1,8.3,169.3,14.6,6,,2016-10-19T06:32:32,2016-10-19T18:30:00,0.61,"Rain, Partially cloudy",Partly cloudy throughout the day with rain clearing later.,rain,"65210099999,DNMM,remote,65201099999"
Lagos,2016-10-20,32,25,27.7,39.1,25,30.4,24.1,81.6,0,0,0,,0,0,25.2,18.4,182.4,1012,44.4,8.3,231.1,19.8,9,,2016-10-20T06:32:32,2016-10-20T18:29:40,0.65,Partially cloudy,Partly cloudy throughout the day.,partly-cloudy-day,"65210099999,DNMM,remote,65201099999"
Lagos,2016-10-21,32,24,27.7,39.2,24,30.7,24.4,83.1,0,0,0,,0,0,25.9,48.2,166.6,1012.6,63.6,8.8,184.8,15.9,7,,2016-10-21T06:32:32,2016-10-21T18:29:20,0.68,Partially cloudy,Partly cloudy throughout the day.,partly-cloudy-day,"DNMM,remote,65201099999"
Lagos,2016-10-22,32,23,26.9,40.6,23,29.6,24.2,85.8,7.8,100,25,rain,0,0,26.6,18.4,205.1,1013.2,69.5,9.6,167.4,14.3,7,,2016-10-22T06:32:32,2016-10-22T18:29:01,0.75,"Rain, Partially cloudy",Partly cloudy throughout the day with rain in the morning and afternoon.,rain,"DNMM,remote,65201099999"
Lagos,2016-10-23,32,23,27,39.2,23,29.8,24.3,86.1,0,0,0,,0,0,24.1,13,203.9,1013.1,44.9,8.8,218.5,18.9,8,,2016-10-23T06:32:33,2016-10-23T18:28:43,0.75,Partially cloudy,Partly cloudy throughout the day.,partly-cloudy-day,"65213099999,DNMM,65201099999"
Lagos,2016-10-24,32,24,27.7,39.2,24,31.3,24.8,85.1,0,0,0,,0,0,27.4,13,214.4,1011.1,50.1,9.4,220.1,18.9,8,,2016-10-24T06:32:35,2016-10-24T18:28:26,0.78,Partially cloudy,Partly cloudy throughout the day.,partly-cloudy-day,"65210099999,DNMM,65201099999"
Lagos,2016-10-25,32,25.2,27.3,40.6,25.2,30.5,25.1,87.9,0,0,0,,0,0,27.4,11.2,238.6,1010.2,42.7,8.4,187.9,16.1,7,,2016-10-25T06:32:38,2016-10-25T18:28:10,0.82,Partially cloudy,Partly cloudy throughout the day.,partly-cloudy-day,"65213099999,DNMM,65201099999"
Lagos,2016-10-26,32,25,27.9,40.6,25,31.6,25.2,85.8,0,0,0,,0,0,31.7,14.8,212.3,1009.8,51.8,8.5,227.8,19.6,7,,2016-10-26T06:32:41,2016-10-26T18:27:54,0.85,Partially cloudy,Partly cloudy throughout the day.,partly-cloudy-day,"DNMM,65201099999"
Lagos,2016-10-27,32,25,27.8,41.1,25,31.8,25.2,86,14,100,4.17,rain,0,0,26.3,13,210.9,1010.6,46.3,9.1,233.9,20.3,9,,2016-10-27T06:32:45,2016-10-27T18:27:39,0.89,"Rain, Partially cloudy",Partly cloudy throughout the day with late afternoon rain.,rain,"DNMM,remote,65201099999"
Lagos,2016-10-28,30,25,26.8,37.4,25,28.8,24.6,87.9,2,100,4.17,rain,0,0,25.6,10.4,215.9,1011.9,51,8,211.8,18.1,7,,2016-10-28T06:32:50,2016-10-28T18:27:25,0.92,"Rain, Partially cloudy",Partly cloudy throughout the day with afternoon rain.,rain,"DNMM,remote,65201099999"
Lagos,2016-10-29,31,24,27.4,37.5,24,30.7,24.7,86,0.5,100,4.17,rain,0,0,26.3,9.7,252.5,1011.8,51,7.7,189.1,16.2,7,,2016-10-29T06:32:55,2016-10-29T18:27:12,0.96,"Rain, Partially cloudy",Partly cloudy throughout the day with afternoon rain.,rain,"DNMM,remote,65201099999"
Lagos,2016-10-30,31,23,26.6,39.1,23,29.2,24.2,87.6,0,0,0,,0,0,29.2,16.6,170.2,1012.1,54.7,7.7,147.3,12.7,6,,2016-10-30T06:33:01,2016-10-30T18:27:00,0,Partially cloudy,Becoming cloudy in the afternoon.,partly-cloudy-day,"DNMM,65201099999"
Lagos,2016-10-31,32,23.8,26.7,39.2,23.8,29.2,23.9,84.8,4,100,4.17,rain,0,0,23,9.4,271.2,1012.3,48,8.9,201.1,17.4,8,,2016-10-31T06:33:07,2016-10-31T18:26:48,0.02,"Rain, Partially cloudy",Partly cloudy throughout the day with morning rain.,rain,"DNMM,remote,65201099999"
Lagos,2016-11-01,30,24,26.7,36.2,24,28.4,23.9,85.4,2,100,4.17,rain,0,0,22.7,14.8,200.9,1013.2,45.2,9.2,197.6,17.1,7,,2016-11-01T06:33:15,2016-11-01T18:26:38,0.06,"Rain, Partially cloudy",Partly cloudy throughout the day with early morning rain.,rain,"DNMM,remote,65201099999"
Lagos,2016-11-02,32,24,27.6,39.2,24,31,24.6,84.4,0,0,0,,0,0,24.8,14.8,197.9,1013.2,48.2,8.7,185,15.9,7,,2016-11-02T06:33:23,2016-11-02T18:26:28,0.09,Partially cloudy,Partly cloudy throughout the day.,partly-cloudy-day,"65210099999,DNMM,65201099999"
Lagos,2016-11-03,32.8,24.8,27.8,41.9,24.8,30.9,24.8,84.3,0,0,0,,0,0,26.3,33.5,197.5,1013.3,64.9,9.5,219.2,18.9,7,,2016-11-03T06:33:32,2016-11-03T18:26:19,0.13,Partially cloudy,Partly cloudy throughout the day.,partly-cloudy-day,"65213099999,DNMM,remote,65201099999"
Lagos,2016-11-04,32,23,27.3,39.2,23,30.7,23.9,82.1,2,100,4.17,rain,0,0,24.8,14.8,181.4,1014.3,52.8,8.7,223,19.4,8,,2016-11-04T06:33:41,2016-11-04T18:26:12,0.16,"Rain, Partially cloudy",Partly cloudy throughout the day with early morning rain.,rain,"DNMM,65201099999"
Lagos,2016-11-05,32,25.7,28.1,39.2,25.7,31.3,24.7,82.7,0.2,100,4.17,rain,0,0,25.2,10.1,221.1,1014.1,54.4,8.5,222.3,19,8,,2016-11-05T06:33:52,2016-11-05T18:26:05,0.19,"Rain, Partially cloudy",Partly cloudy throughout the day with morning rain.,rain,"DNMM,remote,65201099999"
Lagos,2016-11-06,32,24.9,28.1,40.6,24.9,31.9,24.9,83.7,0,0,0,,0,0,26.6,11.2,215.1,1013.4,48.3,8.1,216.9,18.7,8,,2016-11-06T06:34:03,2016-11-06T18:25:59,0.23,Partially cloudy,Partly cloudy throughout the day.,partly-cloudy-day,"DNMM,remote,65201099999"
Lagos,2016-11-07,34,26,28.9,45.8,26,34.1,25.6,83.2,0,0,0,,0,0,28.4,14.8,226,1012.9,45.8,6,206.4,17.7,7,,2016-11-07T06:34:15,2016-11-07T18:25:54,0.25,Partially cloudy,Partly cloudy throughout the day.,partly-cloudy-day,"65210099999,65213099999,DNMM,65201099999"
Lagos,2016-11-08,31.8,25.8,27.9,40.6,25.8,32,25.5,87.3,0,0,0,,0,0,24.8,5.4,173.7,1013,44.8,5,177.5,15.2,6,,2016-11-08T06:34:27,2016-11-08T18:25:50,0.29,Partially cloudy,Partly cloudy throughout the day.,partly-cloudy-day,"65210099999,DNMM,65201099999"
Lagos,2016-11-09,34,24.9,28.8,43.5,24.9,33.5,25.4,82.8,0,0,0,,0,0,21.6,14,225.1,1012.7,41,5.2,226.7,19.5,8,,2016-11-09T06:34:41,2016-11-09T18:25:47,0.33,Partially cloudy,Partly cloudy throughout the day.,partly-cloudy-day,"65210099999,DNMM,remote,65201099999"
Lagos,2016-11-10,34,25,28.9,43,25,33.6,25.2,81.4,0,0,0,,0,0,28.1,9.4,240.1,1011.5,46.8,7.5,247.3,21.2,8,,2016-11-10T06:34:55,2016-11-10T18:25:45,0.36,Partially cloudy,Partly cloudy throughout the day.,partly-cloudy-day,"65210099999,DNMM,65201099999"
Lagos,2016-11-11,32.8,22.9,27,40.6,22.9,29.4,24.2,85.1,46,100,4.17,rain,0,0,31.3,24.1,233.9,1011.1,54.8,6.8,217.5,18.7,9,,2016-11-11T06:35:09,2016-11-11T18:25:44,0.39,"Rain, Partially cloudy",Partly cloudy throughout the day with late afternoon rain.,rain,"65210099999,DNMM,65201099999"
Lagos,2016-11-12,32,24,27.5,40.6,24,31.3,24.5,84.3,0.4,100,4.17,rain,0,0,27,14.8,208.5,1011,39.4,8.4,212.2,18.2,7,,2016-11-12T06:35:25,2016-11-12T18:25:44,0.43,"Rain, Partially cloudy",Partly cloudy throughout the day with early morning rain.,rain,"65210099999,DNMM,remote,65201099999"
Lagos,2016-11-13,33,24,28.4,42.1,24,32.3,24.9,81.8,0,0,0,,0,0,26.6,10.4,199.2,1009.9,50.2,8.3,179.6,15.5,7,,2016-11-13T06:35:41,2016-11-13T18:25:45,0.46,Partially cloudy,Partly cloudy throughout the day.,partly-cloudy-day,"65210099999,DNMM,remote,65201099999"
Lagos,2016-11-14,34,24.2,28.5,43.5,24.2,33.1,25.2,83.4,0,0,0,,0,0,24.5,13,200.7,1009.5,51.4,8.2,230.7,20,8,,2016-11-14T06:35:58,2016-11-14T18:25:47,0.5,Partially cloudy,Partly cloudy throughout the day.,partly-cloudy-day,"DNMM,65201099999"
Lagos,2016-11-15,32.2,25,28.7,42.3,25,34.1,25.7,84,0,0,0,,0,0,26.3,14.8,219,1009.5,49.3,7.5,228,19.8,9,,2016-11-15T06:36:16,2016-11-15T18:25:50,0.53,Partially cloudy,Partly cloudy throughout the day.,partly-cloudy-day,"65210099999,DNMM,remote,65201099999"
Lagos,2016-11-16,32,26.5,28.5,40.6,26.5,33.9,25.6,84.4,1.2,100,25,rain,0,0,29.2,13.7,224.9,1009.1,48,10.7,203.9,17.6,8,,2016-11-16T06:36:34,2016-11-16T18:25:54,0.56,"Rain, Partially cloudy",Partly cloudy throughout the day with rain in the morning and afternoon.,rain,"65210099999,DNMM,remote,65201099999"
Lagos,2016-11-17,33,25,28.7,42.1,25,33.9,25.6,84.1,1.3,100,12.5,rain,0,0,31.3,14.9,212.5,1009.4,55,7.3,207,17.9,7,,2016-11-17T06:36:54,2016-11-17T18:25:59,0.6,"Rain, Partially cloudy",Partly cloudy throughout the day with a chance of rain throughout the day.,rain,"65210099999,DNMM,remote,65201099999"
Lagos,2016-11-18,33,25,27.8,42.1,25,31.1,24.6,83.6,0,0,0,,0,0,25.2,13.2,188.2,1009.8,52.3,7.7,207.6,17.9,8,,2016-11-18T06:37:13,2016-11-18T18:26:05,0.63,Partially cloudy,Partly cloudy throughout the day.,partly-cloudy-day,"65210099999,65213099999,DNMM,remote,65201099999"
Lagos,2016-11-19,33,25,27.7,42.1,25,30.8,24.3,82.5,0,0,0,,0,0,24.1,33.5,170.3,1010.6,39,6.9,197,17,8,,2016-11-19T06:37:34,2016-11-19T18:26:12,0.66,Partially cloudy,Partly cloudy throughout the day.,partly-cloudy-day,"DNMM,remote,65201099999"
Lagos,2016-11-20,32.1,24,28,40.9,24,32.4,25,84.7,0.6,100,4.17,rain,0,0,28.8,17.3,197.5,1009.6,62.3,6.7,195.9,17,8,,2016-11-20T06:37:55,2016-11-20T18:26:20,0.7,"Rain, Partially cloudy",Partly cloudy throughout the day with morning rain.,rain,"65210099999,DNMM,remote,65201099999"
Lagos,2016-11-21,32,25,28,42.3,25,32.5,25.5,86.8,4,100,4.17,rain,0,0,32,13,211.9,1010.4,50.3,8.5,204,17.8,8,,2016-11-21T06:38:17,2016-11-21T18:26:29,0.75,"Rain, Partially cloudy",Partly cloudy throughout the day with afternoon rain.,rain,"DNMM,remote,65201099999"
Lagos,2016-11-22,32,26,28.7,42.3,26,34.4,26,85.6,0,0,0,,0,0,20.5,11.2,210.2,1011.1,47.3,7.7,186.9,15.9,7,,2016-11-22T06:38:39,2016-11-22T18:26:39,0.76,Partially cloudy,Partly cloudy throughout the day.,partly-cloudy-day,"DNMM,65201099999"
Lagos,2016-11-23,31,25.9,27.9,40.6,25.9,32.7,25.7,87.8,1,100,4.17,rain,0,0,23.4,34.9,174.9,1012.2,48.5,8.3,194.6,17,7,,2016-11-23T06:39:02,2016-11-23T18:26:50,0.8,"Rain, Partially cloudy",Partly cloudy throughout the day with afternoon rain.,rain,"DNMM,65201099999"
Lagos,2016-11-24,32,25,28.3,42.3,25,32.7,25.2,84.2,0,0,0,,0,0,25.6,13,223.1,1012.4,49.3,7.6,177.2,15.2,7,,2016-11-24T06:39:26,2016-11-24T18:27:01,0.83,Partially cloudy,Partly cloudy throughout the day.,partly-cloudy-day,"DNMM,65201099999"
Lagos,2016-11-25,34,25.7,29,45.3,25.7,34.6,25.7,82.7,0,0,0,,0,0,27.7,16.6,209.2,1010.8,57.4,8.5,207.8,18,7,,2016-11-25T06:39:50,2016-11-25T18:27:14,0.86,Partially cloudy,Partly cloudy throughout the day.,partly-cloudy-day,"65210099999,DNMM,65201099999"
Lagos,2016-11-26,32,26,28.3,40.6,26,33.1,25.3,84.7,0,0,0,,0,0,29.9,14.8,186.2,1010.1,35.4,8.6,188.5,16.3,6,,2016-11-26T06:40:15,2016-11-26T18:27:28,0.9,Partially cloudy,Partly cloudy throughout the day.,partly-cloudy-day,"65210099999,DNMM,65201099999"
Lagos,2016-11-27,34,25,28.4,42.1,25,32.2,24.8,81.7,0.4,100,16.67,rain,0,0,28.4,16.6,204.1,1010,41.6,8.7,184.5,15.9,7,,2016-11-27T06:40:40,2016-11-27T18:27:42,0.93,"Rain, Partially cloudy",Partly cloudy throughout the day with morning rain.,rain,"65210099999,DNMM,remote,65201099999"
Lagos,2016-11-28,33.8,22,27.3,43,22,30.5,24.9,87.9,44,100,4.17,rain,0,0,31,14.8,221.6,1010.5,52.6,8.8,190.8,16.4,6,,2016-11-28T06:41:06,2016-11-28T18:27:58,0.96,"Rain, Partially cloudy",Partly cloudy throughout the day with late afternoon rain.,rain,"65210099999,DNMM,65201099999"
Lagos,2016-11-29,32,25,27.7,40.6,25,31.1,25.4,88,0,0,0,,0,0,27.7,13,225.5,1011.5,41.1,8,184.3,15.8,7,,2016-11-29T06:41:32,2016-11-29T18:28:14,0,Partially cloudy,Partly cloudy throughout the day.,partly-cloudy-day,"DNMM,remote,65201099999"
Lagos,2016-11-30,33,24.1,28.4,41.5,24.1,33,25.4,84.4,0,0,0,,0,0,25.9,14,214.3,1012.3,52.7,8.9,187.9,16.2,8,,2016-11-30T06:41:59,2016-11-30T18:28:31,0.03,Partially cloudy,Partly cloudy throughout the day.,partly-cloudy-day,"DNMM,remote,65201099999"
Lagos,2016-12-01,33,26,29.1,43.7,26,34.8,25.8,83.2,0.4,100,8.33,rain,0,0,26.6,14.8,196.3,1012.2,46.4,9.2,204.1,17.5,7,,2016-12-01T06:42:26,2016-12-01T18:28:49,0.07,"Rain, Partially cloudy",Partly cloudy throughout the day with rain in the morning and afternoon.,rain,"DNMM,remote,65201099999"
Lagos,2016-12-02,35,26,29.5,45.3,26,35.7,26.1,83.2,0,0,0,,0,0,26.6,13,212.4,1012,51.2,8.2,190.1,16.4,7,,2016-12-02T06:42:54,2016-12-02T18:29:08,0.1,Partially cloudy,Partly cloudy throughout the day.,partly-cloudy-day,"65210099999,DNMM,remote,65201099999"
Lagos,2016-12-03,34,26,29.2,45.3,26,35.4,26.1,84.2,0,0,0,,0,0,24.5,14.8,225.4,1011.2,48.6,8.1,158.8,13.8,5,,2016-12-03T06:43:22,2016-12-03T18:29:27,0.14,Partially cloudy,Partly cloudy throughout the day.,partly-cloudy-day,"DNMM,65201099999"
Lagos,2016-12-04,34,25.9,29.2,45.3,25.9,35.1,25.9,83.5,0,0,0,,0,0,24.5,11.2,219.2,1011.5,47.8,7.5,216.1,18.8,7,,2016-12-04T06:43:50,2016-12-04T18:29:48,0.17,Partially cloudy,Partly cloudy throughout the day.,partly-cloudy-day,"DNMM,65201099999"
Lagos,2016-12-05,34,25.9,28.3,42,25.9,32.6,25.2,84.3,0.4,100,4.17,rain,0,0,22,9.4,201.9,1012.7,40.4,6.7,188.8,16.3,7,,2016-12-05T06:44:19,2016-12-05T18:30:09,0.21,"Rain, Partially cloudy",Partly cloudy throughout the day with early morning rain.,rain,"65210099999,DNMM,remote,65201099999"
Lagos,2016-12-06,35,25.7,28.9,43.5,25.7,33.9,25.3,81.8,0,0,0,,0,0,28.4,16.6,211.1,1012.4,43.1,6.9,211.7,18.1,8,,2016-12-06T06:44:48,2016-12-06T18:30:31,0.24,Partially cloudy,Partly cloudy throughout the day.,partly-cloudy-day,"65210099999,DNMM,65201099999"
Lagos,2016-12-07,34,25,28.9,42.1,25,33.5,25.3,82.3,0.2,100,4.17,rain,0,0,23.4,11.2,202.4,1011.7,52.9,7,194.3,16.5,6,,2016-12-07T06:45:17,2016-12-07T18:30:53,0.25,"Rain, Partially cloudy",Partly cloudy throughout the day with early morning rain.,rain,"65210099999,DNMM,remote,65201099999"
Lagos,2016-12-08,34,25,28.9,43.5,25,33.9,25.4,82.3,0,0,0,,0,0,27,13,210.9,1012.6,50.8,7.8,216.8,18.5,8,,2016-12-08T06:45:47,2016-12-08T18:31:17,0.31,Partially cloudy,Partly cloudy throughout the day.,partly-cloudy-day,"65210099999,DNMM,65201099999"
Lagos,2016-12-09,34,25,28.8,43.5,25,33.4,25.4,82.8,0,0,0,,0,0,28.8,13,200.1,1012.2,48.6,8.4,198,17.2,8,,2016-12-09T06:46:17,2016-12-09T18:31:41,0.34,Partially cloudy,Partly cloudy throughout the day.,partly-cloudy-day,"DNMM,remote,65201099999"
Lagos,2016-12-10,34,24,28.9,43.6,24,34,25.4,82.3,0,0,0,,0,0,28.4,12.8,205.8,1011,55.3,7.3,188.1,16.1,7,,2016-12-10T06:46:47,2016-12-10T18:32:05,0.38,Partially cloudy,Partly cloudy throughout the day.,partly-cloudy-day,"65210099999,DNMM,remote,65201099999"
Lagos,2016-12-11,33,24,27.5,42.1,24,31.2,24.6,84.9,0,0,0,,0,0,28.8,18.4,198.2,1011.2,40.2,7.3,199.7,17.2,7,,2016-12-11T06:47:17,2016-12-11T18:32:31,0.41,Partially cloudy,Partly cloudy throughout the day.,partly-cloudy-day,"DNMM,65201099999"
Lagos,2016-12-12,34,24,28.2,43.6,24,32.2,24.5,81.5,0.1,100,4.17,rain,0,0,26.3,13,215.3,1011,46.4,7.5,176.5,15.2,6,,2016-12-12T06:47:47,2016-12-12T18:32:56,0.45,"Rain, Partially cloudy",Partly cloudy throughout the day with late afternoon rain.,rain,"65210099999,DNMM,remote,65201099999"
Lagos,2016-12-13,33.6,26.5,29.1,42.7,26.5,34.4,25.5,81.8,0.3,100,12.5,rain,0,0,26.6,14.8,217.4,1010.4,52,8,203.6,17.6,8,,2016-12-13T06:48:18,2016-12-13T18:33:23,0.48,"Rain, Partially cloudy",Partly cloudy throughout the day with morning rain.,rain,"65210099999,DNMM,remote,65201099999"
Lagos,2016-12-14,33,26,28.2,40.6,26,32.7,25.5,85.7,0,0,0,,0,0,26.6,13,242.8,1011.4,37.3,7.3,191.3,16.5,7,,2016-12-14T06:48:48,2016-12-14T18:33:50,0.5,Partially cloudy,Partly cloudy throughout the day.,partly-cloudy-day,"DNMM,remote,65201099999"
Lagos,2016-12-15,34,25,28.6,40.6,25,32.8,24.8,80.8,0.2,100,4.17,rain,0,0,24.1,13,202.9,1012.4,45.8,7.3,182.1,15.6,6,,2016-12-15T06:49:19,2016-12-15T18:34:17,0.55,"Rain, Partially cloudy",Partly cloudy throughout the day with afternoon rain.,rain,"DNMM,remote,65201099999"
Lagos,2016-12-16,32.2,25,28.5,40.5,25,32.7,24.7,80.5,0,0,0,,0,0,27.4,11.2,201.3,1012.6,46.4,7.8,208.8,18,8,,2016-12-16T06:49:49,2016-12-16T18:34:45,0.58,Partially cloudy,Partly cloudy throughout the day.,partly-cloudy-day,"DNMM,65201099999"
Lagos,2016-12-17,34,25,28.6,45.3,25,33.4,25.5,84.1,0,0,0,,0,0,26.6,11.2,234.1,1010.5,43.1,6.5,200.1,17.1,7,,2016-12-17T06:50:19,2016-12-17T18:35:13,0.61,Partially cloudy,Partly cloudy throughout the day.,partly-cloudy-day,"DNMM,65201099999"
Lagos,2016-12-18,32.8,25.9,28.9,42.3,25.9,34.4,25.6,83.2,0,0,0,,0,0,27.7,14.8,237.2,1010.2,50.6,7.4,186,16,7,,2016-12-18T06:50:50,2016-12-18T18:35:42,0.65,Partially cloudy,Partly cloudy throughout the day.,partly-cloudy-day,"DNMM,remote,65201099999"
Lagos,2016-12-19,34,25.8,29.1,42,25.8,34.6,25.6,82.8,0,0,0,,0,0,27.7,13,213,1010.6,52.3,7.3,216.7,18.6,8,,2016-12-19T06:51:20,2016-12-19T18:36:11,0.68,Partially cloudy,Partly cloudy throughout the day.,partly-cloudy-day,"DNMM,65201099999"
Lagos,2016-12-20,35,25.8,29,46.7,25.8,34.1,25.3,81.3,0,0,0,,0,0,25.9,12.2,244.2,1009.7,49.1,6.4,217.7,18.7,8,,2016-12-20T06:51:50,2016-12-20T18:36:40,0.71,Partially cloudy,Partly cloudy throughout the day.,partly-cloudy-day,"DNMM,remote,65201099999"
Lagos,2016-12-21,34,25,28.8,42,25,33.6,25.1,81.6,0,0,0,,0,0,28.1,9.4,246.5,1008.2,44.3,6.3,226.8,19.6,8,,2016-12-21T06:52:20,2016-12-21T18:37:10,0.75,Partially cloudy,Partly cloudy throughout the day.,partly-cloudy-day,"DNMM,65201099999"
Lagos,2016-12-22,35.1,25,29.1,43.7,25,34.2,25.7,82.7,0.1,100,4.17,rain,0,0,27.7,11.2,255.2,1009.2,46.3,6.2,228.8,19.9,8,,2016-12-22T06:52:50,2016-12-22T18:37:40,0.78,"Rain, Partially cloudy",Partly cloudy throughout the day with morning rain.,rain,"DNMM,remote,65201099999"
Lagos,2016-12-23,35,26,29.4,42,26,34.5,25.3,80.4,0,0,0,,0,0,31,18.4,202.8,1009.2,35.9,6.2,241.3,20.9,9,,2016-12-23T06:53:19,2016-12-23T18:38:10,0.81,Partially cloudy,Partly cloudy throughout the day.,partly-cloudy-day,"DNMM,remote,65201099999"
Lagos,2016-12-24,34,26,29.4,41.3,26,35,25.5,80.8,0.3,100,12.5,rain,0,0,32.4,11.4,236.3,1009.7,56.7,7.3,208.1,17.9,8,,2016-12-24T06:53:48,2016-12-24T18:38:40,0.84,"Rain, Partially cloudy",Partly cloudy throughout the day with morning rain.,rain,"65210099999,DNMM,remote,65201099999"
Lagos,2016-12-25,35.1,25.9,29.6,43.5,25.9,35.2,25.5,80.6,0,0,0,,0,0,27.4,11.5,269.1,1009.9,43.1,6.7,219.5,19,8,,2016-12-25T06:54:17,2016-12-25T18:39:11,0.87,Partially cloudy,Partly cloudy throughout the day.,partly-cloudy-day,"DNMM,remote,65201099999"
Lagos,2016-12-26,34,24,28,39,24,29.4,20.9,68.6,0,0,0,,0,0,22.7,16.6,357.7,1010.5,32.7,3.1,217.5,18.7,8,,2016-12-26T06:54:46,2016-12-26T18:39:42,0.91,Partially cloudy,Clearing in the afternoon.,partly-cloudy-day,"DNMM,remote,65201099999"
Lagos,2016-12-27,32,23,27,31.7,23,27.2,15.8,51.5,0,0,0,,0,0,23,14.8,36.6,1012.1,49.9,1.2,225.9,19.4,8,,2016-12-27T06:55:14,2016-12-27T18:40:13,0.94,Partially cloudy,Partly cloudy throughout the day.,partly-cloudy-day,"DNMM,remote,65201099999"
Lagos,2016-12-28,34,21,26.8,33.7,21,26.9,16.9,56.6,0,0,0,,0,0,29.5,13,29.5,1012.2,19.6,1.5,250.4,21.7,9,,2016-12-28T06:55:42,2016-12-28T18:40:43,0.97,Clear,Clear conditions throughout the day.,clear-day,"DNMM,65201099999"
Lagos,2016-12-29,34,21,27,34.6,21,27.4,18.1,59.8,0,0,0,,0,0,29.9,16.6,57.8,1012.2,21.3,1.5,245.3,21.3,9,,2016-12-29T06:56:09,2016-12-29T18:41:14,0,Partially cloudy,Partly cloudy throughout the day.,partly-cloudy-day,"65210099999,DNMM,65201099999"
Lagos,2016-12-30,34,21.8,27.1,35.1,21.8,27.7,19.1,64.2,0,0,0,,0,0,29.9,9.4,328.2,1012.3,20.4,1.4,242.8,21.1,9,,2016-12-30T06:56:36,2016-12-30T18:41:45,0.04,Partially cloudy,Partly cloudy throughout the day.,partly-cloudy-day,"DNMM,65201099999"
Lagos,2016-12-31,35,21,27.1,36.3,21,27.9,19.7,67.2,0,0,0,,0,0,30.2,11.9,288.9,1011.7,23.3,1.3,246.6,21.4,9,,2016-12-31T06:57:02,2016-12-31T18:42:16,0.08,Partially cloudy,Partly cloudy throughout the day.,partly-cloudy-day,"DNMM,remote,65201099999"
