name,datetime,tempmax,tempmin,temp,feelslikemax,feelslikemin,feelslike,dew,humidity,precip,precipprob,precipcover,preciptype,snow,snowdepth,windgust,windspeed,winddir,sealevelpressure,cloudcover,visibility,solarradiation,solarenergy,uvindex,severerisk,sunrise,sunset,moonphase,conditions,description,icon,stations
Lagos,2017-01-01,34,22,27.6,37.3,22,29.4,22,74.3,0,0,0,,0,0,30.2,13,240.7,1011.3,22.9,1.8,241.7,21,9,,2017-01-01T06:57:27,2017-01-01T18:42:46,0.11,Partially cloudy,Partly cloudy throughout the day.,partly-cloudy-day,"65210099999,DNMM,remote,65201099999"
Lagos,2017-01-02,35,23.9,28.3,40,23.9,30.9,23.7,78.2,0,0,0,,0,0,28.4,11.2,259.7,1011.7,25.1,2.2,241.6,20.9,9,,2017-01-02T06:57:52,2017-01-02T18:43:17,0.15,Partially cloudy,Partly cloudy throughout the day.,partly-cloudy-day,"DNMM,65201099999"
Lagos,2017-01-03,34.2,24,28.4,37.3,24,30.3,22.6,73.5,0,0,0,,0,0,25.6,13,349.8,1012.1,23.2,2.9,242.1,20.9,9,,2017-01-03T06:58:17,2017-01-03T18:43:47,0.18,Partially cloudy,Partly cloudy throughout the day.,partly-cloudy-day,"DNMM,65201099999"
Lagos,2017-01-04,35,23.9,28.4,36.3,23.9,28.7,20.3,66.4,0,0,0,,0,0,31.7,14.8,344.1,1011.4,19.5,3.2,255.1,21.8,9,,2017-01-04T06:58:41,2017-01-04T18:44:18,0.22,Clear,Clear conditions throughout the day.,clear-day,"65210099999,DNMM,remote,65201099999"
Lagos,2017-01-05,34,22.4,27.9,38.5,22.4,30.4,22.9,76.2,0,0,0,,0,0,34.9,11.2,278.3,1010.4,30.1,3.3,240.2,20.9,9,,2017-01-05T06:59:04,2017-01-05T18:44:48,0.25,Partially cloudy,Partly cloudy throughout the day.,partly-cloudy-day,"DNMM,remote,65201099999"
Lagos,2017-01-06,35,25,28.8,40.6,25,32.3,24.5,79.6,0,0,0,,0,0,35.6,13,233.9,1010.5,33.3,3.7,232.8,20.2,9,,2017-01-06T06:59:27,2017-01-06T18:45:18,0.29,Partially cloudy,Partly cloudy throughout the day.,partly-cloudy-day,"65210099999,DNMM,65201099999"
Lagos,2017-01-07,33,25,28.5,40.6,25,33.1,25.3,83.9,0.1,100,4.17,rain,0,0,28.1,13,185.4,1012,37.8,3.4,209.1,18.1,8,,2017-01-07T06:59:49,2017-01-07T18:45:48,0.32,"Rain, Partially cloudy",Partly cloudy throughout the day with afternoon rain.,rain,"65210099999,DNMM,remote,65201099999"
Lagos,2017-01-08,36,24.9,29,43.2,24.9,32.9,24.7,79.6,0,0,0,,0,0,30.2,13,314.1,1011.8,34.1,3.7,207.5,17.7,7,,2017-01-08T07:00:11,2017-01-08T18:46:17,0.36,Partially cloudy,Partly cloudy throughout the day.,partly-cloudy-day,"65210099999,DNMM,65201099999"
Lagos,2017-01-09,35,25,29,40.6,25,31.9,23.1,73.1,0,0,0,,0,0,29.9,12.8,194.3,1010.4,37,3.8,220.8,19.1,8,,2017-01-09T07:00:31,2017-01-09T18:46:47,0.39,Partially cloudy,Partly cloudy throughout the day.,partly-cloudy-day,"65210099999,DNMM,65201099999"
Lagos,2017-01-10,35,25,28.4,38.5,25,30.7,23.4,76.6,0,0,0,,0,0,34.2,16.6,218.3,1009.6,36.6,5.4,241.3,20.8,8,,2017-01-10T07:00:51,2017-01-10T18:47:15,0.43,Partially cloudy,Partly cloudy throughout the day.,partly-cloudy-day,"65210099999,DNMM,65201099999"
Lagos,2017-01-11,34,24,28,39.6,24,31.2,24.3,81.4,0,0,0,,0,0,32.8,22.3,206.3,1009.8,32.9,6.3,227.4,19.5,8,,2017-01-11T07:01:10,2017-01-11T18:47:44,0.46,Partially cloudy,Partly cloudy throughout the day.,partly-cloudy-day,"65210099999,DNMM,remote,65201099999"
Lagos,2017-01-12,34,25.1,28.8,40.6,25.1,32.3,24.6,79.8,0,0,0,,0,0,33.1,18.4,192.2,1011.3,45.2,7.4,224.2,19.4,8,,2017-01-12T07:01:29,2017-01-12T18:48:12,0.5,Partially cloudy,Partly cloudy throughout the day.,partly-cloudy-day,"65210099999,DNMM,65201099999"
Lagos,2017-01-13,33,26,28.8,39.2,26,33.3,25.3,82.7,0.2,100,4.17,rain,0,0,27.4,11.2,239.6,1011.2,46.5,7.6,198.9,17.2,8,,2017-01-13T07:01:46,2017-01-13T18:48:40,0.53,"Rain, Partially cloudy",Partly cloudy throughout the day with morning rain.,rain,"65210099999,65213099999,65202099999,DNMM,remote,65201099999"
Lagos,2017-01-14,36,20,28.2,34.8,20,28.7,17.1,57.6,0,0,0,,0,0,32.4,16.6,350.7,1009.6,31,7.7,241,20.9,9,,2017-01-14T07:02:03,2017-01-14T18:49:07,0.56,Partially cloudy,Partly cloudy throughout the day.,partly-cloudy-day,"DNMM,65201099999"
Lagos,2017-01-15,33,21,26.4,34.6,21,27,19.5,68.3,0,0,0,,0,0,30.2,11.2,188.1,1009.6,27.1,5.7,229.4,20,8,,2017-01-15T07:02:19,2017-01-15T18:49:34,0.6,Partially cloudy,Partly cloudy throughout the day.,partly-cloudy-day,"DNMM,65201099999"
Lagos,2017-01-16,34,23,27.7,39.4,23,30.3,22.9,76.4,0,0,0,,0,0,36.7,16.6,204.3,1009.8,37,5.9,241,20.8,9,,2017-01-16T07:02:34,2017-01-16T18:50:00,0.63,Partially cloudy,Partly cloudy throughout the day.,partly-cloudy-day,"DNMM,65201099999"
Lagos,2017-01-17,34.1,25.8,28.7,40.8,25.8,32.1,24.4,79,0,0,0,,0,0,34.9,18.4,207.1,1009.6,39.4,7.6,232,20.1,9,,2017-01-17T07:02:48,2017-01-17T18:50:26,0.66,Partially cloudy,Partly cloudy throughout the day.,partly-cloudy-day,"DNMM,65201099999"
Lagos,2017-01-18,34,25,28.8,40.6,25,32.9,24.9,81,0.1,100,4.17,rain,0,0,37.1,13,213.5,1010.5,42.3,7.2,209.9,18.2,8,,2017-01-18T07:03:01,2017-01-18T18:50:51,0.69,"Rain, Partially cloudy",Partly cloudy throughout the day with morning rain.,rain,"DNMM,65201099999"
Lagos,2017-01-19,34,25.8,29.1,42,25.8,33.9,25.2,80.8,0,0,0,,0,0,32.4,13,209.5,1011.2,52.7,8.4,220.7,19.1,8,,2017-01-19T07:03:14,2017-01-19T18:51:16,0.75,Partially cloudy,Partly cloudy throughout the day.,partly-cloudy-day,"65213099999,DNMM,65201099999"
Lagos,2017-01-20,34,26,29,42,26,34.1,25.5,82.7,0,0,0,,0,0,31.3,20.5,231.1,1010.6,50,7.3,202.2,17.3,8,,2017-01-20T07:03:25,2017-01-20T18:51:40,0.76,Partially cloudy,Partly cloudy throughout the day.,partly-cloudy-day,"DNMM,65201099999"
Lagos,2017-01-21,34,26,28.9,42,26,34,25.6,83.2,0.3,100,4.17,rain,0,0,36.4,20.3,208.4,1010.2,47.8,7.4,208.6,17.9,7,,2017-01-21T07:03:35,2017-01-21T18:52:04,0.79,"Rain, Partially cloudy",Partly cloudy throughout the day with afternoon rain.,rain,"65210099999,DNMM,remote,65201099999"
Lagos,2017-01-22,32,26,29,40.6,26,35,25.9,83.6,0,0,0,,0,0,35.6,18.5,204.1,1010.5,51.2,8,160.8,13.8,6,,2017-01-22T07:03:45,2017-01-22T18:52:27,0.82,Partially cloudy,Partly cloudy throughout the day.,partly-cloudy-day,"65210099999,DNMM,65201099999"
Lagos,2017-01-23,35,25.1,29.4,41.9,25.1,34.1,24.8,77.9,0,0,0,,0,0,30.2,16.6,224.1,1011.2,52.5,7.7,199.3,17.1,7,,2017-01-23T07:03:54,2017-01-23T18:52:49,0.85,Partially cloudy,Partly cloudy throughout the day.,partly-cloudy-day,"65210099999,DNMM,remote,65201099999"
Lagos,2017-01-24,35,24,28.8,38.7,24,32,23.3,74.2,0,0,0,,0,0,33.8,14.8,212.4,1012.1,42,8.9,186.5,16.2,7,,2017-01-24T07:04:01,2017-01-24T18:53:11,0.89,Partially cloudy,Partly cloudy throughout the day.,partly-cloudy-day,"65210099999,DNMM,65201099999"
Lagos,2017-01-25,35,24.6,28.9,40.6,24.6,32.1,23.4,74.2,0,0,0,,0,0,32.4,18.4,191,1012.3,40.7,8.2,217.2,18.6,8,,2017-01-25T07:04:08,2017-01-25T18:53:32,0.92,Partially cloudy,Partly cloudy throughout the day.,partly-cloudy-day,"65210099999,DNMM,remote,65201099999"
Lagos,2017-01-26,35,25,29,40.6,25,32.7,24.1,76.6,0,0,0,,0,0,29.5,14.8,219.3,1013.4,49.5,7.4,231.2,19.9,8,,2017-01-26T07:04:14,2017-01-26T18:53:52,0.95,Partially cloudy,Partly cloudy throughout the day.,partly-cloudy-day,"65210099999,DNMM,65201099999"
Lagos,2017-01-27,35,26,29.3,40.6,26,34,24.7,77.5,0,0,0,,0,0,32,20.5,198.9,1013.7,52.8,9,231.9,20,8,,2017-01-27T07:04:19,2017-01-27T18:54:12,0.98,Partially cloudy,Partly cloudy throughout the day.,partly-cloudy-day,"65210099999,DNMM,remote,65201099999"
Lagos,2017-01-28,34,25.1,29.1,42,25.1,33.6,24.8,79.1,0,0,0,,0,0,33.8,14.8,233.4,1013.1,41.8,8.7,227.2,19.4,8,,2017-01-28T07:04:23,2017-01-28T18:54:31,0,Partially cloudy,Partly cloudy throughout the day.,partly-cloudy-day,"DNMM,65201099999"
Lagos,2017-01-29,34,25.9,29.1,40.6,25.9,33.9,25,79.6,0,0,0,,0,0,32.4,18.4,209.7,1012.4,55.3,8.9,220.4,19.2,7,,2017-01-29T07:04:26,2017-01-29T18:54:50,0.05,Partially cloudy,Partly cloudy throughout the day.,partly-cloudy-day,"65210099999,DNMM,65201099999"
Lagos,2017-01-30,34,26,28.9,42,26,34.2,25.4,82.2,1,100,4.17,rain,0,0,28.8,14.8,205.9,1011.9,56.2,8.5,200.8,17.3,7,,2017-01-30T07:04:28,2017-01-30T18:55:07,0.09,"Rain, Partially cloudy",Partly cloudy throughout the day with afternoon rain.,rain,"DNMM,65201099999"
Lagos,2017-01-31,33,25,28.3,40.8,25,32.6,24.7,81.5,0.2,100,4.17,rain,0,0,28.4,14.8,231.1,1011.6,57.3,7.5,178.1,15.3,6,,2017-01-31T07:04:29,2017-01-31T18:55:24,0.12,"Rain, Partially cloudy",Partly cloudy throughout the day with afternoon rain.,rain,"DNMM,remote,65201099999"
Lagos,2017-02-01,32,26,28,40.6,26,32,24.7,82.5,0.3,100,4.17,rain,0,0,24.8,14.8,208.1,1011.3,46.7,6.3,188.9,16.3,7,,2017-02-01T07:04:29,2017-02-01T18:55:41,0.16,"Rain, Partially cloudy",Partly cloudy throughout the day with morning rain.,rain,"65210099999,DNMM,remote,65201099999"
Lagos,2017-02-02,34.2,25,29,40.6,25,33,24.6,78.4,0.1,100,4.17,rain,0,0,29.5,14,230.3,1011.9,62.4,8.8,221.7,19.2,9,,2017-02-02T07:04:28,2017-02-02T18:55:56,0.19,"Rain, Partially cloudy",Partly cloudy throughout the day with morning rain.,rain,"65210099999,65213099999,DNMM,remote,65201099999"
Lagos,2017-02-03,33,23.5,28.8,40.6,23.5,33,24.9,80.3,0,0,0,,0,0,31,18.4,196.1,1011.9,52.3,9.7,224.7,19.5,8,,2017-02-03T07:04:26,2017-02-03T18:56:11,0.23,Partially cloudy,Partly cloudy throughout the day.,partly-cloudy-day,"65210099999,DNMM,remote,65201099999"
Lagos,2017-02-04,34,25.8,29.2,42,25.8,33.7,24.8,78.6,0,0,0,,0,0,25.6,16.6,192.3,1011.4,46.2,8.3,213.8,18.3,8,,2017-02-04T07:04:24,2017-02-04T18:56:26,0.25,Partially cloudy,Partly cloudy throughout the day.,partly-cloudy-day,"DNMM,remote,65201099999"
Lagos,2017-02-05,34,25.9,29.2,43.5,25.9,34.4,25.6,81.8,0.2,100,8.33,rain,0,0,27.4,16.6,210.1,1010.7,47,8.2,208,18,8,,2017-02-05T07:04:20,2017-02-05T18:56:39,0.3,"Rain, Partially cloudy",Partly cloudy throughout the day with morning rain.,rain,"65210099999,DNMM,remote,65201099999"
Lagos,2017-02-06,36,26.8,30,43.3,30.5,36.2,25.5,78.6,0,0,0,,0,0,29.9,16.6,223.2,1010.5,53.1,7.8,209,18,8,,2017-02-06T07:04:15,2017-02-06T18:56:52,0.34,Partially cloudy,Partly cloudy throughout the day.,partly-cloudy-day,"65210099999,DNMM,remote,65201099999"
Lagos,2017-02-07,36,26.8,30,42,30.7,36.1,25.4,78,0,0,0,,0,0,31,13.2,209.8,1009.9,46.7,7.3,214.4,18.4,8,,2017-02-07T07:04:10,2017-02-07T18:57:04,0.37,Partially cloudy,Partly cloudy throughout the day.,partly-cloudy-day,"65210099999,65213099999,DNMM,65201099999"
Lagos,2017-02-08,33.1,26.8,29.2,39.2,30.6,35.1,25.5,81.1,1,100,4.17,rain,0,0,32,11.2,194.2,1009.7,51.2,7.6,226.7,19.6,8,,2017-02-08T07:04:03,2017-02-08T18:57:16,0.41,"Rain, Partially cloudy",Partly cloudy throughout the day with late afternoon rain.,rain,"65210099999,DNMM,65201099999"
Lagos,2017-02-09,32,26,28.6,39.2,26,33.7,25.4,83.3,8,100,4.17,rain,0,0,30.6,11.2,208.6,1010,49.6,7.6,220.4,18.9,8,,2017-02-09T07:03:56,2017-02-09T18:57:26,0.44,"Rain, Partially cloudy",Partly cloudy throughout the day with late afternoon rain.,rain,"65210099999,DNMM,remote,65201099999"
Lagos,2017-02-10,34,26,29.1,42,26,34,25.2,80.8,0,0,0,,0,0,35.3,13,230.4,1009.2,41.4,6.7,195.9,16.7,8,,2017-02-10T07:03:48,2017-02-10T18:57:36,0.48,Partially cloudy,Partly cloudy throughout the day.,partly-cloudy-day,"65210099999,65213099999,DNMM,65201099999"
Lagos,2017-02-11,34,26,29.3,42,26,34.8,25.4,80.4,0,0,0,,0,0,34.6,18.4,197.8,1009.6,50.6,7.4,203.1,17.7,7,,2017-02-11T07:03:39,2017-02-11T18:57:46,0.5,Partially cloudy,Partly cloudy throughout the day.,partly-cloudy-day,"DNMM,65201099999"
Lagos,2017-02-12,32.8,26.9,29,40.7,30.9,35.1,25.9,84.1,3,100,4.17,rain,0,0,29.5,18.2,176.4,1008.9,47.9,7.5,216.7,18.8,7,,2017-02-12T07:03:29,2017-02-12T18:57:54,0.55,"Rain, Partially cloudy",Partly cloudy throughout the day with afternoon rain.,rain,"65210099999,65213099999,DNMM,65201099999"
Lagos,2017-02-13,36,26.9,29.4,42,30.6,34.9,25.2,79.9,4,100,4.17,rain,0,0,33.5,14.8,249.2,1009.5,46.7,7.7,217.6,18.8,8,,2017-02-13T07:03:18,2017-02-13T18:58:02,0.58,"Rain, Partially cloudy",Partly cloudy throughout the day with afternoon rain.,rain,"65210099999,DNMM,65201099999"
Lagos,2017-02-14,35,26,29.4,40.8,26,34.3,24.9,78.8,0,0,0,,0,0,31,14.8,250.2,1010,44.6,6.6,222.3,19.2,8,,2017-02-14T07:03:07,2017-02-14T18:58:10,0.61,Partially cloudy,Partly cloudy throughout the day.,partly-cloudy-day,"65210099999,65213099999,DNMM,65201099999"
Lagos,2017-02-15,35,26,29.4,41.9,26,34.9,25.5,81.3,0.1,100,4.17,rain,0,0,30.6,12.6,194.4,1011.4,49.6,5.5,231.8,20,8,,2017-02-15T07:02:54,2017-02-15T18:58:16,0.64,"Rain, Partially cloudy",Partly cloudy throughout the day with morning rain.,rain,"65210099999,DNMM,remote,65201099999"
Lagos,2017-02-16,34,26,29.3,40.6,26,34.3,25.1,79.3,0,0,0,,0,0,25.9,18.4,208.4,1012,49.9,5.4,207.2,17.9,7,,2017-02-16T07:02:41,2017-02-16T18:58:22,0.67,Partially cloudy,Partly cloudy throughout the day.,partly-cloudy-day,"65210099999,65213099999,DNMM,remote,65201099999"
Lagos,2017-02-17,34,25,28.6,34.6,25,30.4,21.2,68.1,0,0,0,,0,0,30.6,18.4,70.8,1011.8,42.9,3.3,266.9,23,9,,2017-02-17T07:02:27,2017-02-17T18:58:28,0.71,Partially cloudy,Partly cloudy throughout the day.,partly-cloudy-day,"65210099999,DNMM,remote,65201099999"
Lagos,2017-02-18,34,24.4,28,35.1,24.4,29,20.2,66.5,0,0,0,,0,0,28.1,24.1,123,1011.3,47.1,2,276,23.7,10,,2017-02-18T07:02:12,2017-02-18T18:58:32,0.75,Partially cloudy,Becoming cloudy in the afternoon.,partly-cloudy-day,"DNMM,remote,65201099999"
Lagos,2017-02-19,31.5,22,27.3,33.9,22,28.4,20.6,69,0,0,0,,0,0,33.1,16.2,198.8,1012,28.3,2,281.3,24.3,10,,2017-02-19T07:01:57,2017-02-19T18:58:36,0.77,Partially cloudy,Clearing in the afternoon.,partly-cloudy-day,"DNMM,remote,65201099999"
Lagos,2017-02-20,30.7,25.7,28.1,34.5,25.7,31.1,23.8,78.2,0.2,100,4.17,rain,0,0,31.3,16.6,195.3,1011.1,68.2,1,246.5,21.1,9,,2017-02-20T07:01:41,2017-02-20T18:58:40,0.8,"Rain, Partially cloudy",Partly cloudy throughout the day with afternoon rain.,rain,"remote,65201099999"
Lagos,2017-02-21,33.9,26.4,28.7,39.8,26.4,32.9,24.7,80,0,0,0,,0,0,31.7,16.9,211.8,1009.9,67.2,3,246.9,21.3,9,,2017-02-21T07:01:24,2017-02-21T18:58:43,0.83,Partially cloudy,Partly cloudy throughout the day.,partly-cloudy-day,"DNMM,remote,65201099999"
Lagos,2017-02-22,30.5,26.7,28.4,35.6,26.7,32.5,25.1,83.2,0.5,100,12.5,rain,0,0,33.5,17.6,219,1009.7,77.2,8,241.8,20.9,9,,2017-02-22T07:01:06,2017-02-22T18:58:45,0.87,"Rain, Partially cloudy",Partly cloudy throughout the day with rain in the morning and afternoon.,rain,"remote,65201099999"
Lagos,2017-02-23,30.6,26.6,28.4,37,26.6,33.3,25.5,84.6,1.3,100,33.33,rain,0,0,35.3,18.7,224.8,1009.5,82.1,,234.5,20.3,9,,2017-02-23T07:00:48,2017-02-23T18:58:47,0.9,"Rain, Partially cloudy",Partly cloudy throughout the day with rain in the morning and afternoon.,rain,remote
Lagos,2017-02-24,30.8,26.8,28.5,38.6,30.1,34.3,25.9,85.8,2.4,100,45.83,rain,0,0,38.2,19.4,224.7,1009,47.1,,232.3,20.2,9,,2017-02-24T07:00:29,2017-02-24T18:58:48,0.93,"Rain, Partially cloudy",Partly cloudy throughout the day with a chance of rain throughout the day.,rain,remote
Lagos,2017-02-25,30.6,26.7,28.7,38.3,26.7,34.5,26,85.9,1.4,100,50,rain,0,0,32.4,16.9,212.6,1009.5,85.3,,216.4,18.8,7,,2017-02-25T07:00:09,2017-02-25T18:58:49,0.96,"Rain, Partially cloudy",Partly cloudy throughout the day with a chance of rain throughout the day.,rain,remote
Lagos,2017-02-26,29.3,26.6,27.8,35.6,26.6,32.1,25.3,86.3,2.9,100,54.17,rain,0,0,29.9,18,211.8,1009.3,97.2,,165.6,14.4,6,,2017-02-26T06:59:49,2017-02-26T18:58:49,0,"Rain, Overcast",Cloudy skies throughout the day with a chance of rain throughout the day.,rain,remote
Lagos,2017-02-27,30.2,26.4,28,36.4,26.4,31.9,24.9,83.5,4.1,100,45.83,rain,0,0,32,16.2,228.3,1008.3,95.6,,208.3,18.2,8,,2017-02-27T06:59:28,2017-02-27T18:58:48,0.03,"Rain, Overcast",Cloudy skies throughout the day with a chance of rain throughout the day.,rain,remote
Lagos,2017-02-28,31.3,27,28.6,39.3,30.6,34.1,25.7,84.5,1.4,100,25,rain,0,0,34.6,20.2,224.7,1008.1,69.1,,234,20.1,8,,2017-02-28T06:59:07,2017-02-28T18:58:48,0.07,"Rain, Partially cloudy",Becoming cloudy in the afternoon with rain in the morning and afternoon.,rain,remote
Lagos,2017-03-01,30.8,26.2,28,38.5,26.2,32.7,25.4,85.8,3.7,100,50,rain,0,0,36,20.2,209.5,1009.3,87.1,,224.1,19.3,7,,2017-03-01T06:58:45,2017-03-01T18:58:46,0.1,"Rain, Partially cloudy",Partly cloudy throughout the day with a chance of rain throughout the day.,rain,remote
Lagos,2017-03-02,30.7,26.2,28.2,37.8,26.2,32.5,25.3,84.5,0.7,100,25,rain,0,0,29.9,18,217.7,1009.9,41.7,6.5,240,20.7,8,,2017-03-02T06:58:22,2017-03-02T18:58:44,0.14,"Rain, Partially cloudy",Clearing in the afternoon with rain in the morning and afternoon.,rain,"remote,65201099999"
Lagos,2017-03-03,30.8,27,28.2,39.2,30.7,33.6,25.7,86.4,2,100,41.67,rain,0,0,35.6,20.9,218.3,1008.7,49.2,,226.9,19.7,8,,2017-03-03T06:57:59,2017-03-03T18:58:42,0.17,"Rain, Partially cloudy",Partly cloudy throughout the day with rain in the morning and afternoon.,rain,remote
Lagos,2017-03-04,30.4,26.7,28.2,37.7,26.7,33.1,25.6,86,1.1,100,37.5,rain,0,0,33.8,18.4,214.8,1007.3,80.5,,208,18,8,,2017-03-04T06:57:36,2017-03-04T18:58:40,0.21,"Rain, Partially cloudy",Partly cloudy throughout the day with rain in the morning and afternoon.,rain,remote
Lagos,2017-03-05,31.3,26.6,28.3,38.7,26.6,33,25.4,84.6,1.6,100,45.83,rain,0,0,38.9,19.1,217.2,1007.7,25.5,,239.7,20.7,8,,2017-03-05T06:57:12,2017-03-05T18:58:36,0.25,"Rain, Partially cloudy",Partly cloudy throughout the day with rain.,rain,remote
Lagos,2017-03-06,30.2,26.7,27.9,37.5,26.7,32.4,25.3,86.2,5.6,100,62.5,rain,0,0,30.6,18,224.1,1009,75.7,,201.5,17.3,8,,2017-03-06T06:56:47,2017-03-06T18:58:33,0.28,"Rain, Partially cloudy",Partly cloudy throughout the day with a chance of rain throughout the day.,rain,remote
Lagos,2017-03-07,31.1,26.3,28.3,37.5,26.3,32.7,25.2,83.6,1.4,100,37.5,rain,0,0,34.6,22,232.9,1008.4,69.7,,227.7,19.6,8,,2017-03-07T06:56:22,2017-03-07T18:58:29,0.32,"Rain, Partially cloudy",Partly cloudy throughout the day with rain in the morning and afternoon.,rain,remote
Lagos,2017-03-08,30.6,26.4,28.5,37.3,26.4,33.6,25.7,85.1,1.3,100,37.5,rain,0,0,36,18.4,224.6,1008.1,64,,237.8,20.6,8,,2017-03-08T06:55:57,2017-03-08T18:58:25,0.35,"Rain, Partially cloudy",Partly cloudy throughout the day with rain in the morning and afternoon.,rain,remote
Lagos,2017-03-09,30.6,26.8,28,37.9,30.2,33,25.5,86.6,6.6,100,54.17,rain,0,0,32.4,18.4,222,1008.3,70.5,,217.9,18.8,8,,2017-03-09T06:55:31,2017-03-09T18:58:20,0.39,"Rain, Partially cloudy",Partly cloudy throughout the day with rain.,rain,remote
Lagos,2017-03-10,30.1,26.8,28.4,36.8,30,33.3,25.2,83.2,1.8,100,37.5,rain,0,0,29.5,15.8,203.2,1008.3,64,,213.7,18.3,8,,2017-03-10T06:55:05,2017-03-10T18:58:16,0.42,"Rain, Partially cloudy",Partly cloudy throughout the day with a chance of rain throughout the day.,rain,remote
Lagos,2017-03-11,29.9,26.9,28.1,35.9,30.2,32.8,25.1,84,5.6,100,37.5,rain,0,0,28.1,17.3,220.1,1007.5,55.8,,210.8,18.3,7,,2017-03-11T06:54:39,2017-03-11T18:58:10,0.46,"Rain, Partially cloudy",Partly cloudy throughout the day with rain.,rain,remote
Lagos,2017-03-12,30,26.3,27.9,35.9,26.3,32.1,25,84.3,6,100,45.83,rain,0,0,26.3,15.1,211.6,1008.4,95.9,,220.4,18.9,7,,2017-03-12T06:54:12,2017-03-12T18:58:05,0.5,"Rain, Overcast",Cloudy skies throughout the day with a chance of rain throughout the day.,rain,remote
Lagos,2017-03-13,30.3,26.2,28.2,36.5,26.2,32.2,25.1,83.6,2,100,41.67,rain,0,0,27.4,15.8,204.9,1008.8,67.4,,227.4,19.7,8,,2017-03-13T06:53:45,2017-03-13T18:57:59,0.53,"Rain, Partially cloudy",Partly cloudy throughout the day with rain in the morning and afternoon.,rain,remote
Lagos,2017-03-14,30.4,26.5,28.2,37.7,26.5,32.6,25.4,85,5.9,100,66.67,rain,0,0,27.4,14.8,202.8,1010.5,79,,219.4,18.9,8,,2017-03-14T06:53:18,2017-03-14T18:57:53,0.56,"Rain, Partially cloudy",Partly cloudy throughout the day with a chance of rain throughout the day.,rain,remote
Lagos,2017-03-15,30,27,28.3,36.9,30.6,33.5,25.6,85.6,4.2,100,20.83,rain,0,0,22,14.4,205.1,1010,94.3,,192.5,16.6,6,,2017-03-15T06:52:50,2017-03-15T18:57:47,0.59,"Rain, Overcast",Cloudy skies throughout the day with rain in the morning and afternoon.,rain,remote
Lagos,2017-03-16,31.5,27.2,29.1,38.2,31.2,35.2,25.8,83.1,0.4,100,16.67,rain,0,0,32.4,19.8,232.9,1007.9,52.1,,270.6,23.4,9,,2017-03-16T06:52:23,2017-03-16T18:57:41,0.62,"Rain, Partially cloudy",Partly cloudy throughout the day with morning rain.,rain,remote
Lagos,2017-03-17,31.3,27.3,28.8,38,31.6,34.4,25.7,83.7,1.6,100,54.17,rain,0,0,32.8,16.9,221.1,1008,81.3,,254.1,21.9,9,,2017-03-17T06:51:55,2017-03-17T18:57:34,0.66,"Rain, Partially cloudy",Partly cloudy throughout the day with a chance of rain throughout the day.,rain,remote
Lagos,2017-03-18,32,27,28.8,39.2,30.5,34.4,25.5,82.4,0.9,100,29.17,rain,0,0,33.8,18.4,216.3,1008.7,67.4,10,241.3,20.9,9,,2017-03-18T06:51:26,2017-03-18T18:57:27,0.69,"Rain, Partially cloudy",Partly cloudy throughout the day with rain in the morning and afternoon.,rain,"DNMM,remote,65201099999"
Lagos,2017-03-19,30.6,27.2,28.1,38.6,31.1,33.2,25.5,86.1,6.2,100,50,rain,0,0,33.1,19.1,216.8,1009.1,72.4,,201.1,17.4,7,,2017-03-19T06:50:58,2017-03-19T18:57:21,0.72,"Rain, Partially cloudy",Partly cloudy throughout the day with rain.,rain,remote
Lagos,2017-03-20,30.2,27.1,28.4,37.1,30.7,33.7,25.5,84.2,4.5,100,58.33,rain,0,0,40,20.5,232.3,1010.3,70.4,,207.7,17.8,7,,2017-03-20T06:50:30,2017-03-20T18:57:14,0.75,"Rain, Partially cloudy",Partly cloudy throughout the day with a chance of rain throughout the day.,rain,remote
Lagos,2017-03-21,30.7,26.9,28.1,36.9,30.4,32.9,25.4,85.4,2.5,100,37.5,rain,0,0,46.4,23,235.7,1009.5,98.9,,198.6,17.2,7,,2017-03-21T06:50:01,2017-03-21T18:57:06,0.79,"Rain, Overcast",Cloudy skies throughout the day with rain.,rain,remote
Lagos,2017-03-22,30,26.6,27.9,36.7,26.6,32.4,25.2,85.4,7.6,100,66.67,rain,0,0,40.3,22.7,220.8,1010.3,95.5,,203.1,17.4,7,,2017-03-22T06:49:32,2017-03-22T18:56:59,0.82,"Rain, Overcast",Cloudy skies throughout the day with a chance of rain throughout the day.,rain,remote
Lagos,2017-03-23,30,26.5,27.7,36.8,26.5,31.7,24.8,84.1,8.2,100,33.33,rain,0,0,36.7,18,213.2,1011,83.7,,195.1,16.8,8,,2017-03-23T06:49:04,2017-03-23T18:56:52,0.85,"Rain, Partially cloudy",Partly cloudy throughout the day with a chance of rain throughout the day.,rain,remote
Lagos,2017-03-24,29.7,25.7,27.8,35.3,25.7,31,24.5,82.9,1.7,100,33.33,rain,0,0,32.8,16.9,228.7,1011,82.8,,235.1,20.3,8,,2017-03-24T06:48:35,2017-03-24T18:56:45,0.88,"Rain, Partially cloudy",Partly cloudy throughout the day with a chance of rain throughout the day.,rain,remote
Lagos,2017-03-25,30.4,26.4,28.3,36.7,26.4,32.5,25,82.9,0.6,100,16.67,rain,0,0,32.8,16.9,212,1010.3,79.2,,216.5,18.5,8,,2017-03-25T06:48:06,2017-03-25T18:56:37,0.91,"Rain, Partially cloudy",Partly cloudy throughout the day with afternoon rain.,rain,remote
Lagos,2017-03-26,30.2,27.3,28.3,36.3,31.2,33,25,82.4,0,0,0,,0,0,34.2,16.9,218.3,1010.2,59.5,,246.3,21.2,8,,2017-03-26T06:47:37,2017-03-26T18:56:30,0.95,Partially cloudy,Partly cloudy throughout the day.,partly-cloudy-day,remote
Lagos,2017-03-27,30.4,27,28.1,37.3,30.5,33.1,25.5,85.6,2.5,100,20.83,rain,0,0,33.8,16.6,212.5,1009.8,82.9,,198.9,17.1,9,,2017-03-27T06:47:08,2017-03-27T18:56:22,0.98,"Rain, Partially cloudy",Partly cloudy throughout the day with rain in the morning and afternoon.,rain,remote
Lagos,2017-03-28,30.6,27.3,28.6,37.8,31.6,34.4,25.9,85.4,0.9,100,29.17,rain,0,0,31.3,14.8,210,1009.3,82.8,,234.2,20.3,8,,2017-03-28T06:46:40,2017-03-28T18:56:15,0,"Rain, Partially cloudy",Partly cloudy throughout the day with rain in the morning and afternoon.,rain,remote
Lagos,2017-03-29,30.9,27,28.6,38.5,30.8,34.4,25.9,85.9,0,0,0,,0,0,28.1,15.8,212.5,1008.4,81.9,,193.7,16.6,7,,2017-03-29T06:46:11,2017-03-29T18:56:08,0.05,Partially cloudy,Partly cloudy throughout the day.,partly-cloudy-day,remote
Lagos,2017-03-30,30.4,27.3,28.6,38.2,31.4,34.5,26,86.3,4.3,100,50,rain,0,0,33.5,19.1,209,1009.4,81.3,,203.7,17.7,8,,2017-03-30T06:45:42,2017-03-30T18:56:00,0.08,"Rain, Partially cloudy",Partly cloudy throughout the day with rain in the morning and afternoon.,rain,remote
Lagos,2017-03-31,30.6,27,28.1,38.2,30.6,33.2,25.6,86.5,2.5,100,54.17,rain,0,0,36.7,22.3,207.9,1010.4,84.3,,217.6,18.6,8,,2017-03-31T06:45:14,2017-03-31T18:55:53,0.12,"Rain, Partially cloudy",Partly cloudy throughout the day with a chance of rain throughout the day.,rain,remote
Lagos,2017-04-01,30.4,26.5,28.2,37.2,26.5,32.3,25.1,83.7,0.7,100,25,rain,0,0,35.6,19.1,205.8,1009.7,88.8,,215.7,18.6,7,,2017-04-01T06:44:45,2017-04-01T18:55:46,0.15,"Rain, Partially cloudy",Partly cloudy throughout the day with rain in the morning and afternoon.,rain,remote
Lagos,2017-04-02,30.9,27.2,28.8,37.7,31.1,34,25.2,81.5,0.6,100,20.83,rain,0,0,28.1,14.8,211.3,1009.2,80.5,,245.7,21.1,8,,2017-04-02T06:44:17,2017-04-02T18:55:39,0.19,"Rain, Partially cloudy",Partly cloudy throughout the day with rain in the morning and afternoon.,rain,remote
Lagos,2017-04-03,35,27.1,29.6,42,30.8,34.9,25,77.9,0.1,100,4.17,rain,0,0,29.2,14.8,222.7,1009.9,66.4,9.8,205.8,17.8,8,,2017-04-03T06:43:49,2017-04-03T18:55:32,0.25,"Rain, Partially cloudy",Partly cloudy throughout the day with morning rain.,rain,"DNMM,remote,65201099999"
Lagos,2017-04-04,34.1,26.9,29.2,40.8,30.2,34.6,25.1,79.6,1.4,100,16.67,rain,0,0,30.6,16.6,228.1,1010,64.9,9.5,232.2,20.1,8,,2017-04-04T06:43:21,2017-04-04T18:55:25,0.26,"Rain, Partially cloudy",Partly cloudy throughout the day with rain in the morning and afternoon.,rain,"65210099999,DNMM,remote,65201099999"
Lagos,2017-04-05,30.5,27.2,28.4,37.5,31.3,33.8,25.6,85.4,6.1,100,41.67,rain,0,0,32.4,17.6,223.1,1009.8,64.8,,219.8,18.9,7,,2017-04-05T06:42:53,2017-04-05T18:55:19,0.29,"Rain, Partially cloudy",Partly cloudy throughout the day with rain in the morning and afternoon.,rain,remote
Lagos,2017-04-06,32,26,28.1,39.2,26,32.6,25.4,85.5,2.3,100,37.5,rain,0,0,31.3,18.4,218,1009.8,65.3,9,194.3,16.8,7,,2017-04-06T06:42:25,2017-04-06T18:55:12,0.33,"Rain, Partially cloudy",Partly cloudy throughout the day with rain in the morning and afternoon.,rain,"DNMM,remote,65201099999"
Lagos,2017-04-07,31,25,27.9,36.7,25,31.9,24.9,84.1,0,0,0,,0,0,34.6,18.7,238.3,1008.8,69.1,8.5,210.7,18,8,,2017-04-07T06:41:58,2017-04-07T18:55:06,0.37,Partially cloudy,Partly cloudy throughout the day.,partly-cloudy-day,"DNMM,remote,65201099999"
Lagos,2017-04-08,32.7,25,28,42.1,25,32.1,25.7,88.1,20,100,4.17,rain,0,0,27.4,14.8,218.4,1008.5,51.5,8.8,217.9,18.9,9,,2017-04-08T06:41:31,2017-04-08T18:55:00,0.4,"Rain, Partially cloudy",Partly cloudy throughout the day with late afternoon rain.,rain,"DNMM,remote,65201099999"
Lagos,2017-04-09,29,25,27,35.7,25,29.9,24.7,87.5,0,0,0,,0,0,33.8,27.7,177,1009.8,59.9,8.1,137.5,11.8,6,,2017-04-09T06:41:04,2017-04-09T18:54:54,0.44,Partially cloudy,Partly cloudy throughout the day.,partly-cloudy-day,"65213099999,DNMM,remote,65201099999"
Lagos,2017-04-10,33,22,27.9,40.6,22,31.5,24.6,83,0.2,100,8.33,rain,0,0,31,16.6,202.3,1009.4,59,7.6,215.6,18.7,8,,2017-04-10T06:40:38,2017-04-10T18:54:48,0.47,"Rain, Partially cloudy",Partly cloudy throughout the day with rain in the morning and afternoon.,rain,"DNMM,remote,65201099999"
Lagos,2017-04-11,30.2,26.6,28.5,39.2,26.6,34.2,25.9,86.1,5.5,100,33.33,rain,0,0,38.2,17.6,226.9,1008.6,71.3,8.9,213.7,18.7,8,,2017-04-11T06:40:12,2017-04-11T18:54:43,0.5,"Rain, Partially cloudy",Partly cloudy throughout the day with a chance of rain throughout the day.,rain,"DNMM,remote,65201099999"
Lagos,2017-04-12,34,27.7,29.8,43.5,33,36.7,25.9,80.2,0,0,0,,0,0,36.4,18.4,206.2,1009.2,68.3,10,216.5,18.6,7,,2017-04-12T06:39:46,2017-04-12T18:54:38,0.54,Partially cloudy,Partly cloudy throughout the day.,partly-cloudy-day,"65210099999,65213099999,DNMM,remote,65201099999"
Lagos,2017-04-13,33,26,28.4,43.8,26,33.9,25.9,86.7,7,100,20.83,rain,0,0,34.2,19.8,215.8,1009.2,80.7,9.3,125.8,10.8,5,,2017-04-13T06:39:20,2017-04-13T18:54:33,0.57,"Rain, Partially cloudy",Partly cloudy throughout the day with rain.,rain,"DNMM,remote,65201099999"
Lagos,2017-04-14,32,26.6,28.5,40.6,26.6,33.3,25.1,82.5,5,100,4.17,rain,0,0,31.7,18.4,191.1,1010.3,70.2,10,150,12.7,6,,2017-04-14T06:38:55,2017-04-14T18:54:28,0.6,"Rain, Partially cloudy",Partly cloudy throughout the day with afternoon rain.,rain,"65210099999,DNMM,remote,65201099999"
Lagos,2017-04-15,32,25,27.9,39.2,25,31.6,25,85,9.4,100,25,rain,0,0,25.6,19.1,180.2,1010.4,68.9,9.1,189.3,16.2,8,,2017-04-15T06:38:30,2017-04-15T18:54:24,0.64,"Rain, Partially cloudy",Partly cloudy throughout the day with rain.,rain,"65210099999,DNMM,remote,65201099999"
Lagos,2017-04-16,34,25.4,28.3,40.6,25.4,31.8,24.4,80.5,2.9,100,25,rain,0,0,23.4,18.4,119.2,1010.4,80.7,9.4,128.6,11.1,5,,2017-04-16T06:38:06,2017-04-16T18:54:20,0.67,"Rain, Partially cloudy",Partly cloudy throughout the day with early morning rain.,rain,"DNMM,remote,65201099999"
Lagos,2017-04-17,34,27.3,29.6,43.5,31.2,36,25.7,79.8,0.1,100,4.17,rain,0,0,27,16.6,200.1,1009.9,49.6,10,240.4,20.8,8,,2017-04-17T06:37:42,2017-04-17T18:54:16,0.7,"Rain, Partially cloudy",Becoming cloudy in the afternoon with morning rain.,rain,"DNMM,remote,65201099999"
Lagos,2017-04-18,33.1,27,29.7,43.8,31.2,36.3,25.7,79.9,0.1,100,4.17,rain,0,0,28.1,18.4,195.2,1010.2,60,10,238.5,20.4,9,,2017-04-18T06:37:19,2017-04-18T18:54:13,0.74,"Rain, Partially cloudy",Partly cloudy throughout the day with late afternoon rain.,rain,"65210099999,DNMM,remote,65201099999"
Lagos,2017-04-19,34,26,29.7,44,26,36.1,25.9,80.8,0,0,0,,0,0,27.4,14.8,202.4,1009.2,59.7,9.7,247.3,21.4,9,,2017-04-19T06:36:56,2017-04-19T18:54:10,0.75,Partially cloudy,Partly cloudy throughout the day.,partly-cloudy-day,"65210099999,65213099999,DNMM,remote,65201099999"
Lagos,2017-04-20,30,24,25.7,38.8,24,27.4,24.1,91.5,9,100,8.33,rain,0,0,42.5,22.3,192.1,1009.7,55,7.1,160.4,13.8,5,,2017-04-20T06:36:33,2017-04-20T18:54:08,0.8,"Rain, Partially cloudy",Partly cloudy throughout the day with rain.,rain,"65210099999,DNMM,remote,65201099999"
Lagos,2017-04-21,33,23.1,27.8,40.6,23.1,31.6,24.5,83.6,23,100,8.33,rain,0,0,31.3,20.5,177.8,1010.4,58.6,7.5,200.7,17.3,8,,2017-04-21T06:36:11,2017-04-21T18:54:05,0.83,"Rain, Partially cloudy",Partly cloudy throughout the day with rain clearing later.,rain,"65210099999,DNMM,remote,65201099999"
Lagos,2017-04-22,29.8,26.8,28.3,35.3,29.9,33.1,25.1,83.1,0.4,100,12.5,rain,0,0,28.4,15.8,234.9,1010,90.5,,244.8,21.1,9,,2017-04-22T06:35:50,2017-04-22T18:54:03,0.87,"Rain, Overcast",Cloudy skies throughout the day with morning rain.,rain,remote
Lagos,2017-04-23,29.9,27,28.3,36,30.3,33.1,25.1,83.1,0.1,100,4.17,rain,0,0,29.5,16.6,226,1010.6,73.1,,205.7,17.9,7,,2017-04-23T06:35:29,2017-04-23T18:54:02,0.9,"Rain, Partially cloudy",Partly cloudy throughout the day with afternoon rain.,rain,remote
Lagos,2017-04-24,30.6,27,28.3,37.1,30.3,33.3,25.1,83.1,0.2,100,4.17,rain,0,0,29.9,16.2,221.6,1010.9,87.8,10,197.8,17,6,,2017-04-24T06:35:08,2017-04-24T18:54:01,0.93,"Rain, Partially cloudy",Partly cloudy throughout the day with late afternoon rain.,rain,"DNMM,remote,65201099999"
Lagos,2017-04-25,32,27,28.9,39.2,31.2,34.4,25.3,81.6,0.5,100,8.33,rain,0,0,26.6,25.9,183.9,1011.2,66.2,10,165.5,14.2,6,,2017-04-25T06:34:48,2017-04-25T18:54:00,0.97,"Rain, Partially cloudy",Partly cloudy throughout the day with rain clearing later.,rain,"65210099999,DNMM,remote,65201099999"
Lagos,2017-04-26,33,25,28.6,40.6,25,32.6,24.7,80.5,0,0,0,,0,0,27.7,22.3,169.6,1011.5,52.1,8.8,248.6,21.4,9,,2017-04-26T06:34:29,2017-04-26T18:54:00,0,Partially cloudy,Partly cloudy throughout the day.,partly-cloudy-day,"DNMM,remote,65201099999"
Lagos,2017-04-27,34,25.6,29.6,40.1,25.6,34,24.5,75.8,0,0,0,,0,0,27.7,18.4,178,1012.2,52.2,9.7,264,23,9,,2017-04-27T06:34:10,2017-04-27T18:54:00,0.03,Partially cloudy,Partly cloudy throughout the day.,partly-cloudy-day,"DNMM,remote,65201099999"
Lagos,2017-04-28,33,26,29.2,42.1,26,34.5,25.3,80.4,0,0,0,,0,0,28.4,16.6,191.8,1012.5,56.8,9.7,250.2,21.6,8,,2017-04-28T06:33:52,2017-04-28T18:54:01,0.07,Partially cloudy,Partly cloudy throughout the day.,partly-cloudy-day,"65210099999,DNMM,remote,65201099999"
Lagos,2017-04-29,34,27,29.4,42,30.6,35.1,25.2,79.1,0,0,0,,0,0,31,22.3,172.8,1012.1,54.2,10,210.1,18,7,,2017-04-29T06:33:34,2017-04-29T18:54:01,0.1,Partially cloudy,Partly cloudy throughout the day.,partly-cloudy-day,"DNMM,remote,65201099999"
Lagos,2017-04-30,35,26,29.9,43.5,26,36,25.5,78.3,0,0,0,,0,0,31,24.1,194.3,1012,54.5,9.7,244.2,21.1,9,,2017-04-30T06:33:17,2017-04-30T18:54:03,0.14,Partially cloudy,Partly cloudy throughout the day.,partly-cloudy-day,"DNMM,remote,65201099999"
Lagos,2017-05-01,29,23,26.2,35.6,23,28.3,24.5,90.2,14,100,4.17,rain,0,0,31.3,13,297.6,1011.6,46.5,8.3,224.2,19.3,7,,2017-05-01T06:33:01,2017-05-01T18:54:05,0.17,"Rain, Partially cloudy",Partly cloudy throughout the day with afternoon rain.,rain,"DNMM,65201099999"
Lagos,2017-05-02,32.1,24.9,27.6,39.2,24.9,31.2,24.9,85.8,0,0,0,,0,0,30.2,11.9,196.3,1010.8,48.9,8.7,220.1,18.8,8,,2017-05-02T06:32:45,2017-05-02T18:54:07,0.21,Partially cloudy,Partly cloudy throughout the day.,partly-cloudy-day,"65210099999,DNMM,remote,65201099999"
Lagos,2017-05-03,34,25,28.7,42,25,33.1,25.2,82.3,0.2,100,8.33,rain,0,0,36.7,19.1,200.8,1010.1,66.4,9.4,212.5,18.2,8,,2017-05-03T06:32:30,2017-05-03T18:54:10,0.25,"Rain, Partially cloudy",Partly cloudy throughout the day with late afternoon rain.,rain,"65213099999,DNMM,remote,65201099999"
Lagos,2017-05-04,32,24,28.1,39.2,24,31.8,24.3,80.8,1.6,100,12.5,rain,0,0,28.4,16.7,162.8,1011,59.2,9.5,180.3,15.5,6,,2017-05-04T06:32:16,2017-05-04T18:54:13,0.28,"Rain, Partially cloudy",Partly cloudy throughout the day with rain clearing later.,rain,"65210099999,65213099999,DNMM,remote,65201099999"
Lagos,2017-05-05,32.2,21.6,27.1,37.9,21.6,29.9,23.5,81.9,57,100,8.33,rain,0,0,26.3,48.2,336.9,1011.6,55.8,8.3,201.2,17.4,6,,2017-05-05T06:32:02,2017-05-05T18:54:17,0.31,"Rain, Partially cloudy",Partly cloudy throughout the day with rain clearing later.,rain,"65210099999,DNMM,remote,65201099999"
Lagos,2017-05-06,33,25,28.7,42.1,25,33.5,25.3,82.5,0,0,0,,0,0,29.2,16.6,190.7,1011.7,64,8.1,227.2,19.6,8,,2017-05-06T06:31:49,2017-05-06T18:54:21,0.35,Partially cloudy,Partly cloudy throughout the day.,partly-cloudy-day,"65210099999,DNMM,remote,65201099999"
Lagos,2017-05-07,32,22,27,36.8,22,30.3,24,84.5,16,100,4.17,rain,0,0,26.3,18.4,175.1,1010.9,50.4,9.3,180,15.6,6,,2017-05-07T06:31:36,2017-05-07T18:54:25,0.38,"Rain, Partially cloudy",Partly cloudy throughout the day with morning rain.,rain,"DNMM,remote,65201099999"
Lagos,2017-05-08,33,25,28.6,40.8,25,33.1,25.2,82.7,0,0,0,,0,0,29.5,14.8,191.5,1010.8,62.9,9.1,232.2,20.1,8,,2017-05-08T06:31:24,2017-05-08T18:54:30,0.42,Partially cloudy,Partly cloudy throughout the day.,partly-cloudy-day,"65210099999,DNMM,65201099999"
Lagos,2017-05-09,32,26,28.5,39.2,26,32.5,24.7,80.5,0,0,0,,0,0,29.5,24.1,175.5,1010.7,42.8,9.5,186.4,16.2,8,,2017-05-09T06:31:13,2017-05-09T18:54:36,0.45,Partially cloudy,Partly cloudy throughout the day.,partly-cloudy-day,"65210099999,DNMM,remote,65201099999"
Lagos,2017-05-10,33.8,25,29.1,40,25,33.2,24.5,77.9,0.2,100,8.33,rain,0,0,26.6,18.4,176.3,1010.7,51.9,9.4,232.2,20,8,,2017-05-10T06:31:03,2017-05-10T18:54:41,0.5,"Rain, Partially cloudy",Partly cloudy throughout the day with rain clearing later.,rain,"65210099999,65213099999,DNMM,remote,65201099999"
Lagos,2017-05-11,29.9,24,25.7,38.4,24,27.1,24.4,92.5,54,100,4.17,rain,0,0,25.9,18.4,290.6,1012.2,53.6,7.7,176.6,15.1,6,,2017-05-11T06:30:53,2017-05-11T18:54:48,0.52,"Rain, Partially cloudy",Partly cloudy throughout the day with afternoon rain.,rain,"65210099999,DNMM,65201099999"
Lagos,2017-05-12,34,23.9,28.1,43.5,23.9,32.5,24.8,83.5,0,0,0,,0,0,23.4,18.4,269.4,1012.4,49.8,8.7,174.2,14.9,6,,2017-05-12T06:30:44,2017-05-12T18:54:55,0.55,Partially cloudy,Partly cloudy throughout the day.,partly-cloudy-day,"DNMM,remote,65201099999"
Lagos,2017-05-13,34,25,29.1,42,25,34.5,25.3,80.6,0.1,100,4.17,rain,0,0,28.1,18.4,253.4,1012,45.7,8.9,184,15.9,7,,2017-05-13T06:30:36,2017-05-13T18:55:02,0.59,"Rain, Partially cloudy",Partly cloudy throughout the day with afternoon rain.,rain,"65210099999,DNMM,remote,65201099999"
Lagos,2017-05-14,33,26,29.4,42.4,26,35.9,26,82.9,0.5,100,8.33,rain,0,0,35.3,20.5,225.6,1011.4,61.8,9.8,240.3,20.9,9,,2017-05-14T06:30:28,2017-05-14T18:55:09,0.62,"Rain, Partially cloudy",Partly cloudy throughout the day with rain.,rain,"65210099999,65213099999,DNMM,remote,65201099999"
Lagos,2017-05-15,33,26,29.1,43.7,26,35.2,25.9,83.2,0,0,0,,0,0,32.4,22.3,245.2,1012.4,59.1,10,210.2,18.1,7,,2017-05-15T06:30:21,2017-05-15T18:55:17,0.65,Partially cloudy,Partly cloudy throughout the day.,partly-cloudy-day,"DNMM,65201099999"
Lagos,2017-05-16,30,25.2,27,37.4,25.2,29.4,25.1,89.9,2,100,4.17,rain,0,0,31.3,22.3,239.5,1013.5,71.5,8.5,108.5,9.4,5,,2017-05-16T06:30:15,2017-05-16T18:55:26,0.69,"Rain, Partially cloudy",Partly cloudy throughout the day with morning rain.,rain,"65210099999,DNMM,remote,65201099999"
Lagos,2017-05-17,32.9,24,27.8,40.1,24,31.1,24.3,82.2,2,100,4.17,rain,0,0,30.2,14.8,256.8,1012.6,47.6,8.8,209.9,18.2,8,,2017-05-17T06:30:10,2017-05-17T18:55:35,0.72,"Rain, Partially cloudy",Partly cloudy throughout the day with late afternoon rain.,rain,"65213099999,DNMM,65201099999"
Lagos,2017-05-18,33,24.8,28.1,42.1,24.8,32.3,25,84,1,100,4.17,rain,0,0,23,21.8,239.2,1011.7,55,9.3,209,18,7,,2017-05-18T06:30:05,2017-05-18T18:55:44,0.75,"Rain, Partially cloudy",Partly cloudy throughout the day with late afternoon rain.,rain,"65210099999,65213099999,DNMM,remote,65201099999"
Lagos,2017-05-19,33,25.8,28.5,40.8,25.8,32.7,25.1,82.7,0,0,0,,0,0,29.9,20.2,252.7,1012.3,62.8,9.4,223.9,19.2,8,,2017-05-19T06:30:01,2017-05-19T18:55:54,0.75,Partially cloudy,Partly cloudy throughout the day.,partly-cloudy-day,"65210099999,65213099999,DNMM,remote,65201099999"
Lagos,2017-05-20,29.9,22,25.9,38.7,22,27.5,24.3,91.1,47,100,4.17,rain,0,0,30.2,18.4,157.9,1013.3,55.5,7.4,171,14.6,7,,2017-05-20T06:29:57,2017-05-20T18:56:04,0.82,"Rain, Partially cloudy",Partly cloudy throughout the day with afternoon rain.,rain,"65210099999,65213099999,DNMM,remote,65201099999"
Lagos,2017-05-21,32,23,27.4,38.1,23,30.5,24,82.7,0,0,0,,0,0,30.2,11.2,243.3,1012.4,53.2,7.8,219.5,18.9,8,,2017-05-21T06:29:55,2017-05-21T18:56:14,0.85,Partially cloudy,Partly cloudy throughout the day.,partly-cloudy-day,"65210099999,DNMM,remote,65201099999"
Lagos,2017-05-22,34,25,29.2,42,25,34.1,25.1,79.8,0.2,100,4.17,rain,0,0,29.9,20.5,259.6,1011,60.6,9.6,220.3,19.1,9,,2017-05-22T06:29:53,2017-05-22T18:56:25,0.89,"Rain, Partially cloudy",Partly cloudy throughout the day with morning rain.,rain,"65210099999,DNMM,remote,65201099999"
Lagos,2017-05-23,32,26.2,29.2,40.6,26.2,35.6,26,83.2,1,100,4.17,rain,0,0,26.3,20.3,249.1,1011,57.8,9.9,192.6,16.5,7,,2017-05-23T06:29:52,2017-05-23T18:56:36,0.92,"Rain, Partially cloudy",Partly cloudy throughout the day with morning rain.,rain,"65210099999,65213099999,DNMM,65201099999"
Lagos,2017-05-24,33,26.9,29.4,40.6,30.7,35.2,25.4,79.9,0.1,100,4.17,rain,0,0,32.8,25.9,252.7,1012,59.9,9.8,215.5,18.6,8,,2017-05-24T06:29:51,2017-05-24T18:56:48,0.95,"Rain, Partially cloudy",Partly cloudy throughout the day with late afternoon rain.,rain,"65210099999,65213099999,DNMM,remote,65201099999"
Lagos,2017-05-25,28,22.6,26.3,32.7,22.6,28.4,24.1,87.7,10,100,4.17,rain,0,0,46.4,25.9,130.2,1013.1,58.2,9.1,130.8,11.1,5,,2017-05-25T06:29:51,2017-05-25T18:56:59,0,"Rain, Partially cloudy",Partly cloudy throughout the day with afternoon rain.,rain,"65210099999,DNMM,remote,65201099999"
Lagos,2017-05-26,32,25,27,37.9,25,29,24.1,85,5,100,4.17,rain,0,0,22.3,11.2,263.5,1014,51.4,8.4,164.2,14.1,5,,2017-05-26T06:29:52,2017-05-26T18:57:12,0.02,"Rain, Partially cloudy",Partly cloudy throughout the day with afternoon rain.,rain,"65210099999,65213099999,DNMM,remote,65201099999"
Lagos,2017-05-27,32.3,25.8,28.3,41,25.8,32.1,24.9,82.4,0.8,100,12.5,rain,0,0,23.8,14.8,240.3,1014,55,9.4,196.8,17.1,7,,2017-05-27T06:29:53,2017-05-27T18:57:24,0.06,"Rain, Partially cloudy",Partly cloudy throughout the day with rain in the morning and afternoon.,rain,"DNMM,remote,65201099999"
Lagos,2017-05-28,32,26,28.4,39.3,26,32.8,25.2,83.6,0.8,100,4.17,rain,0,0,25.2,25.9,244.1,1014.3,55.7,9.4,215.4,18.8,7,,2017-05-28T06:29:55,2017-05-28T18:57:37,0.09,"Rain, Partially cloudy",Partly cloudy throughout the day with morning rain.,rain,"65210099999,DNMM,remote,65201099999"
Lagos,2017-05-29,33,26.1,29,40.6,26.1,34.3,25.4,81.9,0.2,100,8.33,rain,0,0,36.4,18.4,237,1013.4,54.4,9.8,213.5,18.4,8,,2017-05-29T06:29:58,2017-05-29T18:57:49,0.12,"Rain, Partially cloudy",Partly cloudy throughout the day with morning rain.,rain,"65210099999,DNMM,remote,65201099999"
Lagos,2017-05-30,31,24.9,27.8,38,24.9,31.9,25,84.9,0.4,100,4.17,rain,0,0,36,44.6,263.9,1013.5,59.2,9.8,219.9,19,7,,2017-05-30T06:30:01,2017-05-30T18:58:03,0.16,"Rain, Partially cloudy",Partly cloudy throughout the day with morning rain.,rain,"DNMM,remote,65201099999"
Lagos,2017-05-31,28,24.2,26,31.3,24.2,27,24.2,89.9,8,100,4.17,rain,0,0,24.1,18.4,238.9,1015.2,47.5,7.5,177.3,15.3,6,,2017-05-31T06:30:05,2017-05-31T18:58:16,0.19,"Rain, Partially cloudy",Partly cloudy throughout the day with afternoon rain.,rain,"DNMM,65201099999"
Lagos,2017-06-01,32,23.1,27.4,37.9,23.1,30,23.3,79.4,0,0,0,,0,0,26.3,12.8,237.8,1014.7,44.2,9.3,205.1,17.6,8,,2017-06-01T06:30:10,2017-06-01T18:58:30,0.25,Partially cloudy,Partly cloudy throughout the day.,partly-cloudy-day,"65210099999,DNMM,remote,65201099999"
Lagos,2017-06-02,32,25,28.2,40.6,25,32.3,24.9,83.5,0,0,0,,0,0,32.8,22.3,254.8,1014.2,62.2,9.2,174.1,14.9,7,,2017-06-02T06:30:15,2017-06-02T18:58:43,0.26,Partially cloudy,Partly cloudy throughout the day.,partly-cloudy-day,"65210099999,65213099999,DNMM,remote,65201099999"
Lagos,2017-06-03,30,24,26.8,36.2,24,28.8,24.9,89.8,11,100,8.33,rain,0,0,28.4,13,230.7,1013.5,67.5,8.2,176.7,15.2,7,,2017-06-03T06:30:21,2017-06-03T18:58:57,0.29,"Rain, Partially cloudy",Partly cloudy throughout the day with rain.,rain,"65210099999,65213099999,DNMM,65201099999"
Lagos,2017-06-04,28,21,25.2,31,21,25.6,23.4,90.3,63,100,4.17,rain,0,0,68.4,51.8,348.2,1013.5,64.8,8.3,198,17.1,8,,2017-06-04T06:30:27,2017-06-04T18:59:11,0.33,"Rain, Partially cloudy",Partly cloudy throughout the day with afternoon rain.,rain,"65210099999,DNMM,remote,65201099999"
Lagos,2017-06-05,30.1,23,26.1,36.2,23,28.4,24.3,90.3,7,100,4.17,rain,0,0,24.1,18.3,265.4,1013,65.7,8.2,152.7,13.1,6,,2017-06-05T06:30:34,2017-06-05T18:59:25,0.36,"Rain, Partially cloudy",Partly cloudy throughout the day with late afternoon rain.,rain,"65210099999,65213099999,DNMM,remote,65201099999"
Lagos,2017-06-06,30,24.8,26.5,37.4,24.8,28.2,24.6,89.7,5,100,4.17,rain,0,0,27.4,14.8,255.4,1013.5,55.1,8.4,148.5,12.7,7,,2017-06-06T06:30:41,2017-06-06T18:59:40,0.4,"Rain, Partially cloudy",Partly cloudy throughout the day with late afternoon rain.,rain,"65210099999,DNMM,65201099999"
Lagos,2017-06-07,32,24.1,27.2,40.6,24.1,30,24.8,87.7,0.9,100,8.33,rain,0,0,19.4,11.2,234,1013.6,61.6,8.4,182.9,15.7,7,,2017-06-07T06:30:49,2017-06-07T18:59:54,0.43,"Rain, Partially cloudy",Partly cloudy throughout the day with morning rain.,rain,"65210099999,65213099999,DNMM,remote,65201099999"
Lagos,2017-06-08,32,25.4,28,39.4,25.4,32,25.2,85.2,2,100,4.17,rain,0,0,23.8,14.8,219.7,1011.8,62.7,8.4,188.7,16.1,7,,2017-06-08T06:30:57,2017-06-08T19:00:09,0.46,"Rain, Partially cloudy",Partly cloudy throughout the day with late afternoon rain.,rain,"65210099999,DNMM,remote,65201099999"
Lagos,2017-06-09,31.4,27,28.4,39.9,31,34.2,25.9,86.1,3.7,100,16.67,rain,0,0,25.9,20.5,244.1,1010.6,58,9.5,167,14.5,6,,2017-06-09T06:31:06,2017-06-09T19:00:23,0.5,"Rain, Partially cloudy",Partly cloudy throughout the day with a chance of rain throughout the day.,rain,"65210099999,65213099999,DNMM,remote,65201099999"
Lagos,2017-06-10,30.9,26,27.5,39.2,26,31.4,25.6,89.8,5,100,4.17,rain,0,0,22.3,22.3,238.6,1011.6,66.4,8.6,113.1,9.8,4,,2017-06-10T06:31:15,2017-06-10T19:00:37,0.53,"Rain, Partially cloudy",Partly cloudy throughout the day with afternoon rain.,rain,"DNMM,remote,65201099999"
Lagos,2017-06-11,32,25,28,40.6,25,31.6,25,84.7,0,0,0,,0,0,25.9,20.5,263.8,1011.7,50.4,9.7,153.6,13.2,6,,2017-06-11T06:31:25,2017-06-11T19:00:52,0.57,Partially cloudy,Partly cloudy throughout the day.,partly-cloudy-day,"65210099999,DNMM,65201099999"
Lagos,2017-06-12,27,23,25.3,30.6,23,25.7,24,92.1,49,100,4.17,rain,0,0,64.8,15.5,238.3,1011.8,82.2,7.4,55.8,4.8,2,,2017-06-12T06:31:35,2017-06-12T19:01:06,0.6,"Rain, Partially cloudy",Partly cloudy throughout the day with morning rain.,rain,"DNMM,remote,65201099999"
Lagos,2017-06-13,27.7,24.8,26,31.4,24.8,26.9,23.9,88.6,16.7,100,95.83,rain,0,0,37.4,19.1,241,1012.1,97.1,,143.1,12.4,5,,2017-06-13T06:31:46,2017-06-13T19:01:21,0.63,"Rain, Overcast",Cloudy skies throughout the day with a chance of rain throughout the day.,rain,remote
Lagos,2017-06-14,28,25,26.1,32.7,25,27.3,24.3,90,19.1,100,58.33,rain,0,0,24.5,13,257.4,1013.3,88.4,8.2,60.7,5.1,3,,2017-06-14T06:31:57,2017-06-14T19:01:35,0.67,"Rain, Partially cloudy",Partly cloudy throughout the day with a chance of rain throughout the day.,rain,"65210099999,DNMM,remote,65201099999"
Lagos,2017-06-15,30,24,26.5,37.4,24,28.8,24.7,90.3,0.5,100,4.17,rain,0,0,26.3,16.6,250,1013,61.6,7.1,114,9.8,5,,2017-06-15T06:32:08,2017-06-15T19:01:49,0.7,"Rain, Partially cloudy",Partly cloudy throughout the day with afternoon rain.,rain,"65210099999,DNMM,remote,65201099999"
Lagos,2017-06-16,30,22,26.8,36.2,22,29.1,24.1,85.7,12.5,100,4.17,rain,0,0,33.5,22.3,263.9,1013.2,62.9,9.2,166.6,14.5,6,,2017-06-16T06:32:20,2017-06-16T19:02:03,0.74,"Rain, Partially cloudy",Partly cloudy throughout the day with early morning rain.,rain,"65210099999,65213099999,DNMM,remote,65201099999"
Lagos,2017-06-17,29,22,25.4,32.9,22,26.8,22.9,86.7,1.8,100,12.5,rain,0,0,31.3,20.5,230.5,1012.9,51.1,9,104,9,3,,2017-06-17T06:32:32,2017-06-17T19:02:17,0.75,"Rain, Partially cloudy",Becoming cloudy in the afternoon with rain.,rain,"DNMM,remote,65201099999"
Lagos,2017-06-18,29.2,24.1,26.9,34.7,24.1,29.2,24.1,85.3,0.1,100,4.17,rain,0,0,24.1,18.4,242.7,1011.6,60.8,9.1,145.4,12.6,5,,2017-06-18T06:32:44,2017-06-18T19:02:31,0.81,"Rain, Partially cloudy",Partly cloudy throughout the day with early morning rain.,rain,"65213099999,DNMM,remote,65201099999"
Lagos,2017-06-19,31,24,27.2,37.7,24,29.7,24.3,84.7,0.3,100,8.33,rain,0,0,46.4,27.7,252.7,1012.1,72.2,8.4,179.1,15.3,8,,2017-06-19T06:32:56,2017-06-19T19:02:44,0.84,"Rain, Partially cloudy",Partly cloudy throughout the day with rain clearing later.,rain,"65210099999,DNMM,remote,65201099999"
Lagos,2017-06-20,28,23.9,25.6,32.7,23.9,26.3,23.9,90.9,29,100,8.33,rain,0,0,27.4,16.6,259.5,1013.9,60.6,7.8,83.1,7.4,5,,2017-06-20T06:33:09,2017-06-20T19:02:58,0.87,"Rain, Partially cloudy",Partly cloudy throughout the day with rain in the morning and afternoon.,rain,"DNMM,remote,65201099999"
Lagos,2017-06-21,29.3,24.4,26.6,34.5,24.4,28.7,24,85.7,4.3,100,70.83,rain,0,0,21.6,13,291.2,1012.6,74.4,10.1,197.2,17,7,,2017-06-21T06:33:22,2017-06-21T19:03:11,0.91,"Rain, Partially cloudy",Partly cloudy throughout the day with a chance of rain throughout the day.,rain,"65210099999,DNMM,remote,65201099999"
Lagos,2017-06-22,31,25.1,27.8,38.6,25.1,31.2,25,85.1,99,100,8.33,rain,0,0,26.6,18.4,260.1,1012.6,61.1,9.6,162.5,14.1,5,,2017-06-22T06:33:35,2017-06-22T19:03:23,0.94,"Rain, Partially cloudy",Partly cloudy throughout the day with rain clearing later.,rain,"65210099999,DNMM,remote,65201099999"
Lagos,2017-06-23,30,26,27.1,36.2,26,29.3,24.9,88.4,2,100,4.17,rain,0,0,32.4,20.5,238.8,1012.4,58.9,9.5,115.5,10.1,6,,2017-06-23T06:33:48,2017-06-23T19:03:36,0.98,"Rain, Partially cloudy",Partly cloudy throughout the day with late afternoon rain.,rain,"65210099999,DNMM,remote,65201099999"
Lagos,2017-06-24,30,24.9,27,35.1,24.9,28.7,24,84.3,10,100,4.17,rain,0,0,26.6,14.8,240.4,1012.4,67.7,9.2,76.7,6.7,4,,2017-06-24T06:34:02,2017-06-24T19:03:48,0,"Rain, Partially cloudy",Partly cloudy throughout the day with morning rain.,rain,"DNMM,remote,65201099999"
Lagos,2017-06-25,30,24.9,26.6,37.4,24.9,28.3,24.6,88.9,16,100,8.33,rain,0,0,20.9,14.8,272.2,1013.4,63,9,160,13.8,5,,2017-06-25T06:34:15,2017-06-25T19:04:00,0.04,"Rain, Partially cloudy",Partly cloudy throughout the day with rain.,rain,"DNMM,65201099999"
Lagos,2017-06-26,32,23.9,26.6,39.2,23.9,28.4,23.7,84.8,2.5,100,12.5,rain,0,0,25.2,22.3,302.8,1013.1,55.2,10.7,153.1,13.4,6,,2017-06-26T06:34:29,2017-06-26T19:04:11,0.08,"Rain, Partially cloudy",Partly cloudy throughout the day with rain clearing later.,rain,"65210099999,DNMM,remote,65201099999"
Lagos,2017-06-27,30,24,27.3,36.2,24,29.9,24.4,84.8,0.1,100,4.17,rain,0,0,28.8,13,251.6,1013.5,65.6,9.3,207.7,18,8,,2017-06-27T06:34:43,2017-06-27T19:04:22,0.11,"Rain, Partially cloudy",Partly cloudy throughout the day with morning rain.,rain,"65210099999,DNMM,remote,65201099999"
Lagos,2017-06-28,30,24.9,27,36.2,24.9,29.1,24.6,87.3,22,100,4.17,rain,0,0,25.9,14.8,252.5,1014.4,55.8,9,159,13.8,5,,2017-06-28T06:34:57,2017-06-28T19:04:33,0.14,"Rain, Partially cloudy",Partly cloudy throughout the day with afternoon rain.,rain,"DNMM,remote,65201099999"
Lagos,2017-06-29,28.4,25,26.2,33.5,25,26.7,24.6,91.5,11,100,8.33,rain,0,0,20.2,20.5,234.3,1014.5,68.5,9.1,81.9,7.1,3,,2017-06-29T06:35:11,2017-06-29T19:04:43,0.18,"Rain, Partially cloudy",Partly cloudy throughout the day with rain.,rain,"65210099999,65213099999,DNMM,remote,65201099999"
Lagos,2017-06-30,30,24,26.3,36.2,24,28,24.1,88,0.3,100,4.17,rain,0,0,37.1,16.6,258.6,1015.3,61,9,174.7,15,6,,2017-06-30T06:35:24,2017-06-30T19:04:53,0.21,"Rain, Partially cloudy",Partly cloudy throughout the day with morning rain.,rain,"DNMM,65201099999"
Lagos,2017-07-01,29,24,25.9,34.8,24,27.1,24.3,90.7,20,100,8.33,rain,0,0,22.7,16.6,251.1,1014.7,73.1,8.4,125.1,10.9,5,,2017-07-01T06:35:38,2017-07-01T19:05:02,0.25,"Rain, Partially cloudy",Partly cloudy throughout the day with rain in the morning and afternoon.,rain,"65213099999,DNMM,remote,65201099999"
Lagos,2017-07-02,30,24.9,27,36.2,24.9,29.3,24.4,86,2.2,100,25,rain,0,0,22.3,13.1,232.7,1014.2,85.2,9,77.4,6.6,3,,2017-07-02T06:35:52,2017-07-02T19:05:11,0.28,"Rain, Partially cloudy",Partly cloudy throughout the day with rain clearing later.,rain,"65210099999,65213099999,DNMM,remote,65201099999"
Lagos,2017-07-03,29,24,26.8,35.6,24,28.6,24.3,87,5.8,100,8.33,rain,0,0,31.3,22.3,240.9,1014.4,74.4,9,174.2,15,6,,2017-07-03T06:36:06,2017-07-03T19:05:19,0.31,"Rain, Partially cloudy",Partly cloudy throughout the day with rain in the morning and afternoon.,rain,"DNMM,remote,65201099999"
Lagos,2017-07-04,28.2,25.1,26.6,32.7,25.1,28.2,24.5,88.3,1.4,100,8.33,rain,0,0,29.2,22.3,256.5,1014.5,62.1,9,179.1,15.7,7,,2017-07-04T06:36:19,2017-07-04T19:05:27,0.34,"Rain, Partially cloudy",Partly cloudy throughout the day with morning rain.,rain,"65210099999,DNMM,remote,65201099999"
Lagos,2017-07-05,27.8,24,25.5,32.2,24,26.1,24.2,92.8,10,100,8.33,rain,0,0,31.3,24.1,257.5,1015.3,70.7,7,123.6,10.6,5,,2017-07-05T06:36:33,2017-07-05T19:05:34,0.38,"Rain, Partially cloudy",Partly cloudy throughout the day with rain in the morning and afternoon.,rain,"DNMM,remote,65201099999"
Lagos,2017-07-06,25.2,23,24.2,25.2,23,24.2,23.4,95.7,66,100,12.5,rain,0,0,24.8,18.4,264,1015.8,65.8,8,62.6,5.4,2,,2017-07-06T06:36:46,2017-07-06T19:05:41,0.41,"Rain, Partially cloudy",Partly cloudy throughout the day with rain.,rain,"65213099999,DNMM,remote,65201099999"
Lagos,2017-07-07,27.9,23.8,25.3,32,23.8,25.8,23.9,92.2,0.9,100,4.17,rain,0,0,27,13,253.6,1015.3,79.9,7.2,170.3,14.5,7,,2017-07-07T06:36:59,2017-07-07T19:05:47,0.44,"Rain, Partially cloudy",Partly cloudy throughout the day with afternoon rain.,rain,"DNMM,remote,65201099999"
Lagos,2017-07-08,25.1,24,24.6,25.1,24,24.6,23.8,95.5,18.1,100,8.33,rain,0,0,25.9,14.8,247.9,1015.2,71.5,6.7,126.4,11,4,,2017-07-08T06:37:12,2017-07-08T19:05:52,0.48,"Rain, Partially cloudy",Partly cloudy throughout the day with rain in the morning and afternoon.,rain,"DNMM,remote,65201099999"
Lagos,2017-07-09,27,23,24.9,30.6,23,25.3,23.6,92.6,15,100,8.33,rain,0,0,35.3,22.3,244,1015.6,66.7,7.5,183,15.9,6,,2017-07-09T06:37:25,2017-07-09T19:05:57,0.5,"Rain, Partially cloudy",Partly cloudy throughout the day with rain.,rain,"65210099999,65213099999,DNMM,remote,65201099999"
Lagos,2017-07-10,29.1,22,25.8,32.9,22,26.7,22.6,83,0.9,100,16.67,rain,0,0,38.5,22.3,235.3,1015.7,64.9,9.1,219.1,19,7,,2017-07-10T06:37:38,2017-07-10T19:06:01,0.55,"Rain, Partially cloudy",Partly cloudy throughout the day with a chance of rain throughout the day.,rain,"DNMM,remote,65201099999"
Lagos,2017-07-11,30,21.8,25.7,33.3,21.8,26.8,22,81,0.1,100,4.17,rain,0,0,29.2,20.5,250.3,1016.9,55.3,9.4,219,18.9,7,,2017-07-11T06:37:50,2017-07-11T19:06:05,0.58,"Rain, Partially cloudy",Partly cloudy throughout the day with afternoon rain.,rain,"65210099999,DNMM,remote,65201099999"
Lagos,2017-07-12,30,23,26,34.1,23,27.3,22.6,82.2,0.1,100,4.17,rain,0,0,31.7,14.8,255.2,1016.6,57.9,9.6,171.6,14.8,6,,2017-07-12T06:38:03,2017-07-12T19:06:08,0.62,"Rain, Partially cloudy",Partly cloudy throughout the day with morning rain.,rain,"65210099999,65213099999,DNMM,remote,65201099999"
Lagos,2017-07-13,29.9,23.8,25.9,34,23.8,27.1,23.2,85.2,0.1,100,4.17,rain,0,0,34.2,17.6,244,1015.6,69.9,9.3,145.9,12.6,5,,2017-07-13T06:38:14,2017-07-13T19:06:10,0.65,"Rain, Partially cloudy",Partly cloudy throughout the day with afternoon rain.,rain,"65213099999,DNMM,remote,65201099999"
Lagos,2017-07-14,29.1,24.3,26.3,32.9,24.3,27.5,23.1,82.8,1.5,100,45.83,rain,0,0,34.6,18.4,250.5,1014.6,67.1,9.7,148.2,12.8,5,,2017-07-14T06:38:26,2017-07-14T19:06:12,0.69,"Rain, Partially cloudy",Partly cloudy throughout the day with a chance of rain throughout the day.,rain,"65210099999,DNMM,remote,65201099999"
Lagos,2017-07-15,30,23.9,26.6,34.1,23.9,28.3,23.5,84.2,0.1,100,4.17,rain,0,0,33.5,20.5,267.7,1014.9,56.8,9,194.1,16.8,7,,2017-07-15T06:38:37,2017-07-15T19:06:13,0.72,"Rain, Partially cloudy",Partly cloudy throughout the day with morning rain.,rain,"DNMM,remote,65201099999"
Lagos,2017-07-16,27.3,24.2,25.8,30.8,24.2,26.2,23.7,88.3,7.4,100,45.83,rain,0,0,32.8,22.3,251.8,1014.5,73.7,9.1,165,14.3,7,,2017-07-16T06:38:48,2017-07-16T19:06:13,0.75,"Rain, Partially cloudy",Partly cloudy throughout the day with a chance of rain throughout the day.,rain,"65210099999,DNMM,remote,65201099999"
Lagos,2017-07-17,26,25,25.6,26,25,25.6,24.1,91.5,8,100,8.33,rain,0,0,28.8,22.3,255.9,1014.3,62.9,7.9,126.1,10.7,5,,2017-07-17T06:38:59,2017-07-17T19:06:13,0.79,"Rain, Partially cloudy",Partly cloudy throughout the day with rain.,rain,"DNMM,remote,65201099999"
Lagos,2017-07-18,28,23.8,25.4,32.5,23.8,25.7,23.9,91.9,5,100,8.33,rain,0,0,27.7,20.5,245.6,1015.2,66.4,7.3,156.7,13.3,6,,2017-07-18T06:39:09,2017-07-18T19:06:11,0.83,"Rain, Partially cloudy",Partly cloudy throughout the day with rain in the morning and afternoon.,rain,"65210099999,DNMM,remote,65201099999"
Lagos,2017-07-19,27,25.3,26,30.2,25.3,26.1,23.8,87.9,2.4,100,66.67,rain,0,0,34.6,16.6,221.3,1015.6,79,8,194.5,16.9,7,,2017-07-19T06:39:19,2017-07-19T19:06:09,0.86,"Rain, Partially cloudy",Partly cloudy throughout the day with a chance of rain throughout the day.,rain,"DNMM,remote,65201099999"
Lagos,2017-07-20,27.8,24.6,26,31.8,24.6,27,23.8,88.2,1.7,100,45.83,rain,0,0,34.9,18.4,238.9,1014.1,50.9,,233.5,20.2,8,,2017-07-20T06:39:29,2017-07-20T19:06:07,0.9,"Rain, Partially cloudy",Partly cloudy throughout the day with a chance of rain throughout the day.,rain,remote
Lagos,2017-07-21,27.4,24.8,25.9,31,24.8,26.6,23.7,87.7,4.2,100,54.17,rain,0,0,34.9,17.3,245.2,1013.2,71.3,,219.3,18.9,8,,2017-07-21T06:39:38,2017-07-21T19:06:04,0.93,"Rain, Partially cloudy",Partly cloudy throughout the day with a chance of rain throughout the day.,rain,remote
Lagos,2017-07-22,26.3,24.7,25.4,26.3,24.7,25.4,23.7,90.3,38.9,100,87.5,rain,0,0,44.6,29.9,246.8,1012.8,100,,33.2,3,2,,2017-07-22T06:39:47,2017-07-22T19:05:59,0.97,"Rain, Overcast",Cloudy skies throughout the day with a chance of rain throughout the day.,rain,remote
Lagos,2017-07-23,28,23.6,25.5,31.9,23.6,26.2,23.6,89.8,23,100,8.33,rain,0,0,36.4,31.7,255.5,1015.3,84.9,8.1,118.4,10.2,5,,2017-07-23T06:39:55,2017-07-23T19:05:55,0,"Rain, Partially cloudy",Partly cloudy throughout the day with rain in the morning and afternoon.,rain,"65210099999,DNMM,remote,65201099999"
Lagos,2017-07-24,27,24,25.3,29.6,24,25.4,23.3,88.9,6,100,12.5,rain,0,0,42.1,23.8,245.1,1015.5,63,8.5,195,16.9,7,,2017-07-24T06:40:03,2017-07-24T19:05:49,0.03,"Rain, Partially cloudy",Partly cloudy throughout the day with rain.,rain,"65210099999,DNMM,remote,65201099999"
Lagos,2017-07-25,26,24.2,25.2,26,24.2,25.2,23.2,88.6,5,100,8.33,rain,0,0,35.3,31.7,248.6,1015.6,84,8.1,172.8,15,6,,2017-07-25T06:40:10,2017-07-25T19:05:43,0.07,"Rain, Partially cloudy",Partly cloudy throughout the day with rain.,rain,"DNMM,remote,65201099999"
Lagos,2017-07-26,29,24,25.5,32.7,24,26.1,23.3,87.9,0.9,100,20.83,rain,0,0,33.8,18.4,236.5,1014.4,64,8.1,200.8,17.3,7,,2017-07-26T06:40:17,2017-07-26T19:05:36,0.1,"Rain, Partially cloudy",Partly cloudy throughout the day with rain.,rain,"65210099999,DNMM,remote,65201099999"
Lagos,2017-07-27,27.4,24.3,25.5,30.5,24.3,26.1,23.2,87.6,1.1,100,37.5,rain,0,0,28.8,13.3,239.8,1013.1,62.7,10,209.6,18,8,,2017-07-27T06:40:24,2017-07-27T19:05:28,0.13,"Rain, Partially cloudy",Partly cloudy throughout the day with a chance of rain throughout the day.,rain,"DNMM,remote,65201099999"
Lagos,2017-07-28,29,24,26.2,33.6,24,27.6,23.7,87.1,0,0,0,,0,0,31.7,20.5,245.4,1014.1,68.5,9.2,178.4,15.5,6,,2017-07-28T06:40:30,2017-07-28T19:05:19,0.16,Partially cloudy,Partly cloudy throughout the day.,partly-cloudy-day,"65210099999,DNMM,remote,65201099999"
Lagos,2017-07-29,28,24.8,25.9,31.9,24.8,26.8,23.7,87.6,0.1,100,4.17,rain,0,0,36.4,22.3,250,1015,73.4,8.5,150.9,12.9,5,,2017-07-29T06:40:36,2017-07-29T19:05:10,0.2,"Rain, Partially cloudy",Partly cloudy throughout the day with afternoon rain.,rain,"DNMM,remote,65201099999"
Lagos,2017-07-30,29,24.2,26,33.6,24.2,27,23.2,84.8,0.5,100,16.67,rain,0,0,37.1,25.9,253,1014.3,75.2,9.5,152.4,13.2,7,,2017-07-30T06:40:41,2017-07-30T19:05:00,0.25,"Rain, Partially cloudy",Partly cloudy throughout the day with rain clearing later.,rain,"DNMM,remote,65201099999"
Lagos,2017-07-31,28,24.8,25.9,31.9,24.8,26.8,23.2,85.3,0.1,100,4.17,rain,0,0,41.8,27.7,249.6,1014.6,66.4,9.5,176.5,15.3,7,,2017-07-31T06:40:45,2017-07-31T19:04:49,0.26,"Rain, Partially cloudy",Partly cloudy throughout the day with afternoon rain.,rain,"65210099999,65213099999,DNMM,remote,65201099999"
Lagos,2017-08-01,28,24.4,25.5,31.3,24.4,26,23.3,87.8,2.3,100,29.17,rain,0,0,39.2,24.1,260.5,1014.8,81.9,8,142.7,12.2,5,,2017-08-01T06:40:50,2017-08-01T19:04:38,0.29,"Rain, Partially cloudy",Partly cloudy throughout the day with a chance of rain throughout the day.,rain,"DNMM,remote,65201099999"
Lagos,2017-08-02,26.4,23.9,25.2,26.4,23.9,25.2,23.8,92.4,9,100,8.33,rain,0,0,23.8,22.3,249.5,1015.5,73.8,8.4,84.7,7.3,3,,2017-08-02T06:40:53,2017-08-02T19:04:25,0.33,"Rain, Partially cloudy",Partly cloudy throughout the day with rain.,rain,"65210099999,DNMM,remote,65201099999"
Lagos,2017-08-03,25.1,23.9,24.3,25.1,23.9,24.3,23.1,93,8,100,4.17,rain,0,0,32.4,24.1,260.9,1016.3,72.2,7.3,66.1,5.7,3,,2017-08-03T06:40:57,2017-08-03T19:04:12,0.36,"Rain, Partially cloudy",Partly cloudy throughout the day with afternoon rain.,rain,"65210099999,65213099999,DNMM,remote,65201099999"
Lagos,2017-08-04,26.9,22.4,24.6,29.2,22.4,24.6,22.8,90.2,4,100,4.17,rain,0,0,38.9,22.3,256.5,1014.4,94,8,104.4,8.8,3,,2017-08-04T06:40:59,2017-08-04T19:03:59,0.39,"Rain, Overcast",Cloudy skies throughout the day with late afternoon rain.,rain,"65213099999,DNMM,remote,65201099999"
Lagos,2017-08-05,26.6,22.1,24.6,26.6,22.1,24.6,23,90.7,7,100,4.17,rain,0,0,31.7,22.3,251.3,1014.1,91.6,8.2,89.6,7.8,4,,2017-08-05T06:41:02,2017-08-05T19:03:44,0.43,"Rain, Overcast",Cloudy skies throughout the day with morning rain.,rain,"65213099999,DNMM,remote,65201099999"
Lagos,2017-08-06,28,24,25.3,31.9,24,26.1,23.2,88.4,0,0,0,,0,0,38.9,24.1,258.1,1015.3,82.5,9,81.7,7.1,3,,2017-08-06T06:41:03,2017-08-06T19:03:29,0.46,Partially cloudy,Partly cloudy throughout the day.,partly-cloudy-day,"65210099999,DNMM,65201099999"
Lagos,2017-08-07,28.8,23,25.4,32.4,23,26,22.7,85.6,0.6,100,12.5,rain,0,0,27.7,25.9,262.1,1015.2,70.3,9.3,107.4,9.3,4,,2017-08-07T06:41:05,2017-08-07T19:03:13,0.5,"Rain, Partially cloudy",Partly cloudy throughout the day with rain in the morning and afternoon.,rain,"65210099999,DNMM,remote,65201099999"
Lagos,2017-08-08,28,23,25,31.9,23,25.5,22.9,88.2,0.3,100,8.33,rain,0,0,34.9,18.4,239,1015.1,61.7,9,158.4,13.7,5,,2017-08-08T06:41:05,2017-08-08T19:02:57,0.53,"Rain, Partially cloudy",Partly cloudy throughout the day with early morning rain.,rain,"65210099999,65213099999,DNMM,remote,65201099999"
Lagos,2017-08-09,27,23.7,25,30.1,23.7,25.4,23.3,90.5,0.6,100,12.5,rain,0,0,33.8,20.5,236.3,1015.5,69.2,9.2,197.4,16.9,6,,2017-08-09T06:41:06,2017-08-09T19:02:40,0.56,"Rain, Partially cloudy",Partly cloudy throughout the day with rain in the morning and afternoon.,rain,"65210099999,DNMM,remote,65201099999"
Lagos,2017-08-10,28.7,24,25.8,32.5,24,26.8,23.5,87.5,0.2,100,8.33,rain,0,0,31.3,22.3,247.9,1015,66.3,9.3,160.9,13.7,5,,2017-08-10T06:41:06,2017-08-10T19:02:22,0.6,"Rain, Partially cloudy",Partly cloudy throughout the day with rain in the morning and afternoon.,rain,"65210099999,DNMM,remote,65201099999"
Lagos,2017-08-11,29,23.8,25.8,32.7,23.8,26.7,23.1,85.6,0,0,0,,0,0,32.8,18.4,261.5,1014.9,65.7,8.5,215.4,18.6,8,,2017-08-11T06:41:05,2017-08-11T19:02:03,0.63,Partially cloudy,Partly cloudy throughout the day.,partly-cloudy-day,"DNMM,65201099999"
Lagos,2017-08-12,28.2,23.2,25.9,31.9,23.2,27.2,23.3,85.7,0,0,0,,0,0,35.3,25.9,267.1,1014.3,60.9,9.1,189.2,16.3,8,,2017-08-12T06:41:04,2017-08-12T19:01:44,0.67,Partially cloudy,Partly cloudy throughout the day.,partly-cloudy-day,"65210099999,DNMM,65201099999"
Lagos,2017-08-13,28.2,24.9,26.2,32.4,24.9,27.5,23.6,85.7,0,0,0,,0,0,37.4,24.1,241.3,1013.6,60.2,9.8,178.9,15.4,7,,2017-08-13T06:41:02,2017-08-13T19:01:24,0.7,Partially cloudy,Partly cloudy throughout the day.,partly-cloudy-day,"65210099999,65213099999,DNMM,65201099999"
Lagos,2017-08-14,27.8,24.8,25.7,31,24.8,26.4,23.6,88,2,100,16.67,rain,0,0,35.6,24.1,249,1012.7,80.6,9.5,135.3,11.8,5,,2017-08-14T06:41:00,2017-08-14T19:01:04,0.74,"Rain, Partially cloudy",Partly cloudy throughout the day with rain.,rain,"DNMM,remote,65201099999"
Lagos,2017-08-15,29.6,24.8,25.9,34.3,24.8,26.6,23.5,87,1.6,100,41.67,rain,0,0,34.9,27.7,233.9,1013.2,90.6,9.2,185.7,16.1,6,,2017-08-15T06:40:58,2017-08-15T19:00:43,0.75,"Rain, Overcast",Cloudy skies throughout the day with a chance of rain throughout the day.,rain,"65210099999,65213099999,remote,65201099999"
Lagos,2017-08-16,28,24,25.6,31.3,24,26.1,23.4,88.2,0.7,100,16.67,rain,0,0,39.6,22.3,256.4,1013.1,81.1,7.6,118.6,10.3,4,,2017-08-16T06:40:55,2017-08-16T19:00:21,0.81,"Rain, Partially cloudy",Partly cloudy throughout the day with a chance of rain throughout the day.,rain,"65210099999,65213099999,DNMM,remote,65201099999"
Lagos,2017-08-17,26,23,24.7,26,23,24.7,23,90.2,17,100,4.17,rain,0,0,34.6,25.2,254.3,1012.1,74.5,8.1,88.5,7.8,3,,2017-08-17T06:40:52,2017-08-17T18:59:59,0.85,"Rain, Partially cloudy",Partly cloudy throughout the day with morning rain.,rain,"65210099999,DNMM,remote,65201099999"
Lagos,2017-08-18,28,24,25.5,31.3,24,26.3,23,86.3,0.1,100,4.17,rain,0,0,37.1,20.5,231.3,1012.1,82.4,9,188.3,16.2,7,,2017-08-18T06:40:48,2017-08-18T18:59:36,0.88,"Rain, Partially cloudy",Partly cloudy throughout the day with late afternoon rain.,rain,"65210099999,65213099999,DNMM,remote,65201099999"
Lagos,2017-08-19,29.1,22.9,25.2,31.8,22.9,25.4,22.3,84.8,0.8,100,29.17,rain,0,0,31,14.4,218.7,1013.2,58.3,9.1,223.6,19.1,8,,2017-08-19T06:40:44,2017-08-19T18:59:13,0.92,"Rain, Partially cloudy",Partly cloudy throughout the day with a chance of rain throughout the day.,rain,"DNMM,remote,65201099999"
Lagos,2017-08-20,29.1,23,25.3,34.2,23,26,22.4,84.6,0.2,100,8.33,rain,0,0,32.4,20.5,227.2,1014,61.3,9.3,176.8,15.2,6,,2017-08-20T06:40:39,2017-08-20T18:58:49,0.95,"Rain, Partially cloudy",Partly cloudy throughout the day with rain in the morning and afternoon.,rain,"65210099999,DNMM,remote,65201099999"
Lagos,2017-08-21,27,24,25.1,29.6,24,25.6,22.3,85.1,0.8,100,20.83,rain,0,0,37.4,25.9,246.6,1013.8,66.9,9.7,130.2,11,5,,2017-08-21T06:40:34,2017-08-21T18:58:24,0,"Rain, Partially cloudy",Partly cloudy throughout the day with rain in the morning and afternoon.,rain,"65210099999,DNMM,remote,65201099999"
Lagos,2017-08-22,29,23,25.3,32,23,25.9,22.1,83.3,0,0,0,,0,0,43.9,22.3,255.8,1014.3,58.4,9.3,172.1,14.8,7,,2017-08-22T06:40:29,2017-08-22T18:58:00,0.02,Partially cloudy,Partly cloudy throughout the day.,partly-cloudy-day,"65210099999,DNMM,remote,65201099999"
Lagos,2017-08-23,29,23,25.4,32,23,26.2,22.2,83.2,0,0,0,,0,0,35.3,16.5,237.1,1013.8,58.5,9.8,223.5,19.4,8,,2017-08-23T06:40:23,2017-08-23T18:57:34,0.05,Partially cloudy,Partly cloudy throughout the day.,partly-cloudy-day,"65210099999,65213099999,DNMM,remote,65201099999"
Lagos,2017-08-24,30,22.8,25.7,35.1,22.8,27.1,22.7,84.2,0,0,0,,0,0,33.5,14.8,238,1013.3,59.4,9.1,232.4,20,8,,2017-08-24T06:40:17,2017-08-24T18:57:08,0.09,Partially cloudy,Partly cloudy throughout the day.,partly-cloudy-day,"65210099999,DNMM,65201099999"
Lagos,2017-08-25,25,21.9,23.6,25,21.9,23.6,22.2,91.9,39,100,4.17,rain,0,0,38.9,20.5,255.7,1013,56.6,9,149,12.9,5,,2017-08-25T06:40:10,2017-08-25T18:56:42,0.12,"Rain, Partially cloudy",Partly cloudy throughout the day with afternoon rain.,rain,"65210099999,65213099999,DNMM,65201099999"
Lagos,2017-08-26,28,22,24.6,31.3,22,25.2,22.6,88.9,4,100,4.17,rain,0,0,40.3,18.4,268,1013.8,58,7.2,107.2,9.3,5,,2017-08-26T06:40:03,2017-08-26T18:56:15,0.15,"Rain, Partially cloudy",Partly cloudy throughout the day with late afternoon rain.,rain,"65210099999,DNMM,remote,65201099999"
Lagos,2017-08-27,27,23,25,30.1,23,25.5,23.1,89.2,0.8,100,12.5,rain,0,0,27,22.3,257.1,1014.6,64.8,8.8,133.8,11.5,4,,2017-08-27T06:39:56,2017-08-27T18:55:48,0.18,"Rain, Partially cloudy",Partly cloudy throughout the day with rain.,rain,"DNMM,remote,65201099999"
Lagos,2017-08-28,29,23,25.5,33.6,23,26.5,23.1,87.2,0,0,0,,0,0,33.1,24.1,270.7,1014.2,55.8,9.5,141.8,12.3,5,,2017-08-28T06:39:49,2017-08-28T18:55:20,0.22,Partially cloudy,Partly cloudy throughout the day.,partly-cloudy-day,"65210099999,DNMM,65201099999"
Lagos,2017-08-29,27,24,25,30.1,24,25.1,23.1,89,0,0,0,,0,0,33.5,24.1,255,1013.4,77.5,9.4,153.5,13.2,8,,2017-08-29T06:39:41,2017-08-29T18:54:52,0.25,Partially cloudy,Partly cloudy throughout the day.,partly-cloudy-day,"65210099999,DNMM,remote,65201099999"
Lagos,2017-08-30,28,24,25.2,31.3,24,25.7,23,88.1,3,100,4.17,rain,0,0,42.5,27.7,249.3,1014.2,69.3,9.6,145,12.5,5,,2017-08-30T06:39:33,2017-08-30T18:54:23,0.28,"Rain, Partially cloudy",Partly cloudy throughout the day with late afternoon rain.,rain,"65210099999,DNMM,remote,65201099999"
Lagos,2017-08-31,28,24,25.2,31.3,24,25.7,22.9,87.7,0.2,100,8.33,rain,0,0,40.7,25.9,256.8,1014.5,71.8,9.9,199.5,17.2,7,,2017-08-31T06:39:24,2017-08-31T18:53:55,0.31,"Rain, Partially cloudy",Partly cloudy throughout the day with rain clearing later.,rain,"DNMM,remote,65201099999"
Lagos,2017-09-01,30,23,25.7,35.1,23,26.8,22.7,84.5,0,0,0,,0,0,31.3,25.9,271,1015.6,55.2,9.2,230.3,20,8,,2017-09-01T06:39:15,2017-09-01T18:53:25,0.34,Partially cloudy,Partly cloudy throughout the day.,partly-cloudy-day,"DNMM,65201099999"
Lagos,2017-09-02,29.1,23,25.6,33,23,26.7,22.8,85.2,0,0,0,,0,0,37.4,20.5,262.8,1015.3,59.2,9.5,235.7,20.5,8,,2017-09-02T06:39:07,2017-09-02T18:52:56,0.38,Partially cloudy,Partly cloudy throughout the day.,partly-cloudy-day,"DNMM,65201099999"
Lagos,2017-09-03,28,24,25.4,31.9,24,26.2,23.1,87.2,0,0,0,,0,0,37.1,18.4,251.6,1015,58.3,9.8,166.2,14.4,6,,2017-09-03T06:38:57,2017-09-03T18:52:26,0.41,Partially cloudy,Partly cloudy throughout the day.,partly-cloudy-day,"DNMM,65201099999"
Lagos,2017-09-04,29,24,25.6,32.7,24,26.2,22.8,85.1,0,0,0,,0,0,37.8,22.3,259.6,1014.9,63,10,198.9,17.1,7,,2017-09-04T06:38:48,2017-09-04T18:51:56,0.44,Partially cloudy,Partly cloudy throughout the day.,partly-cloudy-day,"65210099999,DNMM,65201099999"
Lagos,2017-09-05,30,23,25.8,35.1,23,27.3,23.1,85.3,0,0,0,,0,0,32,20.5,258.9,1015,58.3,9.4,221.2,19,7,,2017-09-05T06:38:38,2017-09-05T18:51:26,0.47,Partially cloudy,Partly cloudy throughout the day.,partly-cloudy-day,"65210099999,DNMM,remote,65201099999"
Lagos,2017-09-06,29,23.6,25.8,33,23.6,27,23.1,85.5,0,0,0,,0,0,33.5,27.7,265.1,1014,65,9.6,188,16.3,7,,2017-09-06T06:38:29,2017-09-06T18:50:55,0.5,Partially cloudy,Partly cloudy throughout the day.,partly-cloudy-day,"65210099999,65213099999,DNMM,remote,65201099999"
Lagos,2017-09-07,26,23,24.3,26,23,24.3,23,92.4,11,100,8.33,rain,0,0,27.7,20.5,265.1,1013.5,69.1,7.4,35.1,2.8,1,,2017-09-07T06:38:19,2017-09-07T18:50:24,0.54,"Rain, Partially cloudy",Partly cloudy throughout the day with rain.,rain,"65210099999,DNMM,remote,65201099999"
Lagos,2017-09-08,27,23.6,24.8,30.1,23.6,25,23.3,91.2,25,100,8.33,rain,0,0,25.2,20.5,259.4,1013.8,81.3,7.9,166.9,14.3,5,,2017-09-08T06:38:08,2017-09-08T18:49:53,0.58,"Rain, Partially cloudy",Partly cloudy throughout the day with rain in the morning and afternoon.,rain,"DNMM,remote,65201099999"
Lagos,2017-09-09,29,24,26,34.5,24,27.7,23.8,88.1,0,0,0,,0,0,27,18.4,259.9,1013.8,57.1,9.3,191.4,16.5,7,,2017-09-09T06:37:58,2017-09-09T18:49:22,0.61,Partially cloudy,Partly cloudy throughout the day.,partly-cloudy-day,"65213099999,DNMM,65201099999"
Lagos,2017-09-10,30,24,26.1,35.1,24,27.5,23.5,86,0,0,0,,0,0,37.1,22.3,257.8,1013,58.4,9.4,200.2,17.2,7,,2017-09-10T06:37:48,2017-09-10T18:48:51,0.65,Partially cloudy,Partly cloudy throughout the day.,partly-cloudy-day,"DNMM,remote,65201099999"
Lagos,2017-09-11,27,21,24.7,29.6,21,25.1,22.8,89.2,290,100,8.33,rain,0,0,30.6,22.3,245.7,1012.9,80,8.1,113.8,9.8,5,,2017-09-11T06:37:37,2017-09-11T18:48:19,0.69,"Rain, Partially cloudy",Partly cloudy throughout the day with rain.,rain,"65210099999,DNMM,remote,65201099999"
Lagos,2017-09-12,28,23.8,25.2,31.3,23.8,25.7,23.4,89.7,0,0,0,,0,0,29.5,22.3,272.5,1013.8,61.1,9.4,133.2,11.5,5,,2017-09-12T06:37:27,2017-09-12T18:47:48,0.72,Partially cloudy,Partly cloudy throughout the day.,partly-cloudy-day,"65210099999,65213099999,DNMM,65201099999"
Lagos,2017-09-13,26.2,24,25.1,26.2,24,25.1,23.6,91.8,0,0,0,,0,0,39.6,22.3,266.9,1014.9,55.8,8.9,173.8,15,7,,2017-09-13T06:37:16,2017-09-13T18:47:16,0.75,Partially cloudy,Partly cloudy throughout the day.,partly-cloudy-day,"DNMM,65201099999"
Lagos,2017-09-14,30,23,26.2,35.3,23,27.6,23.7,86.6,0,0,0,,0,0,34.6,24.1,264.7,1014,64.7,9.2,199.3,17.3,8,,2017-09-14T06:37:05,2017-09-14T18:46:44,0.79,Partially cloudy,Partly cloudy throughout the day.,partly-cloudy-day,"65210099999,DNMM,65201099999"
Lagos,2017-09-15,28,24.9,26.2,31.9,24.9,27.2,23.7,86.5,0.3,100,12.5,rain,0,0,41,25.9,256.7,1013.4,59.9,9,240.4,20.8,9,,2017-09-15T06:36:54,2017-09-15T18:46:12,0.83,"Rain, Partially cloudy",Partly cloudy throughout the day with rain in the morning and afternoon.,rain,"65210099999,DNMM,remote,65201099999"
Lagos,2017-09-16,30,24.6,26.2,35.1,24.6,27.6,23.6,85.8,2,100,4.17,rain,0,0,44.3,24.1,262.8,1013.7,67.2,9.9,166,14.5,7,,2017-09-16T06:36:43,2017-09-16T18:45:40,0.86,"Rain, Partially cloudy",Partly cloudy throughout the day with morning rain.,rain,"65210099999,DNMM,remote,65201099999"
Lagos,2017-09-17,30,23.8,26.4,34.1,23.8,28.1,23.3,83.6,0,0,0,,0,0,33.1,20.5,258.1,1015.3,58.6,9.8,221.8,19.3,9,,2017-09-17T06:36:33,2017-09-17T18:45:08,0.9,Partially cloudy,Partly cloudy throughout the day.,partly-cloudy-day,"65210099999,DNMM,remote,65201099999"
Lagos,2017-09-18,30.1,23.8,26,34.5,23.8,27.1,23.4,86.2,0.7,100,20.83,rain,0,0,33.8,18.4,258.4,1014.6,60.6,9.8,207.1,18,7,,2017-09-18T06:36:22,2017-09-18T18:44:36,0.94,"Rain, Partially cloudy",Partly cloudy throughout the day with rain in the morning and afternoon.,rain,"DNMM,remote,65201099999"
Lagos,2017-09-19,30,25,26.4,35.1,25,27.8,23.9,86.3,0.6,100,12.5,rain,0,0,35.6,24.1,249.7,1013.4,71.7,10,163.6,14.2,6,,2017-09-19T06:36:11,2017-09-19T18:44:04,0.97,"Rain, Partially cloudy",Partly cloudy throughout the day with rain.,rain,"65210099999,DNMM,remote,65201099999"
Lagos,2017-09-20,27.7,24.9,26.1,31.2,24.9,27,23.8,87.1,0.8,100,33.33,rain,0,0,34.6,18,228.3,1012.2,52.9,,191.9,16.6,6,,2017-09-20T06:36:00,2017-09-20T18:43:32,0,"Rain, Partially cloudy",Partly cloudy throughout the day with a chance of rain throughout the day.,rain,remote
Lagos,2017-09-21,28,25.1,26.1,32.1,25.1,26.8,23.7,86.7,3.1,100,50,rain,0,0,39.6,24.1,236.9,1011.9,77.4,10,153,13.1,7,,2017-09-21T06:35:49,2017-09-21T18:43:00,0.04,"Rain, Partially cloudy",Partly cloudy throughout the day with rain.,rain,"DNMM,remote,65201099999"
Lagos,2017-09-22,30,24.8,26.9,34.1,24.8,28.3,23.1,80.1,0.6,100,16.67,rain,0,0,36.7,22.3,250.7,1013.5,65.4,9.8,131.3,11.4,5,,2017-09-22T06:35:39,2017-09-22T18:42:29,0.07,"Rain, Partially cloudy",Partly cloudy throughout the day with rain clearing later.,rain,"65213099999,DNMM,remote,65201099999"
Lagos,2017-09-23,31,23.9,27,35.3,23.9,28.6,23.2,80.9,0,0,0,,0,0,30.6,22.3,248.4,1014.7,56.2,9.8,225.8,19.5,9,,2017-09-23T06:35:28,2017-09-23T18:41:57,0.1,Partially cloudy,Partly cloudy throughout the day.,partly-cloudy-day,"65210099999,DNMM,remote,65201099999"
Lagos,2017-09-24,29,21.8,25.3,32.5,21.8,25.9,22.9,87.5,49,100,8.33,rain,0,0,26.3,27.7,261.9,1014.5,52,9.1,194.5,16.7,8,,2017-09-24T06:35:18,2017-09-24T18:41:26,0.14,"Rain, Partially cloudy",Partly cloudy throughout the day with rain in the morning and afternoon.,rain,"65210099999,DNMM,65201099999"
Lagos,2017-09-25,31,23.2,26.7,36.5,23.2,28.7,24,85.6,0.1,100,4.17,rain,0,0,25.2,24.1,262.7,1013,60.5,9,183.6,15.9,7,,2017-09-25T06:35:08,2017-09-25T18:40:54,0.17,"Rain, Partially cloudy",Partly cloudy throughout the day with late afternoon rain.,rain,"DNMM,remote,65201099999"
Lagos,2017-09-26,25,22.8,24.1,25,22.8,24.1,23.2,95.1,4,100,4.17,rain,0,0,27,27.7,275.6,1012.1,52.4,6.5,173.1,15,7,,2017-09-26T06:34:58,2017-09-26T18:40:23,0.2,"Rain, Partially cloudy",Partly cloudy throughout the day with afternoon rain.,rain,"65210099999,DNMM,65201099999"
Lagos,2017-09-27,31,22,26.4,36.5,22,28.1,23,83.4,0,0,0,,0,0,27.4,24.1,272.2,1012.4,41.9,7.8,192.5,16.6,8,,2017-09-27T06:34:48,2017-09-27T18:39:52,0.23,Partially cloudy,Partly cloudy throughout the day.,partly-cloudy-day,"65210099999,65213099999,DNMM,remote,65201099999"
Lagos,2017-09-28,29,22,25.5,32.7,22,26.3,23.4,88.5,0.2,100,4.17,rain,0,0,29.9,20.5,265,1013.5,51.3,9.1,159.4,13.6,6,,2017-09-28T06:34:38,2017-09-28T18:39:21,0.25,"Rain, Partially cloudy",Partly cloudy throughout the day with early morning rain.,rain,"65210099999,DNMM,remote,65201099999"
Lagos,2017-09-29,29,24.2,26.2,33.6,24.2,27.7,24.1,88.5,1,100,4.17,rain,0,0,22.7,137.2,246.6,1013.2,63.4,8.6,113.7,10.1,4,,2017-09-29T06:34:28,2017-09-29T18:38:51,0.3,"Rain, Partially cloudy",Partly cloudy throughout the day with afternoon rain.,rain,"DNMM,remote,65201099999"
Lagos,2017-09-30,32,22,26.6,36.8,22,28.1,23.2,82.8,6,100,4.17,rain,0,0,22.7,27.7,237.3,1012.2,55.9,8.6,218.4,19,8,,2017-09-30T06:34:19,2017-09-30T18:38:20,0.33,"Rain, Partially cloudy",Partly cloudy throughout the day with afternoon rain.,rain,"DNMM,remote,65201099999"
Lagos,2017-10-01,56,24,28.8,56,24,31.2,24,79.4,0,0,0,,0,0,26.6,25.9,255.6,1012.2,51.6,9,214.7,18.5,8,,2017-10-01T06:34:10,2017-10-01T18:37:50,0.36,Partially cloudy,Partly cloudy throughout the day.,partly-cloudy-day,"DNMM,65201099999"
Lagos,2017-10-02,29,23.9,26,34.3,23.9,27,23.6,86.7,5,100,4.17,rain,0,0,30.2,18.4,260.9,1011.8,53.4,9.7,236.2,20.4,9,,2017-10-02T06:34:01,2017-10-02T18:37:21,0.39,"Rain, Partially cloudy",Partly cloudy throughout the day with afternoon rain.,rain,"DNMM,remote,65201099999"
Lagos,2017-10-03,31.1,22,26.4,37.7,22,28.4,23.4,84.7,0,0,0,,0,0,28.1,24.1,272.1,1011,41.9,8.9,199.2,17.4,7,,2017-10-03T06:33:53,2017-10-03T18:36:51,0.43,Partially cloudy,Partly cloudy throughout the day.,partly-cloudy-day,"65210099999,DNMM,remote,65201099999"
Lagos,2017-10-04,30.1,22.8,26.4,36.3,22.8,28.3,24,87.2,25,100,4.17,rain,0,0,44.6,25.9,261.7,1012.3,60.9,9,153.8,13.3,6,,2017-10-04T06:33:45,2017-10-04T18:36:22,0.46,"Rain, Partially cloudy",Partly cloudy throughout the day with morning rain.,rain,"DNMM,remote,65201099999"
Lagos,2017-10-05,30,24,26.2,36.2,24,27.8,23.9,87.4,1,100,4.17,rain,0,0,24.8,25.9,255.9,1012.1,63.7,8.7,114.2,9.6,5,,2017-10-05T06:33:37,2017-10-05T18:35:54,0.5,"Rain, Partially cloudy",Partly cloudy throughout the day with late afternoon rain.,rain,"65210099999,DNMM,remote,65201099999"
Lagos,2017-10-06,31,23.9,26.9,37.7,23.9,29.3,24.2,85.8,0.2,100,8.33,rain,0,0,30.6,27.7,269.6,1011.7,60.5,8.6,216.3,18.7,8,,2017-10-06T06:33:29,2017-10-06T18:35:26,0.52,"Rain, Partially cloudy",Partly cloudy throughout the day with early morning rain.,rain,"DNMM,remote,65201099999"
Lagos,2017-10-07,30,23.9,25.8,36.2,23.9,26.7,24,90.5,27,100,4.17,rain,0,0,24.5,22.3,266.3,1011.7,68.4,8.2,115.1,10,4,,2017-10-07T06:33:22,2017-10-07T18:34:58,0.56,"Rain, Partially cloudy",Partly cloudy throughout the day with late afternoon rain.,rain,"65210099999,DNMM,remote,65201099999"
Lagos,2017-10-08,28,23.8,25.8,32.7,23.8,27,23.8,89.2,0.7,100,4.17,rain,0,0,23.4,18.4,269.5,1012.5,66.9,8.9,85.1,7.2,3,,2017-10-08T06:33:16,2017-10-08T18:34:30,0.6,"Rain, Partially cloudy",Partly cloudy throughout the day with early morning rain.,rain,"DNMM,remote,65201099999"
Lagos,2017-10-09,32,24.9,27.4,39.2,24.9,30.2,24.6,85.5,0.1,100,4.17,rain,0,0,25.9,24.1,255.8,1012,53.1,9.3,217.6,18.7,7,,2017-10-09T06:33:09,2017-10-09T18:34:03,0.63,"Rain, Partially cloudy",Partly cloudy throughout the day with afternoon rain.,rain,"DNMM,remote,65201099999"
Lagos,2017-10-10,31,21.9,26.5,37.7,21.9,28.8,24,87,35,100,4.17,rain,0,0,27.7,25.9,263.7,1011.8,64.2,8.3,206.5,17.8,7,,2017-10-10T06:33:03,2017-10-10T18:33:37,0.67,"Rain, Partially cloudy",Partly cloudy throughout the day with late afternoon rain.,rain,"DNMM,65201099999"
Lagos,2017-10-11,30,22,25.9,36.1,22,27.8,23.6,87.7,0,0,0,,0,0,29.9,24.1,261.8,1012.8,55.6,8.2,179.5,15.4,7,,2017-10-11T06:32:58,2017-10-11T18:33:11,0.7,Partially cloudy,Partly cloudy throughout the day.,partly-cloudy-day,"65210099999,DNMM,65201099999"
Lagos,2017-10-12,28,22,24.9,32.7,22,25.4,23.6,92.6,17,100,4.17,rain,0,0,25.6,20.5,259.5,1013.4,58.3,8.7,163.9,14.1,7,,2017-10-12T06:32:53,2017-10-12T18:32:46,0.75,"Rain, Partially cloudy",Partly cloudy throughout the day with late afternoon rain.,rain,"DNMM,remote,65201099999"
Lagos,2017-10-13,31,24,26.6,39,24,28.9,24.1,86.3,0,0,0,,0,0,27,18.4,269.6,1012.5,65.1,8.8,190.4,16.3,8,,2017-10-13T06:32:48,2017-10-13T18:32:21,0.77,Partially cloudy,Partly cloudy throughout the day.,partly-cloudy-day,"DNMM,remote,65201099999"
Lagos,2017-10-14,32,24,27.3,37.9,24,29.5,23.9,82.7,0,0,0,,0,0,19.4,22.3,242.9,1012.7,58.4,8.2,163.9,14.1,6,,2017-10-14T06:32:44,2017-10-14T18:31:57,0.81,Partially cloudy,Partly cloudy throughout the day.,partly-cloudy-day,"DNMM,remote,65201099999"
Lagos,2017-10-15,31,24.9,27.4,38,24.9,30.2,24.5,84.8,0.1,100,4.17,rain,0,0,27,22.3,252.4,1012.9,55.7,8.8,225.3,19.4,8,,2017-10-15T06:32:41,2017-10-15T18:31:33,0.85,"Rain, Partially cloudy",Partly cloudy throughout the day with morning rain.,rain,"65210099999,65213099999,DNMM,remote,65201099999"
Lagos,2017-10-16,31,25,27.3,37.7,25,29.9,24.8,86.7,0.2,100,4.17,rain,0,0,22.7,20.5,268,1014,61.5,9.8,196.8,16.9,8,,2017-10-16T06:32:38,2017-10-16T18:31:10,0.88,"Rain, Partially cloudy",Partly cloudy throughout the day with morning rain.,rain,"DNMM,remote,65201099999"
Lagos,2017-10-17,32.1,25,27.8,40.6,25,31.5,25.2,86.5,2,100,4.17,rain,0,0,30.2,24.1,267.5,1014.2,58.1,8.6,214.1,18.3,9,,2017-10-17T06:32:35,2017-10-17T18:30:47,0.92,"Rain, Partially cloudy",Partly cloudy throughout the day with late afternoon rain.,rain,"65210099999,DNMM,65201099999"
Lagos,2017-10-18,28,25,26.7,32.9,25,28.9,25.1,90.9,0,0,0,,0,0,24.8,18.4,255.7,1014,64.2,7.9,117.2,10.1,4,,2017-10-18T06:32:33,2017-10-18T18:30:26,0.95,Partially cloudy,Partly cloudy throughout the day.,partly-cloudy-day,"DNMM,remote,65201099999"
Lagos,2017-10-19,30,24,26.8,36.2,24,29.1,24.1,86.1,0,0,0,,0,0,23.8,16.6,270.8,1013.8,56,6.7,225.9,19.6,8,,2017-10-19T06:32:32,2017-10-19T18:30:04,0,Partially cloudy,Partly cloudy throughout the day.,partly-cloudy-day,"65210099999,DNMM,65201099999"
Lagos,2017-10-20,31,24.9,27.6,36.5,24.9,30.6,24.6,84.2,0.1,100,4.17,rain,0,0,27.4,20.5,257,1013.3,65.9,7.7,229.3,19.7,8,,2017-10-20T06:32:31,2017-10-20T18:29:44,0.02,"Rain, Partially cloudy",Partly cloudy throughout the day with morning rain.,rain,"DNMM,remote,65201099999"
Lagos,2017-10-21,32,24,27.8,39.2,24,31.2,24.7,83.9,0.1,100,4.17,rain,0,0,26.6,27.7,262.4,1013.5,57.4,7.7,190.3,16.3,8,,2017-10-21T06:32:31,2017-10-21T18:29:24,0.05,"Rain, Partially cloudy",Partly cloudy throughout the day with afternoon rain.,rain,"65210099999,DNMM,remote,65201099999"
Lagos,2017-10-22,30.8,24,27.1,36.3,24,29.7,24.8,87.6,11,100,4.17,rain,0,0,33.8,25.9,268.7,1013.5,54.5,8.7,167.5,14.4,6,,2017-10-22T06:32:31,2017-10-22T18:29:05,0.09,"Rain, Partially cloudy",Partly cloudy throughout the day with late afternoon rain.,rain,"65210099999,65213099999,DNMM,65201099999"
Lagos,2017-10-23,31,25.8,27.5,38.7,25.8,30.2,25,86.8,5,100,4.17,rain,0,0,24.5,27.7,257.6,1012.5,60.4,8.9,188.7,16.3,7,,2017-10-23T06:32:33,2017-10-23T18:28:47,0.12,"Rain, Partially cloudy",Partly cloudy throughout the day with late afternoon rain.,rain,"DNMM,remote,65201099999"
Lagos,2017-10-24,32,24.1,27.7,39.2,24.1,31.2,24.7,84.2,0,0,0,,0,0,29.5,18.4,265.1,1011.7,58.6,8.8,217.6,19,8,,2017-10-24T06:32:34,2017-10-24T18:28:30,0.15,Partially cloudy,Partly cloudy throughout the day.,partly-cloudy-day,"DNMM,remote,65201099999"
Lagos,2017-10-25,34,25,28.2,40.6,25,31.7,24.8,83.1,0,0,0,,0,0,24.5,22.3,251.4,1011.8,54.9,8.6,186.5,16.1,7,,2017-10-25T06:32:37,2017-10-25T18:28:13,0.18,Partially cloudy,Partly cloudy throughout the day.,partly-cloudy-day,"DNMM,remote,65201099999"
Lagos,2017-10-26,33,25.1,28.5,40.6,25.1,32.8,25.2,83.4,0,0,0,,0,0,22.3,27.7,259.8,1012.1,57.4,9.6,187.3,16.1,7,,2017-10-26T06:32:40,2017-10-26T18:27:57,0.22,Partially cloudy,Partly cloudy throughout the day.,partly-cloudy-day,"65210099999,DNMM,65201099999"
Lagos,2017-10-27,31.4,24,26.3,39.1,24,28.8,25,93.1,32,100,8.33,rain,0,0,46.4,18.4,264.3,1011.8,55.9,8.5,174.7,15.1,7,,2017-10-27T06:32:43,2017-10-27T18:27:42,0.25,"Rain, Partially cloudy",Partly cloudy throughout the day with rain.,rain,"DNMM,65201099999"
Lagos,2017-10-28,30,25,27.1,36.8,25,29.5,24.9,87.9,0.6,100,8.33,rain,0,0,27,20.5,255.2,1011.1,60.3,8.7,191.5,16.5,7,,2017-10-28T06:32:48,2017-10-28T18:27:28,0.28,"Rain, Partially cloudy",Partly cloudy throughout the day with afternoon rain.,rain,"65210099999,DNMM,remote,65201099999"
Lagos,2017-10-29,32.1,24,27.7,39.3,24,31.1,24.5,84.1,0,0,0,,0,0,22.7,18.4,264.9,1011.2,52.9,7.2,219.6,19.1,8,,2017-10-29T06:32:53,2017-10-29T18:27:14,0.31,Partially cloudy,Partly cloudy throughout the day.,partly-cloudy-day,"65210099999,DNMM,65201099999"
Lagos,2017-10-30,33,25,28.5,42.1,25,32.9,25.3,83.5,0,0,0,,0,0,28.1,24.1,256.9,1010.7,59.5,8.3,213.9,18.5,7,,2017-10-30T06:32:59,2017-10-30T18:27:02,0.35,Partially cloudy,Partly cloudy throughout the day.,partly-cloudy-day,"65210099999,DNMM,remote,65201099999"
Lagos,2017-10-31,31,25.9,27.7,37.7,25.9,31.5,25.1,86,0.2,100,4.17,rain,0,0,24.5,20.5,245,1011.6,50.3,7.5,168.1,14.5,6,,2017-10-31T06:33:05,2017-10-31T18:26:50,0.38,"Rain, Partially cloudy",Partly cloudy throughout the day with morning rain.,rain,"DNMM,remote,65201099999"
Lagos,2017-11-01,31,25,27.3,37.7,25,30.1,24.8,86.3,0,0,0,,0,0,20.9,18.4,203,1011.7,61.3,8.3,144.7,12.4,5,,2017-11-01T06:33:12,2017-11-01T18:26:40,0.41,Partially cloudy,Partly cloudy throughout the day.,partly-cloudy-day,"65210099999,DNMM,remote,65201099999"
Lagos,2017-11-02,30.8,24.8,27.1,37.3,24.8,29.7,24.3,84.7,0,0,0,,0,0,26.3,14.8,220.7,1012.4,56.6,7.6,185.7,15.9,7,,2017-11-02T06:33:20,2017-11-02T18:26:30,0.44,Partially cloudy,Partly cloudy throughout the day.,partly-cloudy-day,"DNMM,65201099999"
Lagos,2017-11-03,32,24,27.9,39.2,24,31.3,24.5,82.9,0,0,0,,0,0,23.4,16.6,245.7,1011.6,56.2,8.5,198.2,17,8,,2017-11-03T06:33:29,2017-11-03T18:26:21,0.48,Partially cloudy,Partly cloudy throughout the day.,partly-cloudy-day,"DNMM,65201099999"
Lagos,2017-11-04,31,23,26.4,37.7,23,28.6,24.5,90,12,100,8.33,rain,0,0,25.2,55.4,231.9,1012.4,56.9,8.4,178.7,15.3,7,,2017-11-04T06:33:39,2017-11-04T18:26:13,0.5,"Rain, Partially cloudy",Partly cloudy throughout the day with rain.,rain,"DNMM,65201099999"
Lagos,2017-11-05,29.5,23.9,26.3,34.8,23.9,28.3,24.3,89.3,1.7,100,29.17,rain,0,0,25.6,11.9,227.2,1011.6,63.8,6.3,185.6,15.9,7,,2017-11-05T06:33:49,2017-11-05T18:26:06,0.54,"Rain, Partially cloudy",Partly cloudy throughout the day with rain.,rain,"DNMM,remote,65201099999"
Lagos,2017-11-06,28.6,25.2,26.8,33.5,25.2,28.9,24.1,85.5,2.3,100,54.17,rain,0,0,25.9,14,214.5,1010,71.9,,182.5,15.7,6,,2017-11-06T06:34:00,2017-11-06T18:26:00,0.58,"Rain, Partially cloudy",Partly cloudy throughout the day with a chance of rain throughout the day.,rain,remote
Lagos,2017-11-07,29.6,25.7,27.6,35.6,25.7,30.6,24.7,84.2,1.3,100,37.5,rain,0,0,28.1,11.9,227,1009.5,71.5,,223.7,19.3,8,,2017-11-07T06:34:11,2017-11-07T18:25:55,0.61,"Rain, Partially cloudy",Partly cloudy throughout the day with a chance of rain throughout the day.,rain,remote
Lagos,2017-11-08,29.5,25.9,27.6,35,25.9,31,24.8,85,1.1,100,29.17,rain,0,0,25.9,14.4,224.6,1009.7,46.2,,205.4,17.5,8,,2017-11-08T06:34:24,2017-11-08T18:25:51,0.65,"Rain, Partially cloudy",Partly cloudy throughout the day with rain in the morning and afternoon.,rain,remote
Lagos,2017-11-09,29.3,26.1,27.6,34.8,26.1,31.2,24.8,84.6,1.6,100,45.83,rain,0,0,26.6,15.1,221.7,1010.2,93.6,,207.3,17.8,8,,2017-11-09T06:34:37,2017-11-09T18:25:47,0.68,"Rain, Overcast",Cloudy skies throughout the day with rain in the morning and afternoon.,rain,remote
Lagos,2017-11-10,29.9,25.4,27.6,36.6,25.4,31.1,24.8,85.1,2.3,100,41.67,rain,0,0,29.2,16.2,228.1,1010.1,63.6,8,215.1,18.4,7,,2017-11-10T06:34:51,2017-11-10T18:25:45,0.75,"Rain, Partially cloudy",Partly cloudy throughout the day with a chance of rain throughout the day.,rain,"remote,65201099999"
Lagos,2017-11-11,29.6,25.9,27.4,36.3,25.9,30.4,24.9,86.3,2,100,50,rain,0,0,29.2,14.8,227.3,1009.9,64.1,,208.9,17.9,7,,2017-11-11T06:35:05,2017-11-11T18:25:44,0.75,"Rain, Partially cloudy",Partly cloudy throughout the day with a chance of rain throughout the day.,rain,remote
Lagos,2017-11-12,28.7,26,27.2,35,26,29.9,24.8,86.8,4.8,100,37.5,rain,0,0,21.2,12.2,209.5,1009.5,57.2,,162.9,14.2,5,,2017-11-12T06:35:21,2017-11-12T18:25:44,0.79,"Rain, Partially cloudy",Partly cloudy throughout the day with rain in the morning and afternoon.,rain,remote
Lagos,2017-11-13,29.7,25.9,27.6,36,25.9,31.1,24.8,84.9,6.8,100,41.67,rain,0,0,23.4,12.2,208.5,1009,46.4,,195.6,16.8,7,,2017-11-13T06:35:37,2017-11-13T18:25:45,0.82,"Rain, Partially cloudy",Partly cloudy throughout the day with a chance of rain throughout the day.,rain,remote
Lagos,2017-11-14,29,26,27.4,34.5,26,30.6,24.9,86.4,7.7,100,41.67,rain,0,0,22.7,15.5,214.1,1008.6,46.4,,183.8,15.7,7,,2017-11-14T06:35:54,2017-11-14T18:25:46,0.86,"Rain, Partially cloudy",Partly cloudy throughout the day with rain in the morning and afternoon.,rain,remote
Lagos,2017-11-15,29.6,26.3,27.4,36,26.3,30.8,24.9,86.2,9.3,100,50,rain,0,0,25.6,14.4,232.3,1009,82.3,,165.3,14.2,6,,2017-11-15T06:36:11,2017-11-15T18:25:49,0.89,"Rain, Partially cloudy",Partly cloudy throughout the day with rain.,rain,remote
Lagos,2017-11-16,28.5,26.2,27.3,34,26.2,30.3,25,87.4,5.6,100,50,rain,0,0,29.2,15.1,236,1009.6,98.1,,175.3,15.2,6,,2017-11-16T06:36:29,2017-11-16T18:25:53,0.93,"Rain, Overcast",Cloudy skies throughout the day with a chance of rain throughout the day.,rain,remote
Lagos,2017-11-17,29,26.1,27.3,34.6,26.1,30.3,24.7,86,2.9,100,58.33,rain,0,0,28.4,15.1,228.7,1009,72.9,,178.5,15.4,7,,2017-11-17T06:36:48,2017-11-17T18:25:58,0.96,"Rain, Partially cloudy",Partly cloudy throughout the day with a chance of rain throughout the day.,rain,remote
Lagos,2017-11-18,28.8,25.8,27,34.6,25.8,29.6,24.8,87.8,3.4,100,62.5,rain,0,0,29.2,16.2,228.8,1009.5,83.5,,175.8,15.1,6,,2017-11-18T06:37:08,2017-11-18T18:26:03,0,"Rain, Partially cloudy",Partly cloudy throughout the day with a chance of rain throughout the day.,rain,remote
Lagos,2017-11-19,28.1,25.9,26.8,32.8,25.9,28,24.4,86.9,5.4,100,70.83,rain,0,0,25.9,14.4,205,1009.8,85.1,,150.7,13.1,6,,2017-11-19T06:37:28,2017-11-19T18:26:10,0.03,"Rain, Partially cloudy",Partly cloudy throughout the day with a chance of rain throughout the day.,rain,remote
Lagos,2017-11-20,28.8,25.4,26.9,33.9,25.4,29.2,24.5,86.7,5.7,100,50,rain,0,0,19.8,11.9,203.5,1010.5,82.7,,170.4,14.7,6,,2017-11-20T06:37:49,2017-11-20T18:26:18,0.06,"Rain, Partially cloudy",Partly cloudy throughout the day with a chance of rain throughout the day.,rain,remote
Lagos,2017-11-21,29.1,25,26.9,35.1,25,29.5,24.4,86.3,3.7,100,37.5,rain,0,0,23.4,11.2,231.3,1009.9,66.1,,192.7,16.6,8,,2017-11-21T06:38:11,2017-11-21T18:26:26,0.1,"Rain, Partially cloudy",Partly cloudy throughout the day with rain in the morning and afternoon.,rain,remote
Lagos,2017-11-22,28,25.5,26.7,32.5,25.5,28,24.5,87.7,9,100,58.33,rain,0,0,24.1,13.7,207.6,1009.9,69.3,,175.4,15.1,7,,2017-11-22T06:38:33,2017-11-22T18:26:36,0.13,"Rain, Partially cloudy",Partly cloudy throughout the day with a chance of rain throughout the day.,rain,remote
Lagos,2017-11-23,28.9,25.4,26.7,34.1,25.4,28.1,24.4,87.3,4.7,100,62.5,rain,0,0,25.2,11.9,204.8,1010.6,75.8,,181.2,15.7,7,,2017-11-23T06:38:56,2017-11-23T18:26:46,0.16,"Rain, Partially cloudy",Partly cloudy throughout the day with a chance of rain throughout the day.,rain,remote
Lagos,2017-11-24,31.7,25.9,27.4,38.9,25.9,30.3,24.5,84.3,1.3,100,50,rain,0,0,23,11.9,226,1011.1,64,10,196.6,17.1,8,,2017-11-24T06:39:19,2017-11-24T18:26:58,0.2,"Rain, Partially cloudy",Partly cloudy throughout the day with a chance of rain throughout the day.,rain,"remote,65201099999"
Lagos,2017-11-25,28.4,25.3,26.9,33.3,25.3,29.2,24.4,86.4,1.4,100,45.83,rain,0,0,27.4,11.9,225.7,1011.5,76.8,,185.1,16.1,7,,2017-11-25T06:39:43,2017-11-25T18:27:10,0.23,"Rain, Partially cloudy",Partly cloudy throughout the day with a chance of rain throughout the day.,rain,remote
Lagos,2017-11-26,29.6,25.2,27.2,33.9,25.2,29.2,24,83.2,0.1,100,4.17,rain,0,0,20.2,13,225.4,1011.7,32.8,,237.6,20.5,8,,2017-11-26T06:40:08,2017-11-26T18:27:24,0.25,"Rain, Partially cloudy",Clearing in the afternoon with afternoon rain.,rain,remote
Lagos,2017-11-27,33,25.2,28.1,40.6,25.2,30.8,24.3,81,0.2,100,8.33,rain,0,0,24.1,14.8,234.9,1012.9,43.8,10,212,18.3,8,,2017-11-27T06:40:33,2017-11-27T18:27:38,0.3,"Rain, Partially cloudy",Partly cloudy throughout the day with morning rain.,rain,"65210099999,DNMM,remote,65201099999"
Lagos,2017-11-28,33,24,27.8,38.8,24,30.8,24.3,82.3,0,0,0,,0,0,23.8,11.2,231.9,1013.5,45.7,9.1,241,20.8,9,,2017-11-28T06:40:59,2017-11-28T18:27:53,0.33,Partially cloudy,Partly cloudy throughout the day.,partly-cloudy-day,"65210099999,DNMM,65201099999"
Lagos,2017-11-29,33,24.1,28.1,39.3,24.1,31.2,24.5,82.3,0,0,0,,0,0,20.9,16.6,264.5,1013.3,48.4,7.4,234.2,20.2,8,,2017-11-29T06:41:25,2017-11-29T18:28:09,0.36,Partially cloudy,Partly cloudy throughout the day.,partly-cloudy-day,"DNMM,remote,65201099999"
Lagos,2017-11-30,33,25,28.3,40.6,25,32.1,24.7,82.2,0,0,0,,0,0,24.1,14.8,248.4,1013.6,48.5,7.6,229.7,19.9,8,,2017-11-30T06:41:52,2017-11-30T18:28:26,0.39,Partially cloudy,Partly cloudy throughout the day.,partly-cloudy-day,"DNMM,65201099999"
Lagos,2017-12-01,33.1,25,28.2,39.8,25,31.8,24.6,82,0,0,0,,0,0,25.9,16.6,225.1,1012.4,49.6,8.3,220.8,19.2,8,,2017-12-01T06:42:19,2017-12-01T18:28:44,0.43,Partially cloudy,Partly cloudy throughout the day.,partly-cloudy-day,"65210099999,DNMM,remote,65201099999"
Lagos,2017-12-02,33,25,28.3,39.3,25,32.3,24.8,82.3,0,0,0,,0,0,23.8,12.2,224.6,1011.4,50.2,8.3,199.2,17,8,,2017-12-02T06:42:47,2017-12-02T18:29:03,0.46,Partially cloudy,Partly cloudy throughout the day.,partly-cloudy-day,"DNMM,remote,65201099999"
Lagos,2017-12-03,34,24.2,28.4,40.6,24.2,32.1,24.8,82.1,0,0,0,,0,0,25.2,14.8,240.5,1011.7,49.7,9.3,202.2,17.4,7,,2017-12-03T06:43:14,2017-12-03T18:29:22,0.5,Partially cloudy,Partly cloudy throughout the day.,partly-cloudy-day,"DNMM,65201099999"
Lagos,2017-12-04,32.8,25.1,28.7,40.2,25.1,33.2,25.1,81.9,0,0,0,,0,0,26.3,16.6,185.8,1012.3,54.2,8,209.7,18.1,8,,2017-12-04T06:43:43,2017-12-04T18:29:42,0.53,Partially cloudy,Partly cloudy throughout the day.,partly-cloudy-day,"DNMM,65201099999"
Lagos,2017-12-05,33,25.8,28.7,42.1,25.8,33.2,25.2,82.3,0.1,100,4.17,rain,0,0,27,22.3,242.5,1011.7,43.7,8.2,205.3,17.6,8,,2017-12-05T06:44:11,2017-12-05T18:30:03,0.56,"Rain, Partially cloudy",Partly cloudy throughout the day with afternoon rain.,rain,"DNMM,remote,65201099999"
Lagos,2017-12-06,34,25,28.6,40.6,25,32.5,25,82.2,0,0,0,,0,0,28.4,18.4,222.1,1010.3,52.5,8.3,204.7,17.7,7,,2017-12-06T06:44:40,2017-12-06T18:30:25,0.6,Partially cloudy,Partly cloudy throughout the day.,partly-cloudy-day,"DNMM,65201099999"
Lagos,2017-12-07,33,25,26.8,42.1,25,29,24.6,88.1,0,0,0,,0,0,26.6,22.3,242.4,1010.3,56,8.2,194,16.9,7,,2017-12-07T06:45:10,2017-12-07T18:30:47,0.63,Partially cloudy,Partly cloudy throughout the day.,partly-cloudy-day,"DNMM,65201099999"
Lagos,2017-12-08,31,24.8,27.1,37.7,24.8,30.4,24.7,87.1,18,100,4.17,rain,0,0,23.8,14.8,230.7,1010.7,44.1,7.8,174.1,15,7,,2017-12-08T06:45:39,2017-12-08T18:31:10,0.66,"Rain, Partially cloudy",Partly cloudy throughout the day with early morning rain.,rain,"DNMM,65201099999"
Lagos,2017-12-09,27,24,25.3,31.2,24,25.7,23.9,92.3,1,100,4.17,rain,0,0,26.3,13,275.4,1011.7,65.5,6,163.7,14.1,6,,2017-12-09T06:46:09,2017-12-09T18:31:34,0.7,"Rain, Partially cloudy",Partly cloudy throughout the day with late afternoon rain.,rain,"DNMM,remote,65201099999"
Lagos,2017-12-10,31,23.9,26.7,35.5,23.9,28.3,22.8,80.4,0,0,0,,0,0,24.1,13,335.9,1011.8,33.3,2.6,122.2,10.6,5,,2017-12-10T06:46:39,2017-12-10T18:31:59,0.75,Partially cloudy,Partly cloudy throughout the day.,partly-cloudy-day,"DNMM,65201099999"
Lagos,2017-12-11,32,24.8,27.5,37.7,24.8,29.7,23.3,78.7,0,0,0,,0,0,20.2,14.8,210.2,1011.9,33.9,2.5,241.1,20.7,8,,2017-12-11T06:47:09,2017-12-11T18:32:24,0.77,Partially cloudy,Partly cloudy throughout the day.,partly-cloudy-day,"DNMM,remote,65201099999"
Lagos,2017-12-12,32,25,28.1,40.6,25,31.7,24.7,82.3,0,0,0,,0,0,21.2,9.4,175.3,1012.3,29.5,2.5,235.1,20.3,8,,2017-12-12T06:47:39,2017-12-12T18:32:49,0.8,Partially cloudy,Partly cloudy throughout the day.,partly-cloudy-day,"DNMM,65201099999"
Lagos,2017-12-13,34,25.8,28.6,39.6,25.8,31.5,23.9,77.6,0,0,0,,0,0,28.4,9.4,232.3,1012.1,32.6,1.6,245.2,21.2,8,,2017-12-13T06:48:10,2017-12-13T18:33:16,0.84,Partially cloudy,Partly cloudy throughout the day.,partly-cloudy-day,"DNMM,remote,65201099999"
Lagos,2017-12-14,33,24,27.9,39.3,24,30.9,24.4,82.2,0,0,0,,0,0,28.1,13,214.4,1012.3,37.4,2,198.3,17.1,7,,2017-12-14T06:48:40,2017-12-14T18:33:42,0.87,Partially cloudy,Partly cloudy throughout the day.,partly-cloudy-day,"DNMM,65201099999"
Lagos,2017-12-15,34,24.9,28.4,40.6,24.9,32,24.8,82.2,0,0,0,,0,0,26.6,18.4,244.1,1011.9,29.8,5,203.1,17.5,7,,2017-12-15T06:49:11,2017-12-15T18:34:10,0.9,Partially cloudy,Partly cloudy throughout the day.,partly-cloudy-day,"DNMM,remote,65201099999"
Lagos,2017-12-16,34,25.8,28.7,40.7,25.8,33,25.2,82.5,0,0,0,,0,0,31.3,16.6,216,1011.4,46.8,6.5,175.7,15.3,7,,2017-12-16T06:49:41,2017-12-16T18:34:37,0.94,Partially cloudy,Partly cloudy throughout the day.,partly-cloudy-day,"DNMM,65201099999"
Lagos,2017-12-17,33,26,28.8,40.3,26,33.9,25.5,83.6,0,0,0,,0,0,29.9,13,212.3,1011.7,50.5,7.3,194.4,16.6,7,,2017-12-17T06:50:11,2017-12-17T18:35:06,0.97,Partially cloudy,Partly cloudy throughout the day.,partly-cloudy-day,"DNMM,65201099999"
Lagos,2017-12-18,33,27,29,40.6,30.6,34.5,24.9,82.2,0,0,0,,0,0,31.7,16.6,187.5,1011.7,61.3,7.6,203.5,17.6,7,,2017-12-18T06:50:42,2017-12-18T18:35:34,0,Partially cloudy,Partly cloudy throughout the day.,partly-cloudy-day,"DNMM,65201099999"
Lagos,2017-12-19,31,26,28.1,37.7,26,32.7,25.5,86.3,5,100,4.17,rain,0,0,31,14.8,198.3,1011.4,54.4,7.5,174.9,15.1,6,,2017-12-19T06:51:12,2017-12-19T18:36:03,0.04,"Rain, Partially cloudy",Partly cloudy throughout the day with late afternoon rain.,rain,"DNMM,65201099999"
Lagos,2017-12-20,32,25.1,28.1,39.2,25.1,32.3,25.3,85.7,4,100,4.17,rain,0,0,25.9,13,217.3,1011.4,47.6,8.2,179.2,15.7,6,,2017-12-20T06:51:42,2017-12-20T18:36:32,0.07,"Rain, Partially cloudy",Partly cloudy throughout the day with late afternoon rain.,rain,"DNMM,65201099999"
Lagos,2017-12-21,32,25.8,28.3,39.3,25.8,32,25.1,83.7,0,0,0,,0,0,29.2,14.8,228.6,1011.8,51.3,8.5,190.4,16.5,7,,2017-12-21T06:52:12,2017-12-21T18:37:02,0.11,Partially cloudy,Partly cloudy throughout the day.,partly-cloudy-day,"DNMM,65201099999"
Lagos,2017-12-22,32,24.9,27.8,36.8,24.9,30.1,23.5,79.3,0,0,0,,0,0,34.9,18,241.5,1012.4,44.3,8.5,176.9,15.3,6,,2017-12-22T06:52:42,2017-12-22T18:37:32,0.14,Partially cloudy,Partly cloudy throughout the day.,partly-cloudy-day,"DNMM,remote,65201099999"
Lagos,2017-12-23,32,22,26.3,32.2,22,26.5,19.6,70.6,0,0,0,,0,0,27.7,12.2,256.8,1012.1,37.2,6.6,198.7,17.2,7,,2017-12-23T06:53:11,2017-12-23T18:38:02,0.17,Partially cloudy,Partly cloudy throughout the day.,partly-cloudy-day,"DNMM,remote,65201099999"
Lagos,2017-12-24,33,20.2,25.9,34.6,20.2,26.3,18.4,65.2,0,0,0,,0,0,28.1,14.8,172.8,1011.7,28.8,5,233.9,20.3,8,,2017-12-24T06:53:41,2017-12-24T18:38:32,0.21,Partially cloudy,Partly cloudy throughout the day.,partly-cloudy-day,"DNMM,65201099999"
Lagos,2017-12-25,33,20.8,26.5,35.3,20.8,27.3,19.5,67.5,0,0,0,,0,0,22,13,55.8,1012,29.2,4.9,239,20.8,8,,2017-12-25T06:54:10,2017-12-25T18:39:03,0.24,Partially cloudy,Partly cloudy throughout the day.,partly-cloudy-day,"DNMM,65201099999"
Lagos,2017-12-26,33,21,26.7,33.4,21,27.1,19,65.9,0,0,0,,0,0,24.8,16.6,44.8,1011.8,21.7,3.8,243.8,21,9,,2017-12-26T06:54:38,2017-12-26T18:39:34,0.25,Partially cloudy,Partly cloudy throughout the day.,partly-cloudy-day,"DNMM,65201099999"
Lagos,2017-12-27,34,21.8,26.6,33.7,21.8,26.6,18.1,63.5,0,0,0,,0,0,24.1,13,83.4,1011.4,26.5,2.1,248.2,21.7,9,,2017-12-27T06:55:06,2017-12-27T18:40:04,0.31,Partially cloudy,Partly cloudy throughout the day.,partly-cloudy-day,"DNMM,remote,65201099999"
Lagos,2017-12-28,33,21.1,26.5,34.9,21.1,27.4,20.4,71.2,0,0,0,,0,0,33.5,9.4,267.5,1011.6,25,1.4,248.6,21.5,9,,2017-12-28T06:55:34,2017-12-28T18:40:35,0.34,Partially cloudy,Partly cloudy throughout the day.,partly-cloudy-day,"DNMM,65201099999"
Lagos,2017-12-29,33,24,27.4,36.8,24,29.1,22.8,77.9,0,0,0,,0,0,27,13,225.4,1012.4,27.5,2.3,232.2,20,9,,2017-12-29T06:56:02,2017-12-29T18:41:06,0.38,Partially cloudy,Partly cloudy throughout the day.,partly-cloudy-day,"DNMM,65201099999"
Lagos,2017-12-30,33,25,28.1,38.1,25,30.6,24,79.8,0,0,0,,0,0,26.6,11.2,223.2,1013.1,27.9,3.4,236.5,20.5,9,,2017-12-30T06:56:29,2017-12-30T18:41:37,0.41,Partially cloudy,Partly cloudy throughout the day.,partly-cloudy-day,"DNMM,65201099999"
Lagos,2017-12-31,34,24.9,28.1,33,24.9,28.2,20.4,69,0,0,0,,0,0,26.3,16.6,350.1,1012.8,33.9,5.4,245.3,21.3,9,,2017-12-31T06:56:55,2017-12-31T18:42:08,0.44,Partially cloudy,Partly cloudy throughout the day.,partly-cloudy-day,"DNMM,remote,65201099999"
