name,datetime,tempmax,tempmin,temp,feelslikemax,feelslikemin,feelslike,dew,humidity,precip,precipprob,precipcover,preciptype,snow,snowdepth,windgust,windspeed,winddir,sealevelpressure,cloudcover,visibility,solarradiation,solarenergy,uvindex,severerisk,sunrise,sunset,moonphase,conditions,description,icon,stations
lagos,2018-01-01,33,19,26,32.6,19,25.9,16.5,59.7,0,0,0,,0,0,14,14.8,65.1,1012.5,27.5,3.2,0,0,0,,2018-01-01T06:57:21,2018-01-01T18:42:39,0.48,Partially cloudy,Partly cloudy throughout the day.,partly-cloudy-day,"DNMM,65201099999"
lagos,2018-01-02,32,20.9,26,31.3,20.9,25.8,16.9,61.2,0,0,0,,0,0,25.9,14.8,44.1,1011.9,28.8,1.5,261.2,21.6,9,,2018-01-02T06:57:46,2018-01-02T18:43:10,0.5,Partially cloudy,Partly cloudy throughout the day.,partly-cloudy-day,"DNMM,remote,65201099999"
lagos,2018-01-03,33,21.8,26.7,32.3,21.8,26.4,15.4,54.6,0,0,0,,0,0,25.9,24.1,46.6,1012.6,25,1,259.4,22.5,9,,2018-01-03T06:58:11,2018-01-03T18:43:40,0.55,Partially cloudy,Partly cloudy throughout the day.,partly-cloudy-day,"DNMM,65201099999"
lagos,2018-01-04,34,20,26.5,33,20,26.1,15.5,55.3,0,0,0,,0,0,28.4,16.6,74.5,1013.6,28.3,2.3,262.2,22.6,9,,2018-01-04T06:58:36,2018-01-04T18:44:11,0.58,Partially cloudy,Partly cloudy throughout the day.,partly-cloudy-day,"65202099999,DNMM,65201099999"
lagos,2018-01-05,33,19,25.6,31.5,19,25.2,14.3,54.2,0,0,0,,0,0,24.5,18.4,109.8,1013.7,25.8,4.8,263.4,22.6,9,,2018-01-05T06:58:59,2018-01-05T18:44:41,0.61,Partially cloudy,Partly cloudy throughout the day.,partly-cloudy-day,"DNMM,65201099999"
lagos,2018-01-06,33,19.8,25.4,32.3,19.8,25.5,17.8,65.9,0,0,0,,0,0,29.9,13,255.5,1013.2,27.9,3.8,254.1,21.8,9,,2018-01-06T06:59:22,2018-01-06T18:45:11,0.65,Partially cloudy,Partly cloudy throughout the day.,partly-cloudy-day,"DNMM,65201099999"
lagos,2018-01-07,32,21.9,26.6,34.9,21.9,28,22.2,78.5,0,0,0,,0,0,29.5,11.2,211.5,1012.7,32.7,2,239.3,20.5,8,,2018-01-07T06:59:44,2018-01-07T18:45:41,0.68,Partially cloudy,Partly cloudy throughout the day.,partly-cloudy-day,"65210099999,DNMM,remote,65201099999"
lagos,2018-01-08,34,24,27.6,39.4,24,29.9,23.8,81.3,0,0,0,,0,0,31.7,13,184,1013.3,33.4,2.9,237.9,20.4,9,,2018-01-08T07:00:06,2018-01-08T18:46:10,0.75,Partially cloudy,Partly cloudy throughout the day.,partly-cloudy-day,"DNMM,65201099999"
lagos,2018-01-09,35,24,28,38.9,24,30.2,23.6,79.5,54.4,100,4.17,rain,0,0,29.9,17.3,197,1013.2,32.6,5.2,239.9,20.7,9,,2018-01-09T07:00:27,2018-01-09T18:46:40,0.75,"Rain, Partially cloudy",Partly cloudy throughout the day with morning rain.,rain,"DNMM,remote,65201099999"
lagos,2018-01-10,32.8,24.2,27.9,36.8,24.2,30.1,23.6,79.1,0,0,0,,0,0,30.2,13,220.1,1013.2,43.4,6.8,218.2,18.7,8,,2018-01-10T07:00:47,2018-01-10T18:47:09,0.78,Partially cloudy,Partly cloudy throughout the day.,partly-cloudy-day,"DNMM,remote,65201099999"
lagos,2018-01-11,34,24.8,28,39.4,24.8,30.6,23.9,80,0,0,0,,0,0,32.4,16.6,244.4,1012.4,32.7,6.3,217,18.7,8,,2018-01-11T07:01:06,2018-01-11T18:47:37,0.81,Partially cloudy,Partly cloudy throughout the day.,partly-cloudy-day,"DNMM,65201099999"
lagos,2018-01-12,35,25,28.3,41.2,25,31.2,24.4,81.4,0.1,100,4.17,rain,0,0,33.8,13,235,1012.5,43,6.9,209.6,18.2,8,,2018-01-12T07:01:25,2018-01-12T18:48:06,0.85,"Rain, Partially cloudy",Partly cloudy throughout the day with morning rain.,rain,"DNMM,remote,65201099999"
lagos,2018-01-13,34,24,28.3,39.1,24,31.1,24.1,80.3,0,0,0,,0,0,31,16.6,243.7,1012.2,34.6,7.5,232.1,19.9,9,,2018-01-13T07:01:42,2018-01-13T18:48:33,0.88,Partially cloudy,Partly cloudy throughout the day.,partly-cloudy-day,"DNMM,65201099999"
lagos,2018-01-14,33,24.9,28.2,38.1,24.9,30.8,24,79.7,0,0,0,,0,0,28.8,13,241.4,1012.1,46.7,7,211.1,18.2,8,,2018-01-14T07:01:59,2018-01-14T18:49:01,0.91,Partially cloudy,Partly cloudy throughout the day.,partly-cloudy-day,"DNMM,remote,65201099999"
lagos,2018-01-15,32.2,23.8,27.5,37.9,23.8,29.6,23.8,81.8,0,0,0,,0,0,31.7,13,220.6,1012.3,47.5,6.5,196.8,16.8,8,,2018-01-15T07:02:15,2018-01-15T18:49:28,0.95,Partially cloudy,Partly cloudy throughout the day.,partly-cloudy-day,"DNMM,remote,65201099999"
lagos,2018-01-16,33,24.1,27.8,39.3,24.1,30.4,24.3,82.7,0,0,0,,0,0,29.5,12.2,203.7,1012.7,45.6,7,215.8,18.6,7,,2018-01-16T07:02:31,2018-01-16T18:49:54,0.98,Partially cloudy,Partly cloudy throughout the day.,partly-cloudy-day,"DNMM,remote,65201099999"
lagos,2018-01-17,34,24.9,28,40,24.9,30.6,24,80.4,0,0,0,,0,0,31.3,15.8,255.8,1012,39.2,6.5,231.7,19.9,8,,2018-01-17T07:02:45,2018-01-17T18:50:20,0,Partially cloudy,Partly cloudy throughout the day.,partly-cloudy-day,"DNMM,remote,65201099999"
lagos,2018-01-18,35,25,28.7,39.6,25,31.9,24.3,79.4,0,0,0,,0,0,32,14.8,224.7,1011.9,48.4,7.4,232.2,20.1,8,,2018-01-18T07:02:58,2018-01-18T18:50:45,0.05,Partially cloudy,Partly cloudy throughout the day.,partly-cloudy-day,"65202099999,DNMM,65201099999"
lagos,2018-01-19,34,25,28.6,39.4,25,32.3,24.2,78.7,0,0,0,,0,0,32,18.4,214.3,1012,48.4,7.2,225.8,19.6,8,,2018-01-19T07:03:11,2018-01-19T18:51:10,0.08,Partially cloudy,Partly cloudy throughout the day.,partly-cloudy-day,"65202099999,DNMM,remote,65201099999"
lagos,2018-01-20,34,24.9,28.7,40.6,24.9,32,24.3,79,0,0,0,,0,0,30.2,11.2,245.5,1011.5,51.4,7.4,224.3,19.6,8,,2018-01-20T07:03:23,2018-01-20T18:51:35,0.12,Partially cloudy,Partly cloudy throughout the day.,partly-cloudy-day,"DNMM,65201099999"
lagos,2018-01-21,33.8,25.8,28.8,39.2,25.8,32.9,24.5,78.7,0,0,0,,0,0,30.2,14.8,195.3,1011.5,48.2,7.8,220.1,18.8,8,,2018-01-21T07:03:33,2018-01-21T18:51:58,0.15,Partially cloudy,Partly cloudy throughout the day.,partly-cloudy-day,"DNMM,remote,65201099999"
lagos,2018-01-22,35.9,24.2,28.7,36.1,24.2,30.4,22.8,74.6,0,0,0,,0,0,34.6,14.8,280.3,1011.1,32.2,7.3,240.9,20.8,9,,2018-01-22T07:03:43,2018-01-22T18:52:21,0.19,Partially cloudy,Partly cloudy throughout the day.,partly-cloudy-day,"DNMM,remote,65201099999"
lagos,2018-01-23,33,25,27.7,37.1,25,29.6,23.5,79.8,0,0,0,,0,0,28.4,93.8,256.6,1011.5,42.8,6.6,184.8,15.8,8,,2018-01-23T07:03:52,2018-01-23T18:52:44,0.22,Partially cloudy,Partly cloudy throughout the day.,wind,"65202099999,DNMM,65201099999"
lagos,2018-01-24,34,24.8,28.3,39.2,24.8,30.7,23.7,78.4,0,0,0,,0,0,24.8,15.9,232.8,1011,43,6.7,219,19.1,8,,2018-01-24T07:04:00,2018-01-24T18:53:06,0.25,Partially cloudy,Partly cloudy throughout the day.,partly-cloudy-day,"65202099999,DNMM,remote,65201099999"
lagos,2018-01-25,33,24.2,27.9,33.3,24.2,28.4,20.9,70.5,0,0,0,,0,0,26.6,13,280.1,1010.7,45.6,3.9,240.5,20.7,9,,2018-01-25T07:04:07,2018-01-25T18:53:27,0.29,Partially cloudy,Partly cloudy throughout the day.,partly-cloudy-day,"DNMM,remote,65201099999"
lagos,2018-01-26,33,22,27,34.6,22,28.3,20.7,70.9,0,0,0,,0,0,29.2,13,187.2,1011.1,28.8,2.8,241.6,20.9,9,,2018-01-26T07:04:13,2018-01-26T18:53:48,0.32,Partially cloudy,Partly cloudy throughout the day.,partly-cloudy-day,"DNMM,65201099999"
lagos,2018-01-27,34,24,27.9,37.1,24,30,23.5,78.9,0,0,0,,0,0,30.6,9.4,272.4,1010.5,29.2,3.4,243.4,20.9,9,,2018-01-27T07:04:18,2018-01-27T18:54:08,0.36,Partially cloudy,Partly cloudy throughout the day.,partly-cloudy-day,"65202099999,DNMM,65201099999"
lagos,2018-01-28,34,24,28.2,39.4,24,30.6,23.8,79.4,0,0,0,,0,0,36.4,15.8,225.9,1010.4,34,5,247.7,21.6,9,,2018-01-28T07:04:22,2018-01-28T18:54:27,0.39,Partially cloudy,Partly cloudy throughout the day.,partly-cloudy-day,"65202099999,DNMM,remote,65201099999"
lagos,2018-01-29,34,25,28.7,40.6,25,32.3,24.4,79.5,0,0,0,,0,0,33.5,14.8,222.5,1011.2,36.9,5.7,241,20.9,9,,2018-01-29T07:04:25,2018-01-29T18:54:46,0.43,Partially cloudy,Partly cloudy throughout the day.,partly-cloudy-day,"65202099999,DNMM,65201099999"
lagos,2018-01-30,35,24.1,28.8,40.6,24.1,31.9,24.1,78.5,0,0,0,,0,0,31,13,253.3,1011.3,35.9,4.6,240.1,20.8,9,,2018-01-30T07:04:28,2018-01-30T18:55:03,0.46,Partially cloudy,Partly cloudy throughout the day.,partly-cloudy-day,"65202099999,DNMM,65201099999"
lagos,2018-01-31,34.1,24,28.8,37.3,24,30.5,21.9,70.2,0,0,0,,0,0,28.1,16.6,74.6,1009.8,36.1,4.4,232.6,20.1,8,,2018-01-31T07:04:29,2018-01-31T18:55:21,0.5,Partially cloudy,Partly cloudy throughout the day.,partly-cloudy-day,"DNMM,65201099999"
lagos,2018-02-01,35,25,28.5,39.5,25,31.5,23.7,77.1,0,0,0,,0,0,32,14.8,174.2,1009.4,29.1,3.8,256.5,22.1,9,,2018-02-01T07:04:29,2018-02-01T18:55:37,0.53,Partially cloudy,Partly cloudy throughout the day.,partly-cloudy-day,"DNMM,remote,65201099999"
lagos,2018-02-02,35,24.9,29,40.6,24.9,33,24.3,77.6,0,0,0,,0,0,31.7,14.8,190.9,1009.9,44.2,5.9,239.8,20.8,9,,2018-02-02T07:04:29,2018-02-02T18:55:53,0.56,Partially cloudy,Partly cloudy throughout the day.,partly-cloudy-day,"DNMM,65201099999"
lagos,2018-02-03,35,25.8,29.3,41.9,25.8,33.8,24.8,78.3,0,0,0,,0,0,33.1,20.5,199.2,1010,36.8,5.8,248.7,21.4,9,,2018-02-03T07:04:27,2018-02-03T18:56:08,0.59,Partially cloudy,Partly cloudy throughout the day.,partly-cloudy-day,"DNMM,65201099999"
lagos,2018-02-04,34,25.8,29.2,42,25.8,33.8,25,79.4,0,0,0,,0,0,34.2,16.6,201.7,1009.2,44.5,6.8,249.8,21.6,9,,2018-02-04T07:04:25,2018-02-04T18:56:23,0.63,Partially cloudy,Partly cloudy throughout the day.,partly-cloudy-day,"DNMM,65201099999"
lagos,2018-02-05,35,26.7,29.6,42,26.7,35,25.3,79.2,0.1,100,4.17,rain,0,0,33.1,16.2,210,1009.1,49.1,7.7,234.1,20.2,8,,2018-02-05T07:04:21,2018-02-05T18:56:36,0.66,"Rain, Partially cloudy",Partly cloudy throughout the day with morning rain.,rain,"65210099999,DNMM,remote,65201099999"
lagos,2018-02-06,35,26,29.7,42,26,34.9,25.2,78.7,0,0,0,,0,0,38.9,16.6,200.3,1009.6,48.8,7.3,232,20,8,,2018-02-06T07:04:17,2018-02-06T18:56:49,0.69,Partially cloudy,Partly cloudy throughout the day.,partly-cloudy-day,"DNMM,65201099999"
lagos,2018-02-07,35,27.8,30.3,43.3,32.7,37.2,25.7,77.7,0,0,0,,0,0,38.2,22.3,206.2,1009.6,50.9,7.8,201.3,17.4,7,,2018-02-07T07:04:12,2018-02-07T18:57:02,0.75,Partially cloudy,Partly cloudy throughout the day.,partly-cloudy-day,"DNMM,65201099999"
lagos,2018-02-08,34.2,27,30,43.5,31.2,36.8,25.9,79.6,0,0,0,,0,0,40.7,16.6,198.8,1009.8,63.3,7.8,226.5,19.7,9,,2018-02-08T07:04:05,2018-02-08T18:57:13,0.76,Partially cloudy,Partly cloudy throughout the day.,partly-cloudy-day,"DNMM,65201099999"
lagos,2018-02-09,31,27,28.8,39.4,30.1,35.1,26,85.4,0,0,0,,0,0,40.3,22.3,209.4,1010.2,51.9,7.8,197.9,16.9,8,,2018-02-09T07:03:58,2018-02-09T18:57:24,0.79,Partially cloudy,Partly cloudy throughout the day.,partly-cloudy-day,"DNMM,65201099999"
lagos,2018-02-10,34,23.8,28.6,42,23.8,33.9,25.4,83.9,15,100,4.17,rain,0,0,33.1,18.4,200.2,1008.9,56.2,8.7,198,17.3,7,,2018-02-10T07:03:50,2018-02-10T18:57:34,0.82,"Rain, Partially cloudy",Partly cloudy throughout the day with morning rain.,rain,"DNMM,remote,65201099999"
lagos,2018-02-11,29,24,26.6,34.5,24,29.4,24.8,89.9,7,100,4.17,rain,0,0,33.5,13,218.4,1010,52.9,8.3,159.3,13.9,7,,2018-02-11T07:03:42,2018-02-11T18:57:44,0.86,"Rain, Partially cloudy",Partly cloudy throughout the day with afternoon rain.,rain,"DNMM,remote,65201099999"
lagos,2018-02-12,34,24.9,28.3,42.1,24.9,32.2,24.8,82.9,0,0,0,,0,0,29.2,18.4,219.1,1010.9,43.3,6.9,205.7,17.8,7,,2018-02-12T07:03:32,2018-02-12T18:57:53,0.89,Partially cloudy,Partly cloudy throughout the day.,partly-cloudy-day,"65210099999,65202099999,DNMM,65201099999"
lagos,2018-02-13,34,25.9,29.1,41.8,25.9,33.5,25,80.2,0,0,0,,0,0,25.2,14.8,241.5,1010.9,50.9,7.8,165.3,14.3,6,,2018-02-13T07:03:21,2018-02-13T18:58:01,0.92,Partially cloudy,Partly cloudy throughout the day.,partly-cloudy-day,"65202099999,DNMM,65201099999"
lagos,2018-02-14,35,26,29.1,41.9,26,33.9,25.3,81.7,0,0,0,,0,0,36,14.8,215,1011.3,50.9,7.8,229.8,19.9,9,,2018-02-14T07:03:10,2018-02-14T18:58:08,0.95,Partially cloudy,Partly cloudy throughout the day.,partly-cloudy-day,"65210099999,DNMM,65201099999"
lagos,2018-02-15,34,26,29.1,43.5,26,34.6,26,84.5,0.1,100,4.17,rain,0,0,31.7,14.8,203.3,1011,58.5,7.7,216.3,18.6,8,,2018-02-15T07:02:58,2018-02-15T18:58:15,0,"Rain, Partially cloudy",Partly cloudy throughout the day with morning rain.,rain,"DNMM,remote,65201099999"
lagos,2018-02-16,34,26.2,29.5,43.5,26.2,35.8,26,82.5,0,0,0,,0,0,33.5,13,212.8,1011.3,55,9,217.7,18.8,7,,2018-02-16T07:02:45,2018-02-16T18:58:21,0.02,Partially cloudy,Partly cloudy throughout the day.,partly-cloudy-day,"DNMM,remote,65201099999"
lagos,2018-02-17,34.1,27,29.4,43.7,31.2,35.8,25.9,82.4,0,0,0,,0,0,40.3,24.1,203.3,1010.4,54.3,8.8,209.1,18.2,7,,2018-02-17T07:02:31,2018-02-17T18:58:27,0.06,Partially cloudy,Partly cloudy throughout the day.,partly-cloudy-day,"65210099999,DNMM,65201099999"
lagos,2018-02-18,31,24,27.8,36.5,24,31.7,24.5,82.8,0.3,100,8.33,rain,0,0,32.4,16.6,194.8,1010.7,55.2,9.7,202.5,17.5,8,,2018-02-18T07:02:17,2018-02-18T18:58:32,0.09,"Rain, Partially cloudy",Partly cloudy throughout the day with rain in the morning and afternoon.,rain,"65210099999,DNMM,remote,65201099999"
lagos,2018-02-19,34,25,28.9,42.6,25,33.1,24.6,78.4,0,0,0,,0,0,24.8,16.6,176.2,1010.2,42.3,8.6,181.8,15.7,6,,2018-02-19T07:02:01,2018-02-19T18:58:36,0.13,Partially cloudy,Partly cloudy throughout the day.,partly-cloudy-day,"DNMM,65201099999"
lagos,2018-02-20,30,22.9,26.9,34.1,22.9,29.4,24,84.5,2,100,4.17,rain,0,0,28.8,18.4,218.4,1009.8,55.9,8.4,152.8,13.3,7,,2018-02-20T07:01:45,2018-02-20T18:58:40,0.16,"Rain, Partially cloudy",Partly cloudy throughout the day with late afternoon rain.,rain,"DNMM,remote,65201099999"
lagos,2018-02-21,33.6,25.2,29,40.9,25.2,33.1,25.1,80.9,0,0,0,,0,0,35.6,16.6,196.2,1009.6,56.7,9.1,222.8,19.2,8,,2018-02-21T07:01:28,2018-02-21T18:58:43,0.2,Partially cloudy,Partly cloudy throughout the day.,partly-cloudy-day,65201099999
lagos,2018-02-22,34,25.9,29.5,42,25.9,34.7,25.1,78.3,0,0,0,,0,0,33.5,20.5,194.5,1009.3,55.3,9.5,237,20.4,9,,2018-02-22T07:01:11,2018-02-22T18:58:45,0.23,Partially cloudy,Partly cloudy throughout the day.,partly-cloudy-day,"DNMM,65201099999"
lagos,2018-02-23,34,26,29.4,42,26,34.2,24.9,78.2,0,0,0,,0,0,29.2,20.5,192.2,1009.4,46.8,9.9,190.5,16.4,8,,2018-02-23T07:00:53,2018-02-23T18:58:47,0.25,Partially cloudy,Partly cloudy throughout the day.,partly-cloudy-day,"DNMM,65201099999"
lagos,2018-02-24,30.9,22,25.9,36.1,22,27.6,23,84.9,10,100,4.17,rain,0,0,30.2,22.3,333.9,1011.1,58.1,8.6,138.7,11.9,6,,2018-02-24T07:00:34,2018-02-24T18:58:48,0.3,"Rain, Partially cloudy",Partly cloudy throughout the day with morning rain.,rain,"DNMM,remote,65201099999"
lagos,2018-02-25,34,24.2,28.3,43.5,24.2,32.7,25.1,83.7,0.4,100,4.17,rain,0,0,26.6,18.4,200,1011.2,52.5,9.4,154.9,13.4,6,,2018-02-25T07:00:14,2018-02-25T18:58:49,0.34,"Rain, Partially cloudy",Partly cloudy throughout the day with morning rain.,rain,"DNMM,remote,65201099999"
lagos,2018-02-26,28,23,25.6,33.6,23,26.9,23.8,89.8,9,100,4.17,rain,0,0,31,14.8,236.7,1011.8,61.1,9.3,95.1,8.2,3,,2018-02-26T06:59:54,2018-02-26T18:58:49,0.37,"Rain, Partially cloudy",Partly cloudy throughout the day with morning rain.,rain,"65202099999,DNMM,remote,65201099999"
lagos,2018-02-27,32,23,27,37.9,23,29.6,23.6,82.7,9,100,4.17,rain,0,0,19.8,22.3,161.6,1012.4,53.8,7.7,178.2,15.6,6,,2018-02-27T06:59:34,2018-02-27T18:58:49,0.41,"Rain, Partially cloudy",Partly cloudy throughout the day with early morning rain.,rain,"65202099999,DNMM,65201099999"
lagos,2018-02-28,32,25,28.4,37.9,25,31.6,24.3,79.7,0,0,0,,0,0,26.3,16.6,192.8,1013,43.1,10,196.9,17.1,7,,2018-02-28T06:59:12,2018-02-28T18:58:48,0.44,Partially cloudy,Partly cloudy throughout the day.,partly-cloudy-day,"DNMM,65201099999"
lagos,2018-03-01,32,26,28.6,39.3,26,32.8,25,82,0,0,0,,0,0,28.4,22.8,201.2,1013.5,58.2,10,173.6,15.1,6,,2018-03-01T06:58:50,2018-03-01T18:58:47,0.48,Partially cloudy,Partly cloudy throughout the day.,partly-cloudy-day,"65202099999,DNMM,remote,65201099999"
lagos,2018-03-02,32,25.1,28.4,39.2,25.1,33,25.1,82.8,0.5,100,12.5,rain,0,0,29.5,18,211.8,1012.2,49.3,9.6,222.6,19.2,7,,2018-03-02T06:58:28,2018-03-02T18:58:45,0.5,"Rain, Partially cloudy",Partly cloudy throughout the day with afternoon rain.,rain,"65202099999,DNMM,remote,65201099999"
lagos,2018-03-03,34,25.8,29.1,42,25.8,33.9,25.2,80.3,0,0,0,,0,0,33.1,18.4,195.2,1011.8,54.1,10,241.9,21,9,,2018-03-03T06:58:05,2018-03-03T18:58:43,0.55,Partially cloudy,Partly cloudy throughout the day.,partly-cloudy-day,"DNMM,65201099999"
lagos,2018-03-04,34,25,28.5,42,25,32.9,24.6,80.6,0,0,0,,0,0,34.6,21,211.1,1011.6,64.7,9.8,233.6,20.2,8,,2018-03-04T06:57:42,2018-03-04T18:58:41,0.58,Partially cloudy,Partly cloudy throughout the day.,partly-cloudy-day,"65213099999,65202099999,DNMM,65201099999"
lagos,2018-03-05,34,24,28.1,39.1,24,30.6,23.1,76,0,0,0,,0,0,35.3,20.5,193.4,1011.2,42.5,9.6,229.4,19.8,8,,2018-03-05T06:57:18,2018-03-05T18:58:38,0.61,Partially cloudy,Partly cloudy throughout the day.,partly-cloudy-day,"65202099999,DNMM,65201099999"
lagos,2018-03-06,34,25,28.6,40.6,25,32,24.3,79.1,0,0,0,,0,0,30.6,20.7,207.5,1010.9,53.5,9.8,219.6,18.7,8,,2018-03-06T06:56:54,2018-03-06T18:58:34,0.64,Partially cloudy,Partly cloudy throughout the day.,partly-cloudy-day,"65202099999,DNMM,remote,65201099999"
lagos,2018-03-07,34,25.8,28.9,42,25.8,33.3,25,80.7,0,0,0,,0,0,28.1,21,188.7,1011.9,55.2,9.8,165.1,14.4,5,,2018-03-07T06:56:29,2018-03-07T18:58:30,0.67,Partially cloudy,Partly cloudy throughout the day.,partly-cloudy-day,"65202099999,DNMM,remote,65201099999"
lagos,2018-03-08,34,25.8,28.6,39.2,25.8,32,24.4,79.3,0.3,100,8.33,rain,0,0,34.9,21.6,218.7,1012.3,48.3,9.8,210,18.2,8,,2018-03-08T06:56:04,2018-03-08T18:58:26,0.71,"Rain, Partially cloudy",Partly cloudy throughout the day with morning rain.,rain,"65202099999,DNMM,remote,65201099999"
lagos,2018-03-09,33.1,26,29.2,40.6,26,33.8,24.4,76.3,0.2,100,4.17,rain,0,0,35.3,20.5,200.2,1012.3,61.2,9.9,201.2,17.6,8,,2018-03-09T06:55:38,2018-03-09T18:58:22,0.75,"Rain, Partially cloudy",Partly cloudy throughout the day with morning rain.,rain,"DNMM,remote,65201099999"
lagos,2018-03-10,34,26,29.1,40.6,26,33.6,24.7,78.4,0,0,0,,0,0,34.2,24.1,198.5,1012.2,55.8,10,214,18.5,7,,2018-03-10T06:55:12,2018-03-10T18:58:17,0.77,Partially cloudy,Partly cloudy throughout the day.,partly-cloudy-day,"DNMM,65201099999"
lagos,2018-03-11,34,27,29.5,43.5,30.1,35.1,25,77.8,0,0,0,,0,0,35.6,22.3,189.8,1012.3,55.8,10,205.5,17.5,8,,2018-03-11T06:54:46,2018-03-11T18:58:12,0.8,Partially cloudy,Partly cloudy throughout the day.,partly-cloudy-day,"DNMM,65201099999"
lagos,2018-03-12,35,26.8,29.7,41.9,30.1,35.1,24.9,76.4,0.1,100,4.17,rain,0,0,33.8,25.9,193.1,1012.9,55.6,9.7,226.5,19.6,8,,2018-03-12T06:54:19,2018-03-12T18:58:07,0.84,"Rain, Partially cloudy",Partly cloudy throughout the day with late afternoon rain.,rain,"65210099999,65202099999,DNMM,remote,65201099999"
lagos,2018-03-13,35,26,29.7,42,26,35.4,25.2,77.8,0.1,100,4.17,rain,0,0,33.1,20.5,196.7,1012.5,58.9,10,221.5,19.4,8,,2018-03-13T06:53:52,2018-03-13T18:58:01,0.87,"Rain, Partially cloudy",Partly cloudy throughout the day with early morning rain.,rain,"DNMM,remote,65201099999"
lagos,2018-03-14,34.2,26.8,29.7,42,30.1,35.4,25.3,78.9,0,0,0,,0,0,33.1,20.5,212.4,1011.6,51.5,9.7,238,20.5,8,,2018-03-14T06:53:25,2018-03-14T18:57:55,0.9,Partially cloudy,Partly cloudy throughout the day.,partly-cloudy-day,"65202099999,DNMM,remote,65201099999"
lagos,2018-03-15,34,26.9,29.4,43.2,30.6,35.5,25.7,81.7,0.1,100,4.17,rain,0,0,37.1,25.9,192.8,1011.2,48.7,9.8,222.7,19.4,8,,2018-03-15T06:52:57,2018-03-15T18:57:49,0.93,"Rain, Partially cloudy",Partly cloudy throughout the day with afternoon rain.,rain,"DNMM,remote,65201099999"
lagos,2018-03-16,35,26,29.7,43.3,26,35.1,25.3,79,0.2,100,4.17,rain,0,0,37.4,22.3,211.1,1010.5,55.9,10,234.7,20.2,8,,2018-03-16T06:52:30,2018-03-16T18:57:43,0.96,"Rain, Partially cloudy",Partly cloudy throughout the day with early morning rain.,rain,"65210099999,65202099999,DNMM,remote,65201099999"
lagos,2018-03-17,35,26.7,29.2,42,26.7,34.2,25.2,80.6,0,0,0,,0,0,38.9,22.3,213,1010.8,52,9.8,236.3,20.2,8,,2018-03-17T06:52:02,2018-03-17T18:57:36,0,Partially cloudy,Partly cloudy throughout the day.,partly-cloudy-day,"DNMM,65201099999"
lagos,2018-03-18,35,25,29.1,39.6,25,32.7,24,75.6,0,0,0,,0,0,33.1,22.3,211.9,1010.1,52.5,10,222.9,19.3,8,,2018-03-18T06:51:34,2018-03-18T18:57:30,0.03,Partially cloudy,Partly cloudy throughout the day.,partly-cloudy-day,"DNMM,65201099999"
lagos,2018-03-19,35,26.1,29.5,43.5,26.1,35.1,25.4,80.1,0.2,100,8.33,rain,0,0,37.4,25.7,219,1009.9,55.4,9.5,206.5,17.9,8,,2018-03-19T06:51:05,2018-03-19T18:57:23,0.07,"Rain, Partially cloudy",Partly cloudy throughout the day with rain in the morning and afternoon.,rain,"65213099999,65202099999,DNMM,remote,65201099999"
lagos,2018-03-20,34,27,29.5,42,31.2,35.3,25.5,80.1,0,0,0,,0,0,37.1,22.3,199.5,1010.7,57.2,10,196.9,17,7,,2018-03-20T06:50:37,2018-03-20T18:57:16,0.1,Partially cloudy,Partly cloudy throughout the day.,partly-cloudy-day,"DNMM,remote,65201099999"
lagos,2018-03-21,33,26.9,28.7,40.6,30.3,34,25.3,82.1,3.7,100,8.33,rain,0,0,28.8,18.7,222.4,1011.6,54.2,9.9,115.4,9.9,4,,2018-03-21T06:50:08,2018-03-21T18:57:09,0.14,"Rain, Partially cloudy",Partly cloudy throughout the day with afternoon rain.,rain,"65202099999,DNMM,remote,65201099999"
lagos,2018-03-22,32,27,28.7,37.7,30.6,33.6,25,81.4,0.1,100,4.17,rain,0,0,31.7,18.4,235.1,1011.9,52.5,10,224.6,19.3,8,,2018-03-22T06:49:40,2018-03-22T18:57:01,0.18,"Rain, Partially cloudy",Partly cloudy throughout the day with early morning rain.,rain,"65210099999,65202099999,DNMM,remote,65201099999"
lagos,2018-03-23,34,24,28.5,43.5,24,33,24.9,82,0.1,100,4.17,rain,0,0,26.6,27.7,248.4,1011.7,72.4,9.4,181,15.6,7,,2018-03-23T06:49:11,2018-03-23T18:56:54,0.21,"Rain, Partially cloudy",Partly cloudy throughout the day with morning rain.,rain,"65202099999,DNMM,remote,65201099999"
lagos,2018-03-24,33,24,27.4,40.6,24,30.4,23.8,81.9,0.2,100,8.33,rain,0,0,30.6,17.5,203.1,1010.4,53.3,7.9,141.4,12.2,6,,2018-03-24T06:48:42,2018-03-24T18:56:47,0.25,"Rain, Partially cloudy",Partly cloudy throughout the day with rain.,rain,"65202099999,DNMM,remote,65201099999"
lagos,2018-03-25,29.8,26.3,27.7,35,26.3,31.2,24.5,82.7,6.2,100,29.17,rain,0,0,25.2,12.2,230.3,1009,94.2,10,208.2,18,8,,2018-03-25T06:48:13,2018-03-25T18:56:39,0.28,"Rain, Overcast",Cloudy skies throughout the day with rain in the morning and afternoon.,rain,"DNMM,remote,65201099999"
lagos,2018-03-26,34.1,26.9,29.6,42.1,30,35.3,25.2,78,0.1,100,4.17,rain,0,0,28.8,18.4,204.2,1010.4,68.4,9.9,214.8,18.6,8,,2018-03-26T06:47:45,2018-03-26T18:56:32,0.32,"Rain, Partially cloudy",Partly cloudy throughout the day with afternoon rain.,rain,"65202099999,DNMM,remote,65201099999"
lagos,2018-03-27,35,27,29.9,43.3,31.2,36.9,26.1,81,0,0,0,,0,0,31.7,16.3,201.4,1011.7,64.6,9.5,217.6,18.8,8,,2018-03-27T06:47:16,2018-03-27T18:56:25,0.35,Partially cloudy,Partly cloudy throughout the day.,partly-cloudy-day,"65213099999,65202099999,DNMM,remote,65201099999"
lagos,2018-03-28,33,26.8,28.7,42.1,30.2,34.3,25.6,84,0.6,100,8.33,rain,0,0,33.8,20.5,212.1,1010.4,72.1,10,220.5,19,8,,2018-03-28T06:46:47,2018-03-28T18:56:17,0.39,"Rain, Partially cloudy",Partly cloudy throughout the day with afternoon rain.,rain,"65202099999,DNMM,remote,65201099999"
lagos,2018-03-29,35,26.6,28.4,43.3,26.6,32.6,25.2,83.6,3.5,100,25,rain,0,0,30.6,18.4,206.6,1009.8,78.4,9.5,214.1,18.5,8,,2018-03-29T06:46:18,2018-03-29T18:56:10,0.43,"Rain, Partially cloudy",Partly cloudy throughout the day with rain in the morning and afternoon.,rain,"65202099999,DNMM,remote,65201099999"
lagos,2018-03-30,32,24,28,40,24,31.3,24.8,83.3,0,0,0,,0,0,25.9,18.4,193.4,1009.6,70.5,9.2,206,17.9,8,,2018-03-30T06:45:50,2018-03-30T18:56:03,0.46,Partially cloudy,Partly cloudy throughout the day.,partly-cloudy-day,"65202099999,DNMM,remote,65201099999"
lagos,2018-03-31,33,25.8,28.7,43.8,25.8,34.4,25.9,85.2,0,0,0,,0,0,31.7,14.4,212.1,1009.4,57.7,9.4,233.7,20.1,8,,2018-03-31T06:45:21,2018-03-31T18:55:55,0.5,Partially cloudy,Partly cloudy throughout the day.,partly-cloudy-day,"DNMM,remote,65201099999"
lagos,2018-04-01,33,27,29.2,43.8,31.2,36.1,26.3,84.8,0,0,0,,0,0,36,17.7,233.3,1008.6,59.9,8.6,225.4,19.4,7,,2018-04-01T06:44:53,2018-04-01T18:55:48,0.53,Partially cloudy,Partly cloudy throughout the day.,partly-cloudy-day,"65202099999,DNMM,remote,65201099999"
lagos,2018-04-02,32,27,29.3,42.3,31.2,35.8,26,83,0.4,100,12.5,rain,0,0,33.1,19.4,215.6,1008.2,55.4,7.2,178.5,15.5,6,,2018-04-02T06:44:24,2018-04-02T18:55:41,0.56,"Rain, Partially cloudy",Partly cloudy throughout the day with morning rain.,rain,"DNMM,remote,65201099999"
lagos,2018-04-03,33,27,29.3,42.1,31.2,35.8,26,83.2,0.6,100,12.5,rain,0,0,34.9,18.4,208.2,1008.5,59.9,7.7,229.1,19.8,8,,2018-04-03T06:43:56,2018-04-03T18:55:34,0.59,"Rain, Partially cloudy",Partly cloudy throughout the day with rain.,rain,"DNMM,remote,65201099999"
lagos,2018-04-04,33,27,29.4,42.2,30.6,35.9,25.9,82.3,0.1,100,4.17,rain,0,0,28.8,22.1,192.1,1009.7,52.7,8.6,231.3,20,8,,2018-04-04T06:43:28,2018-04-04T18:55:27,0.63,"Rain, Partially cloudy",Partly cloudy throughout the day with morning rain.,rain,"65202099999,DNMM,remote,65201099999"
lagos,2018-04-05,32,26,28.1,40.6,26,33,25.6,86.4,2.9,100,25,rain,0,0,33.8,18.4,216.4,1008.8,65.6,7.6,238,20.5,8,,2018-04-05T06:43:00,2018-04-05T18:55:21,0.66,"Rain, Partially cloudy",Partly cloudy throughout the day with rain.,rain,"DNMM,remote,65201099999"
lagos,2018-04-06,33,26.2,28,42.1,26.2,32.6,25.5,86.3,4.2,100,25,rain,0,0,30.2,17.3,207.5,1007.7,57.4,8.2,235.6,20.3,9,,2018-04-06T06:42:33,2018-04-06T18:55:14,0.69,"Rain, Partially cloudy",Partly cloudy throughout the day with rain.,rain,"DNMM,remote,65201099999"
lagos,2018-04-07,33,25.6,28.4,42.1,25.6,32.4,24.9,81.8,0.7,100,12.5,rain,0,0,32.8,16.6,216.7,1008.7,70.7,8,232.6,20,8,,2018-04-07T06:42:05,2018-04-07T18:55:08,0.72,"Rain, Partially cloudy",Partly cloudy throughout the day with morning rain.,rain,"65213099999,DNMM,remote,65201099999"
lagos,2018-04-08,32,22,27.3,39.7,22,31.3,24.4,85.1,19,100,4.17,rain,0,0,64.8,37.1,172.9,1011,54.1,8.5,210.9,18.3,8,,2018-04-08T06:41:38,2018-04-08T18:55:02,0.75,"Rain, Partially cloudy",Partly cloudy throughout the day with morning rain.,rain,"DNMM,65201099999"
lagos,2018-04-09,31,24,27.5,37.7,24,30.6,24.6,84.8,0,0,0,,0,0,42.5,24.1,196,1011.6,59.6,8.8,158.7,13.7,7,,2018-04-09T06:41:11,2018-04-09T18:54:56,0.79,Partially cloudy,Partly cloudy throughout the day.,partly-cloudy-day,"DNMM,remote,65201099999"
lagos,2018-04-10,30,23,26.3,35.1,23,28.4,23.7,86.7,0,0,0,,0,0,31,13,192,1013.1,54.1,8.3,127,11,4,,2018-04-10T06:40:45,2018-04-10T18:54:50,0.82,Partially cloudy,Partly cloudy throughout the day.,partly-cloudy-day,"DNMM,65201099999"
lagos,2018-04-11,32,24,27.8,39.1,24,31.2,24.6,83.7,0.1,100,4.17,rain,0,0,27.7,14.8,189.4,1011.1,54.8,8.8,251.5,21.7,8,,2018-04-11T06:40:18,2018-04-11T18:54:45,0.85,"Rain, Partially cloudy",Partly cloudy throughout the day with afternoon rain.,rain,"DNMM,65201099999"
lagos,2018-04-12,33,24.9,28.8,42.1,24.9,33.8,25,80.6,0.3,100,4.17,rain,0,0,32.4,24.1,194.4,1011.5,54.5,9.7,222.7,19.3,8,,2018-04-12T06:39:52,2018-04-12T18:54:40,0.88,"Rain, Partially cloudy",Partly cloudy throughout the day with early morning rain.,rain,"65202099999,DNMM,remote,65201099999"
lagos,2018-04-13,33,25.2,28.3,42.1,25.2,32.9,25.2,83.4,1,100,12.5,rain,0,0,37.4,22.3,210.7,1012.1,54.1,9.8,247.1,21.4,9,,2018-04-13T06:39:27,2018-04-13T18:54:35,0.92,"Rain, Partially cloudy",Partly cloudy throughout the day with afternoon rain.,rain,"DNMM,remote,65201099999"
lagos,2018-04-14,33,26.1,29.3,39.3,26.1,34.4,24.9,78.2,0.6,100,4.17,rain,0,0,32,25,211.6,1013,58.4,9.8,201.6,17.5,7,,2018-04-14T06:39:02,2018-04-14T18:54:30,0.95,"Rain, Partially cloudy",Partly cloudy throughout the day with morning rain.,rain,"65202099999,DNMM,remote,65201099999"
lagos,2018-04-15,31.5,26.8,28,40.2,30.2,32.9,25.4,85.9,0,0,0,,0,0,30.6,17.1,221.9,1014,44.3,9.6,173.1,15,7,,2018-04-15T06:38:37,2018-04-15T18:54:26,0.98,Partially cloudy,Partly cloudy throughout the day.,partly-cloudy-day,"65202099999,DNMM,65201099999"
lagos,2018-04-16,33,25,28.6,42.1,25,32.7,25,81.5,0,0,0,,0,0,27.4,18.4,179.2,1013.3,53.1,9.3,215,18.5,8,,2018-04-16T06:38:12,2018-04-16T18:54:22,0,Partially cloudy,Partly cloudy throughout the day.,partly-cloudy-day,"DNMM,65201099999"
lagos,2018-04-17,33,25.1,29.1,41.5,25.1,34.3,25.1,79.6,0,0,0,,0,0,32,19.5,188.5,1013.3,53.6,9.9,226.4,19.5,8,,2018-04-17T06:37:48,2018-04-17T18:54:18,0.05,Partially cloudy,Partly cloudy throughout the day.,partly-cloudy-day,"65202099999,DNMM,remote,65201099999"
lagos,2018-04-18,34,27,29.7,40.6,30.6,35.6,25.2,77.5,0.1,100,4.17,rain,0,0,29.9,18.4,195.2,1013.5,62,10,214.1,18.5,8,,2018-04-18T06:37:25,2018-04-18T18:54:14,0.09,"Rain, Partially cloudy",Partly cloudy throughout the day with morning rain.,rain,"65202099999,DNMM,remote,65201099999"
lagos,2018-04-19,33,27,29.5,40.6,31.2,35.5,25.6,80.3,0,0,0,,0,0,33.8,20.5,202.6,1012.9,50.7,10,187.3,16.2,6,,2018-04-19T06:37:02,2018-04-19T18:54:11,0.12,Partially cloudy,Partly cloudy throughout the day.,partly-cloudy-day,"65202099999,DNMM,remote,65201099999"
lagos,2018-04-20,28,23,26.3,33.6,23,29.1,24.3,88.8,8,100,4.17,rain,0,0,53.6,33.5,208.6,1012.2,56.7,8.1,147.6,12.8,5,,2018-04-20T06:36:39,2018-04-20T18:54:09,0.16,"Rain, Partially cloudy",Partly cloudy throughout the day with afternoon rain.,rain,"DNMM,remote,65201099999"
lagos,2018-04-21,31.2,24.1,28,38,24.1,31.5,24.6,82.4,0,0,0,,0,0,33.1,22.3,179.4,1012,53.7,8.1,207.3,17.9,8,,2018-04-21T06:36:17,2018-04-21T18:54:06,0.19,Partially cloudy,Partly cloudy throughout the day.,partly-cloudy-day,"65213099999,DNMM,65201099999"
lagos,2018-04-22,33,25.8,28.9,39.3,25.8,33.4,24.8,79.3,0,0,0,,0,0,29.9,16.6,187.7,1012.2,53.6,10,218,18.7,7,,2018-04-22T06:35:55,2018-04-22T18:54:04,0.25,Partially cloudy,Partly cloudy throughout the day.,partly-cloudy-day,"DNMM,remote,65201099999"
lagos,2018-04-23,33,26,29.1,40.8,26,34.2,25.3,81.1,0,0,0,,0,0,32,22.3,193.6,1012.1,54.5,10,233.5,20.2,8,,2018-04-23T06:35:34,2018-04-23T18:54:03,0.26,Partially cloudy,Partly cloudy throughout the day.,partly-cloudy-day,"65210099999,65213099999,DNMM,65201099999"
lagos,2018-04-24,34,27,29.7,43.5,31.2,36.2,25.8,80.5,0.1,100,4.17,rain,0,0,33.8,24.1,202.7,1012.2,54.2,10,163.6,14.1,5,,2018-04-24T06:35:14,2018-04-24T18:54:02,0.3,"Rain, Partially cloudy",Partly cloudy throughout the day with morning rain.,rain,"65202099999,DNMM,remote,65201099999"
lagos,2018-04-25,31,25.9,27.6,37.7,25.9,31.5,25,85.9,1,100,4.17,rain,0,0,34.9,13,191.8,1012.5,56.3,9.1,213.3,18.6,8,,2018-04-25T06:34:54,2018-04-25T18:54:01,0.34,"Rain, Partially cloudy",Partly cloudy throughout the day with afternoon rain.,rain,"DNMM,remote,65201099999"
lagos,2018-04-26,33,24.8,28.2,40.6,24.8,31.5,24,78.9,0.1,100,4.17,rain,0,0,31,16.6,200.4,1012,47.1,8,243.1,21.2,8,,2018-04-26T06:34:34,2018-04-26T18:54:00,0.37,"Rain, Partially cloudy",Partly cloudy throughout the day with morning rain.,rain,"DNMM,remote,65201099999"
lagos,2018-04-27,33,25,28.5,40.6,25,32.1,24.5,80.3,0,0,0,,0,0,30.2,20.5,167.5,1012.2,51.2,9.8,254,21.9,8,,2018-04-27T06:34:15,2018-04-27T18:54:00,0.41,Partially cloudy,Partly cloudy throughout the day.,partly-cloudy-day,"DNMM,65201099999"
lagos,2018-04-28,33,25.8,29,40.6,25.8,34,25.2,81.3,0.1,100,4.17,rain,0,0,29.2,22.3,217.5,1012.4,53.3,9.7,185.3,15.9,6,,2018-04-28T06:33:57,2018-04-28T18:54:01,0.44,"Rain, Partially cloudy",Partly cloudy throughout the day with afternoon rain.,rain,"65210099999,DNMM,remote,65201099999"
lagos,2018-04-29,34.1,26.8,29.9,42,30.3,35.7,25.2,77.3,0.1,100,4.17,rain,0,0,35.6,24.1,191.4,1012.4,51,10,192.5,16.7,8,,2018-04-29T06:33:39,2018-04-29T18:54:02,0.48,"Rain, Partially cloudy",Partly cloudy throughout the day with late afternoon rain.,rain,"65202099999,DNMM,remote,65201099999"
lagos,2018-04-30,33,27,29.2,40.6,30.6,34.9,25.3,80.2,0.2,100,4.17,rain,0,0,33.1,18,196.3,1012.5,62.9,9.9,185.2,16,7,,2018-04-30T06:33:22,2018-04-30T18:54:03,0.5,"Rain, Partially cloudy",Partly cloudy throughout the day with afternoon rain.,rain,"DNMM,remote,65201099999"
lagos,2018-05-01,34,26,29.4,42,26,34.6,25.1,78.7,0.1,100,4.17,rain,0,0,34.9,21.2,196.2,1012.5,52.3,9.9,246.1,21.3,9,,2018-05-01T06:33:05,2018-05-01T18:54:05,0.55,"Rain, Partially cloudy",Partly cloudy throughout the day with afternoon rain.,rain,"65202099999,DNMM,remote,65201099999"
lagos,2018-05-02,35,26.8,29.9,43.3,30.2,36.3,25.5,77.9,0.5,100,4.17,rain,0,0,33.5,21.5,187.7,1011.6,62,10.2,213.5,18.3,8,,2018-05-02T06:32:49,2018-05-02T18:54:07,0.58,"Rain, Partially cloudy",Partly cloudy throughout the day with late afternoon rain.,rain,"65202099999,DNMM,remote,65201099999"
lagos,2018-05-03,32.1,23,27.5,38,23,31.1,24,82,3,100,4.17,rain,0,0,35.3,27.1,156.6,1011.6,56,9.2,168.7,14.6,7,,2018-05-03T06:32:34,2018-05-03T18:54:10,0.61,"Rain, Partially cloudy",Partly cloudy throughout the day with afternoon rain.,rain,"65202099999,DNMM,remote,65201099999"
lagos,2018-05-04,31,22.8,26.5,37.7,22.8,29.2,23.7,85.2,16,100,4.17,rain,0,0,31.3,33.5,225.9,1011.7,56.9,8.7,213,18.6,7,,2018-05-04T06:32:19,2018-05-04T18:54:13,0.64,"Rain, Partially cloudy",Partly cloudy throughout the day with morning rain.,rain,"65202099999,DNMM,65201099999"
lagos,2018-05-05,31,25.8,27.4,39.1,25.8,30.1,24.8,85.7,2.5,100,33.33,rain,0,0,39.6,16.6,204.8,1011.4,69.3,9,180.1,15.3,7,,2018-05-05T06:32:05,2018-05-05T18:54:16,0.68,"Rain, Partially cloudy",Partly cloudy throughout the day with rain.,rain,"65210099999,65213099999,DNMM,remote,65201099999"
lagos,2018-05-06,32.1,25,27.9,42.2,25,31.6,24.8,83.4,2,100,20.83,rain,0,0,28.1,16.6,203.4,1012.6,67.7,8,184.7,16,7,,2018-05-06T06:31:52,2018-05-06T18:54:20,0.71,"Rain, Partially cloudy",Partly cloudy throughout the day with rain clearing later.,rain,"DNMM,remote,65201099999"
lagos,2018-05-07,33.1,25,28.8,40.6,25,33.5,25,80.8,0.1,100,4.17,rain,0,0,31.7,20.5,185.2,1013.2,57.8,10,218.6,18.8,8,,2018-05-07T06:31:40,2018-05-07T18:54:25,0.74,"Rain, Partially cloudy",Partly cloudy throughout the day with morning rain.,rain,"DNMM,remote,65201099999"
lagos,2018-05-08,29,22,26.4,33.6,22,28.5,24.1,87.3,26,100,4.17,rain,0,0,32,92.5,136,1011.4,42.9,8.4,196.7,17,6,,2018-05-08T06:31:28,2018-05-08T18:54:29,0.75,"Rain, Partially cloudy",Partly cloudy throughout the day with late afternoon rain.,rain,"DNMM,65201099999"
lagos,2018-05-09,32,24,27.5,39.2,24,31,24.2,83.1,0,0,0,,0,0,34.6,22.3,203.5,1011.2,43.3,7.5,218.3,18.9,8,,2018-05-09T06:31:16,2018-05-09T18:54:35,0.8,Partially cloudy,Partly cloudy throughout the day.,partly-cloudy-day,"DNMM,65201099999"
lagos,2018-05-10,31,26,27.5,39.1,26,31.2,24.6,84.1,0,0,0,,0,0,24.8,22.3,169.1,1012.2,55.7,9.3,171.4,14.8,6,,2018-05-10T06:31:06,2018-05-10T18:54:41,0.84,Partially cloudy,Partly cloudy throughout the day.,partly-cloudy-day,"DNMM,65201099999"
lagos,2018-05-11,29,25,26.8,34.2,25,28.8,24,84.9,0,0,0,,0,0,27.4,13,291,1013.5,41.3,8.9,91.6,7.9,4,,2018-05-11T06:30:56,2018-05-11T18:54:47,0.87,Partially cloudy,Partly cloudy throughout the day.,partly-cloudy-day,"65210099999,DNMM,65201099999"
lagos,2018-05-12,31.8,24.8,26.7,39,24.8,28.1,24.4,87.8,5,100,4.17,rain,0,0,24.5,11.2,238.2,1013.4,62,7.5,204.3,17.5,7,,2018-05-12T06:30:47,2018-05-12T18:54:53,0.9,"Rain, Partially cloudy",Partly cloudy throughout the day with late afternoon rain.,rain,"DNMM,remote,65201099999"
lagos,2018-05-13,31,23.1,27,37.7,23.1,29.8,24.2,85.5,50,100,4.17,rain,0,0,27,21.2,247.6,1012.4,45.3,8.9,157.7,13.7,5,,2018-05-13T06:30:38,2018-05-13T18:55:01,0.93,"Rain, Partially cloudy",Partly cloudy throughout the day with morning rain.,rain,"65202099999,DNMM,remote,65201099999"
lagos,2018-05-14,33,25.1,28.6,40.6,25.1,32.8,24.9,81.6,0,0,0,,0,0,25.2,24.1,183.9,1012.7,57.7,9.8,195.3,16.8,7,,2018-05-14T06:30:30,2018-05-14T18:55:08,0.97,Partially cloudy,Partly cloudy throughout the day.,partly-cloudy-day,"65202099999,DNMM,65201099999"
lagos,2018-05-15,33,25,28.6,40.6,25,33.1,25,82,0,0,0,,0,0,23.4,21.8,194.8,1012.4,62.1,9.2,211.9,18.2,7,,2018-05-15T06:30:23,2018-05-15T18:55:16,0,Partially cloudy,Partly cloudy throughout the day.,partly-cloudy-day,"65202099999,DNMM,65201099999"
lagos,2018-05-16,31.1,26.8,28.5,39.1,30.2,33.6,25.1,82.2,0,0,0,,0,0,32.4,16.8,205.3,1012,53.6,9.7,235.7,20.4,8,,2018-05-16T06:30:17,2018-05-16T18:55:24,0.03,Partially cloudy,Partly cloudy throughout the day.,partly-cloudy-day,"65213099999,65202099999,DNMM,65201099999"
lagos,2018-05-17,29,23,26.6,33.6,23,29.3,24.2,86.8,25,100,8.33,rain,0,0,33.1,44.6,180.7,1012.3,55.8,7.5,183.7,15.6,8,,2018-05-17T06:30:11,2018-05-17T18:55:33,0.07,"Rain, Partially cloudy",Partly cloudy throughout the day with rain in the morning and afternoon.,rain,"65210099999,DNMM,remote,65201099999"
lagos,2018-05-18,31.2,24,27.2,38.2,24,29.6,23.7,82.1,0,0,0,,0,0,46.4,29.5,232.8,1012.3,50.1,8.7,212.8,18.4,8,,2018-05-18T06:30:06,2018-05-18T18:55:42,0.11,Partially cloudy,Partly cloudy throughout the day.,partly-cloudy-day,"65210099999,65213099999,DNMM,remote,65201099999"
lagos,2018-05-19,34,23.8,28.2,42.1,23.8,32.6,24.7,82.7,0,0,0,,0,0,31.3,18.4,201,1012.4,45.7,9.5,209.2,18,8,,2018-05-19T06:30:02,2018-05-19T18:55:52,0.14,Partially cloudy,Partly cloudy throughout the day.,partly-cloudy-day,"DNMM,65201099999"
lagos,2018-05-20,32,27,29,40.6,30.6,34.5,25.2,80.8,0,0,0,,0,0,39.2,22.3,194.9,1012,54,10,225.9,19.5,8,,2018-05-20T06:29:59,2018-05-20T18:56:02,0.18,Partially cloudy,Partly cloudy throughout the day.,partly-cloudy-day,"65213099999,DNMM,65201099999"
lagos,2018-05-21,32.1,26,28.7,40.6,26,33.8,25.3,82.4,0.1,100,4.17,rain,0,0,36.7,23.4,199.5,1012.2,60.3,10,206,17.8,7,,2018-05-21T06:29:56,2018-05-21T18:56:12,0.21,"Rain, Partially cloudy",Partly cloudy throughout the day with morning rain.,rain,"DNMM,remote,65201099999"
lagos,2018-05-22,31,23,27.2,39.1,23,31.1,24.7,86.5,35,100,4.17,rain,0,0,26.3,18.4,173.5,1013,56.2,9,180.4,15.6,6,,2018-05-22T06:29:54,2018-05-22T18:56:23,0.25,"Rain, Partially cloudy",Partly cloudy throughout the day with late afternoon rain.,rain,"DNMM,65201099999"
lagos,2018-05-23,32,23,27.4,40.6,23,31,24.3,84.2,0,0,0,,0,0,26.6,13,192.3,1013.4,51,8.3,223.2,19.4,8,,2018-05-23T06:29:52,2018-05-23T18:56:34,0.28,Partially cloudy,Partly cloudy throughout the day.,partly-cloudy-day,"DNMM,65201099999"
lagos,2018-05-24,33,26,28.9,42.1,26,34.1,25.1,80.4,0,0,0,,0,0,39.2,27.7,198.5,1013,53.7,9.8,215.5,18.5,8,,2018-05-24T06:29:52,2018-05-24T18:56:45,0.32,Partially cloudy,Partly cloudy throughout the day.,partly-cloudy-day,"DNMM,65201099999"
lagos,2018-05-25,30,22,26.1,36.2,22,28.1,24.2,89.5,41,100,4.17,rain,0,0,33.8,16.9,215.1,1011.7,53.9,8.8,182.1,15.8,7,,2018-05-25T06:29:51,2018-05-25T18:56:57,0.35,"Rain, Partially cloudy",Partly cloudy throughout the day with afternoon rain.,rain,"65202099999,DNMM,remote,65201099999"
lagos,2018-05-26,32,24.8,27.6,39.2,24.8,31,24.6,84.4,0,0,0,,0,0,25.9,13,197.5,1012.2,56.4,9.8,129,11.2,4,,2018-05-26T06:29:52,2018-05-26T18:57:09,0.39,Partially cloudy,Partly cloudy throughout the day.,partly-cloudy-day,"DNMM,65201099999"
lagos,2018-05-27,31,25,26.8,39.1,25,29.4,25.2,91.1,4,100,4.17,rain,0,0,22,13,215.1,1013.8,57.8,8.4,121.6,10.6,5,,2018-05-27T06:29:53,2018-05-27T18:57:21,0.42,"Rain, Partially cloudy",Partly cloudy throughout the day with late afternoon rain.,rain,"65202099999,DNMM,remote,65201099999"
lagos,2018-05-28,30.9,25,28.1,37.7,25,32,24.8,82.7,13,100,4.17,rain,0,0,29.9,19.7,231.8,1014,52.2,10,209.8,18.1,8,,2018-05-28T06:29:55,2018-05-28T18:57:34,0.46,"Rain, Partially cloudy",Partly cloudy throughout the day with early morning rain.,rain,"65202099999,DNMM,65201099999"
lagos,2018-05-29,29,25,26.3,33.6,25,27.5,24.3,88.9,5,100,4.17,rain,0,0,26.6,23.3,151.5,1014.2,50,9.3,128.6,11,6,,2018-05-29T06:29:58,2018-05-29T18:57:47,0.5,"Rain, Partially cloudy",Partly cloudy throughout the day with afternoon rain.,rain,"DNMM,65201099999"
lagos,2018-05-30,30,24,26.3,36.2,24,28.1,24.2,88.2,12.6,100,37.5,rain,0,0,20.9,16.6,204.8,1013.7,58,9.3,78,7,3,,2018-05-30T06:30:01,2018-05-30T18:58:00,0.53,"Rain, Partially cloudy",Partly cloudy throughout the day with a chance of rain throughout the day.,rain,"DNMM,remote,65201099999"
lagos,2018-05-31,30,25,27.3,36.2,25,30.4,24.8,86.8,13,100,8.33,rain,0,0,25.9,16.6,221.8,1013.6,54.2,9.3,205.6,17.7,8,,2018-05-31T06:30:05,2018-05-31T18:58:13,0.56,"Rain, Partially cloudy",Partly cloudy throughout the day with rain.,rain,"65210099999,65213099999,DNMM,65201099999"
lagos,2018-06-01,32,24.8,28,40.6,24.8,32.1,25,84.4,0,0,0,,0,0,28.8,77.8,223.8,1013.5,56.2,9.9,211.9,18.4,7,,2018-06-01T06:30:09,2018-06-01T18:58:27,0.59,Partially cloudy,Partly cloudy throughout the day.,wind,"DNMM,remote,65201099999"
lagos,2018-06-02,29.2,22,26.2,34.8,22,28.5,24.1,88.5,13,100,8.33,rain,0,0,32,16.6,213.6,1013.6,56.8,8.8,184.6,15.9,8,,2018-06-02T06:30:14,2018-06-02T18:58:41,0.63,"Rain, Partially cloudy",Partly cloudy throughout the day with rain.,rain,"DNMM,remote,65201099999"
lagos,2018-06-03,31.2,25,27.5,37.8,25,30.5,24.5,84.1,0,0,0,,0,0,28.4,25.9,251.9,1015,45.1,9.8,159.2,13.6,7,,2018-06-03T06:30:20,2018-06-03T18:58:54,0.66,Partially cloudy,Partly cloudy throughout the day.,partly-cloudy-day,"DNMM,65201099999"
lagos,2018-06-04,32,25.8,28.4,39.3,25.8,32.8,25.1,82.6,0.9,100,8.33,rain,0,0,32,20.5,178.8,1014.3,61.8,9.9,197.4,17,6,,2018-06-04T06:30:26,2018-06-04T18:59:08,0.69,"Rain, Partially cloudy",Partly cloudy throughout the day with rain.,rain,"65213099999,DNMM,remote,65201099999"
lagos,2018-06-05,32,25,28.4,40.6,25,32.8,25.2,83.3,0,0,0,,0,0,27.7,13,193.3,1013.1,56,9.8,219.8,18.9,7,,2018-06-05T06:30:33,2018-06-05T18:59:23,0.73,Partially cloudy,Partly cloudy throughout the day.,partly-cloudy-day,"DNMM,65201099999"
lagos,2018-06-06,30,24.8,26.5,37.4,24.8,28.8,24.1,86.9,1,100,4.17,rain,0,0,46.4,27.7,219.1,1013.5,49,9,207.1,17.9,7,,2018-06-06T06:30:40,2018-06-06T18:59:37,0.75,"Rain, Partially cloudy",Partly cloudy throughout the day with afternoon rain.,rain,"DNMM,remote,65201099999"
lagos,2018-06-07,32.1,23,27.7,39.3,23,31.6,24.2,82.4,0,0,0,,0,0,27.7,14.8,192.6,1014.9,46.6,8.8,195.3,16.8,7,,2018-06-07T06:30:48,2018-06-07T18:59:51,0.79,Partially cloudy,Partly cloudy throughout the day.,partly-cloudy-day,"DNMM,65201099999"
lagos,2018-06-08,33,24,28.1,43.8,24,33,25.2,85.1,16,100,4.17,rain,0,0,29.2,24.1,211.9,1014.2,58.4,8.9,196.7,16.9,7,,2018-06-08T06:30:56,2018-06-08T19:00:06,0.82,"Rain, Partially cloudy",Partly cloudy throughout the day with early morning rain.,rain,"DNMM,65201099999"
lagos,2018-06-09,28,23,26.5,33.6,23,28.9,24.2,87.9,0,0,0,,0,0,25.6,33.5,178.2,1014.2,49.9,8.5,104,8.9,4,,2018-06-09T06:31:04,2018-06-09T19:00:20,0.86,Partially cloudy,Partly cloudy throughout the day.,partly-cloudy-day,"65213099999,DNMM,65201099999"
lagos,2018-06-10,30.8,24,25.8,36,24,26.8,23.8,89.2,2,100,4.17,rain,0,0,25.2,20.5,179.1,1014.5,63.7,7.5,140.2,12,5,,2018-06-10T06:31:14,2018-06-10T19:00:35,0.89,"Rain, Partially cloudy",Partly cloudy throughout the day with late afternoon rain.,rain,"DNMM,remote,65201099999"
lagos,2018-06-11,32,23.1,27.7,39.2,23.1,31.2,24.3,82.2,0,0,0,,0,0,28.1,14.8,224,1014.3,66.3,9.4,216,18.6,8,,2018-06-11T06:31:23,2018-06-11T19:00:49,0.92,Partially cloudy,Partly cloudy throughout the day.,partly-cloudy-day,"DNMM,remote,65201099999"
lagos,2018-06-12,31,25.1,27.8,38.8,25.1,31.9,25.2,86.1,22,100,4.17,rain,0,0,30.6,18.4,216.4,1015.2,56.7,8.7,223.2,19.1,8,,2018-06-12T06:31:33,2018-06-12T19:01:03,0.96,"Rain, Partially cloudy",Partly cloudy throughout the day with late afternoon rain.,rain,"DNMM,remote,65201099999"
lagos,2018-06-13,31,25,27.6,39.1,25,31.5,25.4,88.5,0.2,100,4.17,rain,0,0,26.3,16.6,206.9,1015,54.4,8.7,175.3,15,6,,2018-06-13T06:31:44,2018-06-13T19:01:18,0,"Rain, Partially cloudy",Partly cloudy throughout the day with afternoon rain.,rain,"DNMM,remote,65201099999"
lagos,2018-06-14,32,25,27.8,39.2,25,31.6,25,85.2,3,100,4.17,rain,0,0,24.1,14.8,214.2,1015,51.7,8.9,183.5,15.9,6,,2018-06-14T06:31:55,2018-06-14T19:01:32,0.02,"Rain, Partially cloudy",Partly cloudy throughout the day with afternoon rain.,rain,"65213099999,DNMM,65201099999"
lagos,2018-06-15,33,25,27.7,42.1,25,31.2,24.9,85.4,0.4,100,4.17,rain,0,0,28.1,14.8,237.7,1014.3,60.3,8.3,135,11.7,6,,2018-06-15T06:32:06,2018-06-15T19:01:46,0.06,"Rain, Partially cloudy",Partly cloudy throughout the day with afternoon rain.,rain,"65210099999,65213099999,DNMM,remote,65201099999"
lagos,2018-06-16,28,25,26.2,32.7,25,27.1,24.1,88.4,0.3,100,12.5,rain,0,0,23.4,20.5,196,1014.5,70.1,7.7,102.2,8.7,3,,2018-06-16T06:32:17,2018-06-16T19:02:00,0.09,"Rain, Partially cloudy",Partly cloudy throughout the day with late afternoon rain.,rain,"DNMM,remote,65201099999"
lagos,2018-06-17,28.4,24.8,26.5,33.3,24.8,28.1,24.3,87.9,9.2,100,83.33,rain,0,0,27.7,19.1,225.7,1013.5,92.6,10,144.5,12.6,7,,2018-06-17T06:32:29,2018-06-17T19:02:14,0.13,"Rain, Overcast",Cloudy skies throughout the day with a chance of rain throughout the day.,rain,"DNMM,remote,65201099999"
lagos,2018-06-18,28,24,26.4,31.9,24,28.5,23.6,84.5,0,0,0,,0,0,43.2,27.7,227.4,1015.5,54.5,9.9,99.3,8.4,4,,2018-06-18T06:32:41,2018-06-18T19:02:28,0.16,Partially cloudy,Partly cloudy throughout the day.,partly-cloudy-day,"65202099999,DNMM,65201099999"
lagos,2018-06-19,31,23,27,36.5,23,29.2,22.8,78.5,0,0,0,,0,0,35.3,16.6,209.4,1015.7,52.9,9.9,206.3,17.9,7,,2018-06-19T06:32:54,2018-06-19T19:02:42,0.2,Partially cloudy,Partly cloudy throughout the day.,partly-cloudy-day,"DNMM,65201099999"
lagos,2018-06-20,29.8,23,26.7,34.5,23,28.6,23,81.1,0,0,0,,0,0,40,27.7,229.1,1015.3,63.1,9.3,143.4,12.4,5,,2018-06-20T06:33:06,2018-06-20T19:02:55,0.25,Partially cloudy,Partly cloudy throughout the day.,partly-cloudy-day,"DNMM,65201099999"
lagos,2018-06-21,27,23,24.9,30.1,23,25.5,22.9,88.9,26,100,4.17,rain,0,0,32.4,20.5,223.5,1016.1,58.7,8.9,105.9,9.2,4,,2018-06-21T06:33:19,2018-06-21T19:03:08,0.27,"Rain, Partially cloudy",Partly cloudy throughout the day with early morning rain.,rain,"DNMM,remote,65201099999"
lagos,2018-06-22,29.1,23,26,33.9,23,27.5,23.4,86.2,2,100,4.17,rain,0,0,30.6,20.5,197.6,1016,69.9,9.1,195.2,16.8,7,,2018-06-22T06:33:32,2018-06-22T19:03:21,0.3,"Rain, Partially cloudy",Partly cloudy throughout the day with early morning rain.,rain,"DNMM,remote,65201099999"
lagos,2018-06-23,25,23,24.5,25,23,24.5,23.5,94.2,40,100,8.33,rain,0,0,32.4,11.2,223.9,1015.5,50.4,7.3,130.5,11.2,4,,2018-06-23T06:33:46,2018-06-23T19:03:33,0.34,"Rain, Partially cloudy",Partly cloudy throughout the day with rain.,rain,"DNMM,65201099999"
lagos,2018-06-24,31,23.8,26.5,36.5,23.8,28.2,23.2,82.7,0,0,0,,0,0,27.7,24.1,203.5,1014.7,54.6,9.3,168.8,14.5,7,,2018-06-24T06:33:59,2018-06-24T19:03:46,0.37,Partially cloudy,Partly cloudy throughout the day.,partly-cloudy-day,"DNMM,remote,65201099999"
lagos,2018-06-25,30,23.8,26.4,34.1,23.8,27.7,22.9,82.1,0,0,0,,0,0,27.7,13,231.3,1014.1,48.4,9.4,221.6,19,7,,2018-06-25T06:34:13,2018-06-25T19:03:58,0.4,Partially cloudy,Partly cloudy throughout the day.,partly-cloudy-day,"DNMM,65201099999"
lagos,2018-06-26,30,24,26.5,35.1,24,28.1,23.4,83.5,8,100,4.17,rain,0,0,25.2,14.8,224.1,1013.5,61.9,9.5,116,9.8,4,,2018-06-26T06:34:26,2018-06-26T19:04:09,0.44,"Rain, Partially cloudy",Partly cloudy throughout the day with late afternoon rain.,rain,"DNMM,remote,65201099999"
lagos,2018-06-27,31,24.8,27,36.5,24.8,29,23.5,81.6,0,0,0,,0,0,38.9,22.3,216,1013.4,60.3,8.8,208.4,18,7,,2018-06-27T06:34:40,2018-06-27T19:04:20,0.47,Partially cloudy,Partly cloudy throughout the day.,partly-cloudy-day,"65202099999,DNMM,remote,65201099999"
lagos,2018-06-28,31,24,26.6,36.5,24,28.7,23.6,84.3,1,100,4.17,rain,0,0,30.6,16.6,212.3,1013.9,50.7,9.2,146.8,12.8,6,,2018-06-28T06:34:54,2018-06-28T19:04:31,0.5,"Rain, Partially cloudy",Partly cloudy throughout the day with early morning rain.,rain,"DNMM,65201099999"
lagos,2018-06-29,31,25,26.5,36.5,25,28,24,86.5,2,100,8.33,rain,0,0,34.9,18.4,217.5,1013.2,47.1,8.5,158.6,13.7,6,,2018-06-29T06:35:08,2018-06-29T19:04:41,0.54,"Rain, Partially cloudy",Partly cloudy throughout the day with rain.,rain,"DNMM,65201099999"
lagos,2018-06-30,28.6,23.2,25.6,33.1,23.2,26.5,24,91,9,100,8.33,rain,0,0,32,31.7,238.6,1011.9,69.2,8.3,59,5,2,,2018-06-30T06:35:22,2018-06-30T19:04:51,0.58,"Rain, Partially cloudy",Partly cloudy throughout the day with rain in the morning and afternoon.,rain,"65202099999,DNMM,65201099999"
lagos,2018-07-01,25,23,23.9,25,23,23.9,23.3,96.6,9,100,4.17,rain,0,0,28.4,13,230.9,1013.3,50.1,6.4,57.9,5.1,2,,2018-07-01T06:35:35,2018-07-01T19:05:01,0.61,"Rain, Partially cloudy",Partly cloudy throughout the day with afternoon rain.,rain,"DNMM,remote,65201099999"
lagos,2018-07-02,28,23,25.4,31.9,23,26.5,23.6,90.3,0.5,100,8.33,rain,0,0,36,13.3,244.6,1013.1,55.2,7.8,186.5,16.2,7,,2018-07-02T06:35:49,2018-07-02T19:05:09,0.64,"Rain, Partially cloudy",Partly cloudy throughout the day with early morning rain.,rain,"DNMM,remote,65201099999"
lagos,2018-07-03,29,24,25.9,34.5,24,27.3,24,89.6,1.2,100,25,rain,0,0,31,14.8,218.4,1012.8,58.6,8.6,183.4,15.9,6,,2018-07-03T06:36:03,2018-07-03T19:05:18,0.68,"Rain, Partially cloudy",Partly cloudy throughout the day with a chance of rain throughout the day.,rain,"DNMM,remote,65201099999"
lagos,2018-07-04,30,23.8,26.4,36.2,23.8,27.9,23.8,86.1,0,0,0,,0,0,29.5,18.4,221.7,1014.5,54.7,8.6,178.3,15.3,8,,2018-07-04T06:36:17,2018-07-04T19:05:26,0.71,Partially cloudy,Partly cloudy throughout the day.,partly-cloudy-day,"DNMM,65201099999"
lagos,2018-07-05,30,24.1,26.1,35.1,24.1,27.7,23.8,87.6,2,100,4.17,rain,0,0,30.6,14.8,228.7,1015,61.3,8.5,184,16,7,,2018-07-05T06:36:30,2018-07-05T19:05:33,0.74,"Rain, Partially cloudy",Partly cloudy throughout the day with late afternoon rain.,rain,"DNMM,remote,65201099999"
lagos,2018-07-06,31,24.3,26.7,37.7,24.3,28.6,24.1,85.7,0.1,100,4.17,rain,0,0,25.2,18.4,227.8,1014.7,58.7,9.6,209.4,18.2,8,,2018-07-06T06:36:44,2018-07-06T19:05:40,0.75,"Rain, Partially cloudy",Partly cloudy throughout the day with early morning rain.,rain,"DNMM,remote,65201099999"
lagos,2018-07-07,29,22,25.1,34.5,22,25.9,23.6,91.5,34,100,4.17,rain,0,0,31,20.5,233.7,1015.1,75.9,8.1,181.9,15.8,7,,2018-07-07T06:36:57,2018-07-07T19:05:46,0.81,"Rain, Partially cloudy",Partly cloudy throughout the day with late afternoon rain.,rain,"DNMM,remote,65201099999"
lagos,2018-07-08,30,22,25.8,35.1,22,27.4,23.1,85.6,0,0,0,,0,0,28.4,18.4,198.6,1014.9,52.5,8.6,172.5,14.7,6,,2018-07-08T06:37:10,2018-07-08T19:05:52,0.84,Partially cloudy,Partly cloudy throughout the day.,partly-cloudy-day,"DNMM,remote,65201099999"
lagos,2018-07-09,31.2,24,27.3,36.5,24,29.5,23.6,81,0,0,0,,0,0,29.5,14.8,197.8,1015.5,52,9.8,185.7,16,6,,2018-07-09T06:37:23,2018-07-09T19:05:57,0.88,Partially cloudy,Partly cloudy throughout the day.,partly-cloudy-day,"DNMM,65201099999"
lagos,2018-07-10,31.2,24,26.3,37.9,24,27.5,24.1,88,31,100,4.17,rain,0,0,55.4,29.5,237.1,1016,56.5,7.6,185.2,16,8,,2018-07-10T06:37:36,2018-07-10T19:06:01,0.91,"Rain, Partially cloudy",Partly cloudy throughout the day with late afternoon rain.,rain,"65213099999,DNMM,remote,65201099999"
lagos,2018-07-11,31,24.1,26.7,37.1,24.1,28.5,24,85.9,0.2,100,4.17,rain,0,0,30.2,18.4,204.5,1015.8,50.4,8.3,167.3,14.4,6,,2018-07-11T06:37:48,2018-07-11T19:06:05,0.94,"Rain, Partially cloudy",Partly cloudy throughout the day with morning rain.,rain,"DNMM,remote,65201099999"
lagos,2018-07-12,31,24.8,26.5,34.7,24.8,28,23.8,85.6,0.1,100,4.17,rain,0,0,34.6,22.3,214.9,1015.7,58.5,9.6,165.4,14.3,6,,2018-07-12T06:38:00,2018-07-12T19:06:08,0.98,"Rain, Partially cloudy",Partly cloudy throughout the day with afternoon rain.,rain,"65210099999,65213099999,DNMM,remote,65201099999"
lagos,2018-07-13,30,24,26.1,36,24,27.3,23.9,88.5,0.5,100,8.33,rain,0,0,31.7,18.4,228.9,1015.1,70.6,9,146.7,12.5,5,,2018-07-13T06:38:12,2018-07-13T19:06:10,0,"Rain, Partially cloudy",Partly cloudy throughout the day with rain clearing later.,rain,"65213099999,DNMM,remote,65201099999"
lagos,2018-07-14,28.8,25,26.2,33,25,27.7,23.8,86.8,0,0,0,,0,0,32.8,16.6,206.2,1015.1,58.3,8.6,170.3,14.7,6,,2018-07-14T06:38:24,2018-07-14T19:06:12,0.05,Partially cloudy,Partly cloudy throughout the day.,partly-cloudy-day,"65213099999,DNMM,65201099999"
lagos,2018-07-15,28.8,23,26.4,33.3,23,28.4,23.5,84.5,20,100,8.33,rain,0,0,34.6,24.1,227.3,1014.7,70.4,9.2,161.4,13.9,5,,2018-07-15T06:38:35,2018-07-15T19:06:13,0.08,"Rain, Partially cloudy",Partly cloudy throughout the day with rain clearing later.,rain,"DNMM,65201099999"
lagos,2018-07-16,29,24,26,34.5,24,26.9,23.5,86.3,5,100,4.17,rain,0,0,36,25.9,235.2,1015.8,67.3,9.5,185.5,16.1,7,,2018-07-16T06:38:46,2018-07-16T19:06:14,0.11,"Rain, Partially cloudy",Partly cloudy throughout the day with afternoon rain.,rain,"65210099999,DNMM,65201099999"
lagos,2018-07-17,29,24.8,26.1,33.6,24.8,27.2,24,88.5,0.5,100,4.17,rain,0,0,25.6,18.4,205.1,1015.7,73.5,9.2,99,8.6,5,,2018-07-17T06:38:57,2018-07-17T19:06:13,0.15,"Rain, Partially cloudy",Partly cloudy throughout the day with morning rain.,rain,"DNMM,remote,65201099999"
lagos,2018-07-18,29,24.8,26,33.6,24.8,27,23.7,87.9,4,100,8.33,rain,0,0,32,18.4,215.6,1015.9,60.7,8.5,197.5,17,7,,2018-07-18T06:39:07,2018-07-18T19:06:12,0.18,"Rain, Partially cloudy",Partly cloudy throughout the day with rain in the morning and afternoon.,rain,"65202099999,DNMM,65201099999"
lagos,2018-07-19,27,24.8,25.5,30.1,24.8,25.6,23.4,88.5,1.9,100,20.83,rain,0,0,32,16.2,224.8,1015,61,9.4,197.2,17.1,7,,2018-07-19T06:39:17,2018-07-19T19:06:11,0.25,"Rain, Partially cloudy",Partly cloudy throughout the day with afternoon rain.,rain,"65213099999,DNMM,remote,65201099999"
lagos,2018-07-20,26,24,25,26,24,25,24,94.1,41,100,4.17,rain,0,0,30.2,16.6,215.3,1014,70.4,7,136.7,11.8,5,,2018-07-20T06:39:27,2018-07-20T19:06:08,0.25,"Rain, Partially cloudy",Partly cloudy throughout the day with late afternoon rain.,rain,"DNMM,65201099999"
lagos,2018-07-21,26,24,24.6,26,24,24.6,24,96.3,25,100,8.33,rain,0,0,25.2,92.9,219.3,1014.6,62.4,6.7,140.3,12.2,5,,2018-07-21T06:39:36,2018-07-21T19:06:05,0.28,"Rain, Partially cloudy",Partly cloudy throughout the day with rain.,rain,"65202099999,DNMM,remote,65201099999"
lagos,2018-07-22,29.2,23,25.6,34.6,23,26.9,23.8,90.1,10,100,4.17,rain,0,0,28.4,14.4,221.8,1014.6,63.2,7,218.5,18.8,7,,2018-07-22T06:39:45,2018-07-22T19:06:01,0.32,"Rain, Partially cloudy",Partly cloudy throughout the day with morning rain.,rain,"65213099999,65202099999,DNMM,remote,65201099999"
lagos,2018-07-23,29.5,23.9,26,34.9,23.9,27.7,23.9,88.6,0,0,0,,0,0,33.1,14.8,212.4,1014.6,56.5,7.6,170.2,14.7,6,,2018-07-23T06:39:53,2018-07-23T19:05:56,0.35,Partially cloudy,Partly cloudy throughout the day.,partly-cloudy-day,"65210099999,65213099999,65202099999,DNMM,65201099999"
lagos,2018-07-24,29,24.8,26.2,33.9,24.8,27.7,24.3,89.4,0,0,0,,0,0,33.8,19.2,225.2,1014.7,68.9,9.6,179.8,15.5,7,,2018-07-24T06:40:01,2018-07-24T19:05:51,0.38,Partially cloudy,Partly cloudy throughout the day.,partly-cloudy-day,"65213099999,65202099999,DNMM,remote,65201099999"
lagos,2018-07-25,28.1,24.7,26.3,32.8,24.7,27.9,24,87.8,2,100,4.17,rain,0,0,34.9,22.3,212.1,1015.2,75.6,9.6,164.1,14.3,6,,2018-07-25T06:40:09,2018-07-25T19:05:45,0.42,"Rain, Partially cloudy",Partly cloudy throughout the day with afternoon rain.,rain,"DNMM,remote,65201099999"
lagos,2018-07-26,29,25,26.5,33.6,25,27.8,23.5,84.2,0,0,0,,0,0,32.8,20.5,207.6,1016.8,67.2,9.9,167.6,14.6,6,,2018-07-26T06:40:16,2018-07-26T19:05:38,0.45,Partially cloudy,Partly cloudy throughout the day.,partly-cloudy-day,"DNMM,remote,65201099999"
lagos,2018-07-27,30,24.8,26.4,36.1,24.8,28.2,24.1,87.6,0.1,100,4.17,rain,0,0,28.4,14.8,219.8,1016.3,66.7,9.3,125.1,10.9,5,,2018-07-27T06:40:23,2018-07-27T19:05:30,0.5,"Rain, Partially cloudy",Partly cloudy throughout the day with afternoon rain.,rain,"65213099999,65202099999,DNMM,65201099999"
lagos,2018-07-28,30,24.8,26.7,37.4,24.8,28.5,23.8,84.8,0,0,0,,0,0,33.5,24.1,215.6,1016,61.7,9.6,112.2,9.7,5,,2018-07-28T06:40:29,2018-07-28T19:05:22,0.52,Partially cloudy,Partly cloudy throughout the day.,partly-cloudy-day,"DNMM,65201099999"
lagos,2018-07-29,27,24.9,25.4,29.6,24.9,25.6,23.5,89.1,3,100,4.17,rain,0,0,33.8,24.1,207,1015.7,57.8,9.6,145.3,12.5,6,,2018-07-29T06:40:35,2018-07-29T19:05:13,0.56,"Rain, Partially cloudy",Partly cloudy throughout the day with afternoon rain.,rain,"DNMM,65201099999"
lagos,2018-07-30,29,23.8,26.2,32.7,23.8,27.5,22.8,82.3,0,0,0,,0,0,38.9,19.5,196.2,1016.2,56.1,9.8,220.2,19,7,,2018-07-30T06:40:40,2018-07-30T19:05:03,0.59,Partially cloudy,Partly cloudy throughout the day.,partly-cloudy-day,"65202099999,DNMM,65201099999"
lagos,2018-07-31,27,24,25.3,29.6,24,25.6,22.2,83,0.1,100,4.17,rain,0,0,34.2,16.6,217.7,1016.1,62.2,9.9,183.5,15.8,7,,2018-07-31T06:40:45,2018-07-31T19:04:52,0.62,"Rain, Partially cloudy",Partly cloudy throughout the day with afternoon rain.,rain,"65202099999,DNMM,remote,65201099999"
lagos,2018-08-01,29,22.8,25.3,33.6,22.8,26.2,22.5,85,0.1,100,4.17,rain,0,0,34.2,21.8,200.9,1015,59.9,9.8,200.7,17.3,6,,2018-08-01T06:40:49,2018-08-01T19:04:41,0.66,"Rain, Partially cloudy",Partly cloudy throughout the day with morning rain.,rain,"65202099999,DNMM,remote,65201099999"
lagos,2018-08-02,29,24,26,33.6,24,27.3,23.2,85.4,0.7,100,4.17,rain,0,0,31,18.4,191,1014.9,62.9,9.3,158.6,13.5,6,,2018-08-02T06:40:53,2018-08-02T19:04:29,0.69,"Rain, Partially cloudy",Partly cloudy throughout the day with early morning rain.,rain,"DNMM,65201099999"
lagos,2018-08-03,29,24,25.7,32.7,24,26.4,23.1,86.1,2,100,4.17,rain,0,0,32.8,18.4,207.9,1015.5,69.1,9.4,189,16.3,6,,2018-08-03T06:40:56,2018-08-03T19:04:16,0.73,"Rain, Partially cloudy",Partly cloudy throughout the day with afternoon rain.,rain,"65213099999,DNMM,65201099999"
lagos,2018-08-04,29,24,26.1,32.7,24,27.5,23,83.3,0,0,0,,0,0,33.1,24.1,199.6,1016.5,67.1,10,221.4,19.1,7,,2018-08-04T06:40:59,2018-08-04T19:04:03,0.75,Partially cloudy,Partly cloudy throughout the day.,partly-cloudy-day,"65213099999,DNMM,65201099999"
lagos,2018-08-05,29.6,23.9,26,32.8,23.9,26.9,22.2,80.4,0,0,0,,0,0,35.3,20.9,215.6,1016.2,48.8,9.8,213.8,18.4,6,,2018-08-05T06:41:02,2018-08-05T19:03:48,0.8,Partially cloudy,Partly cloudy throughout the day.,partly-cloudy-day,"65202099999,DNMM,65201099999"
lagos,2018-08-06,28,23,25.3,31.3,23,26.2,22.2,83.3,0,0,0,,0,0,35.6,18.8,203.4,1016.4,56.4,10,157.1,13.5,5,,2018-08-06T06:41:04,2018-08-06T19:03:34,0.83,Partially cloudy,Partly cloudy throughout the day.,partly-cloudy-day,"65213099999,65202099999,DNMM,65201099999"
lagos,2018-08-07,29,24,25.9,32.7,24,27,22.8,83.3,0,0,0,,0,0,32.4,25.9,205.4,1016.2,57.9,10,143.4,12.5,5,,2018-08-07T06:41:05,2018-08-07T19:03:18,0.86,Partially cloudy,Partly cloudy throughout the day.,partly-cloudy-day,"65213099999,65202099999,DNMM,65201099999"
lagos,2018-08-08,30,23,26.2,34.1,23,27.5,22.5,81,0,0,0,,0,0,34.2,18.4,212.2,1016.3,53.4,9.9,244.8,21.1,9,,2018-08-08T06:41:06,2018-08-08T19:03:02,0.9,Partially cloudy,Partly cloudy throughout the day.,partly-cloudy-day,"65213099999,65202099999,DNMM,65201099999"
lagos,2018-08-09,29,23.2,26,32.7,23.2,27.2,23.1,84.4,0,0,0,,0,0,34.6,18.4,227.8,1015.8,56.2,9.7,196.5,16.9,7,,2018-08-09T06:41:06,2018-08-09T19:02:45,0.93,Partially cloudy,Partly cloudy throughout the day.,partly-cloudy-day,"65213099999,DNMM,65201099999"
lagos,2018-08-10,28,24,25.4,31.9,24,26.2,23.5,89.1,1,100,4.17,rain,0,0,32.4,20.8,218.4,1015.9,81.4,9.8,118.6,10.2,5,,2018-08-10T06:41:06,2018-08-10T19:02:27,0.97,"Rain, Partially cloudy",Partly cloudy throughout the day with afternoon rain.,rain,"65213099999,65202099999,DNMM,remote,65201099999"
lagos,2018-08-11,31,24,26.3,36.5,24,27.7,23.5,84.9,0,0,0,,0,0,33.8,20.5,222.5,1015.9,52.6,10,204.5,17.7,7,,2018-08-11T06:41:06,2018-08-11T19:02:08,0,Partially cloudy,Partly cloudy throughout the day.,partly-cloudy-day,"DNMM,65201099999"
lagos,2018-08-12,30,24,26.1,35.1,24,27.3,23.2,84.4,0,0,0,,0,0,34.6,14.8,209.1,1015.7,62.1,10,202.2,17.6,7,,2018-08-12T06:41:05,2018-08-12T19:01:49,0.03,Partially cloudy,Partly cloudy throughout the day.,partly-cloudy-day,"65213099999,DNMM,65201099999"
lagos,2018-08-13,25.3,23.1,24.6,25.3,23.1,24.6,23.2,92,41,100,4.17,rain,0,0,38.5,22.3,220.7,1014.9,81.6,9,113.8,9.8,5,,2018-08-13T06:41:03,2018-08-13T19:01:30,0.07,"Rain, Partially cloudy",Partly cloudy throughout the day with late afternoon rain.,rain,"65213099999,DNMM,remote,65201099999"
lagos,2018-08-14,29,23,25.6,33.6,23,27.1,23.2,87.1,0,0,0,,0,0,31.7,13,210.9,1015.6,61,9.7,237.9,20.4,8,,2018-08-14T06:41:01,2018-08-14T19:01:10,0.1,Partially cloudy,Partly cloudy throughout the day.,partly-cloudy-day,"DNMM,65201099999"
lagos,2018-08-15,30,23,25.7,34.1,23,27,23.2,86.5,0,0,0,,0,0,36.4,21.5,206.6,1016.2,61,8.6,241.2,20.8,8,,2018-08-15T06:40:59,2018-08-15T19:00:49,0.13,Partially cloudy,Partly cloudy throughout the day.,partly-cloudy-day,"65213099999,65202099999,DNMM,65201099999"
lagos,2018-08-16,29.7,23.9,26,33.9,23.9,27.2,23.1,84.9,0,0,0,,0,0,37.4,17.4,212.2,1016.6,57.1,10,215.5,18.4,7,,2018-08-16T06:40:56,2018-08-16T19:00:27,0.17,Partially cloudy,Partly cloudy throughout the day.,partly-cloudy-day,"65202099999,DNMM,65201099999"
lagos,2018-08-17,28.5,24.4,25.9,32.6,24.4,26.4,23.5,87.1,5.6,100,33.33,rain,0,0,33.8,17.6,241.5,1014.2,89.3,9.3,198.9,17.3,9,,2018-08-17T06:40:53,2018-08-17T19:00:05,0.2,"Rain, Partially cloudy",Partly cloudy throughout the day with a chance of rain throughout the day.,rain,"remote,65201099999"
lagos,2018-08-18,29,24.5,25.9,33.6,24.5,27,23.7,88.1,7,100,4.17,rain,0,0,34.2,22.3,230.7,1013.7,84,9.6,178,15.5,5,,2018-08-18T06:40:49,2018-08-18T18:59:42,0.25,"Rain, Partially cloudy",Partly cloudy throughout the day with late afternoon rain.,rain,"65213099999,DNMM,remote,65201099999"
lagos,2018-08-19,30,24,26.1,35.1,24,27.4,23.7,87.1,0,0,0,,0,0,38.2,16.6,235.7,1015.4,57.9,9.4,165.1,14.3,7,,2018-08-19T06:40:45,2018-08-19T18:59:19,0.27,Partially cloudy,Partly cloudy throughout the day.,partly-cloudy-day,"65213099999,DNMM,65201099999"
lagos,2018-08-20,28.6,23,25,33.1,23,25.6,23.1,89.7,11,100,12.5,rain,0,0,42.8,28.7,222.7,1015.1,71,8.3,124.3,10.6,6,,2018-08-20T06:40:41,2018-08-20T18:58:55,0.3,"Rain, Partially cloudy",Partly cloudy throughout the day with rain.,rain,"65202099999,DNMM,remote,65201099999"
lagos,2018-08-21,27.1,23,25.2,30.2,23,25.8,23.3,89.7,12.9,100,41.67,rain,0,0,43.2,24.8,233,1013.5,80,8.4,121.6,10.5,5,,2018-08-21T06:40:36,2018-08-21T18:58:31,0.33,"Rain, Partially cloudy",Partly cloudy throughout the day with rain.,rain,"65210099999,65213099999,DNMM,remote,65201099999"
lagos,2018-08-22,25.5,24.4,24.9,25.5,24.4,24.9,23.4,91.1,13,100,62.5,rain,0,0,29.9,18,227.9,1014.1,91.4,10,114.8,9.8,5,,2018-08-22T06:40:31,2018-08-22T18:58:06,0.37,"Rain, Overcast",Cloudy skies throughout the day with a chance of rain throughout the day.,rain,"DNMM,remote,65201099999"
lagos,2018-08-23,29,24,25.8,34.5,24,27,23.8,89.5,1.5,100,20.83,rain,0,0,33.1,24.1,202.3,1014.5,88.5,9.4,165,14.3,6,,2018-08-23T06:40:25,2018-08-23T18:57:41,0.4,"Rain, Partially cloudy",Partly cloudy throughout the day with rain clearing later.,rain,"65213099999,65202099999,DNMM,remote,65201099999"
lagos,2018-08-24,28,23.8,25.3,31.3,23.8,26.1,23.4,89.7,2,100,4.17,rain,0,0,34.6,20.5,225.8,1014,72.1,9.1,57.5,5.1,3,,2018-08-24T06:40:19,2018-08-24T18:57:15,0.43,"Rain, Partially cloudy",Partly cloudy throughout the day with morning rain.,rain,"DNMM,65201099999"
lagos,2018-08-25,26,23.9,24.8,26,23.9,24.8,23.6,93,17,100,12.5,rain,0,0,35.6,16.6,188.7,1014.1,80.3,7.7,154.2,13.4,7,,2018-08-25T06:40:12,2018-08-25T18:56:49,0.47,"Rain, Partially cloudy",Partly cloudy throughout the day with rain.,rain,"DNMM,remote,65201099999"
lagos,2018-08-26,29,24,25.9,33.6,24,27.1,23.6,88,10,100,8.33,rain,0,0,24.1,20.5,184.1,1015.8,63.5,9.1,220.2,19,7,,2018-08-26T06:40:06,2018-08-26T18:56:22,0.5,"Rain, Partially cloudy",Partly cloudy throughout the day with rain clearing later.,rain,"65202099999,DNMM,remote,65201099999"
lagos,2018-08-27,29,23,25.9,33.6,23,27.1,23.4,86.9,0,0,0,,0,0,31.3,20.5,207,1015.2,57.7,8.3,233.6,20.2,8,,2018-08-27T06:39:58,2018-08-27T18:55:55,0.53,Partially cloudy,Partly cloudy throughout the day.,partly-cloudy-day,"65202099999,DNMM,65201099999"
lagos,2018-08-28,29,23.8,25.9,34.5,23.8,27,23.5,86.8,2,100,4.17,rain,0,0,30.2,13.3,221.7,1014.1,67.8,9,166.9,14.4,6,,2018-08-28T06:39:51,2018-08-28T18:55:27,0.57,"Rain, Partially cloudy",Partly cloudy throughout the day with late afternoon rain.,rain,"65213099999,DNMM,remote,65201099999"
lagos,2018-08-29,29,24.8,26.2,34.5,24.8,27.4,23.8,87.4,0,0,0,,0,0,33.1,17.7,240.9,1013.9,63.3,9.2,144,12.4,6,,2018-08-29T06:39:43,2018-08-29T18:54:59,0.6,Partially cloudy,Partly cloudy throughout the day.,partly-cloudy-day,"65202099999,DNMM,remote,65201099999"
lagos,2018-08-30,29.1,24,26.6,33.9,24,28.5,23.9,85.8,0,0,0,,0,0,31.3,24.5,217.9,1012.6,62.6,9.9,165.5,14.4,5,,2018-08-30T06:39:35,2018-08-30T18:54:31,0.64,Partially cloudy,Partly cloudy throughout the day.,partly-cloudy-day,"65202099999,DNMM,65201099999"
lagos,2018-08-31,28.1,25,25.9,31.9,25,26.6,23.9,88.7,2.9,100,20.83,rain,0,0,35.3,23.5,214.2,1011.9,66.9,9,160.3,13.7,6,,2018-08-31T06:39:27,2018-08-31T18:54:02,0.67,"Rain, Partially cloudy",Partly cloudy throughout the day with afternoon rain.,rain,"65202099999,DNMM,remote,65201099999"
lagos,2018-09-01,29,24.6,26.4,33.7,24.6,27.8,24.1,88,0,0,0,,0,0,28.1,14.8,198.3,1013.5,62.4,9.3,74.4,6.5,3,,2018-09-01T06:39:18,2018-09-01T18:53:33,0.71,Partially cloudy,Partly cloudy throughout the day.,partly-cloudy-day,"DNMM,65201099999"
lagos,2018-09-02,29,24.8,26.4,33.6,24.8,27.6,24,87.3,1,100,4.17,rain,0,0,24.8,13,208.7,1013.9,55.8,9.4,134.5,11.6,5,,2018-09-02T06:39:09,2018-09-02T18:53:04,0.74,"Rain, Partially cloudy",Partly cloudy throughout the day with late afternoon rain.,rain,"DNMM,remote,65201099999"
lagos,2018-09-03,28,24.9,26,32.7,24.9,27.3,24.1,89.4,0.3,100,12.5,rain,0,0,27,16.6,228.5,1012.5,59.3,9.6,187.2,16.1,9,,2018-09-03T06:39:00,2018-09-03T18:52:34,0.75,"Rain, Partially cloudy",Partly cloudy throughout the day with rain in the morning and afternoon.,rain,"DNMM,remote,65201099999"
lagos,2018-09-04,28,24.8,26,31.9,24.8,27.2,24.2,90,2,100,4.17,rain,0,0,29.5,14.8,201.7,1012.7,69,9.5,191.2,16.5,7,,2018-09-04T06:38:51,2018-09-04T18:52:04,0.81,"Rain, Partially cloudy",Partly cloudy throughout the day with afternoon rain.,rain,"65213099999,DNMM,remote,65201099999"
lagos,2018-09-05,29.2,24,26.6,34.8,24,28.2,24.1,86.2,3,100,4.17,rain,0,0,30.6,14.8,226.4,1013.9,67.2,9.3,196.7,17,8,,2018-09-05T06:38:41,2018-09-05T18:51:34,0.85,"Rain, Partially cloudy",Partly cloudy throughout the day with morning rain.,rain,"DNMM,remote,65201099999"
lagos,2018-09-06,28,24,25.2,32.5,24,25.7,24,92.9,8,100,8.33,rain,0,0,28.4,16.6,243,1012.9,69.8,8.7,57.1,5.1,2,,2018-09-06T06:38:31,2018-09-06T18:51:03,0.88,"Rain, Partially cloudy",Partly cloudy throughout the day with rain in the morning and afternoon.,rain,"65213099999,DNMM,remote,65201099999"
lagos,2018-09-07,26.2,22.8,24.6,26.2,22.8,24.6,23.5,93.7,92,100,8.33,rain,0,0,33.8,20.7,238.9,1012.3,81.5,7.4,89.6,7.8,4,,2018-09-07T06:38:21,2018-09-07T18:50:32,0.92,"Rain, Partially cloudy",Partly cloudy throughout the day with rain in the morning and afternoon.,rain,"65213099999,65202099999,DNMM,remote,65201099999"
lagos,2018-09-08,26.1,24,24.7,26.1,24,24.7,23.9,95.7,11,100,4.17,rain,0,0,29.2,14.6,225.7,1013.6,62.9,8.9,102.4,8.8,4,,2018-09-08T06:38:11,2018-09-08T18:50:01,0.95,"Rain, Partially cloudy",Partly cloudy throughout the day with afternoon rain.,rain,"65202099999,DNMM,65201099999"
lagos,2018-09-09,29,23.3,25.2,34.5,23.3,25.8,23.9,92.4,3,100,8.33,rain,0,0,27.4,12.2,208.6,1014.2,65.1,9.1,106.7,9.4,6,,2018-09-09T06:38:01,2018-09-09T18:49:30,0,"Rain, Partially cloudy",Partly cloudy throughout the day with rain.,rain,"65213099999,DNMM,remote,65201099999"
lagos,2018-09-10,28,24,25,32.7,24,25.7,24.3,95.5,24,100,4.17,rain,0,0,21.6,13,200,1014.8,69,7.5,125.2,10.8,5,,2018-09-10T06:37:51,2018-09-10T18:48:59,0.02,"Rain, Partially cloudy",Partly cloudy throughout the day with late afternoon rain.,rain,"DNMM,remote,65201099999"
lagos,2018-09-11,29,23,25.7,34.5,23,27.1,24.2,91.8,1,100,4.17,rain,0,0,25.9,13,215.9,1014.8,74.6,7.4,141.4,12.2,6,,2018-09-11T06:37:40,2018-09-11T18:48:27,0.06,"Rain, Partially cloudy",Partly cloudy throughout the day with late afternoon rain.,rain,"DNMM,65201099999"
lagos,2018-09-12,29,24,26.3,33.6,24,27.8,24,87.7,2,100,4.17,rain,0,0,24.1,14.8,203.5,1014.7,47.2,9.2,228.4,19.6,8,,2018-09-12T06:37:30,2018-09-12T18:47:56,0.09,"Rain, Partially cloudy",Partly cloudy throughout the day with early morning rain.,rain,"DNMM,remote,65201099999"
lagos,2018-09-13,30,23.2,26,36.3,23.2,27.2,23.6,86.8,0.6,100,8.33,rain,0,0,77.8,51.8,148.2,1013.5,61.9,9.1,200.9,17.4,8,,2018-09-13T06:37:19,2018-09-13T18:47:24,0.12,"Rain, Partially cloudy",Partly cloudy throughout the day with rain.,rain,"DNMM,remote,65201099999"
lagos,2018-09-14,31,22.8,26.4,35.5,22.8,27.9,22.8,81.7,0.1,100,4.17,rain,0,0,29.9,18.4,206,1013.2,52.2,7.8,214.2,18.4,7,,2018-09-14T06:37:08,2018-09-14T18:46:52,0.15,"Rain, Partially cloudy",Partly cloudy throughout the day with late afternoon rain.,rain,"DNMM,remote,65201099999"
lagos,2018-09-15,29,23.1,26.2,34.5,23.1,27.7,24.1,88.6,0,0,0,,0,0,31,14.8,219,1014,53.4,9.8,198.6,17.2,7,,2018-09-15T06:36:57,2018-09-15T18:46:20,0.19,Partially cloudy,Partly cloudy throughout the day.,partly-cloudy-day,"DNMM,65201099999"
lagos,2018-09-16,29.4,24,25.9,34.8,24,27.1,24.2,90.6,2,100,4.17,rain,0,0,26.6,12.2,212.2,1013.6,58.6,9.2,190.9,16.8,7,,2018-09-16T06:36:47,2018-09-16T18:45:48,0.22,"Rain, Partially cloudy",Partly cloudy throughout the day with early morning rain.,rain,"DNMM,remote,65201099999"
lagos,2018-09-17,30,23,26.7,36.2,23,28.9,24.1,86,0,0,0,,0,0,26.6,14,203.1,1012.3,54.4,8.9,209.1,18.1,7,,2018-09-17T06:36:36,2018-09-17T18:45:16,0.25,Partially cloudy,Partly cloudy throughout the day.,partly-cloudy-day,"DNMM,remote,65201099999"
lagos,2018-09-18,29,22,25.1,34.5,22,26,23.8,92.5,5,100,4.17,rain,0,0,90.7,24.1,249.1,1012.7,52.6,9.3,150.2,13,6,,2018-09-18T06:36:25,2018-09-18T18:44:44,0.28,"Rain, Partially cloudy",Partly cloudy throughout the day with afternoon rain.,rain,"65210099999,DNMM,65201099999"
lagos,2018-09-19,34,23,27.2,42,23,29.9,23.8,82.5,0.2,100,8.33,rain,0,0,24.5,14.8,206.5,1012.5,66.7,9.6,191,16.4,7,,2018-09-19T06:36:14,2018-09-19T18:44:12,0.32,"Rain, Partially cloudy",Partly cloudy throughout the day with morning rain.,rain,"DNMM,remote,65201099999"
lagos,2018-09-20,29.1,24.6,26.8,34.8,24.6,28.7,24.3,86.7,3,100,4.17,rain,0,0,26.3,13,234.4,1010.8,84.5,9.3,225.6,19.5,8,,2018-09-20T06:36:03,2018-09-20T18:43:41,0.35,"Rain, Partially cloudy",Partly cloudy throughout the day with late afternoon rain.,rain,"remote,65201099999"
lagos,2018-09-21,30.6,23.1,26.2,36.9,23.1,27.3,23.9,87.4,8.7,100,12.5,rain,0,0,23.4,16.6,233.3,1011.1,91,8.9,123.5,10.8,5,,2018-09-21T06:35:53,2018-09-21T18:43:09,0.38,"Rain, Overcast",Cloudy skies throughout the day with rain.,rain,"DNMM,remote,65201099999"
lagos,2018-09-22,28.4,24,25.4,33.1,24,25.8,24.1,92.4,8.9,100,8.33,rain,0,0,22,18.4,219.6,1012.3,74.6,8.6,62.1,5.7,2,,2018-09-22T06:35:42,2018-09-22T18:42:37,0.41,"Rain, Partially cloudy",Partly cloudy throughout the day with rain.,rain,"65213099999,DNMM,remote,65201099999"
lagos,2018-09-23,29,23,25.1,34.5,23,26.5,23.4,90.3,59,100,4.17,rain,0,0,27.4,13,220,1012.9,73.2,6.6,208.3,18.1,9,,2018-09-23T06:35:31,2018-09-23T18:42:05,0.45,"Rain, Partially cloudy",Partly cloudy throughout the day with late afternoon rain.,rain,"DNMM,remote,65201099999"
lagos,2018-09-24,29.1,23,25.8,34.6,23,27.5,23.4,86.7,0,0,0,,0,0,22.3,16.6,300.5,1013,62.5,8.9,169.2,14.7,5,,2018-09-24T06:35:21,2018-09-24T18:41:34,0.48,Partially cloudy,Partly cloudy throughout the day.,partly-cloudy-day,"65213099999,DNMM,65201099999"
lagos,2018-09-25,31,24.9,26.9,39.1,24.9,29.4,24.5,87.2,2.6,100,8.33,rain,0,0,28.8,16.6,220.3,1012.5,64.1,9,127.6,10.9,5,,2018-09-25T06:35:11,2018-09-25T18:41:02,0.5,"Rain, Partially cloudy",Partly cloudy throughout the day with rain.,rain,"65213099999,DNMM,remote,65201099999"
lagos,2018-09-26,28,24.8,25.9,33.6,24.8,27.2,24.5,91.9,16,100,8.33,rain,0,0,26.3,14.8,197.7,1013,67.9,9.2,152.9,13.2,6,,2018-09-26T06:35:00,2018-09-26T18:40:31,0.55,"Rain, Partially cloudy",Partly cloudy throughout the day with rain in the morning and afternoon.,rain,"65210099999,DNMM,remote,65201099999"
lagos,2018-09-27,31,24,26.4,37.7,24,28.5,24.2,88.3,0.3,100,12.5,rain,0,0,29.9,15.1,225.7,1012.1,61.7,9.5,228,19.7,8,,2018-09-27T06:34:51,2018-09-27T18:40:00,0.58,"Rain, Partially cloudy",Partly cloudy throughout the day with rain.,rain,"DNMM,remote,65201099999"
lagos,2018-09-28,28,24.9,25.9,32.8,24.9,26.6,24.3,91,3,100,4.17,rain,0,0,32.4,9.4,229.4,1012.6,55.7,9.2,195,17,8,,2018-09-28T06:34:41,2018-09-28T18:39:29,0.62,"Rain, Partially cloudy",Partly cloudy throughout the day with afternoon rain.,rain,"DNMM,65201099999"
lagos,2018-09-29,31.1,25,27.5,40.6,25,30.9,24.9,86.6,0,0,0,,0,0,21.2,25.9,196.4,1012.2,63.2,9.6,161.8,14,6,,2018-09-29T06:34:31,2018-09-29T18:38:59,0.65,Partially cloudy,Partly cloudy throughout the day.,partly-cloudy-day,"DNMM,remote,65201099999"
lagos,2018-09-30,30,25.2,27.2,37.4,25.2,29.6,24.6,85.9,1.6,100,12.5,rain,0,0,24.8,20.5,223.8,1011.7,64.6,10,167.6,14.5,5,,2018-09-30T06:34:22,2018-09-30T18:38:28,0.69,"Rain, Partially cloudy",Partly cloudy throughout the day with morning rain.,rain,"DNMM,remote,65201099999"
lagos,2018-10-01,27,23,25,29.8,23,25.2,23.4,91,6,100,4.17,rain,0,0,46.4,27.7,295.9,1012.7,56.1,9.6,144.1,12.4,5,,2018-10-01T06:34:13,2018-10-01T18:37:58,0.73,"Rain, Partially cloudy",Partly cloudy throughout the day with afternoon rain.,rain,"65213099999,DNMM,remote,65201099999"
lagos,2018-10-02,32,22.8,26.7,39.2,22.8,29.1,23.7,84.5,0,0,0,,0,0,25.6,13.8,189.3,1013,53.3,9.4,172.5,14.9,6,,2018-10-02T06:34:04,2018-10-02T18:37:28,0.75,Partially cloudy,Partly cloudy throughout the day.,partly-cloudy-day,"65213099999,65202099999,DNMM,65201099999"
lagos,2018-10-03,31,24.8,27.5,38.9,24.8,30.8,24.8,85.4,0,0,0,,0,0,29.5,18.4,207.5,1013,61.8,10,226.4,19.5,8,,2018-10-03T06:33:55,2018-10-03T18:36:59,0.8,Partially cloudy,Partly cloudy throughout the day.,partly-cloudy-day,"DNMM,65201099999"
lagos,2018-10-04,32,24.8,27.1,40.6,24.8,29.8,24.8,87.8,0,0,0,,0,0,28.1,16.6,202.8,1013,61,9.6,216.3,18.7,8,,2018-10-04T06:33:47,2018-10-04T18:36:30,0.83,Partially cloudy,Partly cloudy throughout the day.,partly-cloudy-day,"DNMM,65201099999"
lagos,2018-10-05,30,24.2,26.5,37.4,24.2,28.5,24.7,90.1,5,100,4.17,rain,0,0,23.4,16.6,215.5,1013.1,59.7,9.6,188.2,16.1,7,,2018-10-05T06:33:39,2018-10-05T18:36:01,0.87,"Rain, Partially cloudy",Partly cloudy throughout the day with late afternoon rain.,rain,"65213099999,DNMM,remote,65201099999"
lagos,2018-10-06,30.1,24.1,26.7,36.3,24.1,29.1,24.4,87.9,10,100,4.17,rain,0,0,23.4,18.4,201,1014,59.4,8.8,198.6,17.1,7,,2018-10-06T06:33:32,2018-10-06T18:35:33,0.9,"Rain, Partially cloudy",Partly cloudy throughout the day with afternoon rain.,rain,"DNMM,65201099999"
lagos,2018-10-07,33,23,27.4,43.8,23,30.7,24.7,85.5,0,0,0,,0,0,46.4,27.7,236.1,1013.2,58.3,9.2,188.6,16.4,7,,2018-10-07T06:33:24,2018-10-07T18:35:05,0.94,Partially cloudy,Partly cloudy throughout the day.,partly-cloudy-day,"DNMM,remote,65201099999"
lagos,2018-10-08,32,23,27,40.6,23,29.7,24,84.8,9,100,4.17,rain,0,0,25.9,18.4,181.4,1012,58.4,10,147.6,12.5,6,,2018-10-08T06:33:18,2018-10-08T18:34:37,0.98,"Rain, Partially cloudy",Partly cloudy throughout the day with early morning rain.,rain,"DNMM,remote,65201099999"
lagos,2018-10-09,29,25.2,26.6,34.3,25.2,28.6,24.6,88.8,5.4,100,45.83,rain,0,0,28.8,13.3,225.8,1011.1,84.1,10,154.1,13.3,6,,2018-10-09T06:33:11,2018-10-09T18:34:10,0,"Rain, Partially cloudy",Partly cloudy throughout the day with a chance of rain throughout the day.,rain,"DNMM,remote,65201099999"
lagos,2018-10-10,29,21,25.7,34.5,21,26.9,24,90.6,31,100,4.17,rain,0,0,23,22.3,184.2,1012.5,61.3,8.9,165.4,14.3,6,,2018-10-10T06:33:05,2018-10-10T18:33:44,0.04,"Rain, Partially cloudy",Partly cloudy throughout the day with afternoon rain.,rain,"65202099999,DNMM,remote,65201099999"
lagos,2018-10-11,31,24,26.7,39.1,24,28.7,24.3,87.3,1.5,100,12.5,rain,0,0,20.2,13,224.1,1013.2,62.2,9.9,130,11.1,6,,2018-10-11T06:33:00,2018-10-11T18:33:18,0.07,"Rain, Partially cloudy",Partly cloudy throughout the day with late afternoon rain.,rain,"65210099999,DNMM,remote,65201099999"
lagos,2018-10-12,27.2,24.9,25.8,30.7,24.9,26.3,24,89.8,4,100,4.17,rain,0,0,26.6,13.3,199.2,1012.8,73.8,9.3,119.2,10.2,5,,2018-10-12T06:32:54,2018-10-12T18:32:52,0.11,"Rain, Partially cloudy",Partly cloudy throughout the day with early morning rain.,rain,"65213099999,DNMM,remote,65201099999"
lagos,2018-10-13,28.4,24.3,26.4,32.6,24.3,28.3,23.9,86.2,2.8,100,37.5,rain,0,0,25.2,14,238.2,1012.3,90.8,10,144.8,12.4,5,,2018-10-13T06:32:50,2018-10-13T18:32:27,0.14,"Rain, Overcast",Cloudy skies throughout the day with a chance of rain throughout the day.,rain,"DNMM,remote,65201099999"
lagos,2018-10-14,31,23.9,26.9,39.1,23.9,28.9,24.7,88.3,0.1,100,4.17,rain,0,0,27.7,14.8,211.9,1012.7,51.8,9.4,202.2,17.4,7,,2018-10-14T06:32:46,2018-10-14T18:32:03,0.17,"Rain, Partially cloudy",Partly cloudy throughout the day with early morning rain.,rain,"DNMM,remote,65201099999"
lagos,2018-10-15,32,24.8,27.4,40.6,24.8,30.5,24.7,86.2,0,0,0,,0,0,25.6,13,186.2,1013.7,55.6,9.2,198.5,17.1,8,,2018-10-15T06:32:42,2018-10-15T18:31:39,0.2,Partially cloudy,Partly cloudy throughout the day.,partly-cloudy-day,"DNMM,65201099999"
lagos,2018-10-16,29.1,22.7,25.5,35.7,22.7,25.9,23.7,89.7,11,100,4.17,rain,0,0,20.9,24.1,45,1014.5,51.7,9.3,151.6,13.1,6,,2018-10-16T06:32:39,2018-10-16T18:31:16,0.25,"Rain, Partially cloudy",Partly cloudy throughout the day with afternoon rain.,rain,"65213099999,DNMM,remote,65201099999"
lagos,2018-10-17,33,22,27,41.4,22,30.2,24.2,85.7,0,0,0,,0,0,24.8,16.6,191,1013.5,37.3,8.8,206.1,17.8,7,,2018-10-17T06:32:36,2018-10-17T18:30:53,0.27,Partially cloudy,Partly cloudy throughout the day.,partly-cloudy-day,"DNMM,65201099999"
lagos,2018-10-18,30,24,27,37.3,24,29.8,24.7,87.6,0,0,0,,0,0,26.6,18.2,202.3,1012.1,61.7,9.6,185.8,15.9,7,,2018-10-18T06:32:34,2018-10-18T18:30:31,0.3,Partially cloudy,Partly cloudy throughout the day.,partly-cloudy-day,"65213099999,65202099999,DNMM,65201099999"
lagos,2018-10-19,33,25.1,28,42.1,25.1,31.8,24.9,83.7,0,0,0,,0,0,27.7,14.8,222.4,1011.2,51.3,9.6,226.9,19.4,8,,2018-10-19T06:32:33,2018-10-19T18:30:10,0.33,Partially cloudy,Partly cloudy throughout the day.,partly-cloudy-day,"65213099999,65202099999,DNMM,65201099999"
lagos,2018-10-20,33,24.8,27.9,42.1,24.8,31.8,25.1,85.1,0,0,0,,0,0,30.2,14.8,205.6,1010.7,55.9,9.7,244.8,21.1,8,,2018-10-20T06:32:32,2018-10-20T18:29:49,0.36,Partially cloudy,Partly cloudy throughout the day.,partly-cloudy-day,"65213099999,DNMM,65201099999"
lagos,2018-10-21,33,25,28.2,43.8,25,32.5,25.4,85.4,0.1,100,4.17,rain,0,0,25.9,22.3,188.7,1010.7,56.5,9.7,202.3,17.4,7,,2018-10-21T06:32:31,2018-10-21T18:29:29,0.4,"Rain, Partially cloudy",Partly cloudy throughout the day with late afternoon rain.,rain,"DNMM,65201099999"
lagos,2018-10-22,30,25,27.7,37.4,25,31.5,24.9,84.9,0,0,0,,0,0,22,18.4,211.8,1011,66.1,9.7,169.5,14.6,7,,2018-10-22T06:32:32,2018-10-22T18:29:10,0.43,Partially cloudy,Partly cloudy throughout the day.,partly-cloudy-day,"DNMM,remote,65201099999"
lagos,2018-10-23,33,25.3,27.7,43.8,25.3,31.1,24.9,85.3,1.6,100,33.33,rain,0,0,26.6,16.6,225.4,1011.7,83.2,8.8,191.4,16.4,7,,2018-10-23T06:32:33,2018-10-23T18:28:52,0.46,"Rain, Partially cloudy",Partly cloudy throughout the day with a chance of rain throughout the day.,rain,"65210099999,DNMM,remote,65201099999"
lagos,2018-10-24,29,25,26.6,35.6,25,28.4,24.8,90.3,1,100,4.17,rain,0,0,23.4,14.8,191.6,1012.7,53.8,8.8,153,13.4,5,,2018-10-24T06:32:34,2018-10-24T18:28:34,0.5,"Rain, Partially cloudy",Partly cloudy throughout the day with afternoon rain.,rain,"65210099999,65213099999,DNMM,65201099999"
lagos,2018-10-25,33,24.8,28.2,42.1,24.8,32.2,24.9,83.1,0,0,0,,0,0,23,18.4,133.1,1012.7,53.9,9.2,198,17.1,7,,2018-10-25T06:32:36,2018-10-25T18:28:17,0.53,Partially cloudy,Partly cloudy throughout the day.,partly-cloudy-day,"65210099999,DNMM,65201099999"
lagos,2018-10-26,32,24.8,27.9,42.3,24.8,31.8,24.8,83.9,0,0,0,,0,0,29.5,14.8,177.6,1012.7,54.9,9.4,188.5,16.3,6,,2018-10-26T06:32:39,2018-10-26T18:28:01,0.56,Partially cloudy,Partly cloudy throughout the day.,partly-cloudy-day,"DNMM,65201099999"
lagos,2018-10-27,31,24.1,26.9,40.6,24.1,29.7,24.9,89.5,4,100,4.17,rain,0,0,23,16.6,142.8,1013.5,48,6.6,187.9,16.2,7,,2018-10-27T06:32:43,2018-10-27T18:27:46,0.6,"Rain, Partially cloudy",Partly cloudy throughout the day with early morning rain.,rain,"65213099999,DNMM,65201099999"
lagos,2018-10-28,33,23.9,26.9,43.8,23.9,29.5,24.5,87.3,5.5,100,8.33,rain,0,0,24.8,18.4,262,1012.8,57.8,8.3,210.8,18.1,8,,2018-10-28T06:32:47,2018-10-28T18:27:32,0.63,"Rain, Partially cloudy",Partly cloudy throughout the day with late afternoon rain.,rain,"DNMM,remote,65201099999"
lagos,2018-10-29,29,23,25.4,33.6,23,27,23.9,91.6,61,100,12.5,rain,0,0,70.6,42.5,1.2,1013.2,70.4,6.6,126.3,11,4,,2018-10-29T06:32:52,2018-10-29T18:27:18,0.67,"Rain, Partially cloudy",Partly cloudy throughout the day with rain.,rain,"DNMM,remote,65201099999"
lagos,2018-10-30,33,24.1,28,41.4,24.1,31.7,24.7,83.4,1.5,100,16.67,rain,0,0,27.7,13,233.7,1012.1,58.9,6.5,213.4,18.5,8,,2018-10-30T06:32:58,2018-10-30T18:27:05,0.71,"Rain, Partially cloudy",Partly cloudy throughout the day with a chance of rain throughout the day.,rain,"65210099999,DNMM,remote,65201099999"
lagos,2018-10-31,32.5,25.1,28.1,41.9,25.1,32.1,25.1,84.1,2.6,100,12.5,rain,0,0,25.9,16.8,237.3,1010.6,66.9,8.7,227.4,19.5,8,,2018-10-31T06:33:04,2018-10-31T18:26:53,0.75,"Rain, Partially cloudy",Partly cloudy throughout the day with rain.,rain,"65210099999,65213099999,DNMM,remote,65201099999"
lagos,2018-11-01,29.6,26.2,27.6,36.4,26.2,31.6,25,85.6,2,100,4.17,rain,0,0,32.4,16.9,232.3,1010.2,82.9,10,182.6,15.7,6,,2018-11-01T06:33:11,2018-11-01T18:26:43,0.78,"Rain, Partially cloudy",Partly cloudy throughout the day with late afternoon rain.,rain,"65210099999,DNMM,remote,65201099999"
lagos,2018-11-02,30,25,27.2,38.8,25,30.6,24.8,86.9,26,100,4.17,rain,0,0,27,18.4,203.9,1011.6,60.1,9.2,177.9,15.1,6,,2018-11-02T06:33:19,2018-11-02T18:26:33,0.81,"Rain, Partially cloudy",Partly cloudy throughout the day with late afternoon rain.,rain,"65210099999,DNMM,remote,65201099999"
lagos,2018-11-03,32,24,27.4,42.3,24,30.2,24.8,86.6,0,0,0,,0,0,25.2,14.8,194.8,1011.5,59.5,8.4,225.5,19.5,8,,2018-11-03T06:33:27,2018-11-03T18:26:23,0.85,Partially cloudy,Partly cloudy throughout the day.,partly-cloudy-day,"65210099999,65213099999,DNMM,remote,65201099999"
lagos,2018-11-04,33,24,27.6,43.8,24,31.3,25,85.9,1,100,4.17,rain,0,0,24.1,14.8,199,1011.2,63.6,9,169.9,14.7,6,,2018-11-04T06:33:37,2018-11-04T18:26:15,0.89,"Rain, Partially cloudy",Partly cloudy throughout the day with early morning rain.,rain,"65210099999,DNMM,remote,65201099999"
lagos,2018-11-05,33,25,27.9,42.3,25,31.5,24.9,84.4,0.8,100,12.5,rain,0,0,23.8,18.4,227.8,1011,51.9,8.5,205.4,17.7,8,,2018-11-05T06:33:47,2018-11-05T18:26:08,0.92,"Rain, Partially cloudy",Partly cloudy throughout the day with a chance of rain throughout the day.,rain,"65210099999,DNMM,remote,65201099999"
lagos,2018-11-06,29,25,26.6,35.6,25,28.7,24.7,89.6,3.5,100,12.5,rain,0,0,24.1,20.5,211.7,1011.2,49.7,7.8,128.2,11.2,5,,2018-11-06T06:33:57,2018-11-06T18:26:02,0.96,"Rain, Partially cloudy",Partly cloudy throughout the day with rain.,rain,"DNMM,remote,65201099999"
lagos,2018-11-07,31,25,27.1,39.1,25,29.7,25,88.8,0.9,100,12.5,rain,0,0,26.3,25.9,145.8,1012.5,56.6,7.7,163.3,14,7,,2018-11-07T06:34:09,2018-11-07T18:25:56,0,"Rain, Partially cloudy",Partly cloudy throughout the day with rain in the morning and afternoon.,rain,"DNMM,remote,65201099999"
lagos,2018-11-08,32,24.7,27.7,42.3,24.7,31.7,25.2,86.6,0.1,100,4.17,rain,0,0,27,13.3,183.1,1013.1,47.1,7.8,211.6,18.3,7,,2018-11-08T06:34:21,2018-11-08T18:25:52,0.03,"Rain, Partially cloudy",Partly cloudy throughout the day with afternoon rain.,rain,"DNMM,remote,65201099999"
lagos,2018-11-09,32,22.8,27,40.6,22.8,30.2,24.3,86,7,100,4.17,rain,0,0,25.2,22.3,197.9,1012.3,61.5,8.5,207.4,17.9,8,,2018-11-09T06:34:34,2018-11-09T18:25:48,0.06,"Rain, Partially cloudy",Partly cloudy throughout the day with morning rain.,rain,"65210099999,DNMM,remote,65201099999"
lagos,2018-11-10,31.1,24,27.4,39.4,24,30.7,24.8,86.5,7,100,4.17,rain,0,0,22,14.8,195.8,1011.4,58.6,8.3,215.1,18.5,8,,2018-11-10T06:34:48,2018-11-10T18:25:46,0.09,"Rain, Partially cloudy",Partly cloudy throughout the day with early morning rain.,rain,"DNMM,remote,65201099999"
lagos,2018-11-11,32,25.8,28.3,40.6,25.8,33.3,25.4,84.7,0.5,100,8.33,rain,0,0,26.6,13,208.9,1010.7,54.5,7.2,234.9,20.2,8,,2018-11-11T06:35:02,2018-11-11T18:25:45,0.12,"Rain, Partially cloudy",Partly cloudy throughout the day with afternoon rain.,rain,"65210099999,DNMM,remote,65201099999"
lagos,2018-11-12,29.7,26.4,27.7,36.2,26.4,31.5,25,85.4,1.1,100,20.83,rain,0,0,28.8,15.1,238.1,1009,34.1,,212.7,18.5,9,,2018-11-12T06:35:17,2018-11-12T18:25:44,0.15,"Rain, Partially cloudy",Partly cloudy throughout the day with rain.,rain,remote
lagos,2018-11-13,34,26.2,29.5,47.3,26.2,36.2,26.1,82.4,0.9,100,16.67,rain,0,0,28.8,14.8,226.2,1009.6,54.6,9.4,211.5,18.1,8,,2018-11-13T06:35:33,2018-11-13T18:25:45,0.19,"Rain, Partially cloudy",Partly cloudy throughout the day with rain clearing later.,rain,"65210099999,65213099999,DNMM,remote,65201099999"
lagos,2018-11-14,34,26.9,29.1,45.3,30.9,35.8,26.4,86.6,0,0,0,,0,0,31.3,18.4,240.3,1010,55,8.8,215.8,18.8,8,,2018-11-14T06:35:50,2018-11-14T18:25:46,0.22,Partially cloudy,Partly cloudy throughout the day.,partly-cloudy-day,"65210099999,65202099999,DNMM,remote,65201099999"
lagos,2018-11-15,28.6,25.3,26.8,33.3,25.3,29.4,25.1,90.4,0,0,0,,0,0,25.2,9.4,215.8,1011.6,54.9,7.6,174.7,15.1,7,,2018-11-15T06:36:07,2018-11-15T18:25:49,0.25,Partially cloudy,Partly cloudy throughout the day.,partly-cloudy-day,"65210099999,DNMM,65201099999"
lagos,2018-11-16,33,23.9,28.2,43.7,23.9,32.6,25,83.7,0,0,0,,0,0,25.6,16.6,187,1012.8,50.2,6.4,228,19.4,8,,2018-11-16T06:36:25,2018-11-16T18:25:52,0.28,Partially cloudy,Partly cloudy throughout the day.,partly-cloudy-day,"65210099999,DNMM,65201099999"
lagos,2018-11-17,33,26.5,28.7,43.8,26.5,34.3,25.6,84.1,0.4,100,12.5,rain,0,0,23.8,13,197.2,1013,54.7,9.2,215.6,18.4,8,,2018-11-17T06:36:44,2018-11-17T18:25:57,0.31,"Rain, Partially cloudy",Partly cloudy throughout the day with morning rain.,rain,"65210099999,DNMM,remote,65201099999"
lagos,2018-11-18,33,25,28,43.8,25,32.9,25.8,88.4,99,100,4.17,rain,0,0,24.5,9.6,216.3,1012.3,49.5,8.9,184.3,15.8,7,,2018-11-18T06:37:03,2018-11-18T18:26:02,0.35,"Rain, Partially cloudy",Partly cloudy throughout the day with late afternoon rain.,rain,"65210099999,DNMM,65201099999"
lagos,2018-11-19,31,25,27.7,39.1,25,31.8,25.3,87.1,0,0,0,,0,0,31,11.2,230.1,1011.6,53.4,6.9,198.1,17,7,,2018-11-19T06:37:24,2018-11-19T18:26:09,0.38,Partially cloudy,Partly cloudy throughout the day.,partly-cloudy-day,"65210099999,DNMM,65201099999"
lagos,2018-11-20,31.3,25,27.8,42.4,25,32.3,25.5,87.1,0,0,0,,0,0,23.8,18.4,218.2,1012.5,50.7,7.7,199,17.1,7,,2018-11-20T06:37:44,2018-11-20T18:26:16,0.41,Partially cloudy,Partly cloudy throughout the day.,partly-cloudy-day,"65210099999,65213099999,DNMM,65201099999"
lagos,2018-11-21,33,25,28.5,42.1,25,33.3,25.5,84.5,0,0,0,,0,0,28.4,20.5,207.6,1012.9,52.6,8.6,212.9,18.3,8,,2018-11-21T06:38:06,2018-11-21T18:26:24,0.44,Partially cloudy,Partly cloudy throughout the day.,partly-cloudy-day,"65210099999,65213099999,DNMM,65201099999"
lagos,2018-11-22,32,25,28.2,40.6,25,32.7,25.5,85.7,1,100,4.17,rain,0,0,25.9,13,240.5,1011.9,51.2,9.3,219.2,19,8,,2018-11-22T06:38:28,2018-11-22T18:26:34,0.48,"Rain, Partially cloudy",Partly cloudy throughout the day with late afternoon rain.,rain,"65210099999,DNMM,remote,65201099999"
lagos,2018-11-23,34,25.1,28.7,44.7,25.1,33.7,25.5,83.7,0,0,0,,0,0,23.4,14.8,188.5,1011.5,52.8,8.5,181.9,15.8,7,,2018-11-23T06:38:51,2018-11-23T18:26:44,0.5,Partially cloudy,Partly cloudy throughout the day.,partly-cloudy-day,"65210099999,65213099999,DNMM,65201099999"
lagos,2018-11-24,34,24.9,28.8,43.8,24.9,33.7,25.3,82.7,0.1,100,4.17,rain,0,0,25.6,11.2,225.9,1011.9,47.2,8.6,219.6,19,8,,2018-11-24T06:39:14,2018-11-24T18:26:55,0.54,"Rain, Partially cloudy",Partly cloudy throughout the day with afternoon rain.,rain,"65210099999,65213099999,DNMM,remote,65201099999"
lagos,2018-11-25,35,26,29.3,46.7,26,35.4,25.8,82.2,0,0,0,,0,0,27.4,18.4,211.5,1011.6,51.4,9.3,214.5,18.6,8,,2018-11-25T06:39:38,2018-11-25T18:27:08,0.58,Partially cloudy,Partly cloudy throughout the day.,partly-cloudy-day,"65210099999,DNMM,65201099999"
lagos,2018-11-26,33,25.2,28.9,42.1,25.2,34.4,25.8,83.9,0.1,100,4.17,rain,0,0,31.3,16.6,215.4,1011.2,57.4,9.6,203.1,17.5,8,,2018-11-26T06:40:02,2018-11-26T18:27:21,0.61,"Rain, Partially cloudy",Partly cloudy throughout the day with morning rain.,rain,"65210099999,65213099999,DNMM,remote,65201099999"
lagos,2018-11-27,28.6,25,26.7,34.1,25,29.2,25.3,91.7,0,0,0,,0,0,27.4,14.8,243.7,1011.1,42.2,6.7,178,15.3,6,,2018-11-27T06:40:27,2018-11-27T18:27:35,0.65,Partially cloudy,Partly cloudy throughout the day.,partly-cloudy-day,"65210099999,DNMM,65201099999"
lagos,2018-11-28,34,24.8,28.4,47.3,24.8,33,25.2,83.3,0,0,0,,0,0,25.2,14.7,141.1,1010.4,42.1,6.3,203.4,17.5,8,,2018-11-28T06:40:53,2018-11-28T18:27:50,0.69,Partially cloudy,Partly cloudy throughout the day.,partly-cloudy-day,"65210099999,DNMM,65201099999"
lagos,2018-11-29,35,25,29.2,44.9,25,34.9,25.6,82.1,0,0,0,,0,0,25.6,16.6,226.3,1010.1,53.8,7.5,239.7,20.6,8,,2018-11-29T06:41:19,2018-11-29T18:28:06,0.72,Partially cloudy,Partly cloudy throughout the day.,partly-cloudy-day,"65210099999,DNMM,65201099999"
lagos,2018-11-30,34.1,25.9,29.2,43.5,25.9,35.1,26,83.5,0,0,0,,0,0,30.2,16.6,211.5,1010.3,52.5,8.2,212.3,18.2,8,,2018-11-30T06:41:46,2018-11-30T18:28:22,0.75,Partially cloudy,Partly cloudy throughout the day.,partly-cloudy-day,"65210099999,65202099999,DNMM,65201099999"
lagos,2018-12-01,34,25.8,28.8,43.5,25.8,34.1,25.7,84.2,0,0,0,,0,0,27.7,13,249.3,1011.4,50.2,7.7,170.2,14.7,7,,2018-12-01T06:42:13,2018-12-01T18:28:40,0.79,Partially cloudy,Partly cloudy throughout the day.,partly-cloudy-day,"65210099999,DNMM,65201099999"
lagos,2018-12-02,34,25,28.4,41.3,25,32.8,24.9,82.4,0,0,0,,0,0,24.5,11.2,227.8,1011.2,53.5,8.2,165.7,14.4,7,,2018-12-02T06:42:40,2018-12-02T18:28:58,0.83,Partially cloudy,Partly cloudy throughout the day.,partly-cloudy-day,"65210099999,DNMM,remote,65201099999"
lagos,2018-12-03,33.8,25.2,28.5,42.1,25.2,33,25,82.2,0.2,100,8.33,rain,0,0,26.3,11.2,210.1,1010.6,46.3,8.1,179.7,15.5,6,,2018-12-03T06:43:08,2018-12-03T18:29:17,0.86,"Rain, Partially cloudy",Partly cloudy throughout the day with afternoon rain.,rain,"65210099999,65213099999,DNMM,remote,65201099999"
lagos,2018-12-04,35,25,29,44.9,25,33.8,25.4,82.3,0,0,0,,0,0,30.6,18.4,132.7,1009.8,47.5,6.4,184.1,15.8,7,,2018-12-04T06:43:36,2018-12-04T18:29:37,0.9,Partially cloudy,Partly cloudy throughout the day.,partly-cloudy-day,"65210099999,DNMM,65201099999"
lagos,2018-12-05,35,25,28.8,41.1,25,33.6,25.3,82.9,0,0,0,,0,0,27.4,21.8,186.4,1010.2,45.3,6,222.6,19.2,8,,2018-12-05T06:44:05,2018-12-05T18:29:58,0.93,Partially cloudy,Partly cloudy throughout the day.,partly-cloudy-day,"65210099999,65202099999,DNMM,65201099999"
lagos,2018-12-06,37,25,29.5,43.1,25,33.5,24.3,76.6,0,0,0,,0,0,24.1,14.8,299.8,1011,34.4,5.6,254.2,21.9,9,,2018-12-06T06:44:34,2018-12-06T18:30:20,0.97,Partially cloudy,Partly cloudy throughout the day.,partly-cloudy-day,"65210099999,DNMM,remote,65201099999"
lagos,2018-12-07,35,23,28.3,37.7,23,30.3,22.3,73.6,0,0,0,,0,0,29.9,11.2,234.7,1012.6,36.6,4.3,244.6,20.9,8,,2018-12-07T06:45:03,2018-12-07T18:30:42,0,Partially cloudy,Partly cloudy throughout the day.,partly-cloudy-day,"65210099999,DNMM,65201099999"
lagos,2018-12-08,33.9,23,27.4,40.6,23,29.8,23.8,81.3,0.8,100,20.83,rain,0,0,27.7,13.7,215.9,1012.7,64.5,3.5,200.6,17.4,8,,2018-12-08T06:45:32,2018-12-08T18:31:05,0.04,"Rain, Partially cloudy",Partly cloudy throughout the day with rain.,rain,"65210099999,DNMM,remote,65201099999"
lagos,2018-12-09,35,24.7,28.8,43.3,24.7,32.6,24.4,78.2,0,0,0,,0,0,25.2,12.6,250.3,1013.8,52,4.2,183.1,15.7,7,,2018-12-09T06:46:02,2018-12-09T18:31:29,0.07,Partially cloudy,Partly cloudy throughout the day.,partly-cloudy-day,"65210099999,DNMM,remote,65201099999"
lagos,2018-12-10,36,25.2,29.1,41.9,25.2,33.3,24.7,78.7,0,0,0,,0,0,26.6,13,241.3,1014.5,47,3.8,222.7,19.3,8,,2018-12-10T06:46:32,2018-12-10T18:31:53,0.1,Partially cloudy,Partly cloudy throughout the day.,partly-cloudy-day,"65210099999,DNMM,remote,65201099999"
lagos,2018-12-11,34,24.7,28.3,40.6,24.7,32.2,24.7,82,4,100,12.5,rain,0,0,24.8,13,250.1,1014,45.1,4,197.8,17,7,,2018-12-11T06:47:02,2018-12-11T18:32:18,0.13,"Rain, Partially cloudy",Partly cloudy throughout the day with rain.,rain,"65210099999,DNMM,remote,65201099999"
lagos,2018-12-12,34,25.9,28.2,42.3,25.9,32.1,25.3,85.4,11,100,4.17,rain,0,0,26.6,13,251.7,1014.3,45.8,4.6,169.4,14.5,6,,2018-12-12T06:47:32,2018-12-12T18:32:43,0.17,"Rain, Partially cloudy",Partly cloudy throughout the day with late afternoon rain.,rain,"DNMM,65201099999"
lagos,2018-12-13,34,25,28.4,45.3,25,33.3,25.9,87.1,0,0,0,,0,0,29.9,14.8,285.7,1014.5,41.2,5.8,206.2,17.9,8,,2018-12-13T06:48:03,2018-12-13T18:33:10,0.2,Partially cloudy,Partly cloudy throughout the day.,partly-cloudy-day,"65210099999,65213099999,DNMM,65201099999"
lagos,2018-12-14,35,25,28.8,40.3,25,32.3,24.4,80,0,0,0,,0,0,29.2,12.8,295.1,1014.4,39.3,6.5,237.1,20.2,8,,2018-12-14T06:48:33,2018-12-14T18:33:36,0.23,Partially cloudy,Partly cloudy throughout the day.,partly-cloudy-day,"65210099999,DNMM,65201099999"
lagos,2018-12-15,35,24,28.5,44.9,24,32.5,24.7,81,0,0,0,,0,0,26.6,22.3,217.9,1014.7,44.3,7.3,226,19.4,8,,2018-12-15T06:49:04,2018-12-15T18:34:03,0.25,Partially cloudy,Partly cloudy throughout the day.,partly-cloudy-day,"65210099999,DNMM,remote,65201099999"
lagos,2018-12-16,33.8,24.8,28.7,42.9,24.8,32.9,25.1,81.9,0,0,0,,0,0,29.5,14.8,196.9,1014.5,46.1,8.4,216.4,18.6,8,,2018-12-16T06:49:34,2018-12-16T18:34:31,0.3,Partially cloudy,Partly cloudy throughout the day.,partly-cloudy-day,"65210099999,DNMM,65201099999"
lagos,2018-12-17,34,25,29.2,45.3,25,34.5,25.4,81,0,0,0,,0,0,25.6,14.4,227.4,1013.9,51.3,7.9,214,18.5,7,,2018-12-17T06:50:04,2018-12-17T18:34:59,0.33,Partially cloudy,Partly cloudy throughout the day.,partly-cloudy-day,"65210099999,DNMM,65201099999"
lagos,2018-12-18,33,25.2,29,43.8,25.2,34.7,25.9,84,0,0,0,,0,0,29.5,15.6,252,1013.4,46.9,7,217.8,18.7,8,,2018-12-18T06:50:35,2018-12-18T18:35:27,0.36,Partially cloudy,Partly cloudy throughout the day.,partly-cloudy-day,"65210099999,65202099999,DNMM,65201099999"
lagos,2018-12-19,35,25,29.1,44,25,34.3,25.5,82.7,0,0,0,,0,0,27,15.9,289.2,1013.2,49.4,6.7,220.7,19.2,8,,2018-12-19T06:51:05,2018-12-19T18:35:56,0.39,Partially cloudy,Partly cloudy throughout the day.,partly-cloudy-day,"65210099999,65213099999,65202099999,DNMM,65201099999"
lagos,2018-12-20,34,25,28.9,42.3,25,33.5,25.1,80.9,0,0,0,,0,0,25.9,15.9,353.4,1013.1,53.2,4.8,222.6,19.5,8,,2018-12-20T06:51:35,2018-12-20T18:36:26,0.43,Partially cloudy,Partly cloudy throughout the day.,partly-cloudy-day,"65202099999,DNMM,65201099999"
lagos,2018-12-21,35,24,28.6,40.6,24,32.2,24.3,79.5,0,0,0,,0,0,25.6,13,128.9,1012.6,33.5,3.3,229.1,19.8,8,,2018-12-21T06:52:05,2018-12-21T18:36:55,0.46,Partially cloudy,Partly cloudy throughout the day.,partly-cloudy-day,"65210099999,DNMM,65201099999"
lagos,2018-12-22,34.6,23,28.1,38.1,23,30.3,23,76.2,0,0,0,,0,0,28.4,14.8,304,1011.7,23.7,2.6,234.6,20.3,8,,2018-12-22T06:52:35,2018-12-22T18:37:25,0.5,Partially cloudy,Partly cloudy throughout the day.,partly-cloudy-day,"65210099999,65213099999,DNMM,remote,65201099999"
lagos,2018-12-23,35,23.4,28.6,39.5,23.4,30.5,22.9,73.9,0,0,0,,0,0,30.2,11.2,291.7,1010.9,25.1,3.1,235.5,20.3,8,,2018-12-23T06:53:05,2018-12-23T18:37:55,0.53,Partially cloudy,Partly cloudy throughout the day.,partly-cloudy-day,"65210099999,DNMM,remote,65201099999"
lagos,2018-12-24,35.8,22,28.1,39.2,22,29.3,21.1,69.1,0,0,0,,0,0,30.6,16.6,353.7,1011.5,25.5,2.9,240.3,20.9,8,,2018-12-24T06:53:34,2018-12-24T18:38:25,0.56,Partially cloudy,Partly cloudy throughout the day.,partly-cloudy-day,"65210099999,65213099999,DNMM,remote,65201099999"
lagos,2018-12-25,35,21,27.6,36.9,21,28.2,18.9,62.5,0,0,0,,0,0,31,18.4,79,1012.2,25.9,2,247.5,21.2,9,,2018-12-25T06:54:03,2018-12-25T18:38:56,0.59,Partially cloudy,Partly cloudy throughout the day.,partly-cloudy-day,"65210099999,65213099999,DNMM,65201099999"
lagos,2018-12-26,31,21.8,26.7,34.6,21.8,27.8,20.9,71.4,0,0,0,,0,0,30.2,14.8,225.4,1012,19.8,2,238.3,20.5,9,,2018-12-26T06:54:32,2018-12-26T18:39:26,0.63,Clear,Clear conditions throughout the day.,clear-day,"65210099999,DNMM,remote,65201099999"
lagos,2018-12-27,35,24,28,36.9,24,29.3,22.2,74.1,0,0,0,,0,0,33.1,15.8,184.9,1010.7,19.9,2,247.9,21.5,9,,2018-12-27T06:55:00,2018-12-27T18:39:57,0.66,Clear,Clear conditions throughout the day.,clear-day,"DNMM,remote,65201099999"
lagos,2018-12-28,31.1,25.3,27.6,34.3,25.3,29.5,23.4,79,0,0,0,,0,0,29.5,13.7,185.1,1010.4,51.5,,223.4,19.3,8,,2018-12-28T06:55:28,2018-12-28T18:40:28,0.7,Partially cloudy,Clearing in the afternoon.,partly-cloudy-day,remote
lagos,2018-12-29,33.6,25.1,27.8,40.4,25.1,30.5,24,81,0.1,100,4.17,rain,0,0,28.4,13,225.1,1010.7,32.5,2.4,238.1,20.7,8,,2018-12-29T06:55:55,2018-12-29T18:40:59,0.75,"Rain, Partially cloudy",Partly cloudy throughout the day with afternoon rain.,rain,"65210099999,65213099999,DNMM,remote,65201099999"
lagos,2018-12-30,35,24.8,28.8,44.9,24.8,33.1,24.9,80.9,0,0,0,,0,0,32.4,14.7,196.7,1011.6,36,2.8,231.4,20,8,,2018-12-30T06:56:23,2018-12-30T18:41:30,0.77,Partially cloudy,Partly cloudy throughout the day.,partly-cloudy-day,"65210099999,DNMM,remote,65201099999"
lagos,2018-12-31,35,26,29.4,42.1,26,34.7,25.3,80.1,0,0,0,,0,0,28.4,13,203.7,1012.7,35.1,4,206.6,17.7,8,,2018-12-31T06:56:49,2018-12-31T18:42:01,0.8,Partially cloudy,Partly cloudy throughout the day.,partly-cloudy-day,"DNMM,65201099999"
