name,datetime,tempmax,tempmin,temp,feelslikemax,feelslikemin,feelslike,dew,humidity,precip,precipprob,precipcover,preciptype,snow,snowdepth,windgust,windspeed,winddir,sealevelpressure,cloudcover,visibility,solarradiation,solarenergy,uvindex,severerisk,sunrise,sunset,moonphase,conditions,description,icon,stations
Lagos,1/1/2019,36.5,25,29.4,42.6,25,32.9,24.2,76.5,0,0,0,,0,0,34.2,16.8,273.9,1014.1,29.6,4.4,250.5,21.6,9,,2019-01-01T06:57:15,2019-01-01T18:42:32,0.84,Partially cloudy,Partly cloudy throughout the day.,partly-cloudy-day,"65210099999,65202099999,DNMM,65201099999"
Lagos,1/2/2019,34.1,24,28.6,42,24,32.3,24.4,79.7,0,0,0,,0,0,26.6,13,205.3,1014,32.8,4.4,231.7,20.2,8,,2019-01-02T06:57:41,2019-01-02T18:43:02,0.87,Partially cloudy,Partly cloudy throughout the day.,partly-cloudy-day,"65210099999,65213099999,DNMM,remote,65201099999"
Lagos,1/3/2019,34,24.9,28.7,39.5,24.9,32.8,24.6,79.4,0,0,0,,0,0,28.4,13.9,279.7,1012.8,26.2,4.6,230.6,20.1,8,,2019-01-03T06:58:06,2019-01-03T18:43:33,0.91,Partially cloudy,Partly cloudy throughout the day.,partly-cloudy-day,"65213099999,65202099999,DNMM,65201099999"
Lagos,1/4/2019,36,24.8,28.9,43.2,24.8,32.6,24.5,79.5,0,0,0,,0,0,33.1,15.1,298.5,1012.7,24.4,3.6,243.9,21.1,9,,2019-01-04T06:58:30,2019-01-04T18:44:04,0.94,Partially cloudy,Partly cloudy throughout the day.,partly-cloudy-day,"DNMM,remote,65201099999"
Lagos,1/5/2019,37,25.9,28.8,40.1,25.9,30.6,23,75,0,0,0,,0,0,33.8,16.6,229.5,1012.1,14.6,4,249.4,21.5,9,,2019-01-05T06:58:54,2019-01-05T18:44:34,0.98,Clear,Clear conditions throughout the day.,clear-day,"DNMM,remote,65201099999"
Lagos,1/6/2019,35,22.2,28.2,41.9,22.2,30.9,22.8,74,0,0,0,,0,0,31.3,18.4,176,1012.9,37.2,4.1,240.2,20.7,9,,2019-01-06T06:59:17,2019-01-06T18:45:04,0,Partially cloudy,Partly cloudy throughout the day.,partly-cloudy-day,"65210099999,DNMM,remote,65201099999"
Lagos,1/7/2019,32,24,27.9,37.9,24,30.6,23.7,79.2,0.2,100,4.17,rain,0,0,33.5,42.5,257.7,1012.4,31,4.4,217,18.7,8,,2019-01-07T06:59:39,2019-01-07T18:45:34,0.05,"Rain, Partially cloudy",Partly cloudy throughout the day with afternoon rain.,rain,"65210099999,DNMM,remote,65201099999"
Lagos,1/8/2019,35,23,28.3,40.6,23,30.9,23.4,77.5,0,0,0,,0,0,30.2,14.8,331.9,1012,18.8,3.5,243.8,21,9,,2019-01-08T07:00:01,2019-01-08T18:46:04,0.08,Clear,Clear conditions throughout the day.,clear-day,"65210099999,65202099999,DNMM,remote,65201099999"
Lagos,1/9/2019,35,23,28.4,41.7,23,30.5,22.6,73.7,0,0,0,,0,0,32,15.9,175.9,1011.4,18.3,3,251.6,21.7,9,,2019-01-09T07:00:22,2019-01-09T18:46:33,0.11,Clear,Clear conditions throughout the day.,clear-day,"65210099999,65202099999,DNMM,remote,65201099999"
Lagos,1/10/2019,35,25,28.7,41.9,25,32.3,23.9,76.4,0,0,0,,0,0,30.6,11.2,183.8,1011.7,32.2,3.3,225.5,19.4,8,,2019-01-10T07:00:42,2019-01-10T18:47:02,0.15,Partially cloudy,Partly cloudy throughout the day.,partly-cloudy-day,"65210099999,DNMM,65201099999"
Lagos,1/11/2019,35,25,28.9,43.3,25,33.1,25,81.1,0,0,0,,0,0,27,20.5,186.4,1011,49.9,3.5,224.7,19.4,8,,2019-01-11T07:01:02,2019-01-11T18:47:31,0.18,Partially cloudy,Partly cloudy throughout the day.,partly-cloudy-day,"65210099999,65213099999,DNMM,remote,65201099999"
Lagos,1/12/2019,35,25,29.3,43.3,25,34.6,25.4,80.7,0,0,0,,0,0,36.7,14.8,228.1,1010.9,35.7,4.1,235.8,20.3,8,,2019-01-12T07:01:21,2019-01-12T18:47:59,0.21,Partially cloudy,Partly cloudy throughout the day.,partly-cloudy-day,"65202099999,DNMM,remote,65201099999"
Lagos,1/13/2019,35,25,29.2,43.3,25,34.4,25.3,81,0,0,0,,0,0,33.5,20.5,194.7,1012.2,45.9,5.7,235.7,20.4,9,,2019-01-13T07:01:39,2019-01-13T18:48:27,0.24,Partially cloudy,Partly cloudy throughout the day.,partly-cloudy-day,"65210099999,DNMM,65201099999"
Lagos,1/14/2019,33,26,28.9,42.2,26,34.3,25.6,83.2,0,0,0,,0,0,35.3,16.7,216.3,1013.4,30,6.6,199.3,17.3,7,,2019-01-14T07:01:56,2019-01-14T18:48:54,0.25,Partially cloudy,Partly cloudy throughout the day.,partly-cloudy-day,"65210099999,DNMM,65201099999"
Lagos,1/15/2019,34,26,29.5,43.5,26,35.7,25.7,81.1,0,0,0,,0,0,30.2,24.1,219.5,1012.5,54.9,6.8,197,17.1,7,,2019-01-15T07:02:12,2019-01-15T18:49:21,0.31,Partially cloudy,Partly cloudy throughout the day.,partly-cloudy-day,"65202099999,DNMM,remote,65201099999"
Lagos,1/16/2019,34,26,29.3,43.5,26,35.4,25.9,83,0,0,0,,0,0,30.2,14.8,231.1,1012.2,47.7,6.6,207.9,17.9,7,,2019-01-16T07:02:27,2019-01-16T18:49:48,0.34,Partially cloudy,Partly cloudy throughout the day.,partly-cloudy-day,"65210099999,65213099999,DNMM,65201099999"
Lagos,1/17/2019,35,25.9,29.4,43.5,25.9,34.9,25.6,81.4,0.1,100,4.17,rain,0,0,33.5,16.6,208.5,1011.9,46.3,7.8,213.3,18.5,8,,2019-01-17T07:02:42,2019-01-17T18:50:14,0.38,"Rain, Partially cloudy",Partly cloudy throughout the day with morning rain.,rain,"65210099999,DNMM,remote,65201099999"
Lagos,1/18/2019,34,26,29.3,43.5,26,35.4,25.8,82.1,0,0,0,,0,0,34.6,18.4,198.1,1012.7,52,8.8,204.5,17.6,8,,2019-01-18T07:02:56,2019-01-18T18:50:40,0.41,Partially cloudy,Partly cloudy throughout the day.,partly-cloudy-day,"DNMM,65201099999"
Lagos,1/19/2019,35,25,29.2,43.3,25,34.1,25.2,80.4,0,0,0,,0,0,31.3,18.4,200.3,1013.3,54.7,9.3,221,19.1,8,,2019-01-19T07:03:08,2019-01-19T18:51:05,0.44,Partially cloudy,Partly cloudy throughout the day.,partly-cloudy-day,"DNMM,65201099999"
Lagos,1/20/2019,32,23,27.5,40.6,23,31.6,25.2,87.5,35,100,4.17,rain,0,0,33.5,22.3,245.5,1013.9,52,8.8,212.1,18.3,7,,2019-01-20T07:03:20,2019-01-20T18:51:29,0.47,"Rain, Partially cloudy",Partly cloudy throughout the day with late afternoon rain.,rain,"65210099999,65213099999,DNMM,65201099999"
Lagos,1/21/2019,33.4,25,28,42.6,25,31.9,25.2,85.8,0,0,0,,0,0,27.7,16.6,216.5,1013.3,54.4,6.9,202.1,17.3,8,,2019-01-21T07:03:31,2019-01-21T18:51:53,0.5,Partially cloudy,Partly cloudy throughout the day.,partly-cloudy-day,"65210099999,65202099999,DNMM,remote,65201099999"
Lagos,1/22/2019,34,24.6,28.7,43.8,24.6,33.5,25.4,83.6,0.3,100,4.17,rain,0,0,30.2,14.8,201.3,1012.5,56,8.3,216.9,18.7,8,,2019-01-22T07:03:41,2019-01-22T18:52:16,0.54,"Rain, Partially cloudy",Partly cloudy throughout the day with early morning rain.,rain,"65210099999,DNMM,65201099999"
Lagos,1/23/2019,33.2,26.9,29.6,43.6,31,36.8,26.4,83.8,0,0,0,,0,0,33.1,16.6,207.4,1012.1,61.7,9.2,198.6,17.1,7,,2019-01-23T07:03:50,2019-01-23T18:52:39,0.58,Partially cloudy,Partly cloudy throughout the day.,partly-cloudy-day,"65210099999,65202099999,DNMM,65201099999"
Lagos,1/24/2019,28,24,26.4,34.5,24,28.9,24.9,91.8,1,100,4.17,rain,0,0,27,13.7,209.1,1012,59.3,8.4,106.9,9.3,4,,2019-01-24T07:03:59,2019-01-24T18:53:01,0.61,"Rain, Partially cloudy",Partly cloudy throughout the day with afternoon rain.,rain,"65210099999,DNMM,remote,65201099999"
Lagos,1/25/2019,34,22.1,27.9,43.5,22.1,31.5,24,82.3,0,0,0,,0,0,27.4,14.8,222.4,1012.2,62.2,8,221,19.2,8,,2019-01-25T07:04:06,2019-01-25T18:53:22,0.64,Partially cloudy,Partly cloudy throughout the day.,partly-cloudy-day,"65210099999,DNMM,remote,65201099999"
Lagos,1/26/2019,33,25.9,28.8,43.8,25.9,34.6,26,85.6,0.1,100,4.17,rain,0,0,32.8,19.1,223.2,1012.3,60.8,7.9,216.8,18.6,8,,2019-01-26T07:04:12,2019-01-26T18:53:43,0.68,"Rain, Partially cloudy",Partly cloudy throughout the day with early morning rain.,rain,"65210099999,DNMM,remote,65201099999"
Lagos,1/27/2019,33,25.8,28.7,42.3,25.8,34.1,25.8,84.7,1.6,100,8.33,rain,0,0,32.8,18.4,197.8,1012,60,9.9,207.1,17.7,7,,2019-01-27T07:04:17,2019-01-27T18:54:03,0.75,"Rain, Partially cloudy",Partly cloudy throughout the day with early morning rain.,rain,"65210099999,65202099999,DNMM,remote,65201099999"
Lagos,1/28/2019,30,25.8,27.5,38.8,25.8,31.8,25.8,90.6,51,100,4.17,rain,0,0,28.8,18.4,218.3,1011.8,58.1,8.9,117,10.1,4,,2019-01-28T07:04:22,2019-01-28T18:54:23,0.75,"Rain, Partially cloudy",Partly cloudy throughout the day with late afternoon rain.,rain,"DNMM,remote,65201099999"
Lagos,1/29/2019,30,25,27.1,38.8,25,30.3,25.3,90.1,0.4,100,4.17,rain,0,0,29.2,12.5,208.1,1011.3,58.8,6.8,199.9,17.4,7,,2019-01-29T07:04:25,2019-01-29T18:54:41,0.78,"Rain, Partially cloudy",Partly cloudy throughout the day with late afternoon rain.,rain,"65210099999,65202099999,DNMM,remote,65201099999"
Lagos,1/30/2019,32,23,27.1,39.1,23,30.2,24.3,85.6,43,100,4.17,rain,0,0,24.8,18.4,176.4,1011.9,47.2,8.6,200.4,17.3,7,,2019-01-30T07:04:28,2019-01-30T18:55:00,0.82,"Rain, Partially cloudy",Partly cloudy throughout the day with morning rain.,rain,"65210099999,65213099999,65202099999,DNMM,65201099999"
Lagos,1/31/2019,33,25.8,28.5,42.1,25.8,33.3,25.5,84.8,0,0,0,,0,0,24.1,16.6,248.7,1011.7,65.1,7.3,218,18.7,8,,2019-01-31T07:04:29,2019-01-31T18:55:17,0.85,Partially cloudy,Partly cloudy throughout the day.,partly-cloudy-day,"DNMM,remote,65201099999"
Lagos,2/1/2019,34,25.9,28.8,45.3,25.9,34.2,25.8,84.5,0,0,0,,0,0,27,16.6,219.2,1011.9,58.5,9.8,174.7,15.1,7,,2019-02-01T07:04:30,2019-02-01T18:55:34,0.88,Partially cloudy,Partly cloudy throughout the day.,partly-cloudy-day,"65210099999,DNMM,65201099999"
Lagos,2/2/2019,29.2,26,27.6,36.8,26,32.2,25.8,90.3,9,100,4.17,rain,0,0,27.4,16.2,219.5,1011.5,51.3,9.1,131.4,11.2,5,,2019-02-02T07:04:29,2019-02-02T18:55:50,0.92,"Rain, Partially cloudy",Partly cloudy throughout the day with afternoon rain.,rain,"DNMM,remote,65201099999"
Lagos,2/3/2019,33,25,28.5,43.8,25,33.2,25.7,85.9,8,100,4.17,rain,0,0,29.5,13,277.2,1011.4,45.7,7.8,199.6,17.3,8,,2019-02-03T07:04:28,2019-02-03T18:56:05,0.95,"Rain, Partially cloudy",Partly cloudy throughout the day with early morning rain.,rain,"DNMM,65201099999"
Lagos,2/4/2019,33,25.8,28.9,42.3,25.8,34.5,25.9,84.2,0,0,0,,0,0,39.6,13,247.1,1011.3,48.7,8.9,212.2,18.4,8,,2019-02-04T07:04:26,2019-02-04T18:56:20,0,Partially cloudy,Partly cloudy throughout the day.,partly-cloudy-day,"65210099999,DNMM,65201099999"
Lagos,2/5/2019,34,26,28.8,43.5,26,34.3,26,85.2,0.1,100,4.17,rain,0,0,38.9,33.5,239.4,1011.8,54.2,8.7,211.1,18.2,7,,2019-02-05T07:04:23,2019-02-05T18:56:33,0.02,"Rain, Partially cloudy",Partly cloudy throughout the day with early morning rain.,rain,"65213099999,DNMM,remote,65201099999"
Lagos,2/6/2019,34,26,29.3,45.3,26,35.7,26.2,84.1,0,0,0,,0,0,33.1,16.6,215.5,1011,49.9,8.5,215.6,18.6,8,,2019-02-06T07:04:18,2019-02-06T18:56:47,0.05,Partially cloudy,Partly cloudy throughout the day.,partly-cloudy-day,"65210099999,65202099999,DNMM,remote,65201099999"
Lagos,2/7/2019,34,25.8,28.9,45.3,25.8,35,26.2,86,0,0,0,,0,0,27,13.4,238.5,1010.1,48.1,7.7,204.5,17.7,8,,2019-02-07T07:04:13,2019-02-07T18:56:59,0.09,Partially cloudy,Partly cloudy throughout the day.,partly-cloudy-day,"65210099999,DNMM,remote,65201099999"
Lagos,2/8/2019,29,25,27.3,34.8,25,30.8,25.4,89.9,8,100,4.17,rain,0,0,25.6,12.2,228.9,1010.1,65.1,7.3,205.5,17.8,7,,2019-02-08T07:04:07,2019-02-08T18:57:11,0.12,"Rain, Partially cloudy",Partly cloudy throughout the day with late afternoon rain.,rain,"DNMM,remote,65201099999"
Lagos,2/9/2019,32.6,24.9,28.2,40.8,24.9,31.8,24.9,83.2,0.3,100,12.5,rain,0,0,25.2,16.3,234.7,1009.2,56,7,226.2,19.6,8,,2019-02-09T07:04:01,2019-02-09T18:57:22,0.15,"Rain, Partially cloudy",Partly cloudy throughout the day with rain in the morning and afternoon.,rain,"65210099999,DNMM,remote,65201099999"
Lagos,2/10/2019,34,25.8,28.8,37.3,25.8,32.1,23.8,76.1,0,0,0,,0,0,25.2,18.4,7.7,1010,30.3,4.2,258.9,22.3,9,,2019-02-10T07:03:53,2019-02-10T18:57:32,0.19,Partially cloudy,Partly cloudy throughout the day.,partly-cloudy-day,"65210099999,DNMM,remote,65201099999"
Lagos,2/11/2019,33.8,24,28.1,37.7,24,30.5,23.3,76.8,0,0,0,,0,0,25.2,7.6,255.3,1010.5,37.1,4.1,249.1,21.5,9,,2019-02-11T07:03:44,2019-02-11T18:57:42,0.22,Partially cloudy,Partly cloudy throughout the day.,partly-cloudy-day,"DNMM,remote,65201099999"
Lagos,2/12/2019,33,24,28.4,39.3,24,32.1,24.4,80.3,0,0,0,,0,0,31.3,25.9,321.9,1011.3,32.5,4.9,256.1,22.1,9,,2019-02-12T07:03:35,2019-02-12T18:57:51,0.25,Partially cloudy,Partly cloudy throughout the day.,partly-cloudy-day,"65210099999,65213099999,DNMM,remote,65201099999"
Lagos,2/13/2019,33,25.9,28.9,40.3,25.9,33.7,25.4,82.3,0,0,0,,0,0,29.5,15.8,209.8,1011.7,51.7,4.6,243.7,21.1,9,,2019-02-13T07:03:24,2019-02-13T18:57:59,0.29,Partially cloudy,Partly cloudy throughout the day.,partly-cloudy-day,"65210099999,DNMM,remote,65201099999"
Lagos,2/14/2019,34,26,29.5,43.6,26,35.6,25.8,81.8,0,0,0,,0,0,25.6,14.8,248.3,1013.1,62.8,4.7,227.6,19.5,8,,2019-02-14T07:03:13,2019-02-14T18:58:07,0.32,Partially cloudy,Partly cloudy throughout the day.,partly-cloudy-day,"DNMM,remote,65201099999"
Lagos,2/15/2019,33,26.8,29.2,39.1,30.3,34.3,24.9,79.1,0.3,100,4.17,rain,0,0,29.5,20.1,320.9,1013.4,37.6,3.7,221.2,19.1,8,,2019-02-15T07:03:01,2019-02-15T18:58:14,0.36,"Rain, Partially cloudy",Partly cloudy throughout the day with morning rain.,rain,"65210099999,65202099999,DNMM,remote,65201099999"
Lagos,2/16/2019,35,25,28.6,36.9,25,30.2,22.2,72.3,0,0,0,,0,0,27,16.6,188.8,1013,27,2.8,235.2,20.2,8,,2019-02-16T07:02:49,2019-02-16T18:58:20,0.39,Partially cloudy,Partly cloudy throughout the day.,partly-cloudy-day,"DNMM,remote,65201099999"
Lagos,2/17/2019,34,25,28.9,43.5,25,33.6,24.9,80,0,0,0,,0,0,27.7,13.1,198.9,1012.5,24.7,3.3,248.9,21.6,9,,2019-02-17T07:02:35,2019-02-17T18:58:26,0.43,Partially cloudy,Partly cloudy throughout the day.,partly-cloudy-day,"65202099999,DNMM,65201099999"
Lagos,2/18/2019,33,27,29.4,43.8,30.6,36.3,26.3,83.9,0.1,100,4.17,rain,0,0,32.4,13,211.7,1011.6,38.3,5.2,236.6,20.5,9,,2019-02-18T07:02:21,2019-02-18T18:58:31,0.46,"Rain, Partially cloudy",Partly cloudy throughout the day with afternoon rain.,rain,"DNMM,remote,65201099999"
Lagos,2/19/2019,33,26.8,29,42.4,30.7,35.7,26.2,85.5,0.4,100,8.33,rain,0,0,30.6,16.6,219.5,1009.9,49.3,6,223,19.2,8,,2019-02-19T07:02:05,2019-02-19T18:58:35,0.5,"Rain, Partially cloudy",Partly cloudy throughout the day with afternoon rain.,rain,"DNMM,remote,65201099999"
Lagos,2/20/2019,34,26.8,29.8,44.2,30.5,36.9,26.2,81.9,0.3,100,8.33,rain,0,0,35.3,14.8,236.6,1010.5,56.2,6.8,225.2,19.6,8,,2019-02-20T07:01:50,2019-02-20T18:58:39,0.53,"Rain, Partially cloudy",Partly cloudy throughout the day with rain clearing later.,rain,"DNMM,remote,65201099999"
Lagos,2/21/2019,35,27.2,30,45.2,32.4,37.8,26.5,82.5,0.1,100,4.17,rain,0,0,39.2,18,246.4,1012.5,48,8.1,216.8,18.8,8,,2019-02-21T07:01:33,2019-02-21T18:58:42,0.56,"Rain, Partially cloudy",Partly cloudy throughout the day with afternoon rain.,rain,"65210099999,65202099999,DNMM,remote,65201099999"
Lagos,2/22/2019,33.1,27,29.7,45.6,31.6,37.4,26.6,83.7,0,0,0,,0,0,35.6,22.2,229.9,1012.9,49.9,8,179.6,15.4,7,,2019-02-22T07:01:16,2019-02-22T18:58:45,0.59,Partially cloudy,Partly cloudy throughout the day.,partly-cloudy-day,"65210099999,65202099999,DNMM,65201099999"
Lagos,2/23/2019,34.4,27.8,29.2,43.4,32.6,36.1,26.3,84.6,20,100,4.17,rain,0,0,32.8,18.4,237,1011.4,58.3,9,190.5,16.6,7,,2019-02-23T07:00:58,2019-02-23T18:58:47,0.63,"Rain, Partially cloudy",Partly cloudy throughout the day with late afternoon rain.,rain,"65210099999,DNMM,remote,65201099999"
Lagos,2/24/2019,29,22,25.3,36.8,22,27.7,24.3,94.1,49,100,4.17,rain,0,0,27,24.1,208.1,1010.4,58.3,7.9,143,12.3,6,,2019-02-24T07:00:39,2019-02-24T18:58:48,0.66,"Rain, Partially cloudy",Partly cloudy throughout the day with late afternoon rain.,rain,"65210099999,DNMM,65201099999"
Lagos,2/25/2019,32,23,26.4,40.6,23,29,24.3,88.9,1.3,100,4.17,rain,0,0,27.4,16.6,280.2,1009.9,45.9,6.4,186,16.2,7,,2019-02-25T07:00:20,2019-02-25T18:58:49,0.69,"Rain, Partially cloudy",Partly cloudy throughout the day with morning rain.,rain,"65210099999,65213099999,65202099999,DNMM,remote,65201099999"
Lagos,2/26/2019,31,25,26,39.1,25,27,24.5,92.1,7,100,4.17,rain,0,0,25.6,29.5,130.9,1011.5,55.7,8.3,146.4,12.4,6,,2019-02-26T07:00:00,2019-02-26T18:58:50,0.75,"Rain, Partially cloudy",Partly cloudy throughout the day with late afternoon rain.,rain,"DNMM,65201099999"
Lagos,2/27/2019,33.1,24,27.1,42.4,24,30.2,24.8,87.6,3.5,100,29.17,rain,0,0,23.8,14.8,139.4,1011.4,64.5,7.3,152.7,13.3,5,,2019-02-27T06:59:39,2019-02-27T18:58:50,0.76,"Rain, Partially cloudy",Partly cloudy throughout the day with rain.,rain,"65210099999,65213099999,DNMM,remote,65201099999"
Lagos,2/28/2019,33,25,28.1,42.3,25,32.1,25.4,86.1,3,100,4.17,rain,0,0,27,14.8,225,1012.6,57.5,7.7,237.9,20.5,8,,2019-02-28T06:59:18,2019-02-28T18:58:49,0.79,"Rain, Partially cloudy",Partly cloudy throughout the day with late afternoon rain.,rain,"65210099999,65213099999,65202099999,DNMM,65201099999"
Lagos,3/1/2019,33.1,22,26.9,39.6,22,29.2,23.7,84.3,1,100,4.17,rain,0,0,20.2,14.8,250.5,1013.9,56.8,7.8,101.1,8.9,4,,2019-03-01T06:58:56,2019-03-01T18:58:48,0.83,"Rain, Partially cloudy",Partly cloudy throughout the day with afternoon rain.,rain,"DNMM,remote,65201099999"
Lagos,3/2/2019,33,24.1,28.5,40.6,24.1,31.7,23.7,76.3,3.3,100,8.33,rain,0,0,26.3,20.5,229.8,1013.2,40.1,8.3,214.5,18.5,9,,2019-03-02T06:58:34,2019-03-02T18:58:46,0.86,"Rain, Partially cloudy",Partly cloudy throughout the day with afternoon rain.,rain,"DNMM,remote,65201099999"
Lagos,3/3/2019,33,26,29.2,41.9,26,34.5,25.1,79.3,0,0,0,,0,0,28.8,13.5,222.7,1013.2,52.4,9.3,222.7,19.2,8,,2019-03-03T06:58:11,2019-03-03T18:58:44,0.89,Partially cloudy,Partly cloudy throughout the day.,partly-cloudy-day,"65210099999,65213099999,65202099999,DNMM,65201099999"
Lagos,3/4/2019,33,27.3,29.4,43.8,31.6,35.8,25.8,82,0.6,100,16.67,rain,0,0,32.8,18.4,233.3,1012.3,56.5,9.8,191,16.6,8,,2019-03-04T06:57:48,2019-03-04T18:58:42,0.93,"Rain, Partially cloudy",Partly cloudy throughout the day with rain clearing later.,rain,"65210099999,DNMM,remote,65201099999"
Lagos,3/5/2019,32,26.2,28.5,40.6,26.2,34.1,25.8,85.3,0.7,100,25,rain,0,0,27.4,14.8,228.6,1011.6,45.6,10,232.8,20,8,,2019-03-05T06:57:24,2019-03-05T18:58:39,0.96,"Rain, Partially cloudy",Partly cloudy throughout the day with rain in the morning and afternoon.,rain,"DNMM,remote,65201099999"
Lagos,3/6/2019,31,23.8,26.9,40.6,23.8,30.7,25.5,91.9,38,100,4.17,rain,0,0,32.4,42.5,197.8,1013.1,62.6,8.5,166,14.3,8,,2019-03-06T06:57:00,2019-03-06T18:58:36,0,"Rain, Partially cloudy",Partly cloudy throughout the day with late afternoon rain.,rain,"65202099999,DNMM,remote,65201099999"
Lagos,3/7/2019,32,23.1,27.4,39.2,23.1,30.8,24.4,84.4,0,0,0,,0,0,30.2,18.4,207.1,1013.1,56.2,7.6,239.4,20.6,9,,2019-03-07T06:56:35,2019-03-07T18:58:32,0.03,Partially cloudy,Partly cloudy throughout the day.,partly-cloudy-day,"DNMM,remote,65201099999"
Lagos,3/8/2019,32.6,25.7,28.5,42.5,25.7,33,25.5,84.6,0.1,100,4.17,rain,0,0,33.1,16.9,217.9,1010.6,72.8,9.1,232.7,20.2,8,,2019-03-08T06:56:10,2019-03-08T18:58:28,0.06,"Rain, Partially cloudy",Partly cloudy throughout the day with afternoon rain.,rain,"DNMM,remote,65201099999"
Lagos,3/9/2019,33.1,24.7,28.6,40.7,24.7,33.5,25.3,82.6,3.4,100,29.17,rain,0,0,31.7,16.9,239.8,1011.2,84,9.5,230.8,19.9,8,,2019-03-09T06:55:45,2019-03-09T18:58:23,0.1,"Rain, Partially cloudy",Partly cloudy throughout the day with a chance of rain throughout the day.,rain,"DNMM,remote,65201099999"
Lagos,3/10/2019,33.7,24.9,28.6,44,24.9,34.1,25.8,85.2,2.9,100,29.17,rain,0,0,29.5,16.2,220.2,1012.1,73.5,9.1,203.7,17.7,7,,2019-03-10T06:55:19,2019-03-10T18:58:19,0.13,"Rain, Partially cloudy",Partly cloudy throughout the day with rain in the morning and afternoon.,rain,"DNMM,remote,65201099999"
Lagos,3/11/2019,30.6,26.1,28.5,37.6,26.1,33.9,25.8,85.4,0.8,100,20.83,rain,0,0,30.2,17.3,228.5,1011.2,51.7,9,241.2,20.9,9,,2019-03-11T06:54:53,2019-03-11T18:58:14,0.17,"Rain, Partially cloudy",Clearing in the afternoon with rain in the morning and afternoon.,rain,"remote,65201099999"
Lagos,3/12/2019,33.1,27.1,29.2,42.3,31.2,35.7,26.1,83.7,0.8,100,25,rain,0,0,30.6,16.6,218.8,1010.6,67.4,10,216.7,18.7,8,,2019-03-12T06:54:26,2019-03-12T18:58:08,0.2,"Rain, Partially cloudy",Partly cloudy throughout the day with rain in the morning and afternoon.,rain,"DNMM,remote,65201099999"
Lagos,3/13/2019,34,26.8,29.6,42,30.2,36,25.8,80.6,1.7,100,16.67,rain,0,0,32,22.3,223.2,1010.3,61.4,9.9,231.3,19.8,8,,2019-03-13T06:53:59,2019-03-13T18:58:03,0.24,"Rain, Partially cloudy",Partly cloudy throughout the day with afternoon rain.,rain,"DNMM,remote,65201099999"
Lagos,3/14/2019,34,27.1,29.3,45.3,30.8,35.6,25.8,82.2,0.1,100,4.17,rain,0,0,32,16.6,222.1,1009.5,57,9.9,222,19.2,8,,2019-03-14T06:53:32,2019-03-14T18:57:57,0.25,"Rain, Partially cloudy",Partly cloudy throughout the day with morning rain.,rain,"DNMM,remote,65201099999"
Lagos,3/15/2019,34,27,29.8,43.6,31.2,37,26.3,82.8,0,0,0,,0,0,32,25.9,219.4,1010.5,53.7,9.3,233,19.9,9,,2019-03-15T06:53:05,2019-03-15T18:57:51,0.31,Partially cloudy,Partly cloudy throughout the day.,partly-cloudy-day,"DNMM,remote,65201099999"
Lagos,3/16/2019,33,26,28.8,42.1,26,34.6,25.9,84.4,4,100,4.17,rain,0,0,27.7,22.3,206,1010.9,77.2,9.8,218.7,18.8,7,,2019-03-16T06:52:37,2019-03-16T18:57:45,0.34,"Rain, Partially cloudy",Partly cloudy throughout the day with late afternoon rain.,rain,"65213099999,DNMM,remote,65201099999"
Lagos,3/17/2019,29.7,26,27.7,36,26,31.1,24.9,84.9,1.1,100,25,rain,0,0,25.9,15.5,235.3,1010,78.1,,223,19.3,9,,2019-03-17T06:52:09,2019-03-17T18:57:38,0.37,"Rain, Partially cloudy",Partly cloudy throughout the day with rain in the morning and afternoon.,rain,remote
Lagos,3/18/2019,34.1,25.9,29.1,44.6,25.9,34.7,25.4,81.5,0,0,0,,0,0,29.9,20.5,217.8,1010.4,50.2,9.3,254.7,22.1,9,,2019-03-18T06:51:41,2019-03-18T18:57:32,0.41,Partially cloudy,Partly cloudy throughout the day.,partly-cloudy-day,"DNMM,remote,65201099999"
Lagos,3/19/2019,34,26.9,29.5,43.5,30.8,36.4,26.1,82.6,0.2,100,8.33,rain,0,0,35.6,22.3,226.4,1009.5,42.2,9.8,245.6,21.2,8,,2019-03-19T06:51:13,2019-03-19T18:57:25,0.44,"Rain, Partially cloudy",Partly cloudy throughout the day with rain in the morning and afternoon.,rain,"65202099999,DNMM,remote,65201099999"
Lagos,3/20/2019,35,27,30.2,46.7,31.2,37.8,26.4,81.2,0,0,0,,0,0,34.6,24.1,216.9,1009.9,48.1,9.4,202.4,17.4,7,,2019-03-20T06:50:44,2019-03-20T18:57:18,0.48,Partially cloudy,Partly cloudy throughout the day.,partly-cloudy-day,"65202099999,DNMM,65201099999"
Lagos,3/21/2019,35,27,29.8,44.9,31.2,36.8,26.2,82,0.1,100,4.17,rain,0,0,38.2,25.9,224.5,1009.2,45.9,9.7,207.1,18.1,8,,2019-03-21T06:50:16,2019-03-21T18:57:11,0.5,"Rain, Partially cloudy",Partly cloudy throughout the day with late afternoon rain.,rain,"65210099999,65202099999,DNMM,remote,65201099999"
Lagos,3/22/2019,34,23.9,27.8,43.5,23.9,30.7,24,80.9,3,100,8.33,rain,0,0,34.6,19.8,233.1,1009.5,75,9.1,145,12.4,5,,2019-03-22T06:49:47,2019-03-22T18:57:04,0.55,"Rain, Partially cloudy",Partly cloudy throughout the day with rain.,rain,"DNMM,remote,65201099999"
Lagos,3/23/2019,34.1,25.2,29.4,45.3,25.2,34.8,25.2,78.6,0,0,0,,0,0,33.1,22.3,222,1011,50.5,9.8,194.1,16.7,7,,2019-03-23T06:49:19,2019-03-23T18:56:56,0.58,Partially cloudy,Partly cloudy throughout the day.,partly-cloudy-day,"DNMM,remote,65201099999"
Lagos,3/24/2019,32.3,27,28.9,42.6,30.1,35,25.6,82.7,0,0,0,,0,0,34.2,23.3,209.6,1011.2,56.1,10,238.3,20.6,8,,2019-03-24T06:48:50,2019-03-24T18:56:49,0.61,Partially cloudy,Partly cloudy throughout the day.,partly-cloudy-day,"65202099999,DNMM,remote,65201099999"
Lagos,3/25/2019,34,26,29.2,43.5,26,34,25.1,79.9,0.3,100,4.17,rain,0,0,35.3,24.1,217.2,1012.1,57.3,9.6,216.5,18.6,8,,2019-03-25T06:48:21,2019-03-25T18:56:42,0.64,"Rain, Partially cloudy",Partly cloudy throughout the day with morning rain.,rain,"DNMM,remote,65201099999"
Lagos,3/26/2019,34,25.8,29.7,43.2,25.8,35.3,25.2,78.1,0,0,0,,0,0,27.4,24.1,223,1011.9,49.8,10,253.7,21.9,8,,2019-03-26T06:47:52,2019-03-26T18:56:34,0.68,Partially cloudy,Partly cloudy throughout the day.,partly-cloudy-day,"DNMM,remote,65201099999"
Lagos,3/27/2019,35,26.1,29.9,44.9,26.1,36.3,25.7,79.6,0,0,0,,0,0,25.2,20.5,231.5,1012.3,56.8,9.7,249.7,21.5,9,,2019-03-27T06:47:23,2019-03-27T18:56:27,0.71,Partially cloudy,Partly cloudy throughout the day.,partly-cloudy-day,"DNMM,remote,65201099999"
Lagos,3/28/2019,34.6,27.4,29.7,45.3,32.2,37.2,26.5,83.4,0.6,100,16.67,rain,0,0,33.5,18.7,226.9,1011.2,74.1,9.6,242.3,21,8,,2019-03-28T06:46:54,2019-03-28T18:56:20,0.75,"Rain, Partially cloudy",Partly cloudy throughout the day with rain in the morning and afternoon.,rain,"DNMM,remote,65201099999"
Lagos,3/29/2019,35,27.9,30.4,45.1,34.1,38.6,26.6,81.3,1.4,100,4.17,rain,0,0,33.5,20.5,214.3,1011.9,52.3,10,207.2,17.8,8,,2019-03-29T06:46:26,2019-03-29T18:56:12,0.77,"Rain, Partially cloudy",Partly cloudy throughout the day with afternoon rain.,rain,"65210099999,65213099999,DNMM,65201099999"
Lagos,3/30/2019,35,27.7,30.7,46.7,32.3,39.1,26.6,80.1,0.5,100,8.33,rain,0,0,33.5,27.7,234.2,1011.4,61.4,10,224.5,19.3,8,,2019-03-30T06:45:57,2019-03-30T18:56:05,0.81,"Rain, Partially cloudy",Partly cloudy throughout the day with rain clearing later.,rain,"DNMM,remote,65201099999"
Lagos,3/31/2019,34,25,29.7,45.3,25,36.6,26.2,82.3,0,0,0,,0,0,32,18.4,217.3,1010.6,60.6,9.4,223.3,19.3,8,,2019-03-31T06:45:28,2019-03-31T18:55:58,0.84,Partially cloudy,Partly cloudy throughout the day.,partly-cloudy-day,"65213099999,DNMM,remote,65201099999"
Lagos,4/1/2019,35,26,30,44.9,26,36.1,25.6,78.7,0,0,0,,0,0,30.2,22.3,219.8,1009.5,60.1,9.8,236.7,20.3,8,,2019-04-01T06:45:00,2019-04-01T18:55:50,0.87,Partially cloudy,Partly cloudy throughout the day.,partly-cloudy-day,"DNMM,remote,65201099999"
Lagos,4/2/2019,36,26.8,30.4,45.9,30.2,37.8,26.1,78.7,0,0,0,,0,0,32.8,17.7,228.8,1009.6,58.5,9.9,241.8,20.9,9,,2019-04-02T06:44:31,2019-04-02T18:55:43,0.9,Partially cloudy,Partly cloudy throughout the day.,partly-cloudy-day,"65202099999,DNMM,remote,65201099999"
Lagos,4/3/2019,35,27,30.3,45.3,30.6,38.4,26.6,81.5,0.2,100,4.17,rain,0,0,31.3,24.1,214.7,1009.7,51.6,10,249,21.6,9,,2019-04-03T06:44:03,2019-04-03T18:55:36,0.94,"Rain, Partially cloudy",Partly cloudy throughout the day with morning rain.,rain,"65213099999,DNMM,remote,65201099999"
Lagos,4/4/2019,35.1,24,30.1,46.7,24,37.4,26.2,80.9,0,0,0,,0,0,34.6,29.5,219.2,1009,55.9,9.3,237.4,20.4,9,,2019-04-04T06:43:35,2019-04-04T18:55:30,0.97,Partially cloudy,Partly cloudy throughout the day.,partly-cloudy-day,"DNMM,remote,65201099999"
Lagos,4/5/2019,34,23,28.8,44.8,23,34.3,25.4,82.8,30,100,4.17,rain,0,0,35.3,29.5,244.4,1009.8,56.9,9.8,227.6,19.5,8,,2019-04-05T06:43:07,2019-04-05T18:55:23,0,"Rain, Partially cloudy",Partly cloudy throughout the day with morning rain.,rain,"DNMM,remote,65201099999"
Lagos,4/6/2019,34,27.1,30,45.3,31.6,38.2,26.8,83.7,0.7,100,8.33,rain,0,0,39.6,25.9,242.3,1010.7,58.7,10,219.7,18.7,8,,2019-04-06T06:42:40,2019-04-06T18:55:16,0.04,"Rain, Partially cloudy",Partly cloudy throughout the day with rain.,rain,"DNMM,remote,65201099999"
Lagos,4/7/2019,33,23,27.5,45.8,23,32.3,25.4,88.9,37,100,8.33,rain,0,0,36.7,33.5,226.3,1011.9,61.1,9.5,205.8,17.9,7,,2019-04-07T06:42:12,2019-04-07T18:55:10,0.07,"Rain, Partially cloudy",Partly cloudy throughout the day with rain.,rain,"DNMM,remote,65201099999"
Lagos,4/8/2019,33,24,28.4,42.1,24,32.8,24.7,81.5,0.1,100,4.17,rain,0,0,38.9,25.9,212.2,1011.9,49.7,8.3,209.8,18.2,8,,2019-04-08T06:41:45,2019-04-08T18:55:04,0.11,"Rain, Partially cloudy",Partly cloudy throughout the day with morning rain.,rain,"65202099999,DNMM,remote,65201099999"
Lagos,4/9/2019,35,26.8,29.6,44.9,30.6,36.4,26.1,82.5,0,0,0,,0,0,30.2,18.4,235,1011.5,53,9.8,211.1,18.2,7,,2019-04-09T06:41:18,2019-04-09T18:54:58,0.15,Partially cloudy,Partly cloudy throughout the day.,partly-cloudy-day,"DNMM,65201099999"
Lagos,4/10/2019,34,24.9,29.3,45.8,24.9,35.3,25.8,82.4,0,0,0,,0,0,37.4,24.1,224.9,1010.6,54.5,10.2,214.8,18.6,7,,2019-04-10T06:40:52,2019-04-10T18:54:52,0.18,Partially cloudy,Partly cloudy throughout the day.,partly-cloudy-day,"65202099999,DNMM,65201099999"
Lagos,4/11/2019,30,25,27.4,37.9,25,31.7,25.7,90.3,8,100,8.33,rain,0,0,37.1,20.5,187.1,1010.7,55.5,9.3,151.6,13.2,7,,2019-04-11T06:40:25,2019-04-11T18:54:47,0.22,"Rain, Partially cloudy",Partly cloudy throughout the day with rain in the morning and afternoon.,rain,"65210099999,65202099999,DNMM,65201099999"
Lagos,4/12/2019,34,25.7,29.3,45.3,25.7,34.9,25.8,82.1,0,0,0,,0,0,35.6,25.9,221.1,1009.5,60,9.5,176.3,15.2,6,,2019-04-12T06:39:59,2019-04-12T18:54:41,0.25,Partially cloudy,Partly cloudy throughout the day.,partly-cloudy-day,"DNMM,remote,65201099999"
Lagos,4/13/2019,32,23,26.6,37.9,23,29.2,23.9,86.1,18,100,4.17,rain,0,0,35.3,27.7,236.5,1011.5,62.3,8.6,228,19.7,8,,2019-04-13T06:39:34,2019-04-13T18:54:36,0.29,"Rain, Partially cloudy",Partly cloudy throughout the day with early morning rain.,rain,"65210099999,65213099999,DNMM,remote,65201099999"
Lagos,4/14/2019,29.4,24,26.9,36.7,24,29.4,24.8,88.3,20,100,8.33,rain,0,0,26.6,29.5,169.6,1012.2,70.8,7.7,157.8,13.7,7,,2019-04-14T06:39:08,2019-04-14T18:54:32,0.32,"Rain, Partially cloudy",Partly cloudy throughout the day with rain.,rain,"65210099999,DNMM,remote,65201099999"
Lagos,4/15/2019,32,24,27.6,40.6,24,30.9,24.4,83.6,0,0,0,,0,0,27,24.1,184.5,1011.4,48.1,7.1,231,20,7,,2019-04-15T06:38:43,2019-04-15T18:54:27,0.36,Partially cloudy,Partly cloudy throughout the day.,partly-cloudy-day,"DNMM,remote,65201099999"
Lagos,4/16/2019,30.4,25,27.8,36.2,25,31.2,24.6,83.3,0.2,100,8.33,rain,0,0,25.6,13.3,176.5,1011.3,42.6,9.7,239.1,20.8,8,,2019-04-16T06:38:19,2019-04-16T18:54:23,0.39,"Rain, Partially cloudy",Partly cloudy throughout the day with afternoon rain.,rain,"65210099999,DNMM,remote,65201099999"
Lagos,4/17/2019,33,26.9,29.1,42.1,30.1,34.3,24.8,78.4,0,0,0,,0,0,29.2,18.4,229.1,1010.6,34.5,9.7,255.6,22,9,,2019-04-17T06:37:55,2019-04-17T18:54:19,0.43,Partially cloudy,Partly cloudy throughout the day.,partly-cloudy-day,"65210099999,DNMM,remote,65201099999"
Lagos,4/18/2019,34.1,26.7,29.4,43.9,30,35.7,25.7,81.2,0,0,0,,0,0,33.8,18.4,204.3,1010.6,64.8,9.8,228.1,19.7,9,,2019-04-18T06:37:31,2019-04-18T18:54:16,0.46,Partially cloudy,Partly cloudy throughout the day.,partly-cloudy-day,"65210099999,65213099999,DNMM,remote,65201099999"
Lagos,4/19/2019,32,27.6,29,40.6,32.1,35.1,25.8,83.4,0.6,100,25,rain,0,0,31.7,20.5,206.3,1010.3,80.9,10,235.8,20.5,8,,2019-04-19T06:37:08,2019-04-19T18:54:13,0.5,"Rain, Partially cloudy",Partly cloudy throughout the day with rain in the morning and afternoon.,rain,"DNMM,remote,65201099999"
Lagos,4/20/2019,34,26,29.7,42.9,26,35.8,25.7,79.9,0.1,100,4.17,rain,0,0,33.1,22.3,223.3,1011.6,56.2,9.9,217.8,18.8,8,,2019-04-20T06:36:45,2019-04-20T18:54:10,0.53,"Rain, Partially cloudy",Partly cloudy throughout the day with morning rain.,rain,"DNMM,remote,65201099999"
Lagos,4/21/2019,33.8,27,29.8,45.1,31.3,37.6,26.6,83.6,0.5,100,4.17,rain,0,0,30.2,16.6,223.3,1010.3,64.2,10,224.1,19.2,8,,2019-04-21T06:36:23,2019-04-21T18:54:07,0.56,"Rain, Partially cloudy",Partly cloudy throughout the day with afternoon rain.,rain,"65210099999,DNMM,remote,65201099999"
Lagos,4/22/2019,33.2,27,30,42.6,31.1,37.2,26.2,81.2,0,0,0,,0,0,30.2,25.9,214.3,1010.7,49.6,10,216.7,18.8,8,,2019-04-22T06:36:01,2019-04-22T18:54:05,0.6,Partially cloudy,Partly cloudy throughout the day.,partly-cloudy-day,"65210099999,65202099999,DNMM,65201099999"
Lagos,4/23/2019,30,24.9,27.9,36.8,24.9,32.5,25.5,87,4.4,100,37.5,rain,0,0,23.4,22.3,209.7,1010.3,84.8,9.8,169.3,14.7,7,,2019-04-23T06:35:40,2019-04-23T18:54:04,0.63,"Rain, Partially cloudy",Partly cloudy throughout the day with rain.,rain,"DNMM,remote,65201099999"
Lagos,4/24/2019,30.8,24.7,27.9,39.1,24.7,31.9,25.2,85.5,2,100,4.17,rain,0,0,25.6,10.4,194.2,1011.1,95.7,7.3,208.3,18,8,,2019-04-24T06:35:19,2019-04-24T18:54:02,0.66,"Rain, Overcast",Cloudy skies throughout the day with early morning rain.,rain,"remote,65201099999"
Lagos,4/25/2019,33.2,26.8,29.3,44.1,30.6,36.5,26.4,84.6,3.1,100,20.83,rain,0,0,29.2,15.5,220.7,1012.3,74.5,9.8,212,18.3,8,,2019-04-25T06:34:59,2019-04-25T18:54:01,0.69,"Rain, Partially cloudy",Partly cloudy throughout the day with rain.,rain,"65210099999,65202099999,DNMM,remote,65201099999"
Lagos,4/26/2019,31.2,27,29,40.3,31.2,35.7,26.2,85.2,0.9,100,20.83,rain,0,0,27,16.6,211.8,1011.7,59,10,185.3,15.9,7,,2019-04-26T06:34:39,2019-04-26T18:54:01,0.75,"Rain, Partially cloudy",Partly cloudy throughout the day with a chance of rain throughout the day.,rain,"65210099999,DNMM,remote,65201099999"
Lagos,4/27/2019,34,26.8,29.7,45.3,30.5,37,26.5,83.5,0,0,0,,0,0,31,24.1,217,1011,46.3,9.8,205.6,17.6,7,,2019-04-27T06:34:20,2019-04-27T18:54:01,0.76,Partially cloudy,Partly cloudy throughout the day.,partly-cloudy-day,"65210099999,65213099999,DNMM,65201099999"
Lagos,4/28/2019,35,27,30.3,46.7,31.2,38.3,26.6,81.2,0,0,0,,0,0,31.7,22.3,225,1011.2,44.6,10,247.1,21.2,8,,2019-04-28T06:34:02,2019-04-28T18:54:01,0.79,Partially cloudy,Partly cloudy throughout the day.,partly-cloudy-day,"DNMM,remote,65201099999"
Lagos,4/29/2019,35,27,30.5,46.7,31.2,38.9,26.7,81,0,0,0,,0,0,33.5,25.9,231.9,1011.7,57.1,9.8,217.2,18.8,7,,2019-04-29T06:33:44,2019-04-29T18:54:02,0.82,Partially cloudy,Partly cloudy throughout the day.,partly-cloudy-day,"DNMM,65201099999"
Lagos,4/30/2019,33.9,26.8,30,44.1,30.1,37.8,26.5,82.3,2,100,4.17,rain,0,0,34.6,25.9,224.6,1012.6,57.5,9.9,186.9,16.1,7,,2019-04-30T06:33:26,2019-04-30T18:54:03,0.85,"Rain, Partially cloudy",Partly cloudy throughout the day with morning rain.,rain,"DNMM,65201099999"
Lagos,5/1/2019,34.1,27,30.3,42,31.2,37,25.7,78,0.1,100,4.17,rain,0,0,29.9,18.4,224.5,1012.2,55.2,10,227.1,19.8,8,,2019-05-01T06:33:10,2019-05-01T18:54:05,0.89,"Rain, Partially cloudy",Partly cloudy throughout the day with early morning rain.,rain,"DNMM,remote,65201099999"
Lagos,5/2/2019,34,24.8,29.3,43.5,24.8,34.8,25.3,80.4,0,0,0,,0,0,32.4,27.7,227.3,1011.6,48,10,203.5,17.6,8,,2019-05-02T06:32:54,2019-05-02T18:54:07,0.92,Partially cloudy,Partly cloudy throughout the day.,partly-cloudy-day,"DNMM,remote,65201099999"
Lagos,5/3/2019,33.3,25,29.5,43.8,25,35.9,25.9,81.8,0.3,100,12.5,rain,0,0,55.4,27.7,222.9,1011.3,48.7,9.8,123.9,10.7,4,,2019-05-03T06:32:38,2019-05-03T18:54:09,0.95,"Rain, Partially cloudy",Partly cloudy throughout the day with rain.,rain,"DNMM,remote,65201099999"
Lagos,5/4/2019,32,23,27.1,40.6,23,30.4,24.4,86.1,28,100,4.17,rain,0,0,27.4,24.1,205,1011.5,60.3,8.6,134.4,11.4,4,,2019-05-04T06:32:23,2019-05-04T18:54:12,0,"Rain, Partially cloudy",Partly cloudy throughout the day with early morning rain.,rain,"DNMM,65201099999"
Lagos,5/5/2019,34,25,29.3,43.2,25,34.6,25.4,80.8,0,0,0,,0,0,31.3,25.9,211.5,1011.4,41,9.3,255.2,21.9,9,,2019-05-05T06:32:09,2019-05-05T18:54:16,0.02,Partially cloudy,Partly cloudy throughout the day.,partly-cloudy-day,"65202099999,DNMM,65201099999"
Lagos,5/6/2019,33,26,29.8,43.8,26,36.6,26,80.7,0,0,0,,0,0,31,25.9,211.1,1012.1,63.5,10,208.4,17.9,7,,2019-05-06T06:31:56,2019-05-06T18:54:20,0.05,Partially cloudy,Partly cloudy throughout the day.,partly-cloudy-day,"65210099999,65213099999,65202099999,DNMM,remote,65201099999"
Lagos,5/7/2019,33.8,27.1,29.9,43.8,31.4,37.4,26.3,81.7,0.4,100,12.5,rain,0,0,31,18.4,220.1,1012.3,70.5,10,201.1,17.4,7,,2019-05-07T06:31:43,2019-05-07T18:54:24,0.09,"Rain, Partially cloudy",Partly cloudy throughout the day with rain.,rain,"DNMM,remote,65201099999"
Lagos,5/8/2019,30.9,26.4,28.8,38.6,26.4,34.4,25.7,83.4,1.3,100,41.67,rain,0,0,33.5,15.5,215,1010.1,68.2,7.8,241.8,20.9,9,,2019-05-08T06:31:31,2019-05-08T18:54:29,0.13,"Rain, Partially cloudy",Partly cloudy throughout the day with a chance of rain throughout the day.,rain,"65210099999,65213099999,65202099999,remote,65201099999"
Lagos,5/9/2019,29,23,25.9,36.8,23,28.1,24.8,93.5,73,100,4.17,rain,0,0,61.2,41.6,200.5,1010.7,53.3,8,215.8,18.4,8,,2019-05-09T06:31:20,2019-05-09T18:54:34,0.16,"Rain, Partially cloudy",Partly cloudy throughout the day with afternoon rain.,rain,"DNMM,remote,65201099999"
Lagos,5/10/2019,33,24,27.9,43.8,24,32.6,25.4,87.1,0,0,0,,0,0,29.5,24.1,194.9,1010.3,45.1,7,242.7,20.9,8,,2019-05-10T06:31:09,2019-05-10T18:54:40,0.2,Partially cloudy,Partly cloudy throughout the day.,partly-cloudy-day,"DNMM,65201099999"
Lagos,5/11/2019,32,25.9,28,40.6,25.9,32.3,25.1,84.4,52.2,100,4.17,rain,0,0,25.9,13,272.1,1011.4,52.6,9.3,195.1,16.8,7,,2019-05-11T06:30:59,2019-05-11T18:54:46,0.23,"Rain, Partially cloudy",Partly cloudy throughout the day with late afternoon rain.,rain,"65210099999,DNMM,remote,65201099999"
Lagos,5/12/2019,33,25.9,29.1,40.6,25.9,33.9,24.7,78.2,0,0,0,,0,0,24.1,16.6,216.5,1011.4,40,9.5,238.1,20.7,8,,2019-05-12T06:30:49,2019-05-12T18:54:52,0.25,Partially cloudy,Partly cloudy throughout the day.,partly-cloudy-day,"DNMM,65201099999"
Lagos,5/13/2019,27.8,23.8,26.2,32.2,23.8,28.5,24.2,89,13,100,4.17,rain,0,0,64.8,42.5,336.3,1010.6,84.8,9.6,112.7,9.8,5,,2019-05-13T06:30:41,2019-05-13T18:54:59,0.31,"Rain, Partially cloudy",Partly cloudy throughout the day with morning rain.,rain,"DNMM,remote,65201099999"
Lagos,5/14/2019,30.4,26.4,27.9,36.2,26.4,31.6,25.1,84.8,5.5,100,41.67,rain,0,0,27,18.4,181.8,1010.1,73.1,10,195.5,16.8,8,,2019-05-14T06:30:33,2019-05-14T18:55:07,0.34,"Rain, Partially cloudy",Partly cloudy throughout the day with a chance of rain throughout the day.,rain,"DNMM,remote,65201099999"
Lagos,5/15/2019,33,24.1,28,40.6,24.1,31.6,24.9,83.9,11,100,4.17,rain,0,0,34.2,22.3,217.2,1012.4,63.5,9.1,196.1,16.9,8,,2019-05-15T06:30:26,2019-05-15T18:55:15,0.38,"Rain, Partially cloudy",Partly cloudy throughout the day with morning rain.,rain,"65210099999,DNMM,remote,65201099999"
Lagos,5/16/2019,33,23.1,27.6,40.6,23.1,30.7,24.2,82.3,19,100,4.17,rain,0,0,29.2,20.4,244.6,1012.9,70.7,9.9,148.8,12.9,6,,2019-05-16T06:30:19,2019-05-16T18:55:23,0.41,"Rain, Partially cloudy",Partly cloudy throughout the day with morning rain.,rain,"65210099999,DNMM,remote,65201099999"
Lagos,5/17/2019,35,26,29,43.8,26,34.7,25.6,82.3,0,0,0,,0,0,23.4,16.6,214.6,1012.9,42,9.5,176.6,15.2,7,,2019-05-17T06:30:13,2019-05-17T18:55:32,0.45,Partially cloudy,Partly cloudy throughout the day.,partly-cloudy-day,"DNMM,65201099999"
Lagos,5/18/2019,34,25,29,45.3,25,34.3,25.4,81.7,0,0,0,,0,0,24.1,16.6,220.6,1011.8,47,9.6,237.9,20.7,8,,2019-05-18T06:30:08,2019-05-18T18:55:41,0.5,Partially cloudy,Partly cloudy throughout the day.,partly-cloudy-day,"DNMM,remote,65201099999"
Lagos,5/19/2019,31,26,28.1,39.1,26,32.8,25.4,85.6,0,0,0,,0,0,33.1,16.6,219.1,1012.1,69.4,9.8,249,21.5,8,,2019-05-19T06:30:04,2019-05-19T18:55:50,0.52,Partially cloudy,Partly cloudy throughout the day.,partly-cloudy-day,"DNMM,remote,65201099999"
Lagos,5/20/2019,29,23,26.4,34.5,23,28.9,25,92.6,32,100,8.33,rain,0,0,28.4,16.6,253,1013,49.9,9.2,132.5,11.4,5,,2019-05-20T06:30:00,2019-05-20T18:56:00,0.55,"Rain, Partially cloudy",Partly cloudy throughout the day with rain.,rain,"DNMM,65201099999"
Lagos,5/21/2019,31,24.1,27.2,37.7,24.1,30.3,24.6,86.3,0.1,100,4.17,rain,0,0,19.1,18.4,251.7,1013.2,42.7,9.7,178.4,15.5,7,,2019-05-21T06:29:57,2019-05-21T18:56:10,0.58,"Rain, Partially cloudy",Partly cloudy throughout the day with morning rain.,rain,"DNMM,remote,65201099999"
Lagos,5/22/2019,33,25.9,28.2,40.6,25.9,32,24.6,81.6,0,0,0,,0,0,26.6,11.2,220.3,1012.5,57.4,8.9,140.7,12,6,,2019-05-22T06:29:55,2019-05-22T18:56:21,0.62,Partially cloudy,Partly cloudy throughout the day.,partly-cloudy-day,"DNMM,65201099999"
Lagos,5/23/2019,33,24.8,28.6,42.1,24.8,33.2,25,81.7,0,0,0,,0,0,28.1,18.4,221.7,1012,48.7,9.5,230.9,19.9,8,,2019-05-23T06:29:53,2019-05-23T18:56:32,0.65,Partially cloudy,Partly cloudy throughout the day.,partly-cloudy-day,"65213099999,65202099999,DNMM,65201099999"
Lagos,5/24/2019,32,26,28.1,39.2,26,32.3,25.2,85,0,0,0,,0,0,37.1,27.7,199.1,1012.1,54,9.7,164.7,14.3,7,,2019-05-24T06:29:52,2019-05-24T18:56:43,0.68,Partially cloudy,Partly cloudy throughout the day.,partly-cloudy-day,"DNMM,65201099999"
Lagos,5/25/2019,33,23.7,27.8,40.6,23.7,31.6,24.6,83.8,0.1,100,4.17,rain,0,0,29.9,16.7,222.1,1012.5,49.2,9.1,194.4,16.9,6,,2019-05-25T06:29:52,2019-05-25T18:56:55,0.71,"Rain, Partially cloudy",Partly cloudy throughout the day with morning rain.,rain,"65210099999,DNMM,remote,65201099999"
Lagos,5/26/2019,31.7,25,27.2,40.3,25,30.6,25.4,90.1,14,100,8.33,rain,0,0,28.8,29.5,234.2,1012.6,57.4,9.1,174.9,15.2,7,,2019-05-26T06:29:52,2019-05-26T18:57:07,0.75,"Rain, Partially cloudy",Partly cloudy throughout the day with rain.,rain,"DNMM,remote,65201099999"
Lagos,5/27/2019,32.8,23.8,27,36.9,23.8,29.2,23.6,82.7,6,100,4.17,rain,0,0,55.4,29.5,186.9,1012.6,53,9.4,124.8,10.9,5,,2019-05-27T06:29:54,2019-05-27T18:57:19,0.78,"Rain, Partially cloudy",Partly cloudy throughout the day with morning rain.,rain,"65210099999,DNMM,65201099999"
Lagos,5/28/2019,33,25,28.5,42.1,25,32.6,24.7,81,0,0,0,,0,0,36.4,16.6,247.1,1012.3,51.2,10,233.9,20.2,8,,2019-05-28T06:29:55,2019-05-28T18:57:32,0.81,Partially cloudy,Partly cloudy throughout the day.,partly-cloudy-day,"65210099999,DNMM,65201099999"
Lagos,5/29/2019,29,25,26.7,35.6,25,29.1,24.9,89.7,6,100,4.17,rain,0,0,30.6,20.5,346.1,1012,60.6,9.7,164.8,14.1,7,,2019-05-29T06:29:58,2019-05-29T18:57:44,0.84,"Rain, Partially cloudy",Partly cloudy throughout the day with afternoon rain.,rain,"65210099999,DNMM,remote,65201099999"
Lagos,5/30/2019,30,24,26.7,37.4,24,29.7,24.5,88.1,6,100,4.17,rain,0,0,33.8,25.9,213.3,1012.8,62.4,7.7,102.9,8.8,5,,2019-05-30T06:30:01,2019-05-30T18:57:57,0.87,"Rain, Partially cloudy",Partly cloudy throughout the day with afternoon rain.,rain,"DNMM,remote,65201099999"
Lagos,5/31/2019,28,26,26.6,33.6,26,28.5,25.1,91.4,2,100,4.17,rain,0,0,25.9,18.4,217.2,1012.7,58.3,9.1,128.9,11.2,5,,2019-05-31T06:30:04,2019-05-31T18:58:11,0.9,"Rain, Partially cloudy",Partly cloudy throughout the day with afternoon rain.,rain,"DNMM,remote,65201099999"
Lagos,6/1/2019,30,23,26.4,35.1,23,28.2,24.1,87.5,33,100,8.33,rain,0,0,29.9,12.2,271.8,1013.3,53.5,9,141.3,12,5,,2019-06-01T06:30:09,2019-06-01T18:58:24,0.94,"Rain, Partially cloudy",Partly cloudy throughout the day with rain in the morning and afternoon.,rain,"DNMM,remote,65201099999"
Lagos,6/2/2019,32,25,27.8,39.2,25,31.2,24.7,84.2,0,0,0,,0,0,24.5,16.6,219.1,1013.5,57.4,9,149.5,12.8,6,,2019-06-02T06:30:13,2019-06-02T18:58:38,0.97,Partially cloudy,Partly cloudy throughout the day.,partly-cloudy-day,"DNMM,65201099999"
Lagos,6/3/2019,32.1,24.9,28.2,39.2,24.9,31.9,24.7,82.3,0.4,100,12.5,rain,0,0,27.4,14.8,252.3,1014,54.4,9.1,200.6,17.4,7,,2019-06-03T06:30:19,2019-06-03T18:58:52,0,"Rain, Partially cloudy",Partly cloudy throughout the day with morning rain.,rain,"65210099999,DNMM,remote,65201099999"
Lagos,6/4/2019,31,26,27.7,39.1,26,31.7,25.2,86.4,0,0,0,,0,0,31,22.3,267.4,1014.1,56.8,8.5,200,17.1,7,,2019-06-04T06:30:25,2019-06-04T18:59:06,0.04,Partially cloudy,Partly cloudy throughout the day.,partly-cloudy-day,"DNMM,65201099999"
Lagos,6/5/2019,30,25,27.5,36.2,25,30.8,24.8,85.5,1,100,4.17,rain,0,0,42.5,18.4,255.8,1013.5,61.2,9.7,154.4,13.3,5,,2019-06-05T06:30:31,2019-06-05T18:59:20,0.07,"Rain, Partially cloudy",Partly cloudy throughout the day with late afternoon rain.,rain,"DNMM,remote,65201099999"
Lagos,6/6/2019,30.1,22.9,26.7,35.6,22.9,29.1,24.5,88.3,2,100,4.17,rain,0,0,41.8,21.6,240.9,1013,78,9.3,189.8,16.6,8,,2019-06-06T06:30:39,2019-06-06T18:59:34,0.11,"Rain, Partially cloudy",Partly cloudy throughout the day with late afternoon rain.,rain,"DNMM,remote,65201099999"
Lagos,6/7/2019,30.1,22.9,25.8,35.9,22.9,27.5,23.4,87.3,1.4,100,16.67,rain,0,0,34.9,22,225.7,1013,77.4,7.7,107.1,9.2,4,,2019-06-07T06:30:46,2019-06-07T18:59:48,0.14,"Rain, Partially cloudy",Partly cloudy throughout the day with afternoon rain.,rain,"DNMM,remote,65201099999"
Lagos,6/8/2019,32,24,27.6,39.2,24,30.5,24.5,84.1,0.1,100,4.17,rain,0,0,31.7,18.4,256.9,1014.8,55.7,10,193.4,16.7,8,,2019-06-08T06:30:54,2019-06-08T19:00:03,0.18,"Rain, Partially cloudy",Partly cloudy throughout the day with early morning rain.,rain,"65210099999,DNMM,remote,65201099999"
Lagos,6/9/2019,30,25.2,27.2,37.4,25.2,29.7,24.9,87.9,0,0,0,,0,0,26.3,27.7,224.9,1015,61.6,9.6,167.5,14.6,6,,2019-06-09T06:31:03,2019-06-09T19:00:17,0.22,Partially cloudy,Partly cloudy throughout the day.,partly-cloudy-day,"DNMM,65201099999"
Lagos,6/10/2019,29,24.7,26.2,35.6,24.7,28.1,24.7,91.7,9,100,4.17,rain,0,0,31.3,16.6,230.5,1014.6,64.2,7.7,119.2,10.4,5,,2019-06-10T06:31:12,2019-06-10T19:00:32,0.25,"Rain, Partially cloudy",Partly cloudy throughout the day with late afternoon rain.,rain,"DNMM,65201099999"
Lagos,6/11/2019,30.2,25,26.9,36.1,25,28.8,24.3,86,0.5,100,12.5,rain,0,0,35.3,18,254.3,1013.9,50.6,9.2,203,17.6,6,,2019-06-11T06:31:22,2019-06-11T19:00:46,0.29,"Rain, Partially cloudy",Partly cloudy throughout the day with rain in the morning and afternoon.,rain,"DNMM,remote,65201099999"
Lagos,6/12/2019,31,24.6,27,37.7,24.6,29.1,24.3,85.5,1.1,100,16.67,rain,0,0,31,16.6,245,1014.6,57.4,9.9,176.8,15.3,6,,2019-06-12T06:31:31,2019-06-12T19:01:01,0.32,"Rain, Partially cloudy",Partly cloudy throughout the day with rain clearing later.,rain,"DNMM,remote,65201099999"
Lagos,6/13/2019,31,25,27.4,37.7,25,30.2,24.5,84.4,2,100,4.17,rain,0,0,29.2,16.6,256,1014.6,66.3,9.1,164.5,14.2,6,,2019-06-13T06:31:42,2019-06-13T19:01:15,0.36,"Rain, Partially cloudy",Partly cloudy throughout the day with late afternoon rain.,rain,"65202099999,DNMM,remote,65201099999"
Lagos,6/14/2019,28,23,25.7,32.7,23,26.2,24.3,91.9,18,100,8.33,rain,0,0,33.8,22.3,261,1015.3,55.7,8.1,152.8,13.1,6,,2019-06-14T06:31:53,2019-06-14T19:01:29,0.4,"Rain, Partially cloudy",Partly cloudy throughout the day with rain.,rain,"DNMM,remote,65201099999"
Lagos,6/15/2019,27.2,24,25.1,31.1,24,25.5,24.1,94.3,19,100,8.33,rain,0,0,30.2,11.2,270.7,1015.4,50.4,8,67.5,5.8,3,,2019-06-15T06:32:04,2019-06-15T19:01:44,0.43,"Rain, Partially cloudy",Partly cloudy throughout the day with rain.,rain,"DNMM,65201099999"
Lagos,6/16/2019,31,23,26.6,39.1,23,29.4,24.3,87.9,0.1,100,4.17,rain,0,0,28.4,18.4,246.1,1015.6,54.7,7.4,219,18.9,8,,2019-06-16T06:32:15,2019-06-16T19:01:58,0.47,"Rain, Partially cloudy",Partly cloudy throughout the day with morning rain.,rain,"DNMM,remote,65201099999"
Lagos,6/17/2019,31,25,27.8,39.1,25,31,25,85.6,0,0,0,,0,0,35.3,18.4,237.9,1015.5,49.5,8.9,225.4,19.5,8,,2019-06-17T06:32:27,2019-06-17T19:02:12,0.5,Partially cloudy,Partly cloudy throughout the day.,partly-cloudy-day,"DNMM,65201099999"
Lagos,6/18/2019,29,25,26.8,35.6,25,29,24.9,89.6,0.5,100,16.67,rain,0,0,27.4,14.8,240.5,1015.6,45.7,7.9,200.9,17.4,7,,2019-06-18T06:32:39,2019-06-18T19:02:25,0.54,"Rain, Partially cloudy",Partly cloudy throughout the day with rain in the morning and afternoon.,rain,"DNMM,remote,65201099999"
Lagos,6/19/2019,32,25,27.9,40.6,25,31.4,25.1,85.3,0.4,100,12.5,rain,0,0,36.4,16.6,257.9,1014.6,43.8,9,231.2,20,8,,2019-06-19T06:32:51,2019-06-19T19:02:39,0.57,"Rain, Partially cloudy",Partly cloudy throughout the day with morning rain.,rain,"DNMM,remote,65201099999"
Lagos,6/20/2019,29,23,25.5,34.5,23,26.3,23.9,91.2,2,100,4.17,rain,0,0,27,16.6,229.3,1015.6,61.4,8.8,150.2,12.8,5,,2019-06-20T06:33:04,2019-06-20T19:02:52,0.6,"Rain, Partially cloudy",Partly cloudy throughout the day with late afternoon rain.,rain,"DNMM,65201099999"
Lagos,6/21/2019,29.1,23.9,26.1,34.8,23.9,28,24.1,88.9,1.9,100,20.83,rain,0,0,27.4,13.7,246.9,1015.8,71.2,7.9,79.5,6.8,3,,2019-06-21T06:33:17,2019-06-21T19:03:06,0.63,"Rain, Partially cloudy",Partly cloudy throughout the day with a chance of rain throughout the day.,rain,"DNMM,remote,65201099999"
Lagos,6/22/2019,28.2,25.2,26.3,32.9,25.2,27.2,24.5,90,28,100,4.17,rain,0,0,27.4,17.6,241.6,1014.2,89.1,8.4,134.6,11.8,4,,2019-06-22T06:33:30,2019-06-22T19:03:18,0.67,"Rain, Partially cloudy",Partly cloudy throughout the day with late afternoon rain.,rain,"65210099999,remote,65201099999"
Lagos,6/23/2019,30.4,23.2,26,37.2,23.2,27.4,24,88.6,8,100,8.33,rain,0,0,38.5,20.2,226.2,1013.2,84.8,9.1,121,10.4,5,,2019-06-23T06:33:43,2019-06-23T19:03:31,0.7,"Rain, Partially cloudy",Partly cloudy throughout the day with rain.,rain,"remote,65201099999"
Lagos,6/24/2019,30,22,25.2,36.4,22,26.5,23.5,90.7,60,100,8.33,rain,0,0,37.1,18.4,288,1014.1,70.7,8.4,151.5,13.1,5,,2019-06-24T06:33:57,2019-06-24T19:03:43,0.73,"Rain, Partially cloudy",Partly cloudy throughout the day with rain.,rain,"DNMM,remote,65201099999"
Lagos,6/25/2019,29,23,24.9,34.5,23,25.3,23.8,93.8,21,100,4.17,rain,0,0,29.5,16.9,216.5,1013.9,80.1,5.2,90.4,7.8,4,,2019-06-25T06:34:10,2019-06-25T19:03:55,0.75,"Rain, Partially cloudy",Partly cloudy throughout the day with late afternoon rain.,rain,"DNMM,remote,65201099999"
Lagos,6/26/2019,26.3,22.1,25.1,26.3,22.1,25.1,23.8,92.3,5.4,100,58.33,rain,0,0,23.8,13.3,225.9,1014.7,91.8,6.9,109.5,9.6,4,,2019-06-26T06:34:24,2019-06-26T19:04:07,0.79,"Rain, Overcast",Cloudy skies throughout the day with a chance of rain throughout the day.,rain,"65210099999,65213099999,remote,65201099999"
Lagos,6/27/2019,28.1,22.9,25.7,32.7,22.9,26.5,23.6,88.4,24.5,100,8.33,rain,0,0,29.9,16.2,250.6,1014,95.6,9.2,95.5,8.3,4,,2019-06-27T06:34:37,2019-06-27T19:04:18,0.83,"Rain, Overcast",Cloudy skies throughout the day with rain in the morning and afternoon.,rain,"remote,65201099999"
Lagos,6/28/2019,26,23,24.8,26,23,24.8,23.6,93.5,74,100,8.33,rain,0,0,24.8,18.4,242.4,1014.6,67.3,7.9,33.8,3,1,,2019-06-28T06:34:51,2019-06-28T19:04:29,0.86,"Rain, Partially cloudy",Partly cloudy throughout the day with rain.,rain,"DNMM,remote,65201099999"
Lagos,6/29/2019,30,22.9,25.9,36.2,22.9,27.7,24,89.8,0,0,0,,0,0,26.3,18.4,238.7,1015.1,53.9,8.9,212.4,18.4,7,,2019-06-29T06:35:05,2019-06-29T19:04:39,0.89,Partially cloudy,Partly cloudy throughout the day.,partly-cloudy-day,"DNMM,65201099999"
Lagos,6/30/2019,30,24.8,26.7,37.4,24.8,28.9,24.5,87.7,0.2,100,4.17,rain,0,0,24.8,22.3,242.3,1015.9,63.7,9.1,179,15.5,7,,2019-06-30T06:35:19,2019-06-30T19:04:49,0.92,"Rain, Partially cloudy",Partly cloudy throughout the day with afternoon rain.,rain,"DNMM,65201099999"
Lagos,7/1/2019,27.5,25,25.7,30.9,25,26.4,24.3,92.3,26,100,4.17,rain,0,0,33.5,16.9,225.9,1014.3,58.3,8.4,193.8,16.7,7,,2019-07-01T06:35:33,2019-07-01T19:04:59,0.96,"Rain, Partially cloudy",Partly cloudy throughout the day with late afternoon rain.,rain,"DNMM,remote,65201099999"
Lagos,7/2/2019,31,24,26.5,39.1,24,28.8,24.5,89.1,0,0,0,,0,0,33.1,18.4,236.7,1012.4,68.1,9.1,201.2,17.4,7,,2019-07-02T06:35:47,2019-07-02T19:05:08,0,Partially cloudy,Partly cloudy throughout the day.,partly-cloudy-day,"DNMM,remote,65201099999"
Lagos,7/3/2019,30,24.8,26.9,36.8,24.8,29.4,24.7,88,0.7,100,12.5,rain,0,0,28.1,18.4,220.5,1012.5,54.8,9.4,202.8,17.6,7,,2019-07-03T06:36:00,2019-07-03T19:05:17,0.02,"Rain, Partially cloudy",Partly cloudy throughout the day with afternoon rain.,rain,"65210099999,DNMM,remote,65201099999"
Lagos,7/4/2019,27.3,25,25.8,31.2,25,26.4,25,95.2,8,100,4.17,rain,0,0,24.8,14.8,237.6,1013.5,61,8.6,112.3,9.8,4,,2019-07-04T06:36:14,2019-07-04T19:05:25,0.06,"Rain, Partially cloudy",Partly cloudy throughout the day with late afternoon rain.,rain,"65210099999,65203099999,DNMM,remote,65201099999"
Lagos,7/5/2019,28,25,25.8,32.7,25,26.7,24.8,94.3,3,100,4.17,rain,0,0,24.1,16.6,246.8,1014.6,64.6,8.8,124.2,10.7,5,,2019-07-05T06:36:28,2019-07-05T19:05:32,0.09,"Rain, Partially cloudy",Partly cloudy throughout the day with late afternoon rain.,rain,"65213099999,DNMM,remote,65201099999"
Lagos,7/6/2019,29,23.8,26.5,34.5,23.8,28.6,24,86.8,0,0,0,,0,0,30.6,14.8,264.2,1013.9,58.5,9.5,197.3,17,7,,2019-07-06T06:36:41,2019-07-06T19:05:39,0.13,Partially cloudy,Partly cloudy throughout the day.,partly-cloudy-day,"65210099999,65213099999,DNMM,65201099999"
Lagos,7/7/2019,30,25,26.9,36.2,25,29.3,24.4,86.1,0.4,100,4.17,rain,0,0,42.8,18.7,242.2,1013.7,70.6,9.7,157.7,13.7,5,,2019-07-07T06:36:54,2019-07-07T19:05:45,0.17,"Rain, Partially cloudy",Partly cloudy throughout the day with late afternoon rain.,rain,"DNMM,remote,65201099999"
Lagos,7/8/2019,29,23,25.9,33.6,23,27.4,23.2,85.5,4,100,4.17,rain,0,0,42.5,24.1,225,1015.2,56.5,9.5,134.3,11.4,5,,2019-07-08T06:37:07,2019-07-08T19:05:51,0.2,"Rain, Partially cloudy",Partly cloudy throughout the day with morning rain.,rain,"DNMM,65201099999"
Lagos,7/9/2019,30,24.8,26.7,35.1,24.8,28.3,23.6,83.6,0,0,0,,0,0,35.3,36.5,241.3,1016.3,50.8,9.8,137.2,11.8,5,,2019-07-09T06:37:20,2019-07-09T19:05:56,0.25,Partially cloudy,Partly cloudy throughout the day.,partly-cloudy-day,"DNMM,65201099999"
Lagos,7/10/2019,30.1,24.8,26.8,36,24.8,28.7,24,85.6,0,0,0,,0,0,32.8,22.3,241.5,1015.8,54.6,9.5,192,16.6,7,,2019-07-10T06:37:33,2019-07-10T19:06:01,0.27,Partially cloudy,Partly cloudy throughout the day.,partly-cloudy-day,"65210099999,65213099999,DNMM,65201099999"
Lagos,7/11/2019,29,24,25.7,33.6,24,26.5,23.7,89,6,100,4.17,rain,0,0,30.6,24.1,246.2,1014.6,67.7,8.2,109.8,9.3,4,,2019-07-11T06:37:46,2019-07-11T19:06:05,0.31,"Rain, Partially cloudy",Partly cloudy throughout the day with late afternoon rain.,rain,"VRJU8,DNMM,remote,65201099999"
Lagos,7/12/2019,26,23,24.6,26,23,24.6,23.6,94.3,4,100,8.33,rain,0,0,25.9,14.8,257,1015.4,66,7.7,21.6,1.8,1,,2019-07-12T06:37:58,2019-07-12T19:06:08,0.34,"Rain, Partially cloudy",Partly cloudy throughout the day with rain.,rain,"VRJU8,DNMM,remote,65201099999"
Lagos,7/13/2019,30,23,25.9,35.1,23,27.4,23.4,86.9,3,100,4.17,rain,0,0,31.7,16.6,225.9,1015.8,56.6,7.7,199.6,17.4,6,,2019-07-13T06:38:10,2019-07-13T19:06:11,0.38,"Rain, Partially cloudy",Partly cloudy throughout the day with morning rain.,rain,"VRJU8,DNMM,65201099999"
Lagos,7/14/2019,30,23.8,26.3,35.1,23.8,27.9,23.5,85.3,0,0,0,,0,0,30.6,18.4,256.5,1014.9,54.3,8.6,186.2,16.1,7,,2019-07-14T06:38:22,2019-07-14T19:06:13,0.41,Partially cloudy,Partly cloudy throughout the day.,partly-cloudy-day,"65210099999,VRJU8,DNMM,65201099999"
Lagos,7/15/2019,28.8,23.9,25.7,32.6,23.9,26.4,23.3,87.1,0.8,100,4.17,rain,0,0,32.4,16.6,272.7,1013.7,62,9.2,94.9,8.2,4,,2019-07-15T06:38:33,2019-07-15T19:06:14,0.45,"Rain, Partially cloudy",Partly cloudy throughout the day with afternoon rain.,rain,"VRJU8,DNMM,remote,65201099999"
Lagos,7/16/2019,26,22.5,24.2,26,22.5,24.2,23.1,93.8,33,100,4.17,rain,0,0,28.4,18.4,267.4,1014.4,53.4,9.1,193.6,16.8,6,,2019-07-16T06:38:44,2019-07-16T19:06:14,0.5,"Rain, Partially cloudy",Partly cloudy throughout the day with afternoon rain.,rain,"VRJU8,DNMM,remote,65201099999"
Lagos,7/17/2019,30.8,21.6,25.8,36.2,21.6,27.5,23.1,85.9,0,0,0,,0,0,31,18.4,266.3,1015.2,50.2,8.7,239.7,20.7,8,,2019-07-17T06:38:55,2019-07-17T19:06:14,0.52,Partially cloudy,Partly cloudy throughout the day.,partly-cloudy-day,"DNMM,remote,65201099999"
Lagos,7/18/2019,27,24,25.5,30.1,24,26.5,23.3,87.6,1,100,4.17,rain,0,0,38.9,13,267.8,1014.1,60.1,9.9,195.8,16.9,7,,2019-07-18T06:39:06,2019-07-18T19:06:13,0.55,"Rain, Partially cloudy",Partly cloudy throughout the day with late afternoon rain.,rain,"DNMM,65201099999"
Lagos,7/19/2019,28,24,25.8,31.9,24,26.6,23.5,87.7,0.1,100,4.17,rain,0,0,37.1,16.6,247.1,1014.8,69.3,10,174,15.1,7,,2019-07-19T06:39:16,2019-07-19T19:06:12,0.58,"Rain, Partially cloudy",Partly cloudy throughout the day with afternoon rain.,rain,"65210099999,DNMM,remote,65201099999"
Lagos,7/20/2019,28.6,23.1,25.4,32.7,23.1,25.9,23.4,88.6,6.7,100,41.67,rain,0,0,32.8,20.5,248.3,1014.6,88.6,9.8,127,10.9,4,,2019-07-20T06:39:25,2019-07-20T19:06:10,0.62,"Rain, Partially cloudy",Partly cloudy throughout the day with a chance of rain throughout the day.,rain,"VRJU8,DNMM,remote,65201099999"
Lagos,7/21/2019,30,24,26.5,35.1,24,27.9,23.3,83.7,0,0,0,,0,0,33.8,20.5,251.7,1014.7,61.7,9.9,190.8,16.5,6,,2019-07-21T06:39:35,2019-07-21T19:06:07,0.65,Partially cloudy,Partly cloudy throughout the day.,partly-cloudy-day,"VRJU8,DNMM,65201099999"
Lagos,7/22/2019,31,18.9,26.3,35.5,18.9,28,23,83,1,100,4.17,rain,0,0,32,31.7,254.5,1014.8,55.5,9.9,220.4,19,7,,2019-07-22T06:39:44,2019-07-22T19:06:03,0.68,"Rain, Partially cloudy",Partly cloudy throughout the day with morning rain.,rain,"VRJU8,DNMM,remote,65201099999"
Lagos,7/23/2019,26,24,24.8,26,24,24.8,23.6,93.5,41,100,8.33,rain,0,0,32,16.6,263.2,1014.5,67.8,7.5,190.1,16.3,6,,2019-07-23T06:39:52,2019-07-23T19:05:58,0.72,"Rain, Partially cloudy",Partly cloudy throughout the day with rain.,rain,"65210099999,VRJU8,DNMM,65201099999"
Lagos,7/24/2019,29,23,25.6,33.6,23,26.7,23.6,89,0.2,100,4.17,rain,0,0,30.2,16.6,253.4,1014,54.8,8.7,242.7,20.9,8,,2019-07-24T06:40:00,2019-07-24T19:05:53,0.75,"Rain, Partially cloudy",Partly cloudy throughout the day with early morning rain.,rain,"65210099999,VRJU8,DNMM,remote,65201099999"
Lagos,7/25/2019,30,23.4,26.1,35.6,23.4,27.6,23.5,86.6,0,0,0,,0,0,31.3,18.5,250.3,1014,65.7,8.7,168.6,14.6,7,,2019-07-25T06:40:08,2019-07-25T19:05:47,0.75,Partially cloudy,Partly cloudy throughout the day.,partly-cloudy-day,"VRJU8,DNMM,remote,65201099999"
Lagos,7/26/2019,28,24,25.7,32.7,24,26.5,23.6,88.8,2.4,100,20.83,rain,0,0,31.7,19.4,252.2,1014.2,66.1,9.9,142.9,12.3,5,,2019-07-26T06:40:15,2019-07-26T19:05:40,0.81,"Rain, Partially cloudy",Partly cloudy throughout the day with a chance of rain throughout the day.,rain,"65210099999,VRJU8,DNMM,remote,65201099999"
Lagos,7/27/2019,27.2,24,25.4,30.6,24,25.9,24.1,92.8,1,100,4.17,rain,0,0,34.6,13,239.4,1014.3,74.9,8.3,161.5,13.8,6,,2019-07-27T06:40:22,2019-07-27T19:05:33,0.85,"Rain, Partially cloudy",Partly cloudy throughout the day with late afternoon rain.,rain,"DNMM,65201099999"
Lagos,7/28/2019,27,24,25.2,29.7,24,25.4,23.8,92.4,49,100,8.33,rain,0,0,32.8,22.3,261.3,1013.6,71.4,8.8,156.7,13.3,6,,2019-07-28T06:40:28,2019-07-28T19:05:25,0.88,"Rain, Partially cloudy",Partly cloudy throughout the day with rain.,rain,"65210099999,VRJU8,DNMM,remote,65201099999"
Lagos,7/29/2019,28,24.9,26.1,31.9,24.9,27.3,23.7,87.2,0.4,100,16.67,rain,0,0,28.8,18.4,254.3,1014.2,75.9,9.5,127.4,11,5,,2019-07-29T06:40:34,2019-07-29T19:05:16,0.91,"Rain, Partially cloudy",Partly cloudy throughout the day with rain clearing later.,rain,"DNMM,remote,65201099999"
Lagos,7/30/2019,29,24.9,26.3,33.6,24.9,27.9,23.9,87,0,0,0,,0,0,36,25.9,250.5,1014.8,72.4,9.3,210.3,18.2,8,,2019-07-30T06:40:39,2019-07-30T19:05:06,0.95,Partially cloudy,Partly cloudy throughout the day.,partly-cloudy-day,"DNMM,remote,65201099999"
Lagos,7/31/2019,29,24.1,26.2,33.6,24.1,27.4,23.6,86.2,8.2,100,8.33,rain,0,0,36.4,18.4,264.3,1014.4,64.4,9.5,211.6,18.2,7,,2019-07-31T06:40:44,2019-07-31T19:04:56,0.98,"Rain, Partially cloudy",Partly cloudy throughout the day with rain.,rain,"65210099999,DNMM,65201099999"
Lagos,8/1/2019,29,23,25.9,32.6,23,27,23.1,85.5,0,0,0,,0,0,37.1,15.1,257.9,1013.9,59.7,9.3,160,13.9,7,,2019-08-01T06:40:49,2019-08-01T19:04:45,0,Partially cloudy,Partly cloudy throughout the day.,partly-cloudy-day,"65210099999,DNMM,remote,65201099999"
Lagos,8/2/2019,30,24,26.3,34.2,24,27.7,23.3,84.2,11,100,4.17,rain,0,0,37.1,20.5,263.6,1014.2,66.7,9.3,177.2,15.2,7,,2019-08-02T06:40:53,2019-08-02T19:04:33,0.05,"Rain, Partially cloudy",Partly cloudy throughout the day with morning rain.,rain,"DNMM,65201099999"
Lagos,8/3/2019,27.1,24.5,25.7,30.1,24.5,26.4,23.2,86.5,0.5,100,4.17,rain,0,0,30.6,24.1,246.9,1015,68.1,8.8,161.2,13.9,6,,2019-08-03T06:40:56,2019-08-03T19:04:20,0.08,"Rain, Partially cloudy",Partly cloudy throughout the day with early morning rain.,rain,"DNMM,remote,65201099999"
Lagos,8/4/2019,29,24,26.1,33.6,24,27.3,23.3,84.6,0,0,0,,0,0,36,24.1,246,1016,58.6,9,217,18.6,8,,2019-08-04T06:40:59,2019-08-04T19:04:07,0.12,Partially cloudy,Partly cloudy throughout the day.,partly-cloudy-day,"DNMM,65201099999"
Lagos,8/5/2019,29,23.2,25.8,33.4,23.2,26.8,23.1,85.7,0,0,0,,0,0,33.8,25.9,238.3,1015.6,67.7,9.5,172.1,14.8,7,,2019-08-05T06:41:02,2019-08-05T19:03:53,0.15,Partially cloudy,Partly cloudy throughout the day.,partly-cloudy-day,"DNMM,65201099999"
Lagos,8/6/2019,30,24,26.4,34.1,24,27.9,23.2,83.1,0,0,0,,0,0,37.1,16.6,239.2,1016.4,66.3,9.5,239.9,20.9,8,,2019-08-06T06:41:04,2019-08-06T19:03:38,0.19,Partially cloudy,Partly cloudy throughout the day.,partly-cloudy-day,"DNMM,65201099999"
Lagos,8/7/2019,30,23.5,26.3,34.1,23.5,27.7,23.1,83.4,0,0,0,,0,0,36.4,14.8,259.7,1016.8,48.5,9.9,228.7,19.8,7,,2019-08-07T06:41:05,2019-08-07T19:03:22,0.25,Partially cloudy,Partly cloudy throughout the day.,partly-cloudy-day,"VRJU8,DNMM,65201099999"
Lagos,8/8/2019,29,23.2,25.6,32.7,23.2,26.5,23.1,86.1,0,0,0,,0,0,35.3,20.5,251.1,1016.2,64.2,10,121.4,10.6,5,,2019-08-08T06:41:06,2019-08-08T19:03:06,0.25,Partially cloudy,Partly cloudy throughout the day.,partly-cloudy-day,"VRJU8,DNMM,65201099999"
Lagos,8/9/2019,27,23.9,25.5,30.1,23.9,26.1,23.3,87.8,1.1,100,4.17,rain,0,0,36.4,21.3,253.6,1016.8,68.5,9.7,170.7,14.7,6,,2019-08-09T06:41:07,2019-08-09T19:02:49,0.29,"Rain, Partially cloudy",Partly cloudy throughout the day with morning rain.,rain,"VRJU8,DNMM,remote,65201099999"
Lagos,8/10/2019,29,23,25.5,33.1,23,26.5,23.3,88,4,100,8.33,rain,0,0,32.4,24.1,251.2,1017.2,57.9,8.5,183.5,15.9,7,,2019-08-10T06:41:07,2019-08-10T19:02:32,0.32,"Rain, Partially cloudy",Partly cloudy throughout the day with rain in the morning and afternoon.,rain,"DNMM,65201099999"
Lagos,8/11/2019,30,24,26.3,34.1,24,27.8,22.9,82.5,0.1,100,4.17,rain,0,0,40.3,18.4,260.4,1015.9,60.5,10,226.1,19.6,7,,2019-08-11T06:41:07,2019-08-11T19:02:14,0.36,"Rain, Partially cloudy",Partly cloudy throughout the day with morning rain.,rain,"DNMM,remote,65201099999"
Lagos,8/12/2019,29,23.1,25.7,32.7,23.1,26.8,22.8,84.4,0.3,100,12.5,rain,0,0,37.8,17.6,247.6,1014.4,56.1,10,231.6,20.1,8,,2019-08-12T06:41:06,2019-08-12T19:01:55,0.39,"Rain, Partially cloudy",Partly cloudy throughout the day with rain in the morning and afternoon.,rain,"DNMM,remote,65201099999"
Lagos,8/13/2019,28,24,25.2,31.9,24,25.3,23.4,89.9,29,100,4.17,rain,0,0,34.9,17.3,241.6,1013.9,62,9,186.5,16,7,,2019-08-13T06:41:04,2019-08-13T19:01:35,0.43,"Rain, Partially cloudy",Partly cloudy throughout the day with afternoon rain.,rain,"DNMM,remote,65201099999"
Lagos,8/14/2019,30,24,26.4,35.1,24,27.9,23.3,83.2,0.6,100,16.67,rain,0,0,37.8,20.5,234.9,1015,60.5,9.9,230.6,19.8,8,,2019-08-14T06:41:03,2019-08-14T19:01:15,0.46,"Rain, Partially cloudy",Partly cloudy throughout the day with rain clearing later.,rain,"65210099999,DNMM,remote,65201099999"
Lagos,8/15/2019,30,22.9,25.8,36.2,22.9,27.3,23.3,86.6,0,0,0,,0,0,36.4,24.1,239.2,1015.4,54.5,9.6,236.4,20.5,8,,2019-08-15T06:41:00,2019-08-15T19:00:54,0.5,Partially cloudy,Partly cloudy throughout the day.,partly-cloudy-day,"65210099999,VRJU8,DNMM,65201099999"
Lagos,8/16/2019,28,15,25.1,31.9,15,26.2,22.8,87.1,0.3,100,8.33,rain,0,0,39.6,38.9,235.7,1014.8,59.1,9.9,213.1,18.4,8,,2019-08-16T06:40:58,2019-08-16T19:00:33,0.53,"Rain, Partially cloudy",Partly cloudy throughout the day with rain.,rain,"VRJU8,DNMM,remote,65201099999"
Lagos,8/17/2019,31,23.5,26,35.5,23.5,27.3,23,84.4,0,0,0,,0,0,35.3,16.6,233.3,1014.1,55.7,10,219.9,18.9,8,,2019-08-17T06:40:55,2019-08-17T19:00:11,0.56,Partially cloudy,Partly cloudy throughout the day.,partly-cloudy-day,"VRJU8,DNMM,65201099999"
Lagos,8/18/2019,31,23,26.4,35.5,23,27.9,23,82.3,0,0,0,,0,0,38.2,20.5,261.4,1013.5,50.8,9.8,234.1,20.2,8,,2019-08-18T06:40:51,2019-08-18T18:59:49,0.6,Partially cloudy,Partly cloudy throughout the day.,partly-cloudy-day,"VRJU8,DNMM,65201099999"
Lagos,8/19/2019,30,22,26.5,34.1,22,27.9,22.9,80.8,0.1,100,4.17,rain,0,0,38.5,22.3,244.9,1013.7,61.6,10,186.2,16,6,,2019-08-19T06:40:47,2019-08-19T18:59:25,0.63,"Rain, Partially cloudy",Partly cloudy throughout the day with early morning rain.,rain,"VRJU8,DNMM,65201099999"
Lagos,8/20/2019,29,24.5,25.9,33.6,24.5,26.8,23.7,88.2,7,100,8.33,rain,0,0,35.6,21.8,246.4,1014,66.9,8.8,225.8,19.4,8,,2019-08-20T06:40:43,2019-08-20T18:59:02,0.67,"Rain, Partially cloudy",Partly cloudy throughout the day with rain in the morning and afternoon.,rain,"VRJU8,DNMM,remote,65201099999"
Lagos,8/21/2019,29,23,26,33.6,23,27.5,23.8,88,0.2,100,8.33,rain,0,0,32.4,35.3,241.5,1014.8,59.1,9.8,188,16.2,7,,2019-08-21T06:40:38,2019-08-21T18:58:38,0.7,"Rain, Partially cloudy",Partly cloudy throughout the day with rain in the morning and afternoon.,rain,"VRJU8,DNMM,remote,65201099999"
Lagos,8/22/2019,29.1,24.9,26.6,32.7,24.9,28,23.3,82.9,0.1,100,4.17,rain,0,0,36,24.1,248.2,1014.3,61.9,10,174.6,15.1,8,,2019-08-22T06:40:33,2019-08-22T18:58:13,0.73,"Rain, Partially cloudy",Partly cloudy throughout the day with morning rain.,rain,"65210099999,VRJU8,65213099999,DNMM,65201099999"
Lagos,8/23/2019,27.3,24.9,26,30,24.9,26.9,22.9,83.7,0,0,0,,0,0,36.7,76.7,248.1,1015.5,65.6,9.9,130.1,11.2,5,,2019-08-23T06:40:27,2019-08-23T18:57:48,0.75,Partially cloudy,Partly cloudy throughout the day.,wind,"VRJU8,DNMM,65201099999"
Lagos,8/24/2019,31,23.9,26.4,35.5,23.9,27.7,23.1,82.8,1.1,100,8.33,rain,0,0,33.5,26.1,241.8,1015.7,67.7,9.3,154.6,13.4,6,,2019-08-24T06:40:21,2019-08-24T18:57:22,0.8,"Rain, Partially cloudy",Partly cloudy throughout the day with rain in the morning and afternoon.,rain,"65210099999,VRJU8,DNMM,remote,65201099999"
Lagos,8/25/2019,30,24.7,26.1,34.1,24.7,27.1,23.4,85.8,0,0,0,,0,0,33.5,19.5,243.7,1015.9,66.6,10,188.7,16.3,7,,2019-08-25T06:40:15,2019-08-25T18:56:56,0.83,Partially cloudy,Partly cloudy throughout the day.,partly-cloudy-day,"65210099999,VRJU8,65213099999,DNMM,remote,65201099999"
Lagos,8/26/2019,30,24,26.2,35.1,24,27.6,23.5,85.5,0.2,100,4.17,rain,0,0,32.8,18.4,254.9,1015.8,66.8,9.4,176.3,15.1,8,,2019-08-26T06:40:08,2019-08-26T18:56:29,0.87,"Rain, Partially cloudy",Partly cloudy throughout the day with early morning rain.,rain,"65210099999,VRJU8,65213099999,DNMM,remote,65201099999"
Lagos,8/27/2019,29,23.9,26,33,23.9,27.2,23.3,85.6,0,0,0,,0,0,29.9,16.6,241.3,1015.5,59.4,9.5,185.4,16,7,,2019-08-27T06:40:01,2019-08-27T18:56:02,0.9,Partially cloudy,Partly cloudy throughout the day.,partly-cloudy-day,"65210099999,VRJU8,DNMM,65201099999"
Lagos,8/28/2019,30,24.3,26.6,34.1,24.3,28,23.3,82.9,0,0,0,,0,0,31,22.3,236.8,1015.3,54,9.9,166.6,14.5,6,,2019-08-28T06:39:53,2019-08-28T18:55:35,0.93,Partially cloudy,Partly cloudy throughout the day.,partly-cloudy-day,"VRJU8,DNMM,65201099999"
Lagos,8/29/2019,31,24.4,27.1,36.5,24.4,28.9,23.3,80.7,0.2,100,4.17,rain,0,0,27.4,18.4,216.8,1015.1,57.6,9.5,239,20.7,8,,2019-08-29T06:39:46,2019-08-29T18:55:07,0.97,"Rain, Partially cloudy",Partly cloudy throughout the day with morning rain.,rain,"65210099999,VRJU8,65213099999,DNMM,remote,65201099999"
Lagos,8/30/2019,31,23.9,26.4,36.5,23.9,27.8,23.3,84,3,100,4.17,rain,0,0,55.4,27.7,253.6,1014.4,62.2,9.5,161.9,13.9,7,,2019-08-30T06:39:38,2019-08-30T18:54:38,0,"Rain, Partially cloudy",Partly cloudy throughout the day with morning rain.,rain,"65210099999,VRJU8,65202099999,DNMM,remote,65201099999"
Lagos,8/31/2019,29.8,25,26.7,34.9,25,28.6,23.7,83.9,0,0,0,,0,0,36.4,18.4,233.4,1013.2,76.9,10,175,15,7,,2019-08-31T06:39:29,2019-08-31T18:54:10,0.03,Partially cloudy,Partly cloudy throughout the day.,partly-cloudy-day,"65213099999,DNMM,65201099999"
Lagos,9/1/2019,29.2,24,25.5,32.7,24,25.9,23.2,87.5,2.9,100,33.33,rain,0,0,33.1,24.1,242.5,1012,82.3,9.9,80.8,7,3,,2019-09-01T06:39:21,2019-09-01T18:53:41,0.07,"Rain, Partially cloudy",Partly cloudy throughout the day with a chance of rain throughout the day.,rain,"65210099999,65202099999,DNMM,remote,65201099999"
Lagos,9/2/2019,30,24.7,26.5,35.1,24.7,28.2,23.7,85.1,1,100,4.17,rain,0,0,31.7,20.5,222.7,1013.3,63.2,9.8,222.7,19.2,8,,2019-09-02T06:39:12,2019-09-02T18:53:11,0.1,"Rain, Partially cloudy",Partly cloudy throughout the day with late afternoon rain.,rain,"65210099999,VRJU8,DNMM,remote,65201099999"
Lagos,9/3/2019,28,18,25.4,32.1,18,26.3,23.3,88,0.9,100,25,rain,0,0,23.4,27.7,232,1015,63.1,8.9,201.6,17.3,7,,2019-09-03T06:39:03,2019-09-03T18:52:42,0.14,"Rain, Partially cloudy",Partly cloudy throughout the day with rain in the morning and afternoon.,rain,"65210099999,VRJU8,65213099999,DNMM,remote,65201099999"
Lagos,9/4/2019,26.8,17,24.9,29.6,17,25,23,89,28.7,100,70.83,rain,0,0,27.4,44.6,259.1,1014.1,90.5,8.2,73.3,6.1,3,,2019-09-04T06:38:54,2019-09-04T18:52:12,0.17,"Rain, Overcast",Cloudy skies throughout the day with a chance of rain throughout the day.,rain,"VRJU8,DNMM,remote,65201099999"
Lagos,9/5/2019,27.5,17,25.4,31,17,26.2,23.2,87.8,6.4,100,54.17,rain,0,0,33.5,55.4,242,1013.5,89.7,10,165.4,14.2,6,,2019-09-05T06:38:44,2019-09-05T18:51:42,0.2,"Rain, Partially cloudy",Partly cloudy throughout the day with a chance of rain throughout the day.,rain,"VRJU8,remote"
Lagos,9/6/2019,29,22,25.3,33.5,22,26.2,23.5,90.5,42,100,4.17,rain,0,0,33.1,18.4,264.1,1014,77.6,7.9,124.5,10.9,4,,2019-09-06T06:38:34,2019-09-06T18:51:11,0.25,"Rain, Partially cloudy",Partly cloudy throughout the day with late afternoon rain.,rain,"65210099999,VRJU8,DNMM,remote,65201099999"
Lagos,9/7/2019,30,23,25.7,34.6,23,26.9,23.5,88.4,0.4,100,8.33,rain,0,0,29.2,18,246.1,1014.6,58.1,9.2,195.6,16.8,7,,2019-09-07T06:38:25,2019-09-07T18:50:40,0.27,"Rain, Partially cloudy",Partly cloudy throughout the day with rain in the morning and afternoon.,rain,"65210099999,65202099999,DNMM,remote,65201099999"
Lagos,9/8/2019,30,23.8,26.3,35.1,23.8,27.7,23.6,85.5,1,100,4.17,rain,0,0,28.8,16.6,243.7,1015.6,60.2,10,165.5,14.4,6,,2019-09-08T06:38:14,2019-09-08T18:50:09,0.31,"Rain, Partially cloudy",Partly cloudy throughout the day with early morning rain.,rain,"DNMM,remote,65201099999"
Lagos,9/9/2019,31,24,26.8,36.5,24,28.5,23.7,84,0,0,0,,0,0,31.7,24.1,248.9,1015.2,64.3,10,187.1,16.1,7,,2019-09-09T06:38:04,2019-09-09T18:49:38,0.34,Partially cloudy,Partly cloudy throughout the day.,partly-cloudy-day,"65210099999,65213099999,DNMM,65201099999"
Lagos,9/10/2019,29.1,25,26.4,33.6,25,27.6,24,87,1,100,4.17,rain,0,0,37.4,19.4,241.8,1014.5,61.9,9.5,138.9,12,7,,2019-09-10T06:37:54,2019-09-10T18:49:07,0.37,"Rain, Partially cloudy",Partly cloudy throughout the day with afternoon rain.,rain,"65210099999,65213099999,DNMM,remote,65201099999"
Lagos,9/11/2019,27,25,25.7,30.6,25,26.3,24.2,91.3,1.2,100,4.17,rain,0,0,28.8,7.6,259.9,1013.4,67.5,8.5,57.4,4.9,3,,2019-09-11T06:37:43,2019-09-11T18:48:36,0.41,"Rain, Partially cloudy",Partly cloudy throughout the day with afternoon rain.,rain,"65213099999,DNMM,remote,65201099999"
Lagos,9/12/2019,29,24,26,34.3,24,27.3,24.2,90.6,0.9,100,4.17,rain,0,0,35.6,24.1,217.2,1013.8,66.4,8.5,198.6,17.1,8,,2019-09-12T06:37:33,2019-09-12T18:48:04,0.44,"Rain, Partially cloudy",Partly cloudy throughout the day with early morning rain.,rain,"65210099999,DNMM,remote,65201099999"
Lagos,9/13/2019,31,24.8,26,37.7,24.8,27.2,24,89.3,7,100,12.5,rain,0,0,31.3,20.5,236.7,1014.6,65.9,8.3,181.8,15.7,7,,2019-09-13T06:37:22,2019-09-13T18:47:32,0.48,"Rain, Partially cloudy",Partly cloudy throughout the day with rain.,rain,"VRJU8,DNMM,remote,65201099999"
Lagos,9/14/2019,27,23,24.3,30.1,23,24.6,23.3,94.4,34,100,8.33,rain,0,0,30.2,16.6,258.6,1013.9,59.2,8.2,180.1,15.5,8,,2019-09-14T06:37:11,2019-09-14T18:47:00,0.5,"Rain, Partially cloudy",Partly cloudy throughout the day with rain.,rain,"65210099999,VRJU8,65213099999,DNMM,remote,65201099999"
Lagos,9/15/2019,29,22.8,25.3,34.5,22.8,26.5,23.5,90.4,1,100,4.17,rain,0,0,27.4,18.4,240,1013.3,57.1,8.4,148.7,13,6,,2019-09-15T06:37:01,2019-09-15T18:46:29,0.54,"Rain, Partially cloudy",Partly cloudy throughout the day with afternoon rain.,rain,"65210099999,VRJU8,65202099999,DNMM,65201099999"
Lagos,9/16/2019,31,24,27.2,37.7,24,29.6,24.2,84.5,0,0,0,,0,0,29.5,16.6,240.7,1012.7,55.9,10,206.5,17.8,7,,2019-09-16T06:36:50,2019-09-16T18:45:57,0.58,Partially cloudy,Partly cloudy throughout the day.,partly-cloudy-day,"65210099999,VRJU8,DNMM,remote,65201099999"
Lagos,9/17/2019,30.1,25,26.4,36.5,25,28,24.6,90.1,17,100,4.17,rain,0,0,28.4,20.5,260,1012.5,64.3,9.4,109.7,9.7,5,,2019-09-17T06:36:39,2019-09-17T18:45:25,0.61,"Rain, Partially cloudy",Partly cloudy throughout the day with late afternoon rain.,rain,"65210099999,VRJU8,65202099999,DNMM,remote,65201099999"
Lagos,9/18/2019,29.1,24,25.8,34.8,24,26.9,24.2,91.5,27,100,4.17,rain,0,0,28.8,20.5,265.9,1012.5,60.6,8.5,132.3,11.5,6,,2019-09-18T06:36:28,2019-09-18T18:44:53,0.65,"Rain, Partially cloudy",Partly cloudy throughout the day with late afternoon rain.,rain,"VRJU8,DNMM,remote,65201099999"
Lagos,9/19/2019,28,24,25.4,32.7,24,26.2,24.1,92.8,15,100,8.33,rain,0,0,22.3,18.4,211.2,1013,74.1,7.8,143.8,12.5,6,,2019-09-19T06:36:17,2019-09-19T18:44:21,0.68,"Rain, Partially cloudy",Partly cloudy throughout the day with rain.,rain,"65210099999,VRJU8,65213099999,DNMM,remote,65201099999"
Lagos,9/20/2019,31,24,27.1,37.6,24,29.6,24.3,85.5,0,0,0,,0,0,22.7,16.8,200.8,1013.5,61.4,8,190.2,16.4,7,,2019-09-20T06:36:06,2019-09-20T18:43:49,0.72,Partially cloudy,Partly cloudy throughout the day.,partly-cloudy-day,"65210099999,VRJU8,65202099999,DNMM,65201099999"
Lagos,9/21/2019,30.8,24.9,26.7,37.2,24.9,28.6,24.5,88.3,0.5,100,20.83,rain,0,0,28.1,14.8,242.5,1013.1,64.9,10,230.2,19.9,9,,2019-09-21T06:35:56,2019-09-21T18:43:17,0.75,"Rain, Partially cloudy",Partly cloudy throughout the day with rain in the morning and afternoon.,rain,"65210099999,DNMM,remote,65201099999"
Lagos,9/22/2019,31.1,21.8,26.3,36.6,21.8,28,22.8,82.6,3,100,4.17,rain,0,0,29.5,27.7,230.7,1012.8,50.1,9.1,191.1,16.5,7,,2019-09-22T06:35:45,2019-09-22T18:42:45,0.75,"Rain, Partially cloudy",Partly cloudy throughout the day with morning rain.,rain,"65210099999,DNMM,remote,65201099999"
Lagos,9/23/2019,31,24,27,37.7,24,29.4,24.2,84.9,0,0,0,,0,0,25.9,20.3,244.5,1013.1,53.9,9.8,191.4,16.4,7,,2019-09-23T06:35:34,2019-09-23T18:42:13,0.82,Partially cloudy,Partly cloudy throughout the day.,partly-cloudy-day,"65210099999,65213099999,DNMM,65201099999"
Lagos,9/24/2019,34.7,24,27.5,42.6,24,30.3,23.9,81.3,0,0,0,,0,0,28.8,18.4,277.9,1013.5,52.4,10,151,13.1,5,,2019-09-24T06:35:24,2019-09-24T18:41:42,0.85,Partially cloudy,Partly cloudy throughout the day.,partly-cloudy-day,"65210099999,65213099999,DNMM,remote,65201099999"
Lagos,9/25/2019,31.1,25,27.6,38,25,30.8,24.6,84.3,0,0,0,,0,0,36,16.6,229.5,1013.2,46.4,9.8,205.6,17.9,7,,2019-09-25T06:35:14,2019-09-25T18:41:10,0.89,Partially cloudy,Partly cloudy throughout the day.,partly-cloudy-day,"DNMM,65201099999"
Lagos,9/26/2019,31,25,27.5,37.7,25,30.2,24.5,84.3,0,0,0,,0,0,34.2,20.5,236,1013.6,51.1,9.8,220.7,19.1,8,,2019-09-26T06:35:03,2019-09-26T18:40:39,0.92,Partially cloudy,Partly cloudy throughout the day.,partly-cloudy-day,"65210099999,DNMM,65201099999"
Lagos,9/27/2019,29,23,25.8,33.6,23,26.6,23.5,87.9,2,100,4.17,rain,0,0,29.9,16.6,299.7,1013.2,59.6,9.6,151.9,13,6,,2019-09-27T06:34:53,2019-09-27T18:40:08,0.96,"Rain, Partially cloudy",Partly cloudy throughout the day with afternoon rain.,rain,"DNMM,65201099999"
Lagos,9/28/2019,27.2,23,25.3,30.5,23,26,23.6,90.2,8.7,100,8.33,rain,0,0,27.4,46.4,214.7,1013.4,76,9.3,84.9,7.4,4,,2019-09-28T06:34:44,2019-09-28T18:39:37,0,"Rain, Partially cloudy",Partly cloudy throughout the day with rain in the morning and afternoon.,rain,"65210099999,DNMM,remote,65201099999"
Lagos,9/29/2019,30.9,23.8,26.6,35,23.8,28.3,23.9,85.9,19,100,4.17,rain,0,0,39.2,16.6,227.6,1013.4,66.2,8.9,196.6,17,7,,2019-09-29T06:34:34,2019-09-29T18:39:07,0.02,"Rain, Partially cloudy",Partly cloudy throughout the day with late afternoon rain.,rain,"DNMM,remote,65201099999"
Lagos,9/30/2019,29.3,24.2,26.2,35.6,24.2,27.9,24.3,89.6,13,100,4.17,rain,0,0,33.1,16.6,220.6,1012,52.1,8.9,138.7,11.9,6,,2019-09-30T06:34:25,2019-09-30T18:38:36,0.06,"Rain, Partially cloudy",Partly cloudy throughout the day with afternoon rain.,rain,"65210099999,DNMM,65201099999"
Lagos,10/1/2019,26,23.8,24.5,26,23.8,24.5,23.9,96.4,28,100,4.17,rain,0,0,25.2,11.2,197.2,1012.1,74.3,6.9,96.6,8.3,4,,2019-10-01T06:34:15,2019-10-01T18:38:06,0.09,"Rain, Partially cloudy",Partly cloudy throughout the day with afternoon rain.,rain,"65210099999,DNMM,remote,65201099999"
Lagos,10/2/2019,29,23.9,25.7,33.6,23.9,27,23.7,89.1,13,100,8.33,rain,0,0,30.2,16.6,236.2,1012.9,61.8,8.2,141.3,12.1,6,,2019-10-02T06:34:07,2019-10-02T18:37:36,0.12,"Rain, Partially cloudy",Partly cloudy throughout the day with rain clearing later.,rain,"DNMM,remote,65201099999"
Lagos,10/3/2019,30.1,23,25.8,34.8,23,27,23.2,86.1,1,100,4.17,rain,0,0,23.4,24.1,318.3,1012.2,77.2,9.6,160.8,13.9,6,,2019-10-03T06:33:58,2019-10-03T18:37:07,0.16,"Rain, Partially cloudy",Partly cloudy throughout the day with afternoon rain.,rain,"DNMM,remote,65201099999"
Lagos,10/4/2019,26.8,24,25.1,29.7,24,25.2,23.9,92.7,48,100,4.17,rain,0,0,19.4,10.1,217.2,1011.2,73.9,9.2,77.9,6.8,3,,2019-10-04T06:33:50,2019-10-04T18:36:37,0.19,"Rain, Partially cloudy",Partly cloudy throughout the day with afternoon rain.,rain,"65210099999,65213099999,DNMM,remote,65201099999"
Lagos,10/5/2019,27,23,25.2,30.1,23,25.4,23.7,91.7,10,100,4.17,rain,0,0,33.5,19.1,210.5,1011.5,87.4,8.5,62.7,5.4,4,,2019-10-05T06:33:42,2019-10-05T18:36:09,0.25,"Rain, Partially cloudy",Partly cloudy throughout the day with afternoon rain.,rain,"DNMM,remote,65201099999"
Lagos,10/6/2019,31,23.2,26.4,42.4,23.2,28.3,24.1,87.3,0.3,100,12.5,rain,0,0,26.6,18.4,249.1,1012,76.5,9.6,185.9,16,8,,2019-10-06T06:33:34,2019-10-06T18:35:40,0.25,"Rain, Partially cloudy",Partly cloudy throughout the day with rain clearing later.,rain,"65210099999,65213099999,DNMM,remote,65201099999"
Lagos,10/7/2019,30,24,26.4,36.2,24,28,24.1,87.7,1,100,4.17,rain,0,0,34.9,14.8,255.5,1011,62.2,10,160.9,13.8,7,,2019-10-07T06:33:27,2019-10-07T18:35:12,0.29,"Rain, Partially cloudy",Partly cloudy throughout the day with early morning rain.,rain,"65210099999,DNMM,remote,65201099999"
Lagos,10/8/2019,27,23,25.2,30.6,23,25.6,24,93.5,28,100,12.5,rain,0,0,34.6,13,263.3,1011.3,76.2,8.9,133.4,11.2,6,,2019-10-08T06:33:20,2019-10-08T18:34:45,0.32,"Rain, Partially cloudy",Partly cloudy throughout the day with a chance of rain throughout the day.,rain,"65210099999,65213099999,DNMM,65201099999"
Lagos,10/9/2019,30,24,26.4,36.2,24,28.3,24.4,89.2,8,100,8.33,rain,0,0,33.8,22.3,241.7,1011.1,60.4,9.1,175.3,15,6,,2019-10-09T06:33:13,2019-10-09T18:34:17,0.35,"Rain, Partially cloudy",Partly cloudy throughout the day with rain in the morning and afternoon.,rain,"65210099999,DNMM,remote,65201099999"
Lagos,10/10/2019,31,25,27.1,37.7,25,29.7,24.7,87.4,14.3,100,8.33,rain,0,0,31.7,18.7,217.5,1010.8,59.5,9.9,172.8,14.9,6,,2019-10-10T06:33:07,2019-10-10T18:33:51,0.39,"Rain, Partially cloudy",Partly cloudy throughout the day with rain in the morning and afternoon.,rain,"65213099999,65202099999,DNMM,remote,65201099999"
Lagos,10/11/2019,28,25,25.8,32.7,25,26.3,24.5,93,20,100,8.33,rain,0,0,30.2,16.6,228.9,1011.3,70.4,8.7,146.4,12.7,6,,2019-10-11T06:33:01,2019-10-11T18:33:25,0.42,"Rain, Partially cloudy",Partly cloudy throughout the day with rain.,rain,"65210099999,65213099999,DNMM,65201099999"
Lagos,10/12/2019,25,23,24.1,25,23,24.1,23.5,96.2,3.1,100,4.17,rain,0,0,23,9.4,232.4,1012.6,66.9,7.2,24.7,2.1,1,,2019-10-12T06:32:56,2019-10-12T18:32:59,0.45,"Rain, Partially cloudy",Partly cloudy throughout the day with late afternoon rain.,rain,"DNMM,remote,65201099999"
Lagos,10/13/2019,30.1,22.7,25.8,35.1,22.7,27.4,23.5,88,34,100,4.17,rain,0,0,25.6,18.4,318.7,1012.7,59.8,8.2,231.3,20,8,,2019-10-13T06:32:51,2019-10-13T18:32:34,0.5,"Rain, Partially cloudy",Partly cloudy throughout the day with early morning rain.,rain,"65210099999,DNMM,65201099999"
Lagos,10/14/2019,32,24,27.2,40.3,24,30.2,24.5,85.9,0,0,0,,0,0,31,20.5,231,1011.9,55.7,9.1,202.8,17.3,8,,2019-10-14T06:32:47,2019-10-14T18:32:09,0.52,Partially cloudy,Partly cloudy throughout the day.,partly-cloudy-day,"VRJU8,DNMM,65201099999"
Lagos,10/15/2019,30,24,26.5,35.1,24,28,23.9,85.8,2.5,100,33.33,rain,0,0,25.2,31.7,204.7,1012.3,60.6,9.5,151.6,13.2,6,,2019-10-15T06:32:43,2019-10-15T18:31:45,0.56,"Rain, Partially cloudy",Partly cloudy throughout the day with rain clearing later.,rain,"65210099999,VRJU8,DNMM,remote,65201099999"
Lagos,10/16/2019,30.9,22,26.4,35.4,22,28.3,23.3,84.2,0,0,0,,0,0,29.9,16.6,218.4,1013.2,53.2,9.3,193.7,16.8,7,,2019-10-16T06:32:40,2019-10-16T18:31:22,0.59,Partially cloudy,Partly cloudy throughout the day.,partly-cloudy-day,"VRJU8,DNMM,65201099999"
Lagos,10/17/2019,31,22,26.2,37.8,22,28.7,23.7,86.7,12,100,4.17,rain,0,0,23,16.6,247.2,1012.6,55.7,8.9,159.9,13.7,6,,2019-10-17T06:32:37,2019-10-17T18:30:59,0.63,"Rain, Partially cloudy",Partly cloudy throughout the day with early morning rain.,rain,"65210099999,VRJU8,DNMM,65201099999"
Lagos,10/18/2019,28.2,24.9,25.9,33.1,24.9,27,24.4,91.6,6,100,4.17,rain,0,0,25.2,13,223,1012,73.9,7.5,134.4,11.6,5,,2019-10-18T06:32:35,2019-10-18T18:30:37,0.66,"Rain, Partially cloudy",Partly cloudy throughout the day with afternoon rain.,rain,"65210099999,VRJU8,65202099999,DNMM,65201099999"
Lagos,10/19/2019,31,23,25.7,37.4,23,26.7,23.6,88.7,11.5,100,8.33,rain,0,0,31.7,28.4,200.5,1011.6,65.3,7.7,32.7,2.8,2,,2019-10-19T06:32:33,2019-10-19T18:30:15,0.7,"Rain, Partially cloudy",Partly cloudy throughout the day with morning rain.,rain,"VRJU8,65213099999,DNMM,remote,65201099999"
Lagos,10/20/2019,25,22,24,25,22,24,23.5,96.7,86,100,12.5,rain,0,0,30.6,13,221.4,1013.2,66.8,7.9,149.9,12.9,6,,2019-10-20T06:32:32,2019-10-20T18:29:55,0.73,"Rain, Partially cloudy",Partly cloudy throughout the day with rain.,rain,"VRJU8,DNMM,65201099999"
Lagos,10/21/2019,31,22.7,26.3,36.5,22.7,28.6,23.8,86.8,0,0,0,,0,0,23.4,16.6,176.5,1012.6,51.7,8.7,224.9,19.4,9,,2019-10-21T06:32:32,2019-10-21T18:29:35,0.75,Partially cloudy,Partly cloudy throughout the day.,partly-cloudy-day,"65210099999,VRJU8,DNMM,remote,65201099999"
Lagos,10/22/2019,32,24.6,27,39.2,24.6,29.6,24.5,86.6,0,0,0,,0,0,23,16.9,238.2,1011,59.2,9.5,178.2,15.3,7,,2019-10-22T06:32:32,2019-10-22T18:29:15,0.8,Partially cloudy,Partly cloudy throughout the day.,partly-cloudy-day,"65210099999,VRJU8,DNMM,65201099999"
Lagos,10/23/2019,28,23,25.5,32.7,23,26.8,23.9,90.9,22,100,8.33,rain,0,0,57.6,33.5,234.5,1010.8,66.9,8.4,183.8,15.8,8,,2019-10-23T06:32:33,2019-10-23T18:28:57,0.84,"Rain, Partially cloudy",Partly cloudy throughout the day with rain.,rain,"65210099999,VRJU8,DNMM,remote,65201099999"
Lagos,10/24/2019,33,23.8,26.9,40.6,23.8,29.2,24.1,85.6,1.1,100,8.33,rain,0,0,27.7,16.6,335.4,1011.6,55.4,8.5,188.9,16.3,8,,2019-10-24T06:32:34,2019-10-24T18:28:39,0.87,"Rain, Partially cloudy",Partly cloudy throughout the day with late afternoon rain.,rain,"65210099999,65213099999,DNMM,remote,65201099999"
Lagos,10/25/2019,31,23,25.7,37.9,23,27.5,23.9,90.2,12,100,4.17,rain,0,0,28.8,16.6,241.7,1011.8,63.9,8.5,166.7,14.4,8,,2019-10-25T06:32:36,2019-10-25T18:28:22,0.91,"Rain, Partially cloudy",Partly cloudy throughout the day with morning rain.,rain,"DNMM,65201099999"
Lagos,10/26/2019,29,23,25.9,34.5,23,27.4,23.9,89.2,7,100,4.17,rain,0,0,23.4,13,199.4,1012.2,52,8.1,154.1,13.2,6,,2019-10-26T06:32:39,2019-10-26T18:28:06,0.94,"Rain, Partially cloudy",Partly cloudy throughout the day with early morning rain.,rain,"65210099999,65213099999,DNMM,remote,65201099999"
Lagos,10/27/2019,29,24,26.2,34.5,24,27.9,24.2,89,0.5,100,4.17,rain,0,0,25.9,11.2,217.8,1012.4,63.5,7.9,115.3,9.9,6,,2019-10-27T06:32:42,2019-10-27T18:27:50,0.98,"Rain, Partially cloudy",Partly cloudy throughout the day with morning rain.,rain,"65210099999,DNMM,remote,65201099999"
Lagos,10/28/2019,25.1,22,24.1,25.1,22,24.1,23.1,94.2,8,100,4.17,rain,0,0,28.1,24.1,5.2,1012,57.4,8.2,57.2,4.8,3,,2019-10-28T06:32:46,2019-10-28T18:27:35,0,"Rain, Partially cloudy",Partly cloudy throughout the day with afternoon rain.,rain,"VRJU8,DNMM,65201099999"
Lagos,10/29/2019,30,22.8,26.3,36.2,22.8,28.3,23.5,85.5,0,0,0,,0,0,24.5,15.4,218.4,1011.2,51.9,7.4,190.9,16.5,8,,2019-10-29T06:32:51,2019-10-29T18:27:22,0.04,Partially cloudy,Partly cloudy throughout the day.,partly-cloudy-day,"VRJU8,65213099999,DNMM,65201099999"
Lagos,10/30/2019,31,24,26.5,37.7,24,28.5,24.3,88.1,5,100,8.33,rain,0,0,21.6,16.6,220.7,1012,71.9,9,195.8,16.8,7,,2019-10-30T06:32:57,2019-10-30T18:27:09,0.07,"Rain, Partially cloudy",Partly cloudy throughout the day with rain in the morning and afternoon.,rain,"65210099999,VRJU8,65202099999,DNMM,65201099999"
Lagos,10/31/2019,32,24.8,27.4,38.4,24.8,30,24.1,83.2,0,0,0,,0,0,22.7,17.7,238.2,1012.5,54,9.8,235.1,20.4,9,,2019-10-31T06:33:03,2019-10-31T18:26:57,0.11,Partially cloudy,Partly cloudy throughout the day.,partly-cloudy-day,"65210099999,VRJU8,65202099999,DNMM,65201099999"
Lagos,11/1/2019,32.7,24.2,27.1,39.1,24.2,29.2,24.4,85.6,0,0,0,,0,0,28.8,18.4,177.4,1011.7,56.6,10.1,231.3,20,8,,2019-11-01T06:33:10,2019-11-01T18:26:46,0.14,Partially cloudy,Partly cloudy throughout the day.,partly-cloudy-day,"65210099999,VRJU8,DNMM,65201099999"
Lagos,11/2/2019,30,24,26.2,36.2,24,27.8,24.1,88.7,0,0,0,,0,0,21.6,21.8,76.9,1011.2,67.3,7.9,154.2,13.2,6,,2019-11-02T06:33:17,2019-11-02T18:26:35,0.17,Partially cloudy,Partly cloudy throughout the day.,partly-cloudy-day,"VRJU8,65213099999,DNMM,65201099999"
Lagos,11/3/2019,30,23.9,26.4,35.6,23.9,28.5,23.9,86.4,0.3,100,4.17,rain,0,0,25.9,14.8,194.7,1013,51.2,8.2,130,11.4,6,,2019-11-03T06:33:26,2019-11-03T18:26:26,0.2,"Rain, Partially cloudy",Partly cloudy throughout the day with late afternoon rain.,rain,"65210099999,VRJU8,DNMM,65201099999"
Lagos,11/4/2019,32.9,23.2,27.7,40.1,23.2,30.7,24,81.6,0,0,0,,0,0,23,13,223.6,1012.8,41.4,8.7,220.4,19,8,,2019-11-04T06:33:35,2019-11-04T18:26:18,0.25,Partially cloudy,Partly cloudy throughout the day.,partly-cloudy-day,"65210099999,VRJU8,DNMM,65201099999"
Lagos,11/5/2019,30.1,26,27.4,36.2,26,30.2,25,87.3,3,100,4.17,rain,0,0,23.8,16.6,217.7,1013.1,52.5,9.9,183.9,15.8,7,,2019-11-05T06:33:44,2019-11-05T18:26:10,0.27,"Rain, Partially cloudy",Partly cloudy throughout the day with afternoon rain.,rain,"65210099999,DNMM,65201099999"
Lagos,11/6/2019,31.2,24.9,27.3,39.3,24.9,30,24.9,87.4,16,100,4.17,rain,0,0,23.4,13,217.2,1011.5,56.4,8.6,191.8,16.5,7,,2019-11-06T06:33:55,2019-11-06T18:26:03,0.3,"Rain, Partially cloudy",Partly cloudy throughout the day with late afternoon rain.,rain,"65210099999,VRJU8,DNMM,remote,65201099999"
Lagos,11/7/2019,32,24,27.4,40.6,24,30.8,24.8,86.2,0,0,0,,0,0,22.3,18.4,210.2,1010.6,50,8.5,207.6,17.8,7,,2019-11-07T06:34:06,2019-11-07T18:25:58,0.33,Partially cloudy,Partly cloudy throughout the day.,partly-cloudy-day,"65210099999,DNMM,65201099999"
Lagos,11/8/2019,32,24,27.8,40.6,24,31.6,24.7,84.1,0,0,0,,0,0,25.6,14.8,218.3,1010.3,53.7,8,214.1,18.2,7,,2019-11-08T06:34:18,2019-11-08T18:25:53,0.37,Partially cloudy,Partly cloudy throughout the day.,partly-cloudy-day,"65210099999,65213099999,DNMM,65201099999"
Lagos,11/9/2019,33,25,27.7,41.9,25,31.9,25.6,88.9,2,100,4.17,rain,0,0,28.8,14.8,230.7,1010.3,63.1,7.9,200.5,17.3,6,,2019-11-09T06:34:31,2019-11-09T18:25:50,0.4,"Rain, Partially cloudy",Partly cloudy throughout the day with late afternoon rain.,rain,"65210099999,65213099999,65202099999,DNMM,remote,65201099999"
Lagos,11/10/2019,29,25,26.4,35.6,25,28.5,24.8,91,4,100,4.17,rain,0,0,22,20.5,211.9,1010.7,54.6,8.1,105.4,9.1,4,,2019-11-10T06:34:45,2019-11-10T18:25:47,0.43,"Rain, Partially cloudy",Partly cloudy throughout the day with afternoon rain.,rain,"65210099999,DNMM,65201099999"
Lagos,11/11/2019,32,24,27.2,40.6,24,30.1,24.4,85.1,0,0,0,,0,0,24.5,16.6,213.3,1009.9,61.3,9.3,159.3,13.8,6,,2019-11-11T06:34:59,2019-11-11T18:25:45,0.46,Partially cloudy,Partly cloudy throughout the day.,partly-cloudy-day,"65210099999,65213099999,DNMM,65201099999"
Lagos,11/12/2019,33,24,27.9,40.6,24,31.3,24.4,82.2,0,0,0,,0,0,22.3,14.8,212.7,1009.7,49.6,9.3,200.4,17.4,7,,2019-11-12T06:35:14,2019-11-12T18:25:45,0.5,Partially cloudy,Partly cloudy throughout the day.,partly-cloudy-day,"65210099999,65213099999,DNMM,65201099999"
Lagos,11/13/2019,33,23,27.9,42.1,23,31.6,24.3,81.8,0,0,0,,0,0,64.8,46.4,148.9,1009.7,52.8,8.7,198.7,17.2,8,,2019-11-13T06:35:30,2019-11-13T18:25:45,0.53,Partially cloudy,Partly cloudy throughout the day.,partly-cloudy-day,"DNMM,remote,65201099999"
Lagos,11/14/2019,33,23.7,27.4,40.6,23.7,30.4,24.4,84.5,0,0,0,,0,0,24.8,16.6,356.5,1010.4,52.6,8.3,102.7,8.7,3,,2019-11-14T06:35:46,2019-11-14T18:25:46,0.57,Partially cloudy,Partly cloudy throughout the day.,partly-cloudy-day,"65210099999,DNMM,remote,65201099999"
Lagos,11/15/2019,32,25,28.2,39.2,25,32.2,24.8,82.6,0,0,0,,0,0,22,14.8,227.7,1010.2,51.4,9.2,217.9,18.9,8,,2019-11-15T06:36:03,2019-11-15T18:25:48,0.6,Partially cloudy,Partly cloudy throughout the day.,partly-cloudy-day,"65210099999,DNMM,65201099999"
Lagos,11/16/2019,34,24.9,28.4,43.5,24.9,32.9,25.3,84.6,0,0,0,,0,0,22.3,20.5,212.1,1009.8,46.2,8.8,141.6,12.2,5,,2019-11-16T06:36:21,2019-11-16T18:25:52,0.64,Partially cloudy,Partly cloudy throughout the day.,partly-cloudy-day,"65210099999,DNMM,remote,65201099999"
Lagos,11/17/2019,33.1,26,29.1,43.8,26,35.1,26,84.4,0,0,0,,0,0,27.7,18.4,210.5,1010,54.4,9.4,213.1,18.3,8,,2019-11-17T06:36:40,2019-11-17T18:25:56,0.67,Partially cloudy,Partly cloudy throughout the day.,partly-cloudy-day,"65210099999,DNMM,65201099999"
Lagos,11/18/2019,33,26,29.1,43.8,26,35.4,26.1,84.6,0,0,0,,0,0,26.6,20.5,226.4,1010,51.9,9.7,193.3,16.6,6,,2019-11-18T06:36:59,2019-11-18T18:26:01,0.71,Partially cloudy,Partly cloudy throughout the day.,partly-cloudy-day,"65210099999,DNMM,65201099999"
Lagos,11/19/2019,33,25.9,28.6,42.1,25.9,33.9,25.7,85,0,0,0,,0,0,24.8,9.4,243.3,1010.5,50.5,9.3,219.1,18.8,8,,2019-11-19T06:37:19,2019-11-19T18:26:07,0.75,Partially cloudy,Partly cloudy throughout the day.,partly-cloudy-day,"DNMM,remote,65201099999"
Lagos,11/20/2019,34,25,28.3,43.5,25,33.1,25.5,85.5,0,0,0,,0,0,27.7,15.8,250,1010.5,58.9,9,178.9,15.2,6,,2019-11-20T06:37:40,2019-11-20T18:26:14,0.78,Partially cloudy,Partly cloudy throughout the day.,partly-cloudy-day,"65210099999,65213099999,VRJU8,DNMM,remote,65201099999"
Lagos,11/21/2019,29.9,25,27.3,36.8,25,30.7,24.7,85.8,0,0,0,,0,0,29.2,27.7,203.1,1011.5,56.6,9.2,166.8,14.5,6,,2019-11-21T06:38:01,2019-11-21T18:26:23,0.82,Partially cloudy,Partly cloudy throughout the day.,partly-cloudy-day,"65210099999,VRJU8,65202099999,DNMM,65201099999"
Lagos,11/22/2019,33,22,27.5,40.6,22,30.8,24.1,82.7,4,100,4.17,rain,0,0,23,25.9,203.7,1011.7,50.9,8.3,201.7,17.5,7,,2019-11-22T06:38:23,2019-11-22T18:26:32,0.85,"Rain, Partially cloudy",Partly cloudy throughout the day with early morning rain.,rain,"65210099999,VRJU8,DNMM,remote,65201099999"
Lagos,11/23/2019,32.1,24.9,28.2,40.6,24.9,32.3,25.2,84.4,0,0,0,,0,0,24.8,22.3,209.2,1011.4,43.6,8.2,204.5,17.6,7,,2019-11-23T06:38:45,2019-11-23T18:26:42,0.89,Partially cloudy,Partly cloudy throughout the day.,partly-cloudy-day,"65210099999,VRJU8,65202099999,DNMM,remote,65201099999"
Lagos,11/24/2019,33,25,28.9,42.1,25,34.2,25.7,83.3,0.1,100,4.17,rain,0,0,25.6,20.5,225.7,1011.2,50,9.7,216.4,18.8,7,,2019-11-24T06:39:09,2019-11-24T18:26:53,0.92,"Rain, Partially cloudy",Partly cloudy throughout the day with morning rain.,rain,"65210099999,VRJU8,DNMM,remote,65201099999"
Lagos,11/25/2019,33,25.9,29.2,42.2,25.9,35,25.7,82.2,0,0,0,,0,0,26.3,14.8,235.8,1011.4,50.4,9.8,207.5,17.8,7,,2019-11-25T06:39:32,2019-11-25T18:27:05,0.96,Partially cloudy,Partly cloudy throughout the day.,partly-cloudy-day,"VRJU8,DNMM,65201099999"
Lagos,11/26/2019,33,25.8,29.2,43.8,25.8,35.4,26.1,84.3,0,0,0,,0,0,28.4,17.5,232.6,1011.1,49.9,9.3,191.2,16.5,6,,2019-11-26T06:39:57,2019-11-26T18:27:18,0,Partially cloudy,Partly cloudy throughout the day.,partly-cloudy-day,"65210099999,VRJU8,DNMM,65201099999"
Lagos,11/27/2019,33.8,22,27.2,42,22,30.7,24.3,85.2,30,100,8.33,rain,0,0,74.2,16.7,226.8,1011.1,48.4,8.6,206.4,17.8,8,,2019-11-27T06:40:22,2019-11-27T18:27:32,0.03,"Rain, Partially cloudy",Partly cloudy throughout the day with rain clearing later.,rain,"VRJU8,DNMM,remote,65201099999"
Lagos,11/28/2019,33,24,28.1,43.8,24,32.9,25.1,84.3,0.2,100,4.17,rain,0,0,31.3,18.4,216.2,1011.3,48.9,8.6,199.2,17.1,7,,2019-11-28T06:40:47,2019-11-28T18:27:46,0.06,"Rain, Partially cloudy",Partly cloudy throughout the day with afternoon rain.,rain,"65210099999,VRJU8,DNMM,65201099999"
Lagos,11/29/2019,33,25.9,28.9,42.1,25.9,34.2,26,85.6,0,0,0,,0,0,22.7,18.5,291.7,1011.5,47.7,8.6,206.8,17.9,7,,2019-11-29T06:41:13,2019-11-29T18:28:02,0.09,Partially cloudy,Partly cloudy throughout the day.,partly-cloudy-day,"65210099999,VRJU8,DNMM,65201099999"
Lagos,11/30/2019,34,25.9,29.2,42.1,25.9,35.1,25.7,82.5,0,0,0,,0,0,24.5,20.5,236.7,1011.1,41.3,8.8,231.5,20,8,,2019-11-30T06:41:40,2019-11-30T18:28:19,0.12,Partially cloudy,Partly cloudy throughout the day.,partly-cloudy-day,"65210099999,VRJU8,DNMM,65201099999"
Lagos,12/1/2019,34,25,28.5,42,25,33.3,25.5,84.5,0,0,0,,0,0,31.7,14.8,264.1,1011.2,53.7,8.7,205.8,17.7,7,,2019-12-01T06:42:06,2019-12-01T18:28:36,0.15,Partially cloudy,Partly cloudy throughout the day.,partly-cloudy-day,"65210099999,65213099999,DNMM,65201099999"
Lagos,12/2/2019,33,25,27.6,42.1,25,30.9,25,86,0.4,100,8.33,rain,0,0,29.5,16.6,258.7,1011.3,51.4,8.7,192.2,16.4,7,,2019-12-02T06:42:34,2019-12-02T18:28:54,0.19,"Rain, Partially cloudy",Partly cloudy throughout the day with afternoon rain.,rain,"65210099999,DNMM,remote,65201099999"
Lagos,12/3/2019,33,25,28.7,42.3,25,33.6,25.7,84.5,3,100,4.17,rain,0,0,25.2,14.8,250.6,1011.1,54.1,8.9,178.6,15.4,6,,2019-12-03T06:43:02,2019-12-03T18:29:13,0.22,"Rain, Partially cloudy",Partly cloudy throughout the day with early morning rain.,rain,"DNMM,remote,65201099999"
Lagos,12/4/2019,30,25.1,27.8,37.4,25.1,32.4,25.7,88.8,0,0,0,,0,0,26.6,14.8,256.7,1011,46.2,8.5,182.9,15.8,6,,2019-12-04T06:43:30,2019-12-04T18:29:33,0.25,Partially cloudy,Partly cloudy throughout the day.,partly-cloudy-day,"DNMM,remote,65201099999"
Lagos,12/5/2019,32,25,27.4,40.6,25,30.6,25.2,87.9,0,0,0,,0,0,22.7,14.8,274.2,1010.6,52.1,7.3,191.9,16.3,8,,2019-12-05T06:43:58,2019-12-05T18:29:54,0.28,Partially cloudy,Partly cloudy throughout the day.,partly-cloudy-day,"65213099999,DNMM,remote,65201099999"
Lagos,12/6/2019,31.1,25,27.1,38.1,25,29.8,25,89.1,0,0,0,,0,0,25.9,13,313,1011.4,51.6,8.1,178,15.4,6,,2019-12-06T06:44:27,2019-12-06T18:30:15,0.32,Partially cloudy,Partly cloudy throughout the day.,partly-cloudy-day,"65210099999,DNMM,65201099999"
Lagos,12/7/2019,32,25,27.5,40.6,25,30.7,25.1,87.3,0.3,100,4.17,rain,0,0,27.7,14.8,244.3,1011.2,50.1,9,208,17.8,8,,2019-12-07T06:44:56,2019-12-07T18:30:37,0.35,"Rain, Partially cloudy",Partly cloudy throughout the day with morning rain.,rain,"65210099999,65202099999,DNMM,remote,65201099999"
Lagos,12/8/2019,33,25,28.2,42.1,25,32.4,25.4,85.7,0,0,0,,0,0,23.8,16.6,227.2,1011.4,55.4,9.1,199.6,17.3,7,,2019-12-08T06:45:26,2019-12-08T18:31:00,0.38,Partially cloudy,Partly cloudy throughout the day.,partly-cloudy-day,"VRJU8,DNMM,65201099999"
Lagos,12/9/2019,33.9,25,28.7,43.5,25,33.5,25.6,84.7,0,0,0,,0,0,26.6,13,244.6,1011.5,54.9,9.3,207.2,17.8,7,,2019-12-09T06:45:55,2019-12-09T18:31:23,0.41,Partially cloudy,Partly cloudy throughout the day.,partly-cloudy-day,"65210099999,VRJU8,DNMM,65201099999"
Lagos,12/10/2019,33.1,26,28.6,41.2,26,33.3,25.5,84.1,102,100,4.17,rain,0,0,28.1,14.8,257.8,1010.9,51,8.9,218.5,18.9,8,,2019-12-10T06:46:25,2019-12-10T18:31:47,0.44,"Rain, Partially cloudy",Partly cloudy throughout the day with morning rain.,rain,"65210099999,65213099999,VRJU8,DNMM,remote,65201099999"
Lagos,12/11/2019,32.1,25,28.1,39.4,25,32.3,25.4,86.1,0,0,0,,0,0,24.8,18.4,247.6,1010.9,53.2,8.7,207.6,18,7,,2019-12-11T06:46:55,2019-12-11T18:32:12,0.48,Partially cloudy,Partly cloudy throughout the day.,partly-cloudy-day,"65210099999,65213099999,VRJU8,DNMM,remote,65201099999"
Lagos,12/12/2019,30,23,26.1,37.4,23,27.7,24.8,92.3,55,100,4.17,rain,0,0,23.4,13,195.3,1011.6,50,5.7,180.6,15.5,7,,2019-12-12T06:47:25,2019-12-12T18:32:38,0.5,"Rain, Partially cloudy",Partly cloudy throughout the day with late afternoon rain.,rain,"VRJU8,DNMM,remote,65201099999"
Lagos,12/13/2019,30,24,26.9,37.4,24,30.1,24.8,88.7,0,0,0,,0,0,25.9,13,225.5,1012.2,38.1,5.2,168.1,14.6,7,,2019-12-13T06:47:56,2019-12-13T18:33:04,0.54,Partially cloudy,Partly cloudy throughout the day.,partly-cloudy-day,"65210099999,VRJU8,DNMM,65201099999"
Lagos,12/14/2019,31.1,25,27.1,38.2,25,29.7,24.9,88.3,0,0,0,,0,0,22.7,24.1,28.4,1012.7,41.2,4.4,197.6,17,7,,2019-12-14T06:48:26,2019-12-14T18:33:30,0.58,Partially cloudy,Partly cloudy throughout the day.,partly-cloudy-day,"DNMM,65201099999"
Lagos,12/15/2019,32,24,27.7,40.3,24,31.5,25.3,87.1,0.1,100,4.17,rain,0,0,26.3,16.6,203.5,1011.8,48.8,6.1,192.5,16.5,7,,2019-12-15T06:48:57,2019-12-15T18:33:57,0.62,"Rain, Partially cloudy",Partly cloudy throughout the day with morning rain.,rain,"65210099999,DNMM,remote,65201099999"
Lagos,12/16/2019,34,25,28.4,42.2,25,32.3,24.9,82.9,0,0,0,,0,0,23,16.6,214.1,1010.2,48.2,6.3,212.4,18.4,7,,2019-12-16T06:49:27,2019-12-16T18:34:25,0.65,Partially cloudy,Partly cloudy throughout the day.,partly-cloudy-day,"65210099999,65213099999,DNMM,remote,65201099999"
Lagos,12/17/2019,33.9,24,28.4,42.2,24,32.5,24.9,82.4,0.1,100,4.17,rain,0,0,26.6,13,231.9,1010.1,37.4,6,220.8,19.2,8,,2019-12-17T06:49:57,2019-12-17T18:34:52,0.69,"Rain, Partially cloudy",Partly cloudy throughout the day with morning rain.,rain,"65210099999,DNMM,remote,65201099999"
Lagos,12/18/2019,33,25,28.6,42.1,25,33.4,25.6,84.3,0,0,0,,0,0,24.5,13,232.2,1011.1,40.2,6.6,209.9,18.1,8,,2019-12-18T06:50:28,2019-12-18T18:35:21,0.72,Partially cloudy,Partly cloudy throughout the day.,partly-cloudy-day,"65210099999,DNMM,65201099999"
Lagos,12/19/2019,34,25,29,45.3,25,34.4,25.6,82.7,0,0,0,,0,0,24.8,16.6,235.9,1011.9,53.1,7.6,218.9,19,8,,2019-12-19T06:50:58,2019-12-19T18:35:50,0.75,Partially cloudy,Partly cloudy throughout the day.,partly-cloudy-day,"65210099999,65202099999,DNMM,65201099999"
Lagos,12/20/2019,35,23.8,28.9,43.4,23.8,33.8,25.4,82.3,0,0,0,,0,0,27,20.3,222.5,1011.6,41.8,6,213.1,18.6,8,,2019-12-20T06:51:28,2019-12-20T18:36:19,0.79,Partially cloudy,Partly cloudy throughout the day.,partly-cloudy-day,"65210099999,DNMM,65201099999"
Lagos,12/21/2019,33,25.4,28.6,43.2,25.4,33.9,25.8,85.9,4,100,4.17,rain,0,0,25.6,18.4,235.9,1012.2,52.9,6.9,182.5,15.6,7,,2019-12-21T06:51:58,2019-12-21T18:36:48,0.83,"Rain, Partially cloudy",Partly cloudy throughout the day with late afternoon rain.,rain,"65210099999,VRJU8,DNMM,65201099999"
Lagos,12/22/2019,35,25,28.8,41.9,25,32.9,25.1,82.4,0.1,100,4.17,rain,0,0,24.5,13,139.7,1012.2,37.7,6.8,197.8,17.1,7,,2019-12-22T06:52:28,2019-12-22T18:37:18,0.87,"Rain, Partially cloudy",Partly cloudy throughout the day with morning rain.,rain,"65210099999,VRJU8,DNMM,remote,65201099999"
Lagos,12/23/2019,35,24,28.4,36.9,24,30,22.5,74.4,0,0,0,,0,0,21.6,16.6,106.9,1011.7,24.6,5.8,242.6,21,9,,2019-12-23T06:52:58,2019-12-23T18:37:48,0.9,Partially cloudy,Becoming cloudy in the afternoon.,partly-cloudy-day,"65210099999,VRJU8,DNMM,65201099999"
Lagos,12/24/2019,34,22.1,27.6,40.6,22.1,30.6,23.5,80.2,0,0,0,,0,0,24.8,18.4,179.3,1011.6,29.6,5,252.1,21.9,9,,2019-12-24T06:53:27,2019-12-24T18:38:18,0.94,Partially cloudy,Clearing in the afternoon.,partly-cloudy-day,"VRJU8,DNMM,65201099999"
Lagos,12/25/2019,33.7,23,27.7,37.4,23,30,23.7,80.6,0,0,0,,0,0,25.6,22.3,8.9,1011.8,19.9,5.7,250.3,21.6,9,,2019-12-25T06:53:56,2019-12-25T18:38:49,0.97,Clear,Clear conditions throughout the day.,clear-day,"65210099999,VRJU8,DNMM,remote,65201099999"
Lagos,12/26/2019,34,23,28.1,40.6,23,30.9,23.6,78.5,0,0,0,,0,0,29.5,14.8,181.9,1011.2,25,6.6,245.1,21,9,,2019-12-26T06:54:25,2019-12-26T18:39:19,0,Partially cloudy,Partly cloudy throughout the day.,partly-cloudy-day,"65210099999,VRJU8,65202099999,DNMM,remote,65201099999"
Lagos,12/27/2019,35,23,28.1,41.9,23,31.2,23.8,79.4,0,0,0,,0,0,27,16.6,151,1011.3,31.8,6,238.4,20.5,8,,2019-12-27T06:54:54,2019-12-27T18:39:50,0.04,Partially cloudy,Partly cloudy throughout the day.,partly-cloudy-day,"65210099999,VRJU8,DNMM,65201099999"
Lagos,12/28/2019,34.1,23,27.8,38.3,23,29.4,22.4,76.1,0,0,0,,0,0,27.4,15.4,97.7,1010.9,32.2,5.1,245.6,21.2,9,,2019-12-28T06:55:22,2019-12-28T18:40:21,0.07,Partially cloudy,Partly cloudy throughout the day.,partly-cloudy-day,"65210099999,VRJU8,DNMM,65201099999"
Lagos,12/29/2019,36.1,22.1,28,36.5,22.1,28.7,20.4,68.7,0,0,0,,0,0,31.7,16.6,94.4,1009.9,25.1,4.7,254.6,22.1,9,,2019-12-29T06:55:49,2019-12-29T18:40:52,0.1,Partially cloudy,Partly cloudy throughout the day.,partly-cloudy-day,"65210099999,VRJU8,DNMM,65201099999"
Lagos,12/30/2019,35,20.8,27.1,37.2,20.8,28,20.4,70.9,0,0,0,,0,0,28.8,14.8,122.2,1010.2,27.8,4.8,247.1,21.3,9,,2019-12-30T06:56:16,2019-12-30T18:41:23,0.14,Partially cloudy,Partly cloudy throughout the day.,partly-cloudy-day,"VRJU8,DNMM,65201099999"
Lagos,12/31/2019,35.6,21,27.2,36.8,21,27.9,20.2,70.1,0,0,0,,0,0,29.2,14.8,43.8,1010.6,25.2,6.4,253.7,21.9,9,,2019-12-31T06:56:43,2019-12-31T18:41:54,0.17,Partially cloudy,Partly cloudy throughout the day.,partly-cloudy-day,"VRJU8,DNMM,remote,65201099999"
