name,datetime,tempmax,tempmin,temp,feelslikemax,feelslikemin,feelslike,dew,humidity,precip,precipprob,precipcover,preciptype,snow,snowdepth,windgust,windspeed,winddir,sealevelpressure,cloudcover,visibility,solarradiation,solarenergy,uvindex,severerisk,sunrise,sunset,moonphase,conditions,description,icon,stations
Lagos,2021-01-01,33.1,25,28.5,40.9,25,32.7,24.9,81.5,0,0,0,,0,0,31.3,13,219,1010.6,65.2,5.5,219.8,19,8,,2021-01-01T06:57:29,2021-01-01T18:42:48,0.58,Partially cloudy,Partly cloudy throughout the day.,partly-cloudy-day,"VRJU8,DNMM,remote,65201099999"
Lagos,2021-01-02,34,26,28.9,42,26,33.9,25.3,81.7,0.4,100,16.67,rain,0,0,31.7,14.8,223.6,1010.6,56.3,8.4,209.4,18.2,8,,2021-01-02T06:57:55,2021-01-02T18:43:19,0.62,"Rain, Partially cloudy",Partly cloudy throughout the day with morning rain.,rain,"VRJU8,DNMM,remote,65201099999"
Lagos,2021-01-03,33,25.4,28.5,40.6,25.4,33.5,25.6,85,0.3,100,4.17,rain,0,0,30.6,17.3,217.2,1010.4,43,7.6,201.7,17.3,6,,2021-01-03T06:58:19,2021-01-03T18:43:50,0.65,"Rain, Partially cloudy",Partly cloudy throughout the day with afternoon rain.,rain,"65210099999,DNMM,remote,65201099999"
Lagos,2021-01-04,34,22,28.5,43.5,22,33.2,25.2,83.7,0.4,100,12.5,rain,0,0,33.1,38.9,240.5,1009.9,48.8,8.8,209.5,18.1,7,,2021-01-04T06:58:43,2021-01-04T18:44:20,0.69,"Rain, Partially cloudy",Partly cloudy throughout the day with a chance of rain throughout the day.,rain,"65210099999,DNMM,remote,65201099999"
Lagos,2021-01-05,34.1,22.7,28.1,42.1,22.7,31.7,24.4,81.7,2,100,4.17,rain,0,0,83.5,19.1,237.6,1009.4,47.1,9.6,206.4,17.9,8,,2021-01-05T06:59:07,2021-01-05T18:44:50,0.72,"Rain, Partially cloudy",Partly cloudy throughout the day with early morning rain.,rain,"65210099999,DNMM,remote,65201099999"
Lagos,2021-01-06,33.4,22,28.2,41.6,22,32.1,24.8,82.8,0.7,100,20.83,rain,0,0,31.3,22.3,236.1,1009.9,62.5,9.3,176.4,15.3,7,,2021-01-06T06:59:30,2021-01-06T18:45:20,0.75,"Rain, Partially cloudy",Partly cloudy throughout the day with a chance of rain throughout the day.,rain,"65210099999,VRJU8,DNMM,remote,65201099999"
Lagos,2021-01-07,33.3,23,27.4,41.2,23,31,24.2,82.8,0.8,100,29.17,rain,0,0,32.4,50,199.3,1010.7,75.1,9.2,192.6,16.7,7,,2021-01-07T06:59:52,2021-01-07T18:45:50,0.8,"Rain, Partially cloudy",Partly cloudy throughout the day with a chance of rain throughout the day.,rain,"65210099999,VRJU8,DNMM,remote,65201099999"
Lagos,2021-01-08,33,23.1,27.7,40.6,23.1,31.3,25.1,86.2,0.8,100,20.83,rain,0,0,31.3,16.9,246,1010.9,83.4,10.2,197.8,17.1,8,,2021-01-08T07:00:13,2021-01-08T18:46:20,0.83,"Rain, Partially cloudy",Partly cloudy throughout the day with rain in the morning and afternoon.,rain,"65210099999,VRJU8,DNMM,remote,65201099999"
Lagos,2021-01-09,33.1,24.9,28.5,40.1,24.9,32.5,24.3,79.6,0.2,100,8.33,rain,0,0,29.5,20.5,234.3,1010.4,55.3,9.8,200.6,17.3,7,,2021-01-09T07:00:34,2021-01-09T18:46:49,0.87,"Rain, Partially cloudy",Partly cloudy throughout the day with rain in the morning and afternoon.,rain,"65210099999,VRJU8,DNMM,remote,65201099999"
Lagos,2021-01-10,33,21,28.1,40.6,21,32.2,25,84,0.6,100,12.5,rain,0,0,28.4,46.8,247.6,1009.8,51.4,10.1,202.2,17.5,7,,2021-01-10T07:00:53,2021-01-10T18:47:18,0.9,"Rain, Partially cloudy",Partly cloudy throughout the day with rain in the morning and afternoon.,rain,"65210099999,VRJU8,DNMM,remote,65201099999"
Lagos,2021-01-11,33.1,19,27.6,40.6,19,31.3,24.4,83.4,0,0,0,,0,0,28.4,50.4,255.2,1010.5,54.5,9.6,202.5,17.4,8,,2021-01-11T07:01:13,2021-01-11T18:47:46,0.94,Partially cloudy,Partly cloudy throughout the day.,wind,"65210099999,VRJU8,DNMM,remote,65201099999"
Lagos,2021-01-12,32.6,17,27.4,38.8,17,30.4,24.5,85.2,0.1,100,4.17,rain,0,0,32.8,18,265.7,1011.6,55,9.6,196.1,16.9,8,,2021-01-12T07:01:31,2021-01-12T18:48:14,0.97,"Rain, Partially cloudy",Partly cloudy throughout the day with afternoon rain.,rain,"65210099999,VRJU8,DNMM,remote,65201099999"
Lagos,2021-01-13,34,25.1,28.6,40.6,25.1,32.6,24.8,81.1,0.8,100,8.33,rain,0,0,36,31.4,231.9,1011.8,60.2,9.3,207,17.9,7,,2021-01-13T07:01:48,2021-01-13T18:48:42,0,"Rain, Partially cloudy",Partly cloudy throughout the day with early morning rain.,rain,"65210099999,VRJU8,DNMM,remote,65201099999"
Lagos,2021-01-14,32.9,15,27.7,39.2,15,31.1,23.5,78.8,0.2,100,8.33,rain,0,0,29.9,22.3,227.5,1012.2,49.3,9.6,211.8,18.2,7,,2021-01-14T07:02:05,2021-01-14T18:49:09,0.04,"Rain, Partially cloudy",Partly cloudy throughout the day with rain in the morning and afternoon.,rain,"65210099999,VRJU8,DNMM,remote,65201099999"
Lagos,2021-01-15,35.9,24.4,28.3,38.8,24.4,31.8,24.4,80.8,1.9,100,20.83,rain,0,0,29.5,16.6,228.4,1009.7,52.9,9,220.6,19.1,8,,2021-01-15T07:02:21,2021-01-15T18:49:36,0.07,"Rain, Partially cloudy",Partly cloudy throughout the day with a chance of rain throughout the day.,rain,"65210099999,DNMM,remote,65201099999"
Lagos,2021-01-16,31,24.6,27.4,36.5,24.6,30.1,24,82.5,2.8,100,29.17,rain,0,0,28.1,15.1,222.5,1009.1,57.2,8.8,168.6,14.4,6,,2021-01-16T07:02:36,2021-01-16T18:50:02,0.1,"Rain, Partially cloudy",Partly cloudy throughout the day with a chance of rain throughout the day.,rain,"65210099999,DNMM,remote,65201099999"
Lagos,2021-01-17,33.9,25,28.2,41.5,25,32,24.9,83.3,0.4,100,8.33,rain,0,0,23.8,14.8,188.6,1009.9,51.7,7.9,205.5,17.7,8,,2021-01-17T07:02:50,2021-01-17T18:50:28,0.14,"Rain, Partially cloudy",Partly cloudy throughout the day with rain.,rain,"65210099999,DNMM,remote,65201099999"
Lagos,2021-01-18,36,25,28.1,39.1,25,31.7,24.7,83.2,1,100,4.17,rain,0,0,27.7,16.6,221.3,1010.5,51.2,8.2,211.3,18.1,8,,2021-01-18T07:03:03,2021-01-18T18:50:53,0.17,"Rain, Partially cloudy",Partly cloudy throughout the day with late afternoon rain.,rain,"65210099999,DNMM,remote,65201099999"
Lagos,2021-01-19,34,24.9,28.5,40.6,24.9,32.1,24.4,79.7,0.6,100,12.5,rain,0,0,31.3,16.6,225.6,1011.2,53.7,8.9,204.9,17.8,8,,2021-01-19T07:03:16,2021-01-19T18:51:18,0.2,"Rain, Partially cloudy",Partly cloudy throughout the day with rain in the morning and afternoon.,rain,"65210099999,DNMM,remote,65201099999"
Lagos,2021-01-20,34.1,25.6,28.8,40.6,25.6,32.9,24.8,80.2,0.2,100,8.33,rain,0,0,27.7,18.4,256.7,1011,50.5,7,240.4,20.7,8,,2021-01-20T07:03:27,2021-01-20T18:51:42,0.25,"Rain, Partially cloudy",Partly cloudy throughout the day with rain clearing later.,rain,"65210099999,DNMM,remote,65201099999"
Lagos,2021-01-21,33.6,16,27.4,36.3,16,28.5,21,72,0,0,0,,0,0,28.1,39.6,84.8,1011.3,50.4,4.7,244.2,21.2,9,,2021-01-21T07:03:37,2021-01-21T18:52:06,0.26,Partially cloudy,Partly cloudy throughout the day.,partly-cloudy-day,"65210099999,VRJU8,DNMM,remote,65201099999"
Lagos,2021-01-22,33.1,22.7,27.7,34.4,22.7,28.4,20.9,70.3,0.1,100,4.17,rain,0,0,26.3,20.5,1,1011.2,42.9,2.4,236.4,20.6,8,,2021-01-22T07:03:47,2021-01-22T18:52:29,0.3,"Rain, Partially cloudy",Partly cloudy throughout the day with morning rain.,rain,"65210099999,DNMM,remote,65201099999"
Lagos,2021-01-23,34.1,16,27.4,37.3,16,28.9,21,71.8,0,0,0,,0,0,29.2,36,242.3,1011.2,51,3.2,234.6,20.3,9,,2021-01-23T07:03:56,2021-01-23T18:52:51,0.33,Partially cloudy,Partly cloudy throughout the day.,partly-cloudy-day,"65210099999,VRJU8,DNMM,remote,65201099999"
Lagos,2021-01-24,34,23,27.2,35.8,23,28.8,22.6,77.9,0,0,0,,0,0,28.4,15.5,210.2,1009.9,55.4,3,244.6,21.1,9,,2021-01-24T07:04:03,2021-01-24T18:53:13,0.36,Partially cloudy,Partly cloudy throughout the day.,partly-cloudy-day,"65210099999,DNMM,remote,65201099999"
Lagos,2021-01-25,32.9,23.4,27.9,38.6,23.4,30.9,24,80.7,0,0,0,,0,0,29.5,14.8,196.3,1010.8,42.2,3.2,236.3,20.4,9,,2021-01-25T07:04:10,2021-01-25T18:53:34,0.39,Partially cloudy,Partly cloudy throughout the day.,partly-cloudy-day,"65210099999,VRJU8,DNMM,remote,65201099999"
Lagos,2021-01-26,34,18,28.4,40.6,18,32,23.9,77.8,0.1,100,4.17,rain,0,0,33.8,24.1,212.7,1011.1,41,4.5,239.9,20.7,9,,2021-01-26T07:04:16,2021-01-26T18:53:54,0.42,"Rain, Partially cloudy",Partly cloudy throughout the day with morning rain.,rain,"65210099999,VRJU8,DNMM,remote,65201099999"
Lagos,2021-01-27,34,24.9,28.8,39.4,24.9,33.2,25,81,0,0,0,,0,0,34.6,16.9,226.1,1010.4,52.2,4.6,237.4,20.5,9,,2021-01-27T07:04:21,2021-01-27T18:54:14,0.46,Partially cloudy,Partly cloudy throughout the day.,partly-cloudy-day,"65210099999,DNMM,remote,65201099999"
Lagos,2021-01-28,33.4,25.8,28.4,41.3,25.8,33.3,25.6,85.7,0.5,100,20.83,rain,0,0,31.3,15.8,214.1,1010.3,47.8,6.4,198.6,17.2,7,,2021-01-28T07:04:25,2021-01-28T18:54:33,0.5,"Rain, Partially cloudy",Partly cloudy throughout the day with rain in the morning and afternoon.,rain,"65210099999,DNMM,remote,65201099999"
Lagos,2021-01-29,34,25.7,29.1,42,25.7,34.3,25.4,81.8,0,0,0,,0,0,28.8,22.3,206.1,1010.8,44.3,6.7,210.9,18.1,7,,2021-01-29T07:04:28,2021-01-29T18:54:52,0.52,Partially cloudy,Partly cloudy throughout the day.,partly-cloudy-day,"65210099999,VRJU8,DNMM,remote,65201099999"
Lagos,2021-01-30,33.6,22,28.3,39.8,22,32.6,24.1,79.6,0,0,0,,0,0,30.2,22.3,234.2,1010.7,58,6.8,232.4,20.2,9,,2021-01-30T07:04:30,2021-01-30T18:55:09,0.56,Partially cloudy,Partly cloudy throughout the day.,partly-cloudy-day,"65210099999,DNMM,remote,65201099999"
Lagos,2021-01-31,34.1,24.6,28.6,40.6,24.6,32.9,24.9,81.1,0.5,100,16.67,rain,0,0,39.6,28.3,238.5,1010,70.7,7.6,212.9,18.3,8,,2021-01-31T07:04:31,2021-01-31T18:55:27,0.59,"Rain, Partially cloudy",Partly cloudy throughout the day with rain in the morning and afternoon.,rain,"65210099999,DNMM,remote,65201099999"
Lagos,2021-02-01,34.1,24,29,39.8,24,34,25,79.6,1.1,100,25,rain,0,0,28.8,16.6,220.9,1010.9,54.1,7.5,212.7,18.4,8,,2021-02-01T07:04:31,2021-02-01T18:55:43,0.63,"Rain, Partially cloudy",Partly cloudy throughout the day with a chance of rain throughout the day.,rain,"65210099999,DNMM,remote,65201099999"
Lagos,2021-02-02,31,26.6,28.2,37.9,26.6,33,25.3,84.5,17,100,4.17,rain,0,0,28.4,20.5,212.5,1011.4,47.8,7.7,206.2,17.8,8,,2021-02-02T07:04:30,2021-02-02T18:55:59,0.67,"Rain, Partially cloudy",Partly cloudy throughout the day with late afternoon rain.,rain,"65210099999,DNMM,remote,65201099999"
Lagos,2021-02-03,34,25.9,29.1,42,25.9,33.8,24.3,77.9,0.5,100,20.83,rain,0,0,29.9,22.3,227.2,1011.3,54.1,8,206.3,17.8,8,,2021-02-03T07:04:28,2021-02-03T18:56:13,0.7,"Rain, Partially cloudy",Partly cloudy throughout the day with a chance of rain throughout the day.,rain,"65210099999,65213099999,DNMM,remote,65201099999"
Lagos,2021-02-04,34.6,26.4,29.6,43.5,26.4,35.6,25.7,80.6,0.2,100,8.33,rain,0,0,29.2,18.4,237.5,1010.7,55.4,7.5,203.1,17.5,7,,2021-02-04T07:04:25,2021-02-04T18:56:28,0.75,"Rain, Partially cloudy",Partly cloudy throughout the day with rain in the morning and afternoon.,rain,"65210099999,DNMM,remote,65201099999"
Lagos,2021-02-05,33.1,26.4,28.8,42.1,26.4,34.7,25.9,84.6,0.7,100,12.5,rain,0,0,31,17.3,221.7,1011.1,47.8,7.7,206.5,17.9,8,,2021-02-05T07:04:22,2021-02-05T18:56:41,0.77,"Rain, Partially cloudy",Partly cloudy throughout the day with a chance of rain throughout the day.,rain,"65210099999,DNMM,remote,65201099999"
Lagos,2021-02-06,35,25.4,29.1,43.3,25.4,34.2,25.2,80.6,0.6,100,16.67,rain,0,0,31.7,18,232.2,1010.6,51.6,9,241,20.8,8,,2021-02-06T07:04:17,2021-02-06T18:56:54,0.81,"Rain, Partially cloudy",Partly cloudy throughout the day with rain clearing later.,rain,"65210099999,DNMM,remote,65201099999"
Lagos,2021-02-07,35,26,29.2,43.3,26,34.6,25.7,82,0.4,100,12.5,rain,0,0,30.6,18.4,223.7,1010,57.2,8.8,224.2,19.4,8,,2021-02-07T07:04:11,2021-02-07T18:57:06,0.85,"Rain, Partially cloudy",Partly cloudy throughout the day with rain in the morning and afternoon.,rain,"65210099999,DNMM,remote,65201099999"
Lagos,2021-02-08,33.1,26.4,29.3,40.6,26.4,35.2,25.6,81.3,0.4,100,16.67,rain,0,0,32.4,27.7,229.3,1009.2,61.4,8.5,213.6,18.4,8,,2021-02-08T07:04:05,2021-02-08T18:57:18,0.88,"Rain, Partially cloudy",Partly cloudy throughout the day with a chance of rain throughout the day.,rain,"65210099999,DNMM,remote,65201099999"
Lagos,2021-02-09,34.6,26.2,29.6,41.8,26.2,34.8,24.5,76.8,0,0,0,,0,0,35.6,18.4,238.9,1009.6,62.7,8.7,253.6,22.1,9,,2021-02-09T07:03:58,2021-02-09T18:57:28,0.92,Partially cloudy,Partly cloudy throughout the day.,partly-cloudy-day,"65210099999,DNMM,remote,65201099999"
Lagos,2021-02-10,34,26,29.1,43.5,26,35,25.9,83.5,0.3,100,12.5,rain,0,0,27.7,16.9,219.3,1009.7,48,8.9,234.9,20.4,8,,2021-02-10T07:03:50,2021-02-10T18:57:38,0.95,"Rain, Partially cloudy",Partly cloudy throughout the day with a chance of rain throughout the day.,rain,"65210099999,DNMM,remote,65201099999"
Lagos,2021-02-11,30.7,26,28.6,38.7,26,34.2,25.8,85,2,100,29.17,rain,0,0,32.4,16.2,228.4,1009.3,38.1,8.7,220.4,18.9,9,,2021-02-11T07:03:40,2021-02-11T18:57:48,0,"Rain, Partially cloudy",Partly cloudy throughout the day with a chance of rain throughout the day.,rain,"DNMM,remote"
Lagos,2021-02-12,30.2,27,28.6,37.8,30.5,34.1,25.5,83.5,1.9,100,37.5,rain,0,0,31.7,18.4,222.9,1009.1,55.3,10,214.3,18.5,9,,2021-02-12T07:03:31,2021-02-12T18:57:56,0.02,"Rain, Partially cloudy",Partly cloudy throughout the day with a chance of rain throughout the day.,rain,"DNMM,remote,65201099999"
Lagos,2021-02-13,34,27,29.4,44.8,31,35.7,25.9,82.4,0.3,100,12.5,rain,0,0,33.1,20.5,223.5,1008.5,52,10,210.4,18.4,8,,2021-02-13T07:03:20,2021-02-13T18:58:04,0.05,"Rain, Partially cloudy",Partly cloudy throughout the day with morning rain.,rain,"65210099999,DNMM,remote,65201099999"
Lagos,2021-02-14,35,26.9,29.8,43.3,30.4,36.1,25.6,79.5,1,100,4.17,rain,0,0,32,18.4,229.7,1008.9,59.1,9.4,212.4,18.5,8,,2021-02-14T07:03:08,2021-02-14T18:58:12,0.09,"Rain, Partially cloudy",Partly cloudy throughout the day with early morning rain.,rain,"DNMM,remote,65201099999"
Lagos,2021-02-15,33,26.9,29.3,42.1,30.3,35.8,25.9,82.6,0.5,100,16.67,rain,0,0,28.4,15.1,220.6,1009.1,59.8,9.3,211.5,18.3,7,,2021-02-15T07:02:56,2021-02-15T18:58:18,0.12,"Rain, Partially cloudy",Partly cloudy throughout the day with rain in the morning and afternoon.,rain,"65210099999,DNMM,remote,65201099999"
Lagos,2021-02-16,33.4,26.1,28.9,40.6,26.1,34,25.2,81.5,6,100,4.17,rain,0,0,48.2,24.1,212.3,1009.2,51.7,9.3,193,16.8,8,,2021-02-16T07:02:43,2021-02-16T18:58:24,0.15,"Rain, Partially cloudy",Partly cloudy throughout the day with late afternoon rain.,rain,"65210099999,DNMM,remote,65201099999"
Lagos,2021-02-17,30.8,26.9,28.7,36.9,30.6,33.9,25.2,82,0.5,100,12.5,rain,0,0,35.3,16.6,179.5,1009.7,46.5,8.8,244.6,21.2,8,,2021-02-17T07:02:29,2021-02-17T18:58:29,0.18,"Rain, Partially cloudy",Partly cloudy throughout the day with rain in the morning and afternoon.,rain,"DNMM,remote,65201099999"
Lagos,2021-02-18,35.1,26.4,28.7,35.8,26.4,32.5,24.3,79.2,1.1,100,29.17,rain,0,0,26.3,18.4,223.8,1010.9,82.9,6.8,248.7,21.5,9,,2021-02-18T07:02:14,2021-02-18T18:58:34,0.21,"Rain, Partially cloudy",Partly cloudy throughout the day with rain clearing later.,rain,"DNMM,remote,65201099999"
Lagos,2021-02-19,34,23.7,28.2,32.9,23.7,28.9,17.7,58.1,0,0,0,,0,0,27.4,16.6,88.1,1012.1,38.3,3,283.3,24.4,10,,2021-02-19T07:01:58,2021-02-19T18:58:38,0.25,Partially cloudy,Clearing in the afternoon.,partly-cloudy-day,"65210099999,DNMM,remote,65201099999"
Lagos,2021-02-20,35,24,28.4,34,24,28.4,16.2,51.5,0,0,0,,0,0,24.1,16.6,67.2,1012.2,26,3,292.9,25.4,10,,2021-02-20T07:01:42,2021-02-20T18:58:42,0.28,Partially cloudy,Partly cloudy throughout the day.,partly-cloudy-day,"DNMM,remote"
Lagos,2021-02-21,34,24,28.4,35,24,29.6,19.3,59,0,0,0,,0,0,28.4,14.8,206.2,1011.1,68.5,2.4,281.3,24.1,10,,2021-02-21T07:01:25,2021-02-21T18:58:45,0.31,Partially cloudy,Partly cloudy throughout the day.,partly-cloudy-day,"65210099999,DNMM,remote,65201099999"
Lagos,2021-02-22,33.1,26.6,28.7,37,26.6,31.9,23.4,73.9,0,0,0,,0,0,31.7,17.3,206.8,1010.7,62.5,3.5,270.5,23.4,9,,2021-02-22T07:01:07,2021-02-22T18:58:47,0.34,Partially cloudy,Partly cloudy throughout the day.,partly-cloudy-day,"DNMM,remote,65201099999"
Lagos,2021-02-23,34,26.4,29.4,39.4,26.4,33.6,23.9,73.6,0,0,0,,0,0,28.1,18.4,220.6,1011.1,50.4,3.4,247.9,21.3,9,,2021-02-23T07:00:49,2021-02-23T18:58:49,0.38,Partially cloudy,Partly cloudy throughout the day.,partly-cloudy-day,"65210099999,DNMM,remote,65201099999"
Lagos,2021-02-24,33,24,28.9,40.6,24,33.7,24.8,79,0,0,0,,0,0,32.4,14.8,227.6,1011.2,54.8,5.9,257.2,22.2,9,,2021-02-24T07:00:30,2021-02-24T18:58:50,0.41,Partially cloudy,Partly cloudy throughout the day.,partly-cloudy-day,"65210099999,DNMM,remote,65201099999"
Lagos,2021-02-25,30.6,27,28.7,37.5,26.7,33.9,24.4,79.5,2,100,4.17,rain,0,0,34.9,16.6,251.7,1010.7,60.9,6.8,232.3,20.2,9,,2021-02-25T07:00:10,2021-02-25T18:58:50,0.44,"Rain, Partially cloudy",Partly cloudy throughout the day with early morning rain.,rain,"65210099999,DNMM,remote,65201099999"
Lagos,2021-02-26,34.1,25.1,28.7,40.6,25.1,32.9,24.5,78.8,3.2,100,12.5,rain,0,0,35.3,20.5,215.8,1010.1,59.5,7.1,233.8,20.2,8,,2021-02-26T06:59:50,2021-02-26T18:58:51,0.47,"Rain, Partially cloudy",Partly cloudy throughout the day with rain clearing later.,rain,"DNMM,remote,65201099999"
Lagos,2021-02-27,30.2,25.8,28.1,35.8,25.8,32.5,24.7,82,0.5,100,12.5,rain,0,0,29.2,16.6,215,1009.3,56.3,8.8,224.9,19.6,8,,2021-02-27T06:59:29,2021-02-27T18:58:50,0.5,"Rain, Partially cloudy",Partly cloudy throughout the day with morning rain.,rain,"65210099999,DNMM,remote,65201099999"
Lagos,2021-02-28,34.2,25,28.8,41.2,25,32.4,24.3,77.5,0,0,0,,0,0,29.5,20.5,227.6,1008.1,33.3,7.2,243,21,9,,2021-02-28T06:59:08,2021-02-28T18:58:49,0.54,Partially cloudy,Partly cloudy throughout the day.,partly-cloudy-day,"65210099999,DNMM,remote,65201099999"
Lagos,2021-03-01,34.6,18,29.2,42,18,34.6,24.7,77.5,0.5,100,12.5,rain,0,0,33.1,50.4,242,1008.6,51,8.4,239.9,20.7,8,,2021-03-01T06:58:46,2021-03-01T18:58:48,0.57,"Rain, Partially cloudy",Partly cloudy throughout the day with rain in the morning and afternoon.,rain,"65210099999,VRJU8,DNMM,remote,65201099999"
Lagos,2021-03-02,35,17,29.1,44.9,17,35.6,25.7,82.1,0.3,100,12.5,rain,0,0,33.1,33.5,226.9,1009.1,54.1,8.2,251.2,21.6,9,,2021-03-02T06:58:23,2021-03-02T18:58:46,0.61,"Rain, Partially cloudy",Partly cloudy throughout the day with morning rain.,rain,"VRJU8,DNMM,remote,65201099999"
Lagos,2021-03-03,34,16,27.9,40.9,16,32.3,23.6,79.5,0.4,100,16.67,rain,0,0,33.8,33.5,205.3,1010.6,59.1,8.4,236.6,20.3,9,,2021-03-03T06:58:00,2021-03-03T18:58:44,0.65,"Rain, Partially cloudy",Partly cloudy throughout the day with rain in the morning and afternoon.,rain,"VRJU8,DNMM,remote,65201099999"
Lagos,2021-03-04,34.1,26.9,29.3,41.5,30.5,35.8,26,82.8,0.9,100,12.5,rain,0,0,36,18.7,229.7,1008.5,49.7,7.9,243.8,21.1,9,,2021-03-04T06:57:37,2021-03-04T18:58:41,0.68,"Rain, Partially cloudy",Partly cloudy throughout the day with rain in the morning and afternoon.,rain,"DNMM,remote,65201099999"
Lagos,2021-03-05,35,15,28.8,41.9,15,34.6,24.5,78.9,2.2,100,33.33,rain,0,0,40,37.1,203.5,1009.3,75.4,8.5,240.2,20.9,9,,2021-03-05T06:57:13,2021-03-05T18:58:38,0.72,"Rain, Partially cloudy",Partly cloudy throughout the day with a chance of rain throughout the day.,rain,"VRJU8,DNMM,remote,65201099999"
Lagos,2021-03-06,35,15.2,29.5,42.5,15.2,35.5,24.6,76.1,0,0,0,,0,0,35.6,44.6,241.1,1010.9,59.3,8.6,241.6,20.7,9,,2021-03-06T06:56:48,2021-03-06T18:58:35,0.75,Partially cloudy,Partly cloudy throughout the day.,partly-cloudy-day,"VRJU8,DNMM,remote,65201099999"
Lagos,2021-03-07,35.4,27.7,30,45.5,33.2,37.6,26.3,81.2,0.2,100,8.33,rain,0,0,48.2,19.8,223.7,1010.6,61.9,8.8,235,20.3,8,,2021-03-07T06:56:23,2021-03-07T18:58:31,0.79,"Rain, Partially cloudy",Partly cloudy throughout the day with rain in the morning and afternoon.,rain,"DNMM,remote,65201099999"
Lagos,2021-03-08,33,26.6,29,40.6,26.6,34.7,25.6,82.3,0.7,100,8.33,rain,0,0,36,19.1,223.6,1009.4,51.8,9.1,223.2,19.3,8,,2021-03-08T06:55:58,2021-03-08T18:58:27,0.82,"Rain, Partially cloudy",Partly cloudy throughout the day with afternoon rain.,rain,"VRJU8,DNMM,remote,65201099999"
Lagos,2021-03-09,31.4,14.5,26.5,38.6,14.5,30.6,21.9,76.5,3.6,100,29.17,rain,0,0,35.3,59.4,296.4,1010.9,52.3,11.3,216.1,18.7,8,,2021-03-09T06:55:32,2021-03-09T18:58:22,0.86,"Rain, Partially cloudy",Partly cloudy throughout the day with a chance of rain throughout the day.,rain,"65210099999,VRJU8,DNMM,remote,65201099999"
Lagos,2021-03-10,33.7,17,27.1,40.6,17,31.2,21.5,72.3,2,100,4.17,rain,0,0,35.6,59.4,308.4,1011.6,68.8,11.4,193.8,16.7,7,,2021-03-10T06:55:06,2021-03-10T18:58:17,0.89,"Rain, Partially cloudy",Partly cloudy throughout the day with morning rain.,rain,"VRJU8,DNMM,remote,65201099999"
Lagos,2021-03-11,32,16,26.6,39.2,16,29.8,22.3,78,1.8,100,20.83,rain,0,0,34.6,61.2,329.1,1010.5,50.6,9.9,165.3,14.3,7,,2021-03-11T06:54:40,2021-03-11T18:58:12,0.93,"Rain, Partially cloudy",Partly cloudy throughout the day with rain clearing later.,rain,"VRJU8,DNMM,remote,65201099999"
Lagos,2021-03-12,35,19.5,28.6,42.5,19.5,32.6,24,77.7,0.8,100,16.67,rain,0,0,32,33.5,252.3,1009,60.5,9.9,220.6,19.1,8,,2021-03-12T06:54:13,2021-03-12T18:58:07,0.97,"Rain, Partially cloudy",Partly cloudy throughout the day with rain.,rain,"VRJU8,DNMM,remote,65201099999"
Lagos,2021-03-13,30.4,23,27.4,36.3,23,30.5,24.3,83.4,8,100,4.17,rain,0,0,29.2,22.3,246.5,1009.3,75.5,9.7,129.2,11,5,,2021-03-13T06:53:46,2021-03-13T18:58:01,0,"Rain, Partially cloudy",Partly cloudy throughout the day with late afternoon rain.,rain,"VRJU8,DNMM,remote,65201099999"
Lagos,2021-03-14,36.1,25,26.8,44.7,25,28.6,24.6,88.3,4,100,4.17,rain,0,0,30.2,24.1,233,1010.8,75.7,8.9,100.8,8.7,3,,2021-03-14T06:53:19,2021-03-14T18:57:55,0.03,"Rain, Partially cloudy",Partly cloudy throughout the day with early morning rain.,rain,"VRJU8,DNMM,remote,65201099999"
Lagos,2021-03-15,33.6,24.6,28.5,41.4,24.6,32.6,24.7,80.6,2,100,4.17,rain,0,0,27.4,25.9,225.2,1009.4,71.7,9.4,244.8,21.1,9,,2021-03-15T06:52:51,2021-03-15T18:57:49,0.07,"Rain, Partially cloudy",Partly cloudy throughout the day with morning rain.,rain,"VRJU8,DNMM,remote,65201099999"
Lagos,2021-03-16,33.4,26.2,29.4,41.3,26.2,34.8,25,78,0,0,0,,0,0,31.7,16.9,214.6,1009.3,66.3,9.8,185.3,16,8,,2021-03-16T06:52:24,2021-03-16T18:57:42,0.1,Partially cloudy,Partly cloudy throughout the day.,partly-cloudy-day,"DNMM,remote,65201099999"
Lagos,2021-03-17,28.2,25,27,32.7,25,29.7,24.2,84.6,3.5,100,16.67,rain,0,0,31.7,19.1,215.5,1009.8,73,8.4,121.9,10.7,5,,2021-03-17T06:51:56,2021-03-17T18:57:36,0.13,"Rain, Partially cloudy",Partly cloudy throughout the day with rain clearing later.,rain,"DNMM,remote,65201099999"
Lagos,2021-03-18,28,24,25.9,30.7,24,26.6,23,84.4,7.7,100,20.83,rain,0,0,25.2,22.3,168.2,1010.7,68,7.6,171.3,14.8,6,,2021-03-18T06:51:27,2021-03-18T18:57:29,0.16,"Rain, Partially cloudy",Partly cloudy throughout the day with a chance of rain throughout the day.,rain,"DNMM,remote,65201099999"
Lagos,2021-03-19,30,23,26.7,34.1,23,28.7,23.8,84.4,2,100,4.17,rain,0,0,32,15.5,171.3,1009.8,79.2,7.3,209,18,7,,2021-03-19T06:50:59,2021-03-19T18:57:22,0.2,"Rain, Partially cloudy",Partly cloudy throughout the day with morning rain.,rain,"VRJU8,DNMM,remote,65201099999"
Lagos,2021-03-20,33,25.6,28.9,38.1,25.6,31.7,23.7,75.6,0,0,0,,0,0,31.7,25.9,205.9,1010.2,54.8,9.3,226.5,19.5,8,,2021-03-20T06:50:31,2021-03-20T18:57:15,0.23,Partially cloudy,Partly cloudy throughout the day.,partly-cloudy-day,"VRJU8,DNMM,remote,65201099999"
Lagos,2021-03-21,32.7,25,28.6,39.2,25,32.9,24.4,78.4,0,0,0,,0,0,32.4,46.4,234.1,1009.3,64.8,9.9,218.1,18.7,8,,2021-03-21T06:50:02,2021-03-21T18:57:08,0.25,Partially cloudy,Partly cloudy throughout the day.,partly-cloudy-day,"VRJU8,DNMM,remote,65201099999"
Lagos,2021-03-22,33,25,28.2,42.1,25,32.7,25.2,84.3,4,100,4.17,rain,0,0,33.1,20.5,232.3,1009,74.2,9.6,183.7,15.9,8,,2021-03-22T06:49:33,2021-03-22T18:57:01,0.29,"Rain, Partially cloudy",Partly cloudy throughout the day with late afternoon rain.,rain,"65210099999,DNMM,remote,65201099999"
Lagos,2021-03-23,31.7,22,25.5,36.2,22,26.3,23.1,86.8,2,100,4.17,rain,0,0,100.1,35.3,216.8,1011.4,65.3,7,184.7,16,8,,2021-03-23T06:49:05,2021-03-23T18:56:54,0.33,"Rain, Partially cloudy",Partly cloudy throughout the day with morning rain.,rain,"DNMM,remote,65201099999"
Lagos,2021-03-24,29,22,26.3,34.5,22,28.7,23.8,86.2,16,100,4.17,rain,0,0,31,15.1,222.2,1012.2,66.9,6.5,185.8,16.2,7,,2021-03-24T06:48:36,2021-03-24T18:56:46,0.36,"Rain, Partially cloudy",Partly cloudy throughout the day with morning rain.,rain,"DNMM,remote,65201099999"
Lagos,2021-03-25,31.1,26.5,28.7,36.5,26.5,32.7,24.2,77.6,1.6,100,25,rain,0,0,35.3,18.7,202.7,1012,85.1,10,163.6,14.2,6,,2021-03-25T06:48:07,2021-03-25T18:56:39,0.39,"Rain, Partially cloudy",Partly cloudy throughout the day with rain clearing later.,rain,"DNMM,remote,65201099999"
Lagos,2021-03-26,34,24.1,29.1,42.1,24.1,33.3,24.2,76.4,0,0,0,,0,0,30.2,16.6,203.8,1010.6,48.1,7.7,286.1,24.8,10,,2021-03-26T06:47:38,2021-03-26T18:56:32,0.42,Partially cloudy,Partly cloudy throughout the day.,partly-cloudy-day,"DNMM,remote,65201099999"
Lagos,2021-03-27,34,26,29.3,42,26,34.7,25.2,79.1,0.2,100,8.33,rain,0,0,27,20.5,211.6,1010.5,61.3,9.6,239.4,20.6,9,,2021-03-27T06:47:09,2021-03-27T18:56:24,0.46,"Rain, Partially cloudy",Partly cloudy throughout the day with morning rain.,rain,"DNMM,remote,65201099999"
Lagos,2021-03-28,35.1,26,29.1,42.9,26,34.1,25,79.6,0.1,100,4.17,rain,0,0,29.5,22.3,215.3,1010.8,45,8.1,230.3,20,8,,2021-03-28T06:46:41,2021-03-28T18:56:17,0.5,"Rain, Partially cloudy",Partly cloudy throughout the day with morning rain.,rain,"DNMM,remote,65201099999"
Lagos,2021-03-29,33.4,25.7,29,40.6,25.7,34.1,25.1,80.4,0,0,0,,0,0,30.2,16.6,228.9,1010.9,46.7,7,259.5,22.3,9,,2021-03-29T06:46:12,2021-03-29T18:56:09,0.52,Partially cloudy,Partly cloudy throughout the day.,partly-cloudy-day,"DNMM,remote,65201099999"
Lagos,2021-03-30,34,27,29.7,40.6,30.6,35.6,25.4,78.7,0.1,100,4.17,rain,0,0,29.5,18.4,231.3,1010.1,66.8,5.2,266.9,23.1,10,,2021-03-30T06:45:43,2021-03-30T18:56:02,0.56,"Rain, Partially cloudy",Partly cloudy throughout the day with morning rain.,rain,"DNMM,remote,65201099999"
Lagos,2021-03-31,33.1,27,29.6,42,30.6,35.9,25.7,80.3,0.2,100,8.33,rain,0,0,31.3,16.6,226.7,1009.6,62.1,6.6,234.1,20.1,8,,2021-03-31T06:45:15,2021-03-31T18:55:55,0.59,"Rain, Partially cloudy",Partly cloudy throughout the day with morning rain.,rain,"DNMM,remote,65201099999"
Lagos,2021-04-01,35,26.1,29.8,40.6,26.1,35,24.7,75.4,0.1,100,4.17,rain,0,0,32.4,14.8,206,1010.3,54.3,7,218.6,19,8,,2021-04-01T06:44:46,2021-04-01T18:55:48,0.63,"Rain, Partially cloudy",Partly cloudy throughout the day with early morning rain.,rain,"DNMM,remote,65201099999"
Lagos,2021-04-02,33,26.8,29.1,40.6,29.5,34.7,25,79.1,2,100,4.17,rain,0,0,29.5,16.6,212.6,1010.8,50.7,7,205.1,17.8,8,,2021-04-02T06:44:18,2021-04-02T18:55:41,0.66,"Rain, Partially cloudy",Partly cloudy throughout the day with late afternoon rain.,rain,"DNMM,remote,65201099999"
Lagos,2021-04-03,33.2,26,28.8,40.7,26,33.5,25,80.6,0.4,100,12.5,rain,0,0,24.8,14.8,228.2,1010,51.5,7,196.6,16.8,7,,2021-04-03T06:43:50,2021-04-03T18:55:34,0.7,"Rain, Partially cloudy",Partly cloudy throughout the day with rain in the morning and afternoon.,rain,"DNMM,remote,65201099999"
Lagos,2021-04-04,33,26.8,29.5,40.6,30.6,35.5,25.4,79.3,0.2,100,8.33,rain,0,0,30.6,20.5,211.8,1010.1,46.7,7.4,244,21.2,9,,2021-04-04T06:43:22,2021-04-04T18:55:27,0.75,"Rain, Partially cloudy",Partly cloudy throughout the day with afternoon rain.,rain,"DNMM,remote,65201099999"
Lagos,2021-04-05,30.5,27.9,29,38.3,33,35.3,25.9,83.4,3,100,37.5,rain,0,0,31.3,17.3,220.4,1009.8,41.6,8.2,242,20.9,8,,2021-04-05T06:42:54,2021-04-05T18:55:20,0.77,"Rain, Partially cloudy",Partly cloudy throughout the day with rain in the morning and afternoon.,rain,"DNMM,remote,65201099999"
Lagos,2021-04-06,35,27,29.7,43.8,31.2,36.3,26,82.1,0.1,100,4.17,rain,0,0,38.5,22.3,215.9,1009.8,58.8,9.4,234.6,20.3,8,,2021-04-06T06:42:27,2021-04-06T18:55:14,0.8,"Rain, Partially cloudy",Partly cloudy throughout the day with morning rain.,rain,"DNMM,remote,65201099999"
Lagos,2021-04-07,33,24.8,28.5,43.3,24.8,33.4,25.3,83.6,9,100,4.17,rain,0,0,31,14.8,208.3,1010.1,58,8.4,235.1,20.2,8,,2021-04-07T06:41:59,2021-04-07T18:55:08,0.84,"Rain, Partially cloudy",Partly cloudy throughout the day with early morning rain.,rain,"DNMM,remote,65201099999"
Lagos,2021-04-08,33,27.7,29.9,42.1,33,36.8,26,80.6,0.6,100,20.83,rain,0,0,38.9,18.4,219.6,1010,58.6,10,240.1,20.5,8,,2021-04-08T06:41:32,2021-04-08T18:55:02,0.87,"Rain, Partially cloudy",Partly cloudy throughout the day with rain.,rain,"DNMM,remote,65201099999"
Lagos,2021-04-09,31,25,28.1,36.5,25,31.5,24.2,80.4,3,100,4.17,rain,0,0,36,22.3,207.1,1009.5,44.5,9.6,222.2,19.3,8,,2021-04-09T06:41:05,2021-04-09T18:54:56,0.91,"Rain, Partially cloudy",Partly cloudy throughout the day with morning rain.,rain,"DNMM,remote,65201099999"
Lagos,2021-04-10,33,24,28.7,40.6,24,33.2,24.9,80.9,0,0,0,,0,0,71.1,27.7,207.8,1008.7,55.4,9.3,253.3,21.9,9,,2021-04-10T06:40:39,2021-04-10T18:54:50,0.94,Partially cloudy,Partly cloudy throughout the day.,partly-cloudy-day,"DNMM,65201099999"
Lagos,2021-04-11,33,24,28.2,40.6,24,32,24.3,80.3,19,100,4.17,rain,0,0,32.8,16.6,226.9,1009.2,40.6,10,230,19.8,8,,2021-04-11T06:40:13,2021-04-11T18:54:45,0.98,"Rain, Partially cloudy",Partly cloudy throughout the day with early morning rain.,rain,"DNMM,remote,65201099999"
Lagos,2021-04-12,35,24.1,29.1,40.6,24.1,32.8,23.5,73.3,7,100,4.17,rain,0,0,32.4,15.1,218.4,1010.7,40.2,10,293.1,25.4,10,,2021-04-12T06:39:47,2021-04-12T18:54:40,0,"Rain, Partially cloudy",Partly cloudy throughout the day with morning rain.,rain,"VRJU8,DNMM,remote,65201099999"
Lagos,2021-04-13,34,25,29,40.6,25,33.5,24.6,78,0.1,100,4.17,rain,0,0,32.8,22.3,207.6,1011.9,51.5,10.5,231.4,20.1,8,,2021-04-13T06:39:22,2021-04-13T18:54:35,0.04,"Rain, Partially cloudy",Partly cloudy throughout the day with afternoon rain.,rain,"VRJU8,DNMM,remote,65201099999"
Lagos,2021-04-14,34,25.9,29.5,39.8,25.9,34,24.6,76.1,0,0,0,,0,0,36.7,18.6,223.8,1011.1,50.1,10.1,236.7,20.5,8,,2021-04-14T06:38:56,2021-04-14T18:54:30,0.08,Partially cloudy,Partly cloudy throughout the day.,partly-cloudy-day,"VRJU8,DNMM,remote,65201099999"
Lagos,2021-04-15,34,25.9,29.5,42,25.9,34.7,24.9,77.4,0,0,0,,0,0,27.4,18.4,233.8,1010.2,49.9,10,247.3,21.4,8,,2021-04-15T06:38:32,2021-04-15T18:54:26,0.11,Partially cloudy,Partly cloudy throughout the day.,partly-cloudy-day,"VRJU8,DNMM,65201099999"
Lagos,2021-04-16,35,25,29.1,43.3,25,33.5,24.8,78.5,0,0,0,,0,0,33.8,26.9,222,1009.1,56.7,10.1,222.9,19.3,8,,2021-04-16T06:38:07,2021-04-16T18:54:22,0.14,Partially cloudy,Partly cloudy throughout the day.,partly-cloudy-day,"VRJU8,DNMM,65201099999"
Lagos,2021-04-17,31,25.1,27.6,36.9,25.1,30.6,24.8,85,8,100,4.17,rain,0,0,28.1,16.7,243.5,1009.8,50.6,9.9,166.3,14.4,6,,2021-04-17T06:37:44,2021-04-17T18:54:18,0.18,"Rain, Partially cloudy",Partly cloudy throughout the day with afternoon rain.,rain,"VRJU8,DNMM,65201099999"
Lagos,2021-04-18,27.8,22.6,25,33,22.6,25.7,23.5,91.5,49,100,4.17,rain,0,0,32.8,19.2,12.1,1011.8,58.7,8.7,195.2,17.1,7,,2021-04-18T06:37:20,2021-04-18T18:54:15,0.21,"Rain, Partially cloudy",Partly cloudy throughout the day with afternoon rain.,rain,"VRJU8,DNMM,65201099999"
Lagos,2021-04-19,33,22.6,27.2,42.1,22.6,30,23.6,81.7,0,0,0,,0,0,32.4,17,247.7,1011.6,43.7,9.5,203.2,17.4,7,,2021-04-19T06:36:57,2021-04-19T18:54:12,0.24,Partially cloudy,Partly cloudy throughout the day.,partly-cloudy-day,"VRJU8,DNMM,65201099999"
Lagos,2021-04-20,32,24.5,28.5,39.2,24.5,32.3,24.4,79.4,0.1,100,4.17,rain,0,0,39.6,19.5,231.6,1010.9,49.7,10.5,215.4,18.6,7,,2021-04-20T06:36:35,2021-04-20T18:54:10,0.25,"Rain, Partially cloudy",Partly cloudy throughout the day with morning rain.,rain,"VRJU8,DNMM,65201099999"
Lagos,2021-04-21,33,25.3,28.8,40.6,25.3,32.8,24.8,80.3,0,0,0,,0,0,31.7,24.9,229.6,1010.5,42.4,10.3,258,22.2,9,,2021-04-21T06:36:13,2021-04-21T18:54:07,0.31,Partially cloudy,Partly cloudy throughout the day.,partly-cloudy-day,"65210099999,VRJU8,DNMM,65201099999"
Lagos,2021-04-22,31,23.8,27.8,37.7,23.8,31.9,24.8,84.1,4,100,4.17,rain,0,0,32.4,33.5,248.5,1010.9,51.9,9.5,204.1,17.6,8,,2021-04-22T06:35:51,2021-04-22T18:54:05,0.34,"Rain, Partially cloudy",Partly cloudy throughout the day with afternoon rain.,rain,"65210099999,VRJU8,DNMM,65201099999"
Lagos,2021-04-23,34.2,25.2,29.4,42.5,25.2,35,25.3,79.4,0,0,0,,0,0,32.4,16.6,217.3,1010.2,58.4,9.8,246,21.1,9,,2021-04-23T06:35:30,2021-04-23T18:54:04,0.38,Partially cloudy,Partly cloudy throughout the day.,partly-cloudy-day,"DNMM,remote,65201099999"
Lagos,2021-04-24,33,27,29.3,40.6,31.2,35.4,25.6,80.9,0,0,0,,0,0,34.9,29.5,213.3,1010.1,59.1,10,207.7,17.8,8,,2021-04-24T06:35:10,2021-04-24T18:54:03,0.41,Partially cloudy,Partly cloudy throughout the day.,partly-cloudy-day,"DNMM,remote,65201099999"
Lagos,2021-04-25,32,25.9,28.8,39.2,25.9,33.8,25,80.9,0,0,0,,0,0,34.6,16.6,210.1,1010.3,54.9,9.7,210.9,18.1,7,,2021-04-25T06:34:50,2021-04-25T18:54:02,0.44,Partially cloudy,Partly cloudy throughout the day.,partly-cloudy-day,"65210099999,DNMM,65201099999"
Lagos,2021-04-26,34,26,29.5,42.1,26,34.6,25.2,79.1,0,0,0,,0,0,29.5,16.6,212.8,1009.9,48.6,9.8,236.7,20.5,7,,2021-04-26T06:34:30,2021-04-26T18:54:02,0.48,Partially cloudy,Partly cloudy throughout the day.,partly-cloudy-day,"DNMM,65201099999"
Lagos,2021-04-27,33,26.8,29.4,40.6,30.1,35.4,25.4,79.4,0,0,0,,0,0,38.2,18.4,226.7,1008.7,58.8,10,228.2,19.6,8,,2021-04-27T06:34:12,2021-04-27T18:54:02,0.5,Partially cloudy,Partly cloudy throughout the day.,partly-cloudy-day,"VRJU8,DNMM,65201099999"
Lagos,2021-04-28,31,24,27.8,36.2,24,31.2,24,80.8,1.3,100,4.17,rain,0,0,64.8,37.1,146.9,1009.9,55.1,9.7,218.5,18.8,7,,2021-04-28T06:33:53,2021-04-28T18:54:03,0.54,"Rain, Partially cloudy",Partly cloudy throughout the day with afternoon rain.,rain,"65210099999,VRJU8,DNMM,remote,65201099999"
Lagos,2021-04-29,32,23.7,27.9,39.3,23.7,31.3,24.5,82.5,0,0,0,,0,0,35.3,14.8,210.8,1010.2,53,9,256.7,22.2,9,,2021-04-29T06:33:36,2021-04-29T18:54:04,0.58,Partially cloudy,Partly cloudy throughout the day.,partly-cloudy-day,"VRJU8,DNMM,remote,65201099999"
Lagos,2021-04-30,34,24.5,28.9,41.6,24.5,33.6,25,80.4,0,0,0,,0,0,30.6,18.2,220.3,1010,58.3,9.7,237.5,20.4,9,,2021-04-30T06:33:19,2021-04-30T18:54:05,0.61,Partially cloudy,Partly cloudy throughout the day.,partly-cloudy-day,"VRJU8,DNMM,65201099999"
Lagos,2021-05-01,34,25.5,29.8,43.5,25.5,34.7,24.8,75.8,0.1,100,4.17,rain,0,0,34.2,20.5,221.9,1009.8,44.5,10,231.7,20,8,,2021-05-01T06:33:02,2021-05-01T18:54:07,0.65,"Rain, Partially cloudy",Partly cloudy throughout the day with morning rain.,rain,"VRJU8,DNMM,remote,65201099999"
Lagos,2021-05-02,34,27,30,42,31.1,36.5,25.5,77.6,0,0,0,,0,0,33.1,24.1,217.7,1009.5,47.8,10.1,234.2,20.2,8,,2021-05-02T06:32:47,2021-05-02T18:54:09,0.68,Partially cloudy,Partly cloudy throughout the day.,partly-cloudy-day,"VRJU8,DNMM,remote,65201099999"
Lagos,2021-05-03,34,23,28.4,42,23,33.5,25,82.8,4,100,4.17,rain,0,0,32.8,18.4,216.8,1009.6,66.9,9.7,181.1,15.7,6,,2021-05-03T06:32:32,2021-05-03T18:54:12,0.75,"Rain, Partially cloudy",Partly cloudy throughout the day with late afternoon rain.,rain,"VRJU8,DNMM,65201099999"
Lagos,2021-05-04,33,22.8,27.2,39.3,22.8,30.3,23.7,82.6,0,0,0,,0,0,30.2,14.8,265.8,1010.6,61.9,9,120.2,10.5,5,,2021-05-04T06:32:17,2021-05-04T18:54:15,0.75,Partially cloudy,Partly cloudy throughout the day.,partly-cloudy-day,"VRJU8,DNMM,65201099999"
Lagos,2021-05-05,33,25.7,28.9,40.8,25.7,33.3,25,80.4,0,0,0,,0,0,39.6,16.1,230.8,1010.5,48.8,9.4,227.3,19.7,8,,2021-05-05T06:32:03,2021-05-05T18:54:19,0.78,Partially cloudy,Partly cloudy throughout the day.,partly-cloudy-day,"VRJU8,DNMM,65201099999"
Lagos,2021-05-06,28,24,26.9,32,24,29.1,23.6,82.5,0,0,0,,0,0,41.8,22.3,216.1,1012.2,59.1,10,228,19.7,8,,2021-05-06T06:31:50,2021-05-06T18:54:23,0.82,Partially cloudy,Partly cloudy throughout the day.,partly-cloudy-day,"VRJU8,DNMM,remote,65201099999"
Lagos,2021-05-07,31.9,25,27.8,38.7,25,31.2,24.5,82.8,0,0,0,,0,0,35.3,20.5,221.6,1013.4,61.4,9.2,230.4,19.9,7,,2021-05-07T06:31:38,2021-05-07T18:54:28,0.85,Partially cloudy,Partly cloudy throughout the day.,partly-cloudy-day,"VRJU8,DNMM,remote,65201099999"
Lagos,2021-05-08,31,22,26.7,36.5,22,29.2,23,81.4,24,100,4.17,rain,0,0,38.9,14.8,247.3,1013.6,60.7,8.7,187.5,16,6,,2021-05-08T06:31:26,2021-05-08T18:54:33,0.89,"Rain, Partially cloudy",Partly cloudy throughout the day with early morning rain.,rain,"65210099999,VRJU8,DNMM,65201099999"
Lagos,2021-05-09,31,24.9,27.4,36.5,24.9,29.4,23.7,81.2,24,100,4.17,rain,0,0,29.2,25.9,213.7,1013.6,37.7,9.8,176.6,15.3,6,,2021-05-09T06:31:15,2021-05-09T18:54:38,0.92,"Rain, Partially cloudy",Partly cloudy throughout the day with early morning rain.,rain,"VRJU8,DNMM,remote,65201099999"
Lagos,2021-05-10,33,24,27.9,39.3,24,30.9,23.8,79.8,0,0,0,,0,0,24.5,20.5,197.1,1013.1,47.8,8,238.1,20.6,8,,2021-05-10T06:31:05,2021-05-10T18:54:44,0.95,Partially cloudy,Partly cloudy throughout the day.,partly-cloudy-day,"DNMM,remote,65201099999"
Lagos,2021-05-11,34,25,28.9,40.6,25,32.7,24.1,76,0.1,100,4.17,rain,0,0,33.5,20.5,218.4,1012.7,50.8,10,227.6,19.6,8,,2021-05-11T06:30:55,2021-05-11T18:54:50,0,"Rain, Partially cloudy",Partly cloudy throughout the day with afternoon rain.,rain,"DNMM,remote,65201099999"
Lagos,2021-05-12,33,25.9,28.9,40.6,25.9,33.5,24.7,78.6,0,0,0,,0,0,36.4,18.4,224.4,1012.4,54.1,10,211,18.2,7,,2021-05-12T06:30:46,2021-05-12T18:54:57,0.02,Partially cloudy,Partly cloudy throughout the day.,partly-cloudy-day,"DNMM,remote,65201099999"
Lagos,2021-05-13,32.2,24.9,27.8,40.6,24.9,30.9,24.5,83.3,7,100,8.33,rain,0,0,34.9,29.5,216.2,1011.7,52.9,9.4,232.3,19.9,8,,2021-05-13T06:30:38,2021-05-13T18:55:04,0.06,"Rain, Partially cloudy",Partly cloudy throughout the day with rain.,rain,"DNMM,remote,65201099999"
Lagos,2021-05-14,33,24,27.7,40.7,24,31.5,24.3,82.2,0.6,100,8.33,rain,0,0,25.9,16.6,188.8,1010.9,48.1,8.2,227.1,19.6,8,,2021-05-14T06:30:30,2021-05-14T18:55:12,0.09,"Rain, Partially cloudy",Partly cloudy throughout the day with afternoon rain.,rain,"VRJU8,DNMM,remote,65201099999"
Lagos,2021-05-15,34,25,28.3,40.6,25,31.5,24.3,80.7,0,0,0,,0,0,46.4,22.3,205,1011.1,50,9.7,245.4,21.2,9,,2021-05-15T06:30:23,2021-05-15T18:55:20,0.12,Partially cloudy,Partly cloudy throughout the day.,partly-cloudy-day,"DNMM,remote,65201099999"
Lagos,2021-05-16,34,24,28.4,42,24,32.4,24.3,79.3,0.1,100,4.17,rain,0,0,31.3,14.8,214.3,1011,51.7,9.3,225.8,19.4,8,,2021-05-16T06:30:17,2021-05-16T18:55:29,0.16,"Rain, Partially cloudy",Partly cloudy throughout the day with morning rain.,rain,"65210099999,VRJU8,DNMM,65201099999"
Lagos,2021-05-17,32,26.8,28.7,39.2,30,33.8,25.1,81,0.9,100,4.17,rain,0,0,26.6,15.1,230.6,1011.5,53.4,10.1,166.8,14.4,7,,2021-05-17T06:30:12,2021-05-17T18:55:37,0.19,"Rain, Partially cloudy",Partly cloudy throughout the day with afternoon rain.,rain,"VRJU8,DNMM,remote,65201099999"
Lagos,2021-05-18,31,26,28.2,38.1,26,32.7,25.2,84.2,1.1,100,12.5,rain,0,0,29.2,18.4,206.8,1012.3,61.5,9.7,133.2,11.5,6,,2021-05-18T06:30:07,2021-05-18T18:55:47,0.23,"Rain, Partially cloudy",Partly cloudy throughout the day with morning rain.,rain,"VRJU8,DNMM,remote,65201099999"
Lagos,2021-05-19,33,25,29.1,42.1,25,34.1,25.2,80.9,0,0,0,,0,0,27.4,16.6,226.2,1012.4,49.8,9.9,227.8,19.7,7,,2021-05-19T06:30:03,2021-05-19T18:55:56,0.25,Partially cloudy,Partly cloudy throughout the day.,partly-cloudy-day,"VRJU8,DNMM,remote,65201099999"
Lagos,2021-05-20,30.9,26.9,28.2,39.1,29.6,32.6,24.5,80.6,0,0,0,,0,0,24.5,22.3,218.3,1012.7,56.5,9.9,139.7,12,5,,2021-05-20T06:30:00,2021-05-20T18:56:07,0.3,Partially cloudy,Partly cloudy throughout the day.,partly-cloudy-day,"VRJU8,DNMM,remote,65201099999"
Lagos,2021-05-21,33,25,28.7,39.3,25,32.4,24,77,0,0,0,,0,0,33.1,16.7,215.4,1012.9,51.4,10.1,227.1,19.4,8,,2021-05-21T06:29:57,2021-05-21T18:56:17,0.33,Partially cloudy,Partly cloudy throughout the day.,partly-cloudy-day,"VRJU8,DNMM,65201099999"
Lagos,2021-05-22,27.2,22,25.6,31.2,22,26.6,23.5,88.6,16,100,4.17,rain,0,0,80.7,52.4,336.3,1014,68.2,9.1,139,11.9,4,,2021-05-22T06:29:55,2021-05-22T18:56:28,0.36,"Rain, Partially cloudy",Partly cloudy throughout the day with afternoon rain.,rain,"VRJU8,DNMM,remote,65201099999"
Lagos,2021-05-23,33,23.4,27.9,38.1,23.4,30.5,23.4,78.4,0,0,0,,0,0,22.7,22.3,183.2,1013.3,43.5,9.1,184.8,16.1,6,,2021-05-23T06:29:54,2021-05-23T18:56:39,0.4,Partially cloudy,Partly cloudy throughout the day.,partly-cloudy-day,"VRJU8,DNMM,65201099999"
Lagos,2021-05-24,33,25,28.7,39.3,25,32.4,24.6,80,0,0,0,,0,0,25.9,14.8,198.6,1012.6,40,10,240,20.7,8,,2021-05-24T06:29:53,2021-05-24T18:56:50,0.43,Partially cloudy,Partly cloudy throughout the day.,partly-cloudy-day,"VRJU8,DNMM,remote,65201099999"
Lagos,2021-05-25,33.2,26,29.4,40.7,26,34.8,25.2,79,0,0,0,,0,0,29.9,27.7,214.5,1012,50.6,10.2,210.9,18.1,8,,2021-05-25T06:29:53,2021-05-25T18:57:02,0.47,Partially cloudy,Partly cloudy throughout the day.,partly-cloudy-day,"65210099999,VRJU8,DNMM,remote,65201099999"
Lagos,2021-05-26,32.9,27,29.1,40.9,31.2,35.1,25.7,82.8,0.4,100,12.5,rain,0,0,35.3,20.2,216.6,1012,54.9,10,223.6,19.3,7,,2021-05-26T06:29:54,2021-05-26T18:57:14,0.5,"Rain, Partially cloudy",Partly cloudy throughout the day with afternoon rain.,rain,"65210099999,DNMM,remote,65201099999"
Lagos,2021-05-27,33.8,26.1,29.6,41.7,26.1,35.5,25.5,79.6,0.1,100,4.17,rain,0,0,33.1,20.5,216.2,1011.8,66.1,9.7,212.4,18.2,8,,2021-05-27T06:29:56,2021-05-27T18:57:27,0.53,"Rain, Partially cloudy",Partly cloudy throughout the day with late afternoon rain.,rain,"DNMM,remote,65201099999"
Lagos,2021-05-28,33,26.2,29.1,40.6,26.2,34,24.8,78.5,0,0,0,,0,0,27.7,16.6,208.1,1011.4,50.8,10.1,216.1,18.7,8,,2021-05-28T06:29:58,2021-05-28T18:57:39,0.57,Partially cloudy,Partly cloudy throughout the day.,partly-cloudy-day,"VRJU8,DNMM,65201099999"
Lagos,2021-05-29,33.1,26,29,42.3,26,34.2,25.2,80.9,0,0,0,,0,0,23.4,20.5,208.8,1011.2,61.2,9.8,195.2,16.8,7,,2021-05-29T06:30:00,2021-05-29T18:57:52,0.6,Partially cloudy,Partly cloudy throughout the day.,partly-cloudy-day,"VRJU8,DNMM,65201099999"
Lagos,2021-05-30,30.1,24,27.7,36.6,24,31.6,24.9,84.8,19,100,4.17,rain,0,0,27,16.6,204.2,1010.3,55.6,8.6,176.7,15.3,6,,2021-05-30T06:30:04,2021-05-30T18:58:06,0.63,"Rain, Partially cloudy",Partly cloudy throughout the day with afternoon rain.,rain,"65210099999,DNMM,remote,65201099999"
Lagos,2021-05-31,32.4,26,28.5,42.3,26,33.2,25.6,84.9,7,100,4.17,rain,0,0,33.1,16.6,241.9,1010.6,58.5,9.2,161.8,14,6,,2021-05-31T06:30:08,2021-05-31T18:58:19,0.67,"Rain, Partially cloudy",Partly cloudy throughout the day with late afternoon rain.,rain,"VRJU8,DNMM,65201099999"
Lagos,2021-06-01,29,24,26.3,35.6,24,28.1,24.4,89.4,11,100,8.33,rain,0,0,74.2,40.7,145.4,1011.8,58.4,8.5,160.6,13.8,7,,2021-06-01T06:30:12,2021-06-01T18:58:32,0.7,"Rain, Partially cloudy",Partly cloudy throughout the day with rain.,rain,"DNMM,remote,65201099999"
Lagos,2021-06-02,32,24,27.7,39.1,24,30.7,24.1,81.8,0,0,0,,0,0,28.1,16.6,207.3,1012,53.8,7.9,223.5,19.2,8,,2021-06-02T06:30:17,2021-06-02T18:58:46,0.75,Partially cloudy,Partly cloudy throughout the day.,partly-cloudy-day,"DNMM,remote,65201099999"
Lagos,2021-06-03,32.1,24.1,28.2,39.3,24.1,32.2,25,83.4,0.2,100,8.33,rain,0,0,31.7,14.8,204.2,1012.1,42.1,9.6,221.6,19.1,7,,2021-06-03T06:30:23,2021-06-03T18:59:00,0.77,"Rain, Partially cloudy",Partly cloudy throughout the day with rain in the morning and afternoon.,rain,"DNMM,remote,65201099999"
Lagos,2021-06-04,29.8,23.6,27.2,34,23.6,29.9,23.7,81.7,95,100,8.33,rain,0,0,55.4,35.3,210.6,1012.3,57.5,8.8,65.4,5.6,3,,2021-06-04T06:30:29,2021-06-04T18:59:14,0.8,"Rain, Partially cloudy",Partly cloudy throughout the day with rain in the morning and afternoon.,rain,"VRJU8,DNMM,remote,65201099999"
Lagos,2021-06-05,30,23.1,27,34.1,23.1,29.2,23.6,82.1,0.2,100,8.33,rain,0,0,24.1,15.1,168.3,1012.7,62.7,9.2,109.2,9.4,4,,2021-06-05T06:30:36,2021-06-05T18:59:28,0.83,"Rain, Partially cloudy",Partly cloudy throughout the day with rain clearing later.,rain,"VRJU8,DNMM,remote,65201099999"
Lagos,2021-06-06,32,24.9,27.6,37.7,24.9,30.4,24.2,82.6,0,0,0,,0,0,29.2,30.5,207.1,1011.9,47.3,8.8,233,20,7,,2021-06-06T06:30:44,2021-06-06T18:59:43,0.87,Partially cloudy,Partly cloudy throughout the day.,partly-cloudy-day,"65210099999,VRJU8,DNMM,65201099999"
Lagos,2021-06-07,32.9,24.8,28.1,40.6,24.8,31.8,24.7,82.9,0.1,100,4.17,rain,0,0,29.5,16.6,208.6,1011.5,49.2,9.1,237.5,20.5,8,,2021-06-07T06:30:52,2021-06-07T18:59:57,0.9,"Rain, Partially cloudy",Partly cloudy throughout the day with afternoon rain.,rain,"VRJU8,DNMM,remote,65201099999"
Lagos,2021-06-08,30.8,22,25.9,38.7,22,27.3,24.3,91.2,7,100,4.17,rain,0,0,25.2,11.2,266.9,1011.6,47.9,8.6,223.1,19.2,8,,2021-06-08T06:31:00,2021-06-08T19:00:12,0.93,"Rain, Partially cloudy",Partly cloudy throughout the day with late afternoon rain.,rain,"VRJU8,DNMM,remote,65201099999"
Lagos,2021-06-09,32.8,22,25,40.3,22,26.1,22.8,88.9,12,100,4.17,rain,0,0,90.7,24.1,60.6,1011.9,58.1,5.6,178.5,15.4,6,,2021-06-09T06:31:09,2021-06-09T19:00:26,0.97,"Rain, Partially cloudy",Partly cloudy throughout the day with late afternoon rain.,rain,"VRJU8,DNMM,remote,65201099999"
Lagos,2021-06-10,32,22.1,27.1,37.9,22.1,30.3,23.6,82.3,0.4,100,4.17,rain,0,0,20.5,14.8,179.1,1011.1,48.4,8.3,152.1,13.1,5,,2021-06-10T06:31:18,2021-06-10T19:00:41,0,"Rain, Partially cloudy",Partly cloudy throughout the day with early morning rain.,rain,"DNMM,remote,65201099999"
Lagos,2021-06-11,29.1,24,26.2,34.9,24,28.1,23.9,87.6,7,100,4.17,rain,0,0,31.3,33.5,313.1,1011.5,50.7,8.6,202.5,17.4,7,,2021-06-11T06:31:28,2021-06-11T19:00:55,0.04,"Rain, Partially cloudy",Partly cloudy throughout the day with afternoon rain.,rain,"VRJU8,DNMM,remote,65201099999"
Lagos,2021-06-12,32,24,27.1,39.2,24,29.5,24.1,84.5,0,0,0,,0,0,31.7,16.6,177.3,1013.1,45.9,8.6,228.3,19.6,7,,2021-06-12T06:31:38,2021-06-12T19:01:09,0.07,Partially cloudy,Partly cloudy throughout the day.,partly-cloudy-day,"DNMM,remote,65201099999"
Lagos,2021-06-13,31,23.8,27.3,37.7,23.8,30.4,24.2,83.8,0.1,100,4.17,rain,0,0,25.9,16.6,203.5,1013.2,55.7,9.8,185.3,16,6,,2021-06-13T06:31:49,2021-06-13T19:01:24,0.1,"Rain, Partially cloudy",Partly cloudy throughout the day with afternoon rain.,rain,"DNMM,remote,65201099999"
Lagos,2021-06-14,32,25.2,28.6,39.2,25.2,33.1,24.8,80.8,0,0,0,,0,0,31.7,16.6,228.3,1013.2,51.2,9.6,232.4,20.1,8,,2021-06-14T06:32:00,2021-06-14T19:01:38,0.14,Partially cloudy,Partly cloudy throughout the day.,partly-cloudy-day,"65210099999,DNMM,remote,65201099999"
Lagos,2021-06-15,33,25,28.7,42.1,25,33.4,25.3,82.9,0,0,0,,0,0,33.1,18.4,217.7,1012.8,49,9.8,211.9,18.2,8,,2021-06-15T06:32:11,2021-06-15T19:01:52,0.17,Partially cloudy,Partly cloudy throughout the day.,partly-cloudy-day,"65210099999,VRJU8,DNMM,65201099999"
Lagos,2021-06-16,31.1,24.9,27.8,37.7,24.9,31.4,24.6,83.3,51.3,100,8.33,rain,0,0,42.1,23.1,254.3,1013,46.8,9,187,16.1,7,,2021-06-16T06:32:23,2021-06-16T19:02:06,0.21,"Rain, Partially cloudy",Partly cloudy throughout the day with rain in the morning and afternoon.,rain,"VRJU8,DNMM,remote,65201099999"
Lagos,2021-06-17,33,25,27.7,40.6,25,30.7,24.5,83.7,2,100,4.17,rain,0,0,28.1,14.8,212.3,1014.5,46.7,10.5,163,14,6,,2021-06-17T06:32:34,2021-06-17T19:02:20,0.24,"Rain, Partially cloudy",Partly cloudy throughout the day with late afternoon rain.,rain,"65210099999,VRJU8,DNMM,remote,65201099999"
Lagos,2021-06-18,32,25,28.1,40.6,25,32.3,25.3,85.2,1,100,4.17,rain,0,0,26.6,17.1,211.3,1014.3,52.5,10.2,200.7,17.2,8,,2021-06-18T06:32:47,2021-06-18T19:02:34,0.25,"Rain, Partially cloudy",Partly cloudy throughout the day with early morning rain.,rain,"VRJU8,DNMM,65201099999"
Lagos,2021-06-19,31,25,27.7,39.1,25,31.2,24.9,85.4,2,100,4.17,rain,0,0,27.4,14.8,219,1013.6,55,9.1,141.2,12.4,6,,2021-06-19T06:32:59,2021-06-19T19:02:47,0.31,"Rain, Partially cloudy",Partly cloudy throughout the day with afternoon rain.,rain,"VRJU8,DNMM,remote,65201099999"
Lagos,2021-06-20,26.2,23,24.9,26.2,23,24.9,24,94.7,14,100,8.33,rain,0,0,28.4,11.2,245.8,1014.3,55.5,7.6,51.4,4.5,2,,2021-06-20T06:33:12,2021-06-20T19:03:01,0.35,"Rain, Partially cloudy",Partly cloudy throughout the day with rain.,rain,"VRJU8,DNMM,remote,65201099999"
Lagos,2021-06-21,29.8,23.3,26.1,34.6,23.3,27.9,23.7,86.9,0.4,100,4.17,rain,0,0,29.2,20.5,272.4,1014.8,61.3,9.7,109.8,9.4,4,,2021-06-21T06:33:25,2021-06-21T19:03:14,0.38,"Rain, Partially cloudy",Partly cloudy throughout the day with morning rain.,rain,"65210099999,VRJU8,DNMM,remote,65201099999"
Lagos,2021-06-22,32,20.5,26.4,39.2,20.5,28.1,23.1,82.7,4.7,100,25,rain,0,0,31.3,55.4,289.9,1014,58.3,10.3,135.4,11.8,6,,2021-06-22T06:33:38,2021-06-22T19:03:26,0.42,"Rain, Partially cloudy",Partly cloudy throughout the day with late afternoon rain.,rain,"VRJU8,DNMM,remote,65201099999"
Lagos,2021-06-23,26.4,20,24.6,26.4,20,24.6,22.6,88.7,36.9,100,95.83,rain,0,0,29.2,48.2,316.9,1013,96.1,10,68.3,5.9,3,,2021-06-23T06:33:51,2021-06-23T19:03:39,0.45,"Rain, Overcast",Cloudy skies throughout the day with a chance of rain throughout the day.,rain,"VRJU8,remote"
Lagos,2021-06-24,27.8,21.5,25.5,32,21.5,26.3,23.2,87,10.2,100,75,rain,0,0,19.4,33.5,224.8,1012.4,95,10,134.5,11.6,5,,2021-06-24T06:34:05,2021-06-24T19:03:51,0.5,"Rain, Overcast",Cloudy skies throughout the day with a chance of rain throughout the day.,rain,"VRJU8,remote"
Lagos,2021-06-25,28.8,24.7,26.8,34.1,24.7,29,24.4,86.7,4.2,100,54.17,rain,0,0,22.7,12.6,240.5,1012,79.3,,164.3,14.2,5,,2021-06-25T06:34:18,2021-06-25T19:04:03,0.52,"Rain, Partially cloudy",Partly cloudy throughout the day with a chance of rain throughout the day.,rain,remote
Lagos,2021-06-26,26.7,23,25,26.7,23,25,23.3,90.6,22.7,100,79.17,rain,0,0,26.3,15.8,289.9,1011.5,98.9,,42.3,3.8,2,,2021-06-26T06:34:32,2021-06-26T19:04:14,0.56,"Rain, Overcast",Cloudy skies throughout the day with a chance of rain throughout the day.,rain,remote
Lagos,2021-06-27,27.7,22.9,25.5,31.1,22.9,26.4,23.1,86.4,0.8,100,16.67,rain,0,0,26.3,12.2,138,1011.4,80,,195.2,16.8,7,,2021-06-27T06:34:46,2021-06-27T19:04:25,0.59,"Rain, Partially cloudy",Partly cloudy throughout the day with afternoon rain.,rain,remote
Lagos,2021-06-28,30.6,20,26.3,35.4,20,27.9,23.4,84.4,7.1,100,45.83,rain,0,0,31,57.6,265,1013.6,64.4,11.6,210.7,18.1,7,,2021-06-28T06:35:00,2021-06-28T19:04:36,0.62,"Rain, Partially cloudy",Partly cloudy throughout the day with rain.,rain,"VRJU8,remote,65201099999"
Lagos,2021-06-29,28,19.5,25,32.1,19.5,25.8,22.6,86.6,13.4,100,50,rain,0,0,24.5,57.6,316.5,1015.1,83.8,12,155.8,13.5,6,,2021-06-29T06:35:14,2021-06-29T19:04:46,0.65,"Rain, Partially cloudy",Partly cloudy throughout the day with a chance of rain throughout the day.,rain,"VRJU8,remote"
Lagos,2021-06-30,31,19,26.8,36.5,19,29,23.1,80.7,1,100,25,rain,0,0,30.2,31.7,245.9,1014.8,68.6,9.9,199.8,17.3,7,,2021-06-30T06:35:27,2021-06-30T19:04:56,0.69,"Rain, Partially cloudy",Partly cloudy throughout the day with rain clearing later.,rain,"VRJU8,DNMM,remote,65201099999"
Lagos,2021-07-01,33,24,27.7,40.6,24,30.4,24.1,81.7,1,100,4.17,rain,0,0,25.9,20.5,248.8,1014.5,56.1,9.6,178.4,15.3,6,,2021-07-01T06:35:41,2021-07-01T19:05:05,0.75,"Rain, Partially cloudy",Partly cloudy throughout the day with late afternoon rain.,rain,"VRJU8,DNMM,remote,65201099999"
Lagos,2021-07-02,31,25,27.4,39.1,25,30.9,25.1,87.5,1.1,100,4.17,rain,0,0,24.8,22.3,233.4,1013.9,63,8.7,130,11.2,5,,2021-07-02T06:35:55,2021-07-02T19:05:14,0.75,"Rain, Partially cloudy",Partly cloudy throughout the day with morning rain.,rain,"VRJU8,DNMM,remote,65201099999"
Lagos,2021-07-03,29,23.1,26.2,34.5,23.1,28.2,24.5,90.7,36,100,4.17,rain,0,0,29.5,25.9,245.5,1014.5,60.5,8.8,123,10.7,5,,2021-07-03T06:36:09,2021-07-03T19:05:22,0.78,"Rain, Partially cloudy",Partly cloudy throughout the day with late afternoon rain.,rain,"VRJU8,DNMM,65201099999"
Lagos,2021-07-04,31,22,25.7,36.5,22,27.2,23,85.9,4,100,4.17,rain,0,0,32,27.7,249.1,1015.3,55.3,9.7,122.7,10.6,4,,2021-07-04T06:36:22,2021-07-04T19:05:30,0.82,"Rain, Partially cloudy",Partly cloudy throughout the day with early morning rain.,rain,"VRJU8,DNMM,remote,65201099999"
Lagos,2021-07-05,32,24,27.3,37.9,24,30,23.6,80.9,0,0,0,,0,0,31.7,20.5,229.2,1015.3,41.5,10.8,243,21,8,,2021-07-05T06:36:36,2021-07-05T19:05:37,0.85,Partially cloudy,Partly cloudy throughout the day.,partly-cloudy-day,"VRJU8,DNMM,remote,65201099999"
Lagos,2021-07-06,31,22,27.5,36.5,22,30.5,23.9,81.4,0,0,0,,0,0,29.9,31.2,220.3,1014.5,56.3,9.2,207.5,17.9,7,,2021-07-06T06:36:49,2021-07-06T19:05:44,0.88,Partially cloudy,Partly cloudy throughout the day.,partly-cloudy-day,"VRJU8,DNMM,remote,65201099999"
Lagos,2021-07-07,30,21,25.4,35.1,21,27.3,22.8,86.6,4,100,8.33,rain,0,0,37.1,24.1,242.1,1012.9,60.3,8.4,197.8,17,8,,2021-07-07T06:37:02,2021-07-07T19:05:50,0.92,"Rain, Partially cloudy",Partly cloudy throughout the day with rain clearing later.,rain,"VRJU8,DNMM,65201099999"
Lagos,2021-07-08,28,24,26.1,32.7,24,27.7,24.5,90.6,1,100,4.17,rain,0,0,34.9,22.3,230.7,1014.5,62.7,9.6,200.5,17.3,7,,2021-07-08T06:37:16,2021-07-08T19:05:55,0.95,"Rain, Partially cloudy",Partly cloudy throughout the day with afternoon rain.,rain,"VRJU8,DNMM,remote,65201099999"
Lagos,2021-07-09,28,24.9,25.9,31.9,24.9,26.9,24.2,90.9,27,100,8.33,rain,0,0,29.5,22.3,223.5,1014.7,72.8,8.2,148.6,12.7,5,,2021-07-09T06:37:28,2021-07-09T19:06:00,0.98,"Rain, Partially cloudy",Partly cloudy throughout the day with rain in the morning and afternoon.,rain,"VRJU8,DNMM,remote,65201099999"
Lagos,2021-07-10,30,23,26.9,35.5,23,29,23.2,81.2,1,100,4.17,rain,0,0,29.9,20.5,227.8,1014.6,62.8,9.6,207.8,17.9,7,,2021-07-10T06:37:41,2021-07-10T19:06:04,0,"Rain, Partially cloudy",Partly cloudy throughout the day with morning rain.,rain,"VRJU8,DNMM,remote,65201099999"
Lagos,2021-07-11,29.7,24,27.5,33.8,24,30.1,22.8,76.2,0,0,0,,0,0,32.8,20.5,240.4,1015.3,54.3,9.5,220.9,19.2,8,,2021-07-11T06:37:53,2021-07-11T19:06:08,0.05,Partially cloudy,Partly cloudy throughout the day.,partly-cloudy-day,"VRJU8,DNMM,65201099999"
Lagos,2021-07-12,30,24,26.7,35.1,24,28.5,23.6,83.5,0,0,0,,0,0,37.1,25.9,234.6,1015.7,55.5,9.5,197.4,16.9,7,,2021-07-12T06:38:06,2021-07-12T19:06:11,0.09,Partially cloudy,Partly cloudy throughout the day.,partly-cloudy-day,"VRJU8,DNMM,65201099999"
Lagos,2021-07-13,31.2,24,27.3,35.5,24,29.4,23.5,80.8,0,0,0,,0,0,36.7,29.5,240.2,1014.5,50.6,9.4,235.8,20.4,8,,2021-07-13T06:38:17,2021-07-13T19:06:13,0.12,Partially cloudy,Partly cloudy throughout the day.,partly-cloudy-day,"65210099999,VRJU8,DNMM,65201099999"
Lagos,2021-07-14,28.8,25,26.7,33.9,25,28.3,23.5,83.2,0.1,100,4.17,rain,0,0,36.7,23.1,229.7,1014,63.8,8.8,169.6,14.5,7,,2021-07-14T06:38:29,2021-07-14T19:06:15,0.16,"Rain, Partially cloudy",Partly cloudy throughout the day with morning rain.,rain,"65210099999,VRJU8,DNMM,remote,65201099999"
Lagos,2021-07-15,30,25,26.4,36.1,25,27.9,23.8,86.3,50,100,4.17,rain,0,0,36.4,18.4,247.1,1013.1,51.4,7.7,181.7,15.7,7,,2021-07-15T06:38:40,2021-07-15T19:06:16,0.19,"Rain, Partially cloudy",Partly cloudy throughout the day with late afternoon rain.,rain,"VRJU8,DNMM,65201099999"
Lagos,2021-07-16,26,22,24.1,26,22,24.1,23.3,95.6,2,100,4.17,rain,0,0,55.4,31.7,233.7,1013.3,55.8,6.5,32.8,2.9,2,,2021-07-16T06:38:51,2021-07-16T19:06:16,0.23,"Rain, Partially cloudy",Partly cloudy throughout the day with afternoon rain.,rain,"VRJU8,DNMM,65201099999"
Lagos,2021-07-17,29.4,22,25.2,35,22,26.8,23.4,90.3,0.3,100,4.17,rain,0,0,31.7,24.1,221.1,1015.1,52.7,8.4,147,12.7,6,,2021-07-17T06:39:02,2021-07-17T19:06:15,0.25,"Rain, Partially cloudy",Partly cloudy throughout the day with morning rain.,rain,"VRJU8,DNMM,remote,65201099999"
Lagos,2021-07-18,28.7,24,26.3,32.7,24,28,23.7,86.1,0.2,100,8.33,rain,0,0,33.1,29.5,231.9,1014.8,58.4,9.6,139.5,12,5,,2021-07-18T06:39:12,2021-07-18T19:06:14,0.3,"Rain, Partially cloudy",Partly cloudy throughout the day with afternoon rain.,rain,"VRJU8,DNMM,remote,65201099999"
Lagos,2021-07-19,29.1,24,26.7,32.7,24,28.4,22.9,80.6,0.1,100,4.17,rain,0,0,35.6,26.9,238.8,1014.4,60.5,9.5,169.6,14.5,6,,2021-07-19T06:39:22,2021-07-19T19:06:12,0.33,"Rain, Partially cloudy",Partly cloudy throughout the day with morning rain.,rain,"VRJU8,DNMM,remote,65201099999"
Lagos,2021-07-20,28,25,26.3,31.9,25,27.5,23.3,83.7,2,100,4.17,rain,0,0,31,24.1,237.8,1015.3,58,8.9,167,14.5,6,,2021-07-20T06:39:32,2021-07-20T19:06:10,0.37,"Rain, Partially cloudy",Partly cloudy throughout the day with afternoon rain.,rain,"VRJU8,DNMM,remote,65201099999"
Lagos,2021-07-21,30.1,24.9,26.6,34.4,24.9,28.1,23.1,81.5,2,100,4.17,rain,0,0,38.5,25.9,230.1,1016.7,49.1,9.9,220.9,19,8,,2021-07-21T06:39:41,2021-07-21T19:06:06,0.41,"Rain, Partially cloudy",Partly cloudy throughout the day with early morning rain.,rain,"VRJU8,DNMM,remote,65201099999"
Lagos,2021-07-22,29.2,24,26.4,32.7,24,27.7,22.5,79.8,0,0,0,,0,0,35.6,20.5,228.9,1017.1,46.7,9.4,161.2,13.9,5,,2021-07-22T06:39:49,2021-07-22T19:06:02,0.44,Partially cloudy,Partly cloudy throughout the day.,partly-cloudy-day,"DNMM,65201099999"
Lagos,2021-07-23,30,24,26.7,34.9,24,28.6,23.2,81.5,0,0,0,,0,0,35.6,24.1,229.4,1016.1,51.7,9.7,223.8,19.3,8,,2021-07-23T06:39:58,2021-07-23T19:05:57,0.48,Partially cloudy,Partly cloudy throughout the day.,partly-cloudy-day,"VRJU8,DNMM,65201099999"
Lagos,2021-07-24,31,24,27,35.5,24,28.6,22.8,78.9,0,0,0,,0,0,37.8,22.3,232.7,1015.3,45.6,9.9,227.6,19.7,8,,2021-07-24T06:40:06,2021-07-24T19:05:52,0.5,Partially cloudy,Partly cloudy throughout the day.,partly-cloudy-day,"VRJU8,DNMM,65201099999"
Lagos,2021-07-25,30,24,27.2,34.1,24,28.8,22.4,76.1,0,0,0,,0,0,40.7,24.1,225.4,1014.7,54.1,9.8,217.6,18.9,8,,2021-07-25T06:40:13,2021-07-25T19:05:45,0.54,Partially cloudy,Partly cloudy throughout the day.,partly-cloudy-day,"VRJU8,DNMM,65201099999"
Lagos,2021-07-26,28.8,24.1,26.3,32.3,24.1,27.5,22.3,78.9,0,0,0,,0,0,38.5,31.7,236.1,1014.4,57.7,9.9,156.1,13.4,7,,2021-07-26T06:40:20,2021-07-26T19:05:38,0.58,Partially cloudy,Partly cloudy throughout the day.,partly-cloudy-day,"VRJU8,DNMM,remote,65201099999"
Lagos,2021-07-27,28,24,25.8,30.6,24,26.6,22.3,81.6,0,0,0,,0,0,39.6,24.1,230.8,1014.2,57.7,9.9,87.4,7.4,3,,2021-07-27T06:40:27,2021-07-27T19:05:30,0.61,Partially cloudy,Partly cloudy throughout the day.,partly-cloudy-day,"VRJU8,DNMM,65201099999"
Lagos,2021-07-28,31,24,26.7,35.5,24,28.6,22.8,79.8,0.1,100,4.17,rain,0,0,34.9,20.5,219,1014.2,50,10,215.9,18.6,7,,2021-07-28T06:40:33,2021-07-28T19:05:22,0.64,"Rain, Partially cloudy",Partly cloudy throughout the day with afternoon rain.,rain,"VRJU8,DNMM,remote,65201099999"
Lagos,2021-07-29,31,24,27,34.6,24,28.4,22.4,76.4,0,0,0,,0,0,37.4,25.9,237.1,1014.5,41.3,9.3,227.8,19.8,7,,2021-07-29T06:40:38,2021-07-29T19:05:12,0.67,Partially cloudy,Partly cloudy throughout the day.,partly-cloudy-day,"VRJU8,DNMM,remote,65201099999"
Lagos,2021-07-30,29.5,24,26.8,33.5,24,28.7,22.5,77.6,0,0,0,,0,0,29.9,18.4,226.4,1014.7,48.4,9.1,178.3,15.4,6,,2021-07-30T06:40:43,2021-07-30T19:05:02,0.71,Partially cloudy,Partly cloudy throughout the day.,partly-cloudy-day,"VRJU8,DNMM,65201099999"
Lagos,2021-07-31,31,25,27.7,35.3,25,30.2,23.2,77.1,0,0,0,,0,0,36,22.3,223.5,1015.2,57.4,9.5,234.1,20.3,8,,2021-07-31T06:40:48,2021-07-31T19:04:52,0.75,Partially cloudy,Partly cloudy throughout the day.,partly-cloudy-day,"DNMM,65201099999"
Lagos,2021-08-01,31,24.2,27.1,35.5,24.2,28.8,23.4,81,0,0,0,,0,0,32.8,33.8,234.2,1016.8,54.3,9.6,204.7,17.7,7,,2021-08-01T06:40:52,2021-08-01T19:04:40,0.77,Partially cloudy,Partly cloudy throughout the day.,partly-cloudy-day,"65210099999,VRJU8,65202099999,DNMM,65201099999"
Lagos,2021-08-02,29,25,26.5,33.6,25,28,23.6,84.7,0,0,0,,0,0,32.8,16.6,247.4,1016,45,9.6,161.6,13.9,6,,2021-08-02T06:40:56,2021-08-02T19:04:28,0.8,Partially cloudy,Partly cloudy throughout the day.,partly-cloudy-day,"VRJU8,DNMM,65201099999"
Lagos,2021-08-03,30.1,23.9,26.5,35.1,23.9,28.2,23.5,83.9,0,0,0,,0,0,34.6,29.5,231.7,1014.7,60.9,9.3,155.5,13.5,6,,2021-08-03T06:40:59,2021-08-03T19:04:15,0.83,Partially cloudy,Partly cloudy throughout the day.,partly-cloudy-day,"DNMM,65201099999"
Lagos,2021-08-04,30,23.9,26.5,35.1,23.9,28.1,23.5,84.3,0.1,100,4.17,rain,0,0,31.7,24.1,223.1,1015.1,67.4,8.8,167,14.4,5,,2021-08-04T06:41:02,2021-08-04T19:04:01,0.87,"Rain, Partially cloudy",Partly cloudy throughout the day with early morning rain.,rain,"65210099999,DNMM,remote,65201099999"
Lagos,2021-08-05,28,23.1,25.7,32.1,23.1,26.8,23.7,89.1,38,100,8.33,rain,0,0,27.7,22.3,227.7,1017,52.2,8.7,83.3,7.1,3,,2021-08-05T06:41:04,2021-08-05T19:03:47,0.9,"Rain, Partially cloudy",Partly cloudy throughout the day with rain in the morning and afternoon.,rain,"DNMM,remote,65201099999"
Lagos,2021-08-06,31,25,26.5,35.5,25,28,23.8,85.6,0.1,100,4.17,rain,0,0,27.7,24.8,236.5,1016.3,54.3,9.1,122.8,10.5,6,,2021-08-06T06:41:06,2021-08-06T19:03:31,0.93,"Rain, Partially cloudy",Partly cloudy throughout the day with early morning rain.,rain,"65210099999,VRJU8,DNMM,remote,65201099999"
Lagos,2021-08-07,29,24.2,25.8,33.9,24.2,26.6,24,90.2,4,100,4.17,rain,0,0,37.8,18.4,236.6,1015.3,52.4,8.4,152.7,13.3,6,,2021-08-07T06:41:07,2021-08-07T19:03:16,0.96,"Rain, Partially cloudy",Partly cloudy throughout the day with late afternoon rain.,rain,"65210099999,VRJU8,DNMM,remote,65201099999"
Lagos,2021-08-08,26.8,23,24.9,29.2,23,25,23.3,91.1,3,100,4.17,rain,0,0,34.6,27.7,243,1015,64.1,8.4,128.1,11.1,4,,2021-08-08T06:41:08,2021-08-08T19:02:59,0,"Rain, Partially cloudy",Partly cloudy throughout the day with afternoon rain.,rain,"65210099999,VRJU8,DNMM,remote,65201099999"
Lagos,2021-08-09,29.2,24.9,26.6,33.6,24.9,28.1,23.5,84.1,1,100,4.17,rain,0,0,35.6,27.7,229.7,1015.9,54.7,9.6,204.5,17.6,7,,2021-08-09T06:41:08,2021-08-09T19:02:42,0.03,"Rain, Partially cloudy",Partly cloudy throughout the day with morning rain.,rain,"65210099999,DNMM,65201099999"
Lagos,2021-08-10,29.2,24,26.2,33.2,24,27.4,23.4,85.5,0.1,100,4.17,rain,0,0,35.3,24.1,233.9,1015.2,61.7,8.8,149.3,13,6,,2021-08-10T06:41:08,2021-08-10T19:02:24,0.07,"Rain, Partially cloudy",Partly cloudy throughout the day with afternoon rain.,rain,"DNMM,remote,65201099999"
Lagos,2021-08-11,28,24,26,31.3,24,27.1,23.1,84.4,0,0,0,,0,0,51.8,33.5,241.8,1014.1,56.7,10,198.9,17.3,8,,2021-08-11T06:41:08,2021-08-11T19:02:05,0.1,Partially cloudy,Partly cloudy throughout the day.,partly-cloudy-day,"DNMM,65201099999"
Lagos,2021-08-12,30,24,26.6,35.2,24,28.3,23.8,85.3,1,100,4.17,rain,0,0,36.7,25.9,209.3,1014.3,66.9,10,233.4,20.1,8,,2021-08-12T06:41:07,2021-08-12T19:01:46,0.14,"Rain, Partially cloudy",Partly cloudy throughout the day with morning rain.,rain,"DNMM,remote,65201099999"
Lagos,2021-08-13,29,24.9,26.1,32.7,24.9,27.1,23.2,84.3,0.2,100,4.17,rain,0,0,34.6,55.4,220.1,1015,75.7,9,165.3,14.3,7,,2021-08-13T06:41:05,2021-08-13T19:01:26,0.18,"Rain, Partially cloudy",Partly cloudy throughout the day with early morning rain.,rain,"DNMM,remote,65201099999"
Lagos,2021-08-14,30,24,26.5,34.1,24,28,23.2,82.2,0,0,0,,0,0,32,27.7,231.3,1014,54.7,9.8,156.6,13.4,5,,2021-08-14T06:41:03,2021-08-14T19:01:06,0.21,Partially cloudy,Partly cloudy throughout the day.,partly-cloudy-day,"DNMM,65201099999"
Lagos,2021-08-15,31,24,26.6,35.5,24,28.1,22.8,80.3,0,0,0,,0,0,35.3,24.1,230.7,1013.1,51,9.8,188.5,16.2,7,,2021-08-15T06:41:00,2021-08-15T19:00:45,0.25,Partially cloudy,Partly cloudy throughout the day.,partly-cloudy-day,"DNMM,65201099999"
Lagos,2021-08-16,31,24,27,34.6,24,28.4,22.5,77.5,0,0,0,,0,0,31.3,25.9,229.6,1013.6,49.3,9.7,118.9,10.2,4,,2021-08-16T06:40:58,2021-08-16T19:00:23,0.28,Partially cloudy,Partly cloudy throughout the day.,partly-cloudy-day,"DNMM,65201099999"
Lagos,2021-08-17,29,24.9,26.5,33.6,24.9,28.2,23.6,84.4,0.1,100,4.17,rain,0,0,31.7,20.5,234.3,1014.8,58.9,10,201.9,17.4,6,,2021-08-17T06:40:54,2021-08-17T19:00:01,0.32,"Rain, Partially cloudy",Partly cloudy throughout the day with afternoon rain.,rain,"65210099999,DNMM,remote,65201099999"
Lagos,2021-08-18,29,24,26.4,33.6,24,27.6,23.2,83.3,0,0,0,,0,0,32.4,18.4,236.6,1015.1,54.5,9.6,152.9,13.3,6,,2021-08-18T06:40:50,2021-08-18T18:59:38,0.35,Partially cloudy,Partly cloudy throughout the day.,partly-cloudy-day,"65210099999,DNMM,remote,65201099999"
Lagos,2021-08-19,31,25,26.7,35.6,25,28,23.3,82.2,0.4,100,8.33,rain,0,0,29.2,20.5,251.9,1013.4,57.8,9.8,147.3,12.6,6,,2021-08-19T06:40:46,2021-08-19T18:59:15,0.39,"Rain, Partially cloudy",Partly cloudy throughout the day with rain.,rain,"65210099999,DNMM,remote,65201099999"
Lagos,2021-08-20,27,24.8,25.9,30.1,24.8,26.7,23.3,86,0,0,0,,0,0,34.2,22.3,233.4,1012.4,53.7,9.9,149.7,12.9,6,,2021-08-20T06:40:41,2021-08-20T18:58:51,0.43,Partially cloudy,Partly cloudy throughout the day.,partly-cloudy-day,"65210099999,DNMM,65201099999"
Lagos,2021-08-21,27,24,25.1,30.2,24,25.4,23.6,91.6,7,100,4.17,rain,0,0,35.3,18.4,231.6,1013,66.6,8.4,40,3.4,2,,2021-08-21T06:40:36,2021-08-21T18:58:26,0.46,"Rain, Partially cloudy",Partly cloudy throughout the day with afternoon rain.,rain,"DNMM,65201099999"
Lagos,2021-08-22,30,23.8,25.7,36.2,23.8,26.9,23.8,89.4,2,100,4.17,rain,0,0,22.3,18.4,220.2,1012.8,60.9,8.3,93.7,8.1,3,,2021-08-22T06:40:31,2021-08-22T18:58:01,0.5,"Rain, Partially cloudy",Partly cloudy throughout the day with afternoon rain.,rain,"DNMM,remote,65201099999"
Lagos,2021-08-23,30.8,23.2,26.4,37.2,23.2,28.3,23.9,86.4,2,100,4.17,rain,0,0,28.8,22.3,229.5,1011.6,59.8,8.7,171.2,14.7,8,,2021-08-23T06:40:25,2021-08-23T18:57:36,0.53,"Rain, Partially cloudy",Partly cloudy throughout the day with early morning rain.,rain,"DNMM,65201099999"
Lagos,2021-08-24,29,25,26.6,33.6,25,28.3,24,86,1,100,16.67,rain,0,0,27.4,22.3,226.3,1010.8,72.3,9.9,172.2,14.9,6,,2021-08-24T06:40:19,2021-08-24T18:57:10,0.56,"Rain, Partially cloudy",Partly cloudy throughout the day with rain.,rain,"65210099999,DNMM,remote,65201099999"
Lagos,2021-08-25,30,24.9,26.9,35.1,24.9,28.8,23.6,83,6,100,4.17,rain,0,0,29.5,25.9,213.8,1011.2,60.4,9.9,166.5,14.5,6,,2021-08-25T06:40:12,2021-08-25T18:56:43,0.6,"Rain, Partially cloudy",Partly cloudy throughout the day with early morning rain.,rain,"DNMM,remote,65201099999"
Lagos,2021-08-26,29,25,26.8,34.5,25,28.4,23.6,82.9,3,100,4.17,rain,0,0,28.1,17.3,243.8,1012.5,57.2,9.6,187.1,16.2,7,,2021-08-26T06:40:06,2021-08-26T18:56:17,0.63,"Rain, Partially cloudy",Partly cloudy throughout the day with afternoon rain.,rain,"DNMM,remote,65201099999"
Lagos,2021-08-27,29,25,26.4,34.4,25,27.9,24.1,87.5,0,0,0,,0,0,28.1,25.9,232.3,1013.7,63,9.8,168,14.6,6,,2021-08-27T06:39:58,2021-08-27T18:55:49,0.66,Partially cloudy,Partly cloudy throughout the day.,partly-cloudy-day,"65210099999,DNMM,65201099999"
Lagos,2021-08-28,30.5,23.8,26.2,35.8,23.8,27.8,23.7,86.4,4,100,4.17,rain,0,0,29.9,18.4,234.4,1013.6,59.3,9.7,208.5,18.2,8,,2021-08-28T06:39:51,2021-08-28T18:55:22,0.69,"Rain, Partially cloudy",Partly cloudy throughout the day with afternoon rain.,rain,"DNMM,remote,65201099999"
Lagos,2021-08-29,28,25,26.2,32.7,25,27.2,24,88.2,1.1,100,20.83,rain,0,0,26.6,22.3,241,1011.3,82.8,9.8,147.2,12.7,6,,2021-08-29T06:39:43,2021-08-29T18:54:53,0.72,"Rain, Partially cloudy",Partly cloudy throughout the day with rain clearing later.,rain,"DNMM,remote,65201099999"
Lagos,2021-08-30,30,25,26.8,36,25,28.8,24.2,85.9,4,100,4.17,rain,0,0,29.5,27.7,223.7,1011.6,60.8,9.8,149.4,12.8,5,,2021-08-30T06:39:35,2021-08-30T18:54:25,0.75,"Rain, Partially cloudy",Partly cloudy throughout the day with morning rain.,rain,"65210099999,DNMM,65201099999"
Lagos,2021-08-31,29.1,25,26.7,34.5,25,28.6,24.3,87.5,4,100,4.17,rain,0,0,26.6,14.8,255.2,1012.2,60.6,9.5,195.7,16.9,7,,2021-08-31T06:39:26,2021-08-31T18:53:56,0.79,"Rain, Partially cloudy",Partly cloudy throughout the day with afternoon rain.,rain,"DNMM,65201099999"
Lagos,2021-09-01,31,23,26.9,39.1,23,29.7,24.5,87,2.7,100,8.33,rain,0,0,33.8,24.1,227.5,1011.5,67.7,9.2,155.4,13.4,7,,2021-09-01T06:39:18,2021-09-01T18:53:27,0.82,"Rain, Partially cloudy",Partly cloudy throughout the day with rain.,rain,"65210099999,DNMM,remote,65201099999"
Lagos,2021-09-02,29,22,24.6,33.6,22,25.5,23,91.3,88,100,8.33,rain,0,0,31,16.6,219.1,1012.4,85.3,7.4,86.8,7.3,3,,2021-09-02T06:39:09,2021-09-02T18:52:57,0.85,"Rain, Partially cloudy",Partly cloudy throughout the day with rain.,rain,"DNMM,remote,65201099999"
Lagos,2021-09-03,25.1,22,24.1,25.1,22,24.1,23,94,75,100,4.17,rain,0,0,30.6,18.4,257,1013.5,56.1,7.3,89.1,7.7,4,,2021-09-03T06:39:00,2021-09-03T18:52:28,0.88,"Rain, Partially cloudy",Partly cloudy throughout the day with afternoon rain.,rain,"65210099999,DNMM,remote,65201099999"
Lagos,2021-09-04,30,22.8,25.2,36.2,22.8,26.4,23.3,89.7,0,0,0,,0,0,31.3,20.5,263.3,1013,55.4,8.2,178.8,15.7,7,,2021-09-04T06:38:50,2021-09-04T18:51:58,0.92,Partially cloudy,Partly cloudy throughout the day.,partly-cloudy-day,"DNMM,65201099999"
Lagos,2021-09-05,31,23.9,26.2,37.7,23.9,27.8,23.7,86.8,4,100,4.17,rain,0,0,32.8,18.4,247.1,1013.4,61.7,8.2,151.8,13.3,5,,2021-09-05T06:38:40,2021-09-05T18:51:27,0.95,"Rain, Partially cloudy",Partly cloudy throughout the day with late afternoon rain.,rain,"DNMM,65201099999"
Lagos,2021-09-06,28.9,24,25.8,34.2,24,27.1,24.3,91.6,0.2,100,4.17,rain,0,0,23.4,20.5,227.7,1013.5,58.3,8.7,87.7,7.4,3,,2021-09-06T06:38:31,2021-09-06T18:50:57,0.98,"Rain, Partially cloudy",Partly cloudy throughout the day with afternoon rain.,rain,"DNMM,65201099999"
Lagos,2021-09-07,30.8,24,26.2,36.2,24,27.9,24.2,89.4,31,100,4.17,rain,0,0,55.4,37.1,241.4,1013.2,64.3,8.9,218,18.8,7,,2021-09-07T06:38:21,2021-09-07T18:50:26,0,"Rain, Partially cloudy",Partly cloudy throughout the day with late afternoon rain.,rain,"DNMM,remote,65201099999"
Lagos,2021-09-08,30.1,23.8,26.9,35.1,23.8,28.8,24,85,0,0,0,,0,0,28.4,24.1,217.3,1012.5,65.8,9.8,218,18.7,7,,2021-09-08T06:38:10,2021-09-08T18:49:55,0.05,Partially cloudy,Partly cloudy throughout the day.,partly-cloudy-day,"VRJU8,DNMM,remote,65201099999"
Lagos,2021-09-09,31,24.1,27.2,37.7,24.1,29.7,24.3,85.1,0.3,100,8.33,rain,0,0,29.5,25.9,211.8,1012.8,63.9,9.5,227.4,19.4,7,,2021-09-09T06:38:00,2021-09-09T18:49:23,0.09,"Rain, Partially cloudy",Partly cloudy throughout the day with early morning rain.,rain,"VRJU8,DNMM,remote,65201099999"
Lagos,2021-09-10,31,25,26.8,37.7,25,28.4,24.3,86.7,2.9,100,33.33,rain,0,0,28.1,18.4,242.3,1013.5,81.7,10.7,120.4,10.4,5,,2021-09-10T06:37:50,2021-09-10T18:48:52,0.12,"Rain, Partially cloudy",Partly cloudy throughout the day with rain.,rain,"65210099999,VRJU8,DNMM,remote,65201099999"
Lagos,2021-09-11,30.1,24.8,26.4,35.2,24.8,27.8,24,87.2,1,100,4.17,rain,0,0,26.3,14.4,249.6,1014.5,48.2,9.5,89.2,7.9,4,,2021-09-11T06:37:39,2021-09-11T18:48:21,0.16,"Rain, Partially cloudy",Partly cloudy throughout the day with late afternoon rain.,rain,"VRJU8,DNMM,remote,65201099999"
Lagos,2021-09-12,32,24.9,27.1,37.9,24.9,29.7,24.2,85.2,0,0,0,,0,0,39.2,22.3,236.3,1013.7,47.4,9.9,204.1,17.9,8,,2021-09-12T06:37:29,2021-09-12T18:47:49,0.19,Partially cloudy,Partly cloudy throughout the day.,partly-cloudy-day,"VRJU8,DNMM,65201099999"
Lagos,2021-09-13,26,21.4,24.6,26,21.4,24.6,23.1,91.3,45,100,4.17,rain,0,0,36,16.7,246.1,1012.9,55.4,8.9,112.5,9.8,6,,2021-09-13T06:37:18,2021-09-13T18:47:17,0.25,"Rain, Partially cloudy",Partly cloudy throughout the day with afternoon rain.,rain,"65210099999,VRJU8,DNMM,remote,65201099999"
Lagos,2021-09-14,30,22.8,26.1,34.1,22.8,27.4,22.6,81.6,0,0,0,,0,0,31.7,22.3,216.2,1012.7,52.4,10,165.9,14.3,8,,2021-09-14T06:37:07,2021-09-14T18:46:45,0.27,Partially cloudy,Partly cloudy throughout the day.,partly-cloudy-day,"VRJU8,DNMM,65201099999,VRJT5"
Lagos,2021-09-15,30,24.1,26.1,36.2,24.1,27.6,23.1,83.6,0.1,100,4.17,rain,0,0,22.3,18.4,228.2,1014.1,62.5,9.6,164.1,14.3,7,,2021-09-15T06:36:56,2021-09-15T18:46:13,0.3,"Rain, Partially cloudy",Partly cloudy throughout the day with morning rain.,rain,"VRJU8,65203099999,DNMM,remote,65201099999,VRJT5"
Lagos,2021-09-16,31,23.8,27,37.9,23.8,29.9,24,84.4,2,100,4.17,rain,0,0,27.7,18.4,248,1014.7,49.7,9.8,194.2,16.7,7,,2021-09-16T06:36:45,2021-09-16T18:45:41,0.34,"Rain, Partially cloudy",Partly cloudy throughout the day with morning rain.,rain,"65210099999,VRJU8,DNMM,65201099999,VRJT5"
Lagos,2021-09-17,29.8,25,27,35.6,25,29.4,24.5,86.8,0,0,0,,0,0,27,20.5,255.4,1013.7,63.6,9.5,135.3,11.4,5,,2021-09-17T06:36:34,2021-09-17T18:45:09,0.37,Partially cloudy,Partly cloudy throughout the day.,partly-cloudy-day,"65210099999,VRJU8,DNMM,remote,65201099999"
Lagos,2021-09-18,31,24.8,26.8,39.5,24.8,29.1,24.8,89.1,1,100,4.17,rain,0,0,33.1,18.4,235.9,1013.2,57.8,10.4,196.5,16.8,7,,2021-09-18T06:36:24,2021-09-18T18:44:37,0.41,"Rain, Partially cloudy",Partly cloudy throughout the day with afternoon rain.,rain,"65210099999,VRJU8,DNMM,remote,65201099999"
Lagos,2021-09-19,31.2,24.8,27.7,37.8,24.8,30.8,24.3,82.5,0,0,0,,0,0,29.5,20.5,228.7,1013,52.3,10,201.1,17.4,8,,2021-09-19T06:36:13,2021-09-19T18:44:06,0.44,Partially cloudy,Partly cloudy throughout the day.,partly-cloudy-day,"VRJU8,DNMM,65201099999"
Lagos,2021-09-20,29,24,26.7,33.6,24,28.7,24,85.4,0,0,0,,0,0,26.3,16.6,250.6,1012.6,56.7,9.7,171.3,14.6,6,,2021-09-20T06:36:02,2021-09-20T18:43:34,0.48,Partially cloudy,Partly cloudy throughout the day.,partly-cloudy-day,"DNMM,remote,65201099999"
Lagos,2021-09-21,30,25,26.8,35.3,25,28.4,24.2,86,2,100,4.17,rain,0,0,31.7,29.5,219.3,1012.4,63.4,9.5,167.1,14.4,6,,2021-09-21T06:35:51,2021-09-21T18:43:02,0.5,"Rain, Partially cloudy",Partly cloudy throughout the day with late afternoon rain.,rain,"VRJU8,DNMM,remote,65201099999,VRJT5"
Lagos,2021-09-22,31,23,25.6,37.4,23,26.6,23.7,90.6,4,100,4.17,rain,0,0,25.9,38.9,198.4,1013,70.5,9.6,108.2,9.3,6,,2021-09-22T06:35:41,2021-09-22T18:42:30,0.55,"Rain, Partially cloudy",Partly cloudy throughout the day with early morning rain.,rain,"65210099999,VRJU8,DNMM,remote,VRJT5,65201099999"
Lagos,2021-09-23,31,23,26.4,35.1,23,28.2,23.5,85.5,21,100,8.33,rain,0,0,23,38.9,208.6,1012.6,47.5,9.5,216.6,18.6,7,,2021-09-23T06:35:30,2021-09-23T18:41:58,0.58,"Rain, Partially cloudy",Partly cloudy throughout the day with rain.,rain,"VRJU8,DNMM,remote,65201099999,VRJT5"
Lagos,2021-09-24,29.4,24.8,26.8,35.1,24.8,29,24.5,87.4,0,0,0,,0,0,32.4,22.3,216.5,1013.5,58.5,9.8,260.7,22.5,9,,2021-09-24T06:35:20,2021-09-24T18:41:27,0.61,Partially cloudy,Partly cloudy throughout the day.,partly-cloudy-day,"DNMM,remote,65201099999,VRJT5"
Lagos,2021-09-25,31,22.5,25.6,37.7,22.5,27.1,23.3,87.8,81,100,4.17,rain,0,0,26.3,17.5,236.9,1013.6,55.4,9.9,201.7,17.5,8,,2021-09-25T06:35:10,2021-09-25T18:40:55,0.64,"Rain, Partially cloudy",Partly cloudy throughout the day with late afternoon rain.,rain,"65210099999,VRJU8,DNMM,remote,65201099999,VRJT5"
Lagos,2021-09-26,32,22,26.6,37.9,22,29.3,23.3,82.9,0,0,0,,0,0,22.3,18.4,126.9,1013.3,48.2,8.5,209.7,18.3,8,,2021-09-26T06:34:59,2021-09-26T18:40:24,0.68,Partially cloudy,Partly cloudy throughout the day.,partly-cloudy-day,"DNMM,remote,65201099999,VRJT5"
Lagos,2021-09-27,30,24.9,27.1,36.2,24.9,29.5,24.2,84.3,0.3,100,4.17,rain,0,0,29.5,27.7,212.5,1012.7,54.6,9.8,161.4,14,6,,2021-09-27T06:34:50,2021-09-27T18:39:53,0.71,"Rain, Partially cloudy",Partly cloudy throughout the day with morning rain.,rain,"VRJU8,DNMM,remote,65201099999,VRJT5"
Lagos,2021-09-28,31.4,23,26.8,37.4,23,29.1,23.9,84.4,2.8,100,16.67,rain,0,0,26.3,37.1,211.4,1012.2,56.5,10.3,215.4,18.7,8,,2021-09-28T06:34:40,2021-09-28T18:39:22,0.74,"Rain, Partially cloudy",Partly cloudy throughout the day with rain in the morning and afternoon.,rain,"65210099999,DNMM,remote,65201099999,VRJT5"
Lagos,2021-09-29,31,24,27.3,37.3,24,30.1,24,82.8,0,0,0,,0,0,33.5,29.5,219.9,1011.8,56.2,9.6,242.6,21,9,,2021-09-29T06:34:30,2021-09-29T18:38:52,0.75,Partially cloudy,Partly cloudy throughout the day.,partly-cloudy-day,"65210099999,DNMM,65201099999,VRJT5"
Lagos,2021-09-30,29,24.7,26.3,34.8,24.7,28.2,24.5,89.8,4,100,4.17,rain,0,0,20.5,16.6,248.5,1012.5,54.3,8.8,117.5,10.1,5,,2021-09-30T06:34:21,2021-09-30T18:38:22,0.81,"Rain, Partially cloudy",Partly cloudy throughout the day with afternoon rain.,rain,"DNMM,65201099999,VRJT5"
Lagos,2021-10-01,29.6,24.7,26.6,35.5,24.7,28.4,24.7,90.1,3,100,8.33,rain,0,0,27,14.8,230.9,1013.2,57,9.6,149.4,12.9,6,,2021-10-01T06:34:12,2021-10-01T18:37:52,0.84,"Rain, Partially cloudy",Partly cloudy throughout the day with rain.,rain,"DNMM,remote,65201099999,VRJT5"
Lagos,2021-10-02,31,24,27.3,39.1,24,30.4,24.7,86.4,0,0,0,,0,0,29.9,24.1,243.2,1012.1,56.8,9.6,236.5,20.5,9,,2021-10-02T06:34:03,2021-10-02T18:37:22,0.87,Partially cloudy,Partly cloudy throughout the day.,partly-cloudy-day,"DNMM,65201099999,VRJT5"
Lagos,2021-10-03,31.1,24.8,27.2,38,24.8,29.5,24.7,86.7,1,100,12.5,rain,0,0,23.8,16.7,240.2,1012,63.6,9.8,184.2,15.7,6,,2021-10-03T06:33:55,2021-10-03T18:36:53,0.9,"Rain, Partially cloudy",Partly cloudy throughout the day with afternoon rain.,rain,"DNMM,remote,65201099999,VRJT5"
Lagos,2021-10-04,32.1,13.5,26,39.3,13.5,29.1,22.1,79.4,0,0,0,,0,0,27.7,55.4,192,1014.1,65,13.3,232.7,20.3,8,,2021-10-04T06:33:47,2021-10-04T18:36:24,0.94,Partially cloudy,Partly cloudy throughout the day.,wind,"DNMM,remote,VRJT5,65201099999"
Lagos,2021-10-05,31,23.9,27.6,37.7,23.9,30.8,24.5,84.1,0,0,0,,0,0,24.5,18.4,211.6,1011.8,57.5,9.7,205.1,17.6,7,,2021-10-05T06:33:39,2021-10-05T18:35:55,0.97,Partially cloudy,Partly cloudy throughout the day.,partly-cloudy-day,"DNMM,65201099999,VRJT5"
Lagos,2021-10-06,29,24.9,26.7,35,24.9,28.8,24.6,88.6,1,100,4.17,rain,0,0,24.5,18.4,229.9,1012.4,55.2,9.3,82.8,7.1,4,,2021-10-06T06:33:31,2021-10-06T18:35:27,0,"Rain, Partially cloudy",Partly cloudy throughout the day with late afternoon rain.,rain,"65210099999,DNMM,remote,65201099999,VRJT5"
Lagos,2021-10-07,31,23.1,26.8,37.7,23.1,29.3,24,85.4,0,0,0,,0,0,23,16.6,224.8,1011.8,56.3,9.6,200.3,17.2,7,,2021-10-07T06:33:24,2021-10-07T18:34:59,0.04,Partially cloudy,Partly cloudy throughout the day.,partly-cloudy-day,"DNMM,65201099999,VRJT5"
Lagos,2021-10-08,33,23.5,27.4,42.1,23.5,30.7,24.5,84.7,0,0,0,,0,0,25.9,16.6,227.3,1010.4,53.3,9.7,242.6,20.9,8,,2021-10-08T06:33:17,2021-10-08T18:34:32,0.07,Partially cloudy,Partly cloudy throughout the day.,partly-cloudy-day,"DNMM,65201099999,VRJT5"
Lagos,2021-10-09,29,24.8,26.7,35.6,24.8,29.1,25.1,91.3,30,100,4.17,rain,0,0,30.2,22.3,244.4,1011.4,65.2,9.7,144.5,12.5,5,,2021-10-09T06:33:11,2021-10-09T18:34:05,0.11,"Rain, Partially cloudy",Partly cloudy throughout the day with afternoon rain.,rain,"VRJU8,DNMM,65201099999,VRJT5"
Lagos,2021-10-10,32,24,27.3,40.6,24,30.5,24.7,86.6,5,100,4.17,rain,0,0,22.3,18.4,224.2,1012.3,62.3,9.2,137.7,11.9,6,,2021-10-10T06:33:05,2021-10-10T18:33:38,0.14,"Rain, Partially cloudy",Partly cloudy throughout the day with early morning rain.,rain,"VRJU8,DNMM,65201099999,VRJT5"
Lagos,2021-10-11,32,24,27.7,40.6,24,31,25,85.8,2,100,4.17,rain,0,0,24.1,16.6,240.8,1012.7,58.2,9.8,219.8,18.9,8,,2021-10-11T06:33:00,2021-10-11T18:33:12,0.18,"Rain, Partially cloudy",Partly cloudy throughout the day with early morning rain.,rain,"65210099999,VRJU8,DNMM,65201099999,VRJT5"
Lagos,2021-10-12,32,23,27.2,44,23,31.2,24.8,87.6,17,100,4.17,rain,0,0,28.8,27.7,220.4,1011.5,43.8,8.9,221.6,19.2,8,,2021-10-12T06:32:55,2021-10-12T18:32:47,0.21,"Rain, Partially cloudy",Partly cloudy throughout the day with morning rain.,rain,"65210099999,VRJU8,DNMM,65201099999"
Lagos,2021-10-13,33,24.9,28.3,40.6,24.9,31.9,24.3,79.9,0.1,100,4.17,rain,0,0,27.7,18.4,221.2,1011.4,49.1,9.7,230.7,19.8,8,,2021-10-13T06:32:50,2021-10-13T18:32:22,0.25,"Rain, Partially cloudy",Partly cloudy throughout the day with afternoon rain.,rain,"DNMM,remote,65201099999"
Lagos,2021-10-14,33,24.8,28.2,40.6,24.8,31.6,24.8,82.4,0,0,0,,0,0,25.9,22.3,194,1011.7,54.4,9.7,209.4,17.9,8,,2021-10-14T06:32:46,2021-10-14T18:31:58,0.28,Partially cloudy,Partly cloudy throughout the day.,partly-cloudy-day,"DNMM,65201099999"
Lagos,2021-10-15,32.9,24.8,26.9,40.8,24.8,29.3,24.8,88.7,11,100,4.17,rain,0,0,29.5,16.6,228.9,1011.4,48.7,9.7,233,20.1,8,,2021-10-15T06:32:43,2021-10-15T18:31:34,0.32,"Rain, Partially cloudy",Partly cloudy throughout the day with late afternoon rain.,rain,"65210099999,VRJU8,DNMM,remote,65201099999"
Lagos,2021-10-16,32,23,26.9,39.2,23,29.5,24.2,85.9,26,100,8.33,rain,0,0,29.5,18.4,235.1,1011.1,59.5,9.5,226.1,19.3,8,,2021-10-16T06:32:40,2021-10-16T18:31:11,0.35,"Rain, Partially cloudy",Partly cloudy throughout the day with rain.,rain,"DNMM,remote,65201099999"
Lagos,2021-10-17,32,23,27,39.1,23,30.2,24.3,86.3,0.1,100,4.17,rain,0,0,32.4,21.6,195.1,1010.7,57.6,10.5,206.6,17.8,7,,2021-10-17T06:32:37,2021-10-17T18:30:49,0.39,"Rain, Partially cloudy",Partly cloudy throughout the day with late afternoon rain.,rain,"65210099999,VRJU8,DNMM,remote,65201099999"
Lagos,2021-10-18,29.1,23.2,26,33.7,23.2,27.2,24,88.8,22,100,8.33,rain,0,0,21.6,17.5,209.3,1011.9,63.7,7.5,76.2,6.5,3,,2021-10-18T06:32:35,2021-10-18T18:30:27,0.42,"Rain, Partially cloudy",Partly cloudy throughout the day with rain.,rain,"65210099999,VRJU8,DNMM,remote,65201099999"
Lagos,2021-10-19,31.2,23.2,26.8,38,23.2,29.5,24.2,86.5,2,100,4.17,rain,0,0,28.4,18.4,221.2,1012.5,58.1,9.4,174.4,15.1,7,,2021-10-19T06:32:34,2021-10-19T18:30:06,0.46,"Rain, Partially cloudy",Partly cloudy throughout the day with late afternoon rain.,rain,"65210099999,VRJU8,DNMM,remote,65201099999"
Lagos,2021-10-20,31,24,27.5,37.7,24,30.9,24.7,85.5,0,0,0,,0,0,19.8,14.1,223.5,1012.8,61.5,9,157.6,13.6,7,,2021-10-20T06:32:33,2021-10-20T18:29:45,0.5,Partially cloudy,Partly cloudy throughout the day.,partly-cloudy-day,"DNMM,65201099999,VRJT5"
Lagos,2021-10-21,30.1,25.1,27.2,36.2,25.1,30.1,24.8,87,0.5,100,4.17,rain,0,0,22.7,14.8,239.8,1012.5,56.8,9,158.4,13.6,6,,2021-10-21T06:32:33,2021-10-21T18:29:26,0.53,"Rain, Partially cloudy",Partly cloudy throughout the day with morning rain.,rain,"DNMM,remote,65201099999"
Lagos,2021-10-22,31,24,26.4,37.7,24,28.4,24.6,89.9,7,100,4.17,rain,0,0,30.6,14.8,204.9,1012.1,60.2,8.3,162,14,7,,2021-10-22T06:32:33,2021-10-22T18:29:07,0.56,"Rain, Partially cloudy",Partly cloudy throughout the day with afternoon rain.,rain,"VRJU8,DNMM,65201099999"
Lagos,2021-10-23,29,23,25.9,33.6,23,27.2,23.7,88.3,20,100,8.33,rain,0,0,22.7,13,90,1013.5,62,8.8,104.8,8.9,5,,2021-10-23T06:32:34,2021-10-23T18:28:48,0.59,"Rain, Partially cloudy",Partly cloudy throughout the day with rain.,rain,"65210099999,VRJU8,DNMM,remote,65201099999"
Lagos,2021-10-24,32,23.2,27.5,40.6,23.2,30.9,24.4,83.7,0,0,0,,0,0,24.1,16.6,149.1,1013.9,49.8,8.5,239.4,20.6,9,,2021-10-24T06:32:36,2021-10-24T18:28:31,0.63,Partially cloudy,Partly cloudy throughout the day.,partly-cloudy-day,"VRJU8,DNMM,65201099999"
Lagos,2021-10-25,32,24.1,27.5,40.6,24.1,30.8,24.6,84.7,2,100,4.17,rain,0,0,32,18.4,220.4,1012.9,56.6,10.4,212.4,18.2,8,,2021-10-25T06:32:39,2021-10-25T18:28:14,0.66,"Rain, Partially cloudy",Partly cloudy throughout the day with late afternoon rain.,rain,"65210099999,VRJU8,DNMM,65201099999"
Lagos,2021-10-26,33,24,27.7,38.1,24,29.9,23.8,81.1,4,100,4.17,rain,0,0,51.8,33.5,147.6,1013.4,50.1,9,129.3,11.1,6,,2021-10-26T06:32:42,2021-10-26T18:27:58,0.69,"Rain, Partially cloudy",Partly cloudy throughout the day with morning rain.,rain,"65210099999,DNMM,65201099999"
Lagos,2021-10-27,32,24.8,28,39.4,24.8,31.3,24.2,80.5,0,0,0,,0,0,27.7,18.4,192.6,1012.6,50.4,9.2,199.7,17.3,7,,2021-10-27T06:32:45,2021-10-27T18:27:43,0.72,Partially cloudy,Partly cloudy throughout the day.,partly-cloudy-day,"DNMM,remote,65201099999"
Lagos,2021-10-28,31,25,27.7,37.7,25,30.8,24.8,84.7,5,100,4.17,rain,0,0,24.8,14.8,198.5,1012.2,55.9,9.1,209.8,18.3,7,,2021-10-28T06:32:50,2021-10-28T18:27:29,0.75,"Rain, Partially cloudy",Partly cloudy throughout the day with morning rain.,rain,"65210099999,DNMM,65201099999"
Lagos,2021-10-29,32,24.1,27.8,40.6,24.1,31.3,25,85.5,0,0,0,,0,0,25.9,16.6,199.9,1011.1,52.7,9.4,240.3,20.7,8,,2021-10-29T06:32:55,2021-10-29T18:27:16,0.79,Partially cloudy,Partly cloudy throughout the day.,partly-cloudy-day,"DNMM,65201099999"
Lagos,2021-10-30,33,24,27.9,40.6,24,31.9,24.8,84.1,3,100,4.17,rain,0,0,29.2,33.5,194.7,1011.8,55.6,9.5,212.2,18.4,8,,2021-10-30T06:33:01,2021-10-30T18:27:03,0.82,"Rain, Partially cloudy",Partly cloudy throughout the day with morning rain.,rain,"DNMM,65201099999,VRJT5"
Lagos,2021-10-31,31,18,27.9,40.6,18,32.6,24.9,84.5,1,100,4.17,rain,0,0,40.9,25.9,186.9,1012.8,58.4,9.9,200.5,17.3,7,,2021-10-31T06:33:07,2021-10-31T18:26:52,0.85,"Rain, Partially cloudy",Partly cloudy throughout the day with late afternoon rain.,rain,"65210099999,DNMM,65201099999,VRJT5"
Lagos,2021-11-01,32.8,23,27.5,39,23,30.7,24,82.2,3,100,4.17,rain,0,0,36,14.8,216.9,1013.2,49.1,9.1,205.8,17.6,8,,2021-11-01T06:33:14,2021-11-01T18:26:41,0.89,"Rain, Partially cloudy",Partly cloudy throughout the day with morning rain.,rain,"65210099999,DNMM,65201099999,VRJT5"
Lagos,2021-11-02,30.9,22,25.9,36.7,22,27.5,23.5,87.3,35,100,8.33,rain,0,0,24.5,40.7,159.5,1013.8,64.9,7.2,87.8,7.6,3,,2021-11-02T06:33:22,2021-11-02T18:26:31,0.92,"Rain, Partially cloudy",Partly cloudy throughout the day with rain clearing later.,rain,"DNMM,remote,65201099999,VRJT5"
Lagos,2021-11-03,32,23.8,27.5,39.2,23.8,30.6,24.4,84.2,28,100,4.17,rain,0,0,26.3,22.3,193.9,1012.4,56.9,8.6,212.7,18.6,8,,2021-11-03T06:33:31,2021-11-03T18:26:22,0.95,"Rain, Partially cloudy",Partly cloudy throughout the day with early morning rain.,rain,"65210099999,DNMM,remote,65201099999"
Lagos,2021-11-04,32,24.8,28.1,40.5,24.8,31.6,24.7,82.7,0,0,0,,0,0,27.7,20.5,202.5,1011.7,60.7,9.7,212.2,18.3,8,,2021-11-04T06:33:41,2021-11-04T18:26:14,0,Partially cloudy,Partly cloudy throughout the day.,partly-cloudy-day,"65210099999,DNMM,65201099999"
Lagos,2021-11-05,28.9,23,25.7,33.4,23,26.9,23.3,87.1,12,100,4.17,rain,0,0,65.7,29.5,84.3,1012,49.7,8.3,116.5,10,4,,2021-11-05T06:33:51,2021-11-05T18:26:07,0.02,"Rain, Partially cloudy",Partly cloudy throughout the day with afternoon rain.,rain,"65210099999,DNMM,65201099999"
Lagos,2021-11-06,32,23,27.3,39.2,23,30.2,24,82.9,0,0,0,,0,0,22.7,16.6,174.1,1011.1,52.1,7.3,183.9,15.8,7,,2021-11-06T06:34:02,2021-11-06T18:26:01,0.05,Partially cloudy,Partly cloudy throughout the day.,partly-cloudy-day,"DNMM,65201099999"
Lagos,2021-11-07,32,23.9,26.2,40.6,23.9,28,24.1,88.7,11,100,4.17,rain,0,0,83.5,22.3,231.3,1010.2,61.2,7.9,181.2,15.5,7,,2021-11-07T06:34:13,2021-11-07T18:25:56,0.09,"Rain, Partially cloudy",Partly cloudy throughout the day with late afternoon rain.,rain,"65210099999,DNMM,remote,65201099999,VRJT5"
Lagos,2021-11-08,32,23,27.1,40.6,23,30.5,24.4,86.5,0,0,0,,0,0,24.8,16.6,197.4,1009.9,52.7,8.3,202,17.5,8,,2021-11-08T06:34:26,2021-11-08T18:25:52,0.12,Partially cloudy,Partly cloudy throughout the day.,partly-cloudy-day,"65210099999,DNMM,65201099999,VRJT5"
Lagos,2021-11-09,33,24.9,27.8,40.6,24.9,31,24.7,84.2,0,0,0,,0,0,23.4,11.2,186.6,1010.7,48.8,9.7,155.6,13.3,7,,2021-11-09T06:34:39,2021-11-09T18:25:49,0.16,Partially cloudy,Partly cloudy throughout the day.,partly-cloudy-day,"65210099999,DNMM,65201099999"
Lagos,2021-11-10,32,25,27.9,40.6,25,31.9,25.5,87.4,3,100,4.17,rain,0,0,25.2,14.8,237.2,1011.3,57.8,9.4,184,15.9,7,,2021-11-10T06:34:53,2021-11-10T18:25:47,0.19,"Rain, Partially cloudy",Partly cloudy throughout the day with late afternoon rain.,rain,"DNMM,remote,65201099999"
Lagos,2021-11-11,32,23.2,26,40.6,23.2,27.6,24.1,90.1,126,100,4.17,rain,0,0,35.3,35.3,221.8,1011.7,59.2,8,187.5,16,8,,2021-11-11T06:35:07,2021-11-11T18:25:46,0.25,"Rain, Partially cloudy",Partly cloudy throughout the day with late afternoon rain.,rain,"65210099999,DNMM,65201099999,VRJT5"
Lagos,2021-11-12,32,23,27.1,39.2,23,30.2,24.1,84.8,0,0,0,,0,0,22.7,18.4,197.3,1010.2,55.1,9,186.2,15.9,7,,2021-11-12T06:35:23,2021-11-12T18:25:45,0.26,Partially cloudy,Partly cloudy throughout the day.,partly-cloudy-day,"DNMM,remote,65201099999,VRJT5"
Lagos,2021-11-13,32,24.9,27.1,40.6,24.9,29.5,24.6,87,1,100,4.17,rain,0,0,24.8,18.4,200.7,1010.3,57.3,9.5,220.1,19,8,,2021-11-13T06:35:39,2021-11-13T18:25:46,0.3,"Rain, Partially cloudy",Partly cloudy throughout the day with late afternoon rain.,rain,"DNMM,65201099999,VRJT5"
Lagos,2021-11-14,32,23.9,26.8,40.6,23.9,29.3,23.9,84.5,0.2,100,8.33,rain,0,0,28.4,18.4,230.3,1011.3,52.5,9.5,206.9,17.8,8,,2021-11-14T06:35:56,2021-11-14T18:25:48,0.33,"Rain, Partially cloudy",Partly cloudy throughout the day with rain.,rain,"65210099999,DNMM,remote,65201099999"
Lagos,2021-11-15,32.1,24,27.3,40.6,24,30.5,24.5,85.1,12,100,4.17,rain,0,0,26.6,13,225.9,1011.6,52.4,8.2,205.8,17.8,7,,2021-11-15T06:36:13,2021-11-15T18:25:51,0.36,"Rain, Partially cloudy",Partly cloudy throughout the day with late afternoon rain.,rain,"DNMM,65201099999,VRJT5"
Lagos,2021-11-16,32,24.9,27.7,40.6,24.9,31.7,25,85.8,0.3,100,8.33,rain,0,0,28.8,18.4,212.7,1010.8,47.7,8.9,216.9,18.6,8,,2021-11-16T06:36:32,2021-11-16T18:25:54,0.4,"Rain, Partially cloudy",Partly cloudy throughout the day with rain in the morning and afternoon.,rain,"65210099999,DNMM,remote,65201099999"
Lagos,2021-11-17,33,25,28.7,42.1,25,33.9,25.5,83.2,0,0,0,,0,0,23,13,214.2,1010.3,55,9.4,207.5,18,7,,2021-11-17T06:36:50,2021-11-17T18:25:59,0.43,Partially cloudy,Partly cloudy throughout the day.,partly-cloudy-day,"DNMM,65201099999"
Lagos,2021-11-18,32,25,28.3,40.6,25,32.4,25.1,83.3,0,0,0,,0,0,25.9,16.6,205.3,1011,56.8,8.8,194.8,16.7,7,,2021-11-18T06:37:10,2021-11-18T18:26:05,0.47,Partially cloudy,Partly cloudy throughout the day.,partly-cloudy-day,"65210099999,DNMM,65201099999"
Lagos,2021-11-19,32,25,28.1,42.2,25,32.5,25.1,84.2,0,0,0,,0,0,25.9,16.6,199.1,1011.4,47.6,9.8,183.7,15.8,7,,2021-11-19T06:37:30,2021-11-19T18:26:12,0.5,Partially cloudy,Partly cloudy throughout the day.,partly-cloudy-day,"DNMM,65201099999"
Lagos,2021-11-20,32,24,27.7,40.6,24,31.5,24.8,84.7,0.1,100,4.17,rain,0,0,23,14.8,192.9,1010.7,55.1,8,168.6,14.6,7,,2021-11-20T06:37:51,2021-11-20T18:26:19,0.54,"Rain, Partially cloudy",Partly cloudy throughout the day with morning rain.,rain,"65210099999,DNMM,remote,65201099999"
Lagos,2021-11-21,33,25,28.6,42.2,25,33,25,81.8,0.9,100,4.17,rain,0,0,25.9,22.3,191.6,1009.7,49.9,9.7,220.9,19.1,8,,2021-11-21T06:38:13,2021-11-21T18:26:28,0.57,"Rain, Partially cloudy",Partly cloudy throughout the day with afternoon rain.,rain,"65210099999,DNMM,remote,65201099999"
Lagos,2021-11-22,33,26,28.1,43.8,26,32.2,24.9,83.3,6,100,4.17,rain,0,0,27.7,14.8,219.3,1010.9,51.1,9.1,210,18.1,8,,2021-11-22T06:38:35,2021-11-22T18:26:38,0.6,"Rain, Partially cloudy",Partly cloudy throughout the day with late afternoon rain.,rain,"65210099999,DNMM,remote,65201099999"
Lagos,2021-11-23,33,24.8,28.5,43.8,24.8,33.2,25,81.8,0,0,0,,0,0,40.7,16.6,187.9,1012,46.7,8.7,178.2,15.4,8,,2021-11-23T06:38:58,2021-11-23T18:26:48,0.64,Partially cloudy,Partly cloudy throughout the day.,partly-cloudy-day,"65210099999,DNMM,65201099999"
Lagos,2021-11-24,33,25,28.4,42.1,25,32.6,24.9,81.8,0.9,100,4.17,rain,0,0,26.6,14.8,202.5,1011.5,52.9,8.9,202.9,17.6,7,,2021-11-24T06:39:22,2021-11-24T18:27:00,0.67,"Rain, Partially cloudy",Partly cloudy throughout the day with early morning rain.,rain,"DNMM,65201099999"
Lagos,2021-11-25,34,25,28.7,45.3,25,33.6,25.2,81.8,0,0,0,,0,0,25.2,16.6,197.4,1010.6,53,9.7,199.2,17.3,7,,2021-11-25T06:39:46,2021-11-25T18:27:12,0.7,Partially cloudy,Partly cloudy throughout the day.,partly-cloudy-day,"DNMM,65201099999"
Lagos,2021-11-26,29.7,26,28.1,36.8,26,33.1,25.7,87.1,1,100,33.33,rain,0,0,25.6,14.8,214.5,1010.4,43.8,8.7,194.8,16.8,7,,2021-11-26T06:40:10,2021-11-26T18:27:26,0.74,"Rain, Partially cloudy",Partly cloudy throughout the day with rain.,rain,"DNMM,remote,65201099999"
Lagos,2021-11-27,33,25.1,28.7,40.7,25.1,33.7,25.5,83.5,0.2,100,8.33,rain,0,0,24.5,18.2,203.4,1010.8,50.4,9.3,186.7,16,6,,2021-11-27T06:40:36,2021-11-27T18:27:40,0.75,"Rain, Partially cloudy",Partly cloudy throughout the day with rain in the morning and afternoon.,rain,"65210099999,DNMM,remote,65201099999"
Lagos,2021-11-28,35,25.1,29.1,44.9,25.1,34.1,25.3,81.3,0,0,0,,0,0,30.2,20.5,190.2,1010.8,58.2,9.2,210,18,8,,2021-11-28T06:41:01,2021-11-28T18:27:55,0.8,Partially cloudy,Partly cloudy throughout the day.,partly-cloudy-day,"DNMM,65201099999"
Lagos,2021-11-29,30.8,25.2,27.3,36.4,25.2,30.5,25,87.6,0,0,0,,0,0,25.2,7.6,212.2,1011.2,38.6,8.2,184.5,16,7,,2021-11-29T06:41:28,2021-11-29T18:28:11,0.84,Partially cloudy,Partly cloudy throughout the day.,partly-cloudy-day,"DNMM,65201099999"
Lagos,2021-11-30,34,25.1,28.7,42.1,25.1,32.8,25,81.9,0,0,0,,0,0,24.8,14.8,212.1,1011.4,44.6,8.4,198.4,17.1,8,,2021-11-30T06:41:54,2021-11-30T18:28:28,0.87,Partially cloudy,Partly cloudy throughout the day.,partly-cloudy-day,"65210099999,DNMM,65201099999"
Lagos,2021-12-01,33,24.9,28.7,42.1,24.9,33.5,25.3,82.5,0.1,100,4.17,rain,0,0,24.8,20.5,202.2,1010.4,54.8,9,219.8,19,8,,2021-12-01T06:42:21,2021-12-01T18:28:46,0.9,"Rain, Partially cloudy",Partly cloudy throughout the day with morning rain.,rain,"65210099999,DNMM,remote,65201099999"
Lagos,2021-12-02,33,25,28.8,42.1,25,33.7,25.1,81.5,0,0,0,,0,0,27.7,20.5,216.5,1009.8,50.2,9.1,208.5,17.8,8,,2021-12-02T06:42:49,2021-12-02T18:29:05,0.94,Partially cloudy,Partly cloudy throughout the day.,partly-cloudy-day,"65210099999,DNMM,remote,65201099999"
Lagos,2021-12-03,35,25.1,29.1,42.3,25.1,34.2,25.5,82.2,0,0,0,,0,0,25.2,18.4,228.4,1010.2,43.3,8.8,219.6,18.9,7,,2021-12-03T06:43:17,2021-12-03T18:29:24,0.97,Partially cloudy,Partly cloudy throughout the day.,partly-cloudy-day,"DNMM,65201099999"
Lagos,2021-12-04,35,25.9,29.5,41.7,25.9,34.8,25.2,79.3,0,0,0,,0,0,25.9,13,202.1,1010.8,49.3,7.7,209.2,17.9,8,,2021-12-04T06:43:45,2021-12-04T18:29:44,0,Partially cloudy,Partly cloudy throughout the day.,partly-cloudy-day,"DNMM,remote,65201099999"
Lagos,2021-12-05,34,26,29,40.3,26,34.2,25.4,81.9,0,0,0,,0,0,31.7,16.9,245.7,1010.8,49.8,6.8,217.2,18.7,8,,2021-12-05T06:44:14,2021-12-05T18:30:05,0.04,Partially cloudy,Partly cloudy throughout the day.,partly-cloudy-day,"65210099999,DNMM,remote,65201099999"
Lagos,2021-12-06,34,26.8,29.3,41.8,30.5,35.2,25.6,81.9,0,0,0,,0,0,31.7,20.5,222.1,1011.3,42.5,7.2,206.4,17.8,8,,2021-12-06T06:44:43,2021-12-06T18:30:27,0.07,Partially cloudy,Partly cloudy throughout the day.,partly-cloudy-day,"DNMM,65201099999"
Lagos,2021-12-07,33,26,28.8,41.8,26,34.1,25.4,82.5,0,0,0,,0,0,23.8,14.8,207.5,1011.7,54.1,6.9,192.2,16.5,6,,2021-12-07T06:45:12,2021-12-07T18:30:49,0.11,Partially cloudy,Partly cloudy throughout the day.,partly-cloudy-day,"DNMM,remote,65201099999"
Lagos,2021-12-08,32,25.2,28.2,40.6,25.2,32.7,25.4,84.9,0,0,0,,0,0,25.9,16.6,222.5,1012.2,51.8,7.4,212,18.3,8,,2021-12-08T06:45:42,2021-12-08T18:31:13,0.14,Partially cloudy,Partly cloudy throughout the day.,partly-cloudy-day,"DNMM,65201099999"
Lagos,2021-12-09,36,25,29,41.9,25,33.3,24.7,79.7,0,0,0,,0,0,24.5,14.8,301.6,1010.4,40.6,6.2,226.9,19.6,8,,2021-12-09T06:46:12,2021-12-09T18:31:36,0.17,Partially cloudy,Partly cloudy throughout the day.,partly-cloudy-day,"DNMM,65201099999"
Lagos,2021-12-10,33,25.8,28.9,39.3,25.8,33.6,24.9,80.2,0,0,0,,0,0,23.8,13,221.3,1009.1,46.3,4.1,216.7,18.5,7,,2021-12-10T06:46:41,2021-12-10T18:32:01,0.21,Partially cloudy,Partly cloudy throughout the day.,partly-cloudy-day,"DNMM,65201099999"
Lagos,2021-12-11,34,25.1,29,40.6,25.1,33.4,25,80.2,0,0,0,,0,0,26.6,18.4,230.9,1009.1,44.5,5.3,229.4,19.7,8,,2021-12-11T06:47:12,2021-12-11T18:32:26,0.25,Partially cloudy,Partly cloudy throughout the day.,partly-cloudy-day,"DNMM,remote,65201099999"
Lagos,2021-12-12,34,26,29.2,41.2,26,34.3,25.1,79.4,0,0,0,,0,0,22.3,13,235.8,1009.4,42,4.9,158.7,13.7,5,,2021-12-12T06:47:42,2021-12-12T18:32:52,0.27,Partially cloudy,Partly cloudy throughout the day.,partly-cloudy-day,"65210099999,DNMM,remote,65201099999"
Lagos,2021-12-13,35,26.8,29.4,42.1,30.3,35.2,25.5,80.4,0,0,0,,0,0,28.1,16.6,232.9,1009.7,53.3,6.6,224,19.3,8,,2021-12-13T06:48:12,2021-12-13T18:33:18,0.31,Partially cloudy,Partly cloudy throughout the day.,partly-cloudy-day,"65210099999,DNMM,remote,65201099999"
Lagos,2021-12-14,34.1,25.8,29.5,42.4,25.8,35,25.4,79.5,0,0,0,,0,0,28.4,20.5,208.1,1009.5,49,7.5,204.9,17.6,7,,2021-12-14T06:48:43,2021-12-14T18:33:45,0.34,Partially cloudy,Partly cloudy throughout the day.,partly-cloudy-day,"65210099999,DNMM,65201099999"
Lagos,2021-12-15,33,26,29,40.6,26,33.9,25,79.9,0,0,0,,0,0,28.4,11.2,226.1,1009.9,49.3,7,205.4,17.7,8,,2021-12-15T06:49:13,2021-12-15T18:34:12,0.37,Partially cloudy,Partly cloudy throughout the day.,partly-cloudy-day,"DNMM,65201099999"
Lagos,2021-12-16,35,26,29.5,41.9,26,34.1,24.8,78,0,0,0,,0,0,24.5,14.8,294.9,1010.6,42.7,7.3,225.3,19.4,8,,2021-12-16T06:49:44,2021-12-16T18:34:40,0.41,Partially cloudy,Partly cloudy throughout the day.,partly-cloudy-day,"DNMM,65201099999"
Lagos,2021-12-17,33.1,25,28.4,38.2,25,30.9,22.7,73.8,0,0,0,,0,0,23.4,16.6,123,1011.6,38.2,3.9,232.4,20.2,8,,2021-12-17T06:50:14,2021-12-17T18:35:08,0.44,Partially cloudy,Partly cloudy throughout the day.,partly-cloudy-day,"DNMM,65201099999"
Lagos,2021-12-18,34,22,27.5,42,22,29.2,20.5,67.6,0,0,0,,0,0,24.1,20.5,54.8,1011.8,31.8,3,253.8,22,9,,2021-12-18T06:50:44,2021-12-18T18:35:36,0.48,Partially cloudy,Partly cloudy throughout the day.,partly-cloudy-day,"DNMM,65201099999"
Lagos,2021-12-19,35,21,27.8,34.7,21,28,17.4,56.2,0,0,0,,0,0,20.2,16.6,68.1,1011.3,24.2,2.6,255.6,22.2,9,,2021-12-19T06:51:15,2021-12-19T18:36:05,0.5,Partially cloudy,Partly cloudy throughout the day.,partly-cloudy-day,"65210099999,DNMM,65201099999"
Lagos,2021-12-20,36,25,28.7,36.3,25,29.1,17.1,51.3,0,0,0,,0,0,23.4,18.4,6.3,1011,28.2,2.6,254.7,22.2,9,,2021-12-20T06:51:45,2021-12-20T18:36:35,0.54,Partially cloudy,Partly cloudy throughout the day.,partly-cloudy-day,"DNMM,65201099999"
Lagos,2021-12-21,36,22,28.3,36.3,22,28.5,17.4,54.6,0,0,0,,0,0,23,16.6,359.4,1010.7,22.6,4.5,253.8,21.9,9,,2021-12-21T06:52:15,2021-12-21T18:37:04,0.58,Partially cloudy,Partly cloudy throughout the day.,partly-cloudy-day,"DNMM,remote,65201099999"
Lagos,2021-12-22,36,21,27.9,35.8,21,28,17.3,56.4,0,0,0,,0,0,32,18.4,13.3,1011.6,30.7,5,254.5,22,9,,2021-12-22T06:52:44,2021-12-22T18:37:34,0.61,Partially cloudy,Partly cloudy throughout the day.,partly-cloudy-day,"DNMM,remote,65201099999"
Lagos,2021-12-23,36,21.9,27.8,35.8,21.9,28.2,18.7,61.1,0,0,0,,0,0,25.9,13,177.6,1010.4,36,3.2,250.8,21.7,9,,2021-12-23T06:53:14,2021-12-23T18:38:04,0.65,Partially cloudy,Partly cloudy throughout the day.,partly-cloudy-day,"DNMM,remote,65201099999"
Lagos,2021-12-24,33,23,28.2,39.4,23,30.8,23,74.4,0,0,0,,0,0,28.4,14.8,198.6,1010.2,39.4,4,227.8,20,8,,2021-12-24T06:53:43,2021-12-24T18:38:35,0.68,Partially cloudy,Partly cloudy throughout the day.,partly-cloudy-day,"DNMM,65201099999"
Lagos,2021-12-25,37,24,28.8,41.9,24,32.2,23.2,73.8,0,0,0,,0,0,31.3,14.8,222.2,1010.5,28.3,4,240.3,20.8,8,,2021-12-25T06:54:12,2021-12-25T18:39:05,0.71,Partially cloudy,Partly cloudy throughout the day.,partly-cloudy-day,"DNMM,65201099999"
Lagos,2021-12-26,34,25.1,29.1,41.8,25.1,34.1,25,79.9,0,0,0,,0,0,31.3,14.8,204.2,1010.9,44.2,7,226.9,19.7,8,,2021-12-26T06:54:41,2021-12-26T18:39:36,0.75,Partially cloudy,Partly cloudy throughout the day.,partly-cloudy-day,"DNMM,remote,65201099999"
Lagos,2021-12-27,36,25.8,29.5,44.7,25.8,34.6,25,78.2,0,0,0,,0,0,31.7,20.5,195.6,1011.4,48,7.9,206.6,17.8,7,,2021-12-27T06:55:09,2021-12-27T18:40:07,0.75,Partially cloudy,Partly cloudy throughout the day.,partly-cloudy-day,"DNMM,65201099999"
Lagos,2021-12-28,35,26,29.4,41.9,26,34,24.9,78.8,0,0,0,,0,0,32.4,16.6,216.9,1011.6,44.7,8.3,197.7,17.1,7,,2021-12-28T06:55:37,2021-12-28T18:40:38,0.82,Partially cloudy,Partly cloudy throughout the day.,partly-cloudy-day,"DNMM,65201099999"
Lagos,2021-12-29,32,25,28.5,37.9,25,32.2,24.5,79.6,0,0,0,,0,0,26.6,14.8,234.3,1012.5,48,7.9,162.8,14,6,,2021-12-29T06:56:04,2021-12-29T18:41:09,0.85,Partially cloudy,Partly cloudy throughout the day.,partly-cloudy-day,"DNMM,65201099999"
Lagos,2021-12-30,30.9,25,27.9,34.8,25,30.8,23.4,77.2,0,0,0,,0,0,28.1,15.5,198.3,1010.6,8.7,6.4,244.9,21.1,9,,2021-12-30T06:56:31,2021-12-30T18:41:40,0.89,Clear,Clear conditions throughout the day.,clear-day,"DNMM,remote,65201099999"
Lagos,2021-12-31,33,26.1,28.8,39.3,26.1,32.9,24.8,80.1,0,0,0,,0,0,27.4,14.8,206.2,1011.5,42.4,6.7,203.5,17.5,7,,2021-12-31T06:56:58,2021-12-31T18:42:10,0.92,Partially cloudy,Partly cloudy throughout the day.,partly-cloudy-day,"DNMM,remote,65201099999"
