name,datetime,tempmax,tempmin,temp,feelslikemax,feelslikemin,feelslike,dew,humidity,precip,precipprob,precipcover,preciptype,snow,snowdepth,windgust,windspeed,winddir,sealevelpressure,cloudcover,visibility,solarradiation,solarenergy,uvindex,severerisk,sunrise,sunset,moonphase,conditions,description,icon,stations
Lagos,2023-01-01,35,20.8,26.9,33.7,20.8,26.6,14.7,50.2,0,0,0,,0,0,21.2,18,44.9,1011.8,35.2,5.1,265.5,22.9,9,10,2023-01-01T06:57:18,2023-01-01T18:42:34,0.31,Partially cloudy,Partly cloudy throughout the day.,partly-cloudy-day,"DNMM,remote,65201099999,VRJT5"
Lagos,2023-01-02,35,19,26.8,34,19,26.5,14.9,52.2,0,0,0,,0,0,29.5,25.9,18.9,1011.6,40.4,4.2,252.9,21.8,9,10,2023-01-02T06:57:43,2023-01-02T18:43:05,0.35,Partially cloudy,Partly cloudy throughout the day.,partly-cloudy-day,"65210099999,DNMM,remote,65201099999"
Lagos,2023-01-03,34,20.9,27,33.3,20.9,26.9,15.2,50.3,0,0,0,,0,0,22.3,18.4,20.2,1011.8,27.1,2.9,266.4,23.1,9,10,2023-01-03T06:58:08,2023-01-03T18:43:36,0.38,Partially cloudy,Partly cloudy throughout the day.,partly-cloudy-day,"DNMM,65201099999"
Lagos,2023-01-04,33.9,21.9,27.1,32.9,21.9,26.9,16.6,56.4,0,0,0,,0,0,25.9,21.8,104.6,1012.1,29.7,2.4,245,21.3,8,10,2023-01-04T06:58:33,2023-01-04T18:44:06,0.41,Partially cloudy,Partly cloudy throughout the day.,partly-cloudy-day,"65210099999,VRJU8,DNMM,65201099999"
Lagos,2023-01-05,34,21,27.1,34.6,21,27.6,18.5,62.2,0,0,0,,0,0,28.4,18.3,232.3,1012.3,27.9,2.5,248.3,21.5,9,10,2023-01-05T06:58:56,2023-01-05T18:44:37,0.45,Partially cloudy,Partly cloudy throughout the day.,partly-cloudy-day,"VRJU8,65213099999,DNMM,65201099999"
Lagos,2023-01-06,33.1,23,27.6,37,23,29.7,21.5,70.4,0,0,0,,0,0,25.6,16.6,178.8,1013,22.9,3.8,252,21.7,9,30,2023-01-06T06:59:19,2023-01-06T18:45:07,0.48,Partially cloudy,Partly cloudy throughout the day.,partly-cloudy-day,"65210099999,VRJU8,DNMM,remote,65201099999,VRJT5"
Lagos,2023-01-07,36,24.8,28.7,39.3,24.8,31.7,23.3,74.4,0,0,0,,0,0,23,18.7,197,1012.5,37.5,4.7,262.5,22.6,9,60,2023-01-07T06:59:42,2023-01-07T18:45:37,0.5,Partially cloudy,Partly cloudy throughout the day.,partly-cloudy-day,"65210099999,DNMM,remote,65201099999"
Lagos,2023-01-08,35,24.9,28.5,39.6,24.9,31.8,24.1,79.1,0,0,0,,0,0,27.7,14.8,208.7,1012.4,34,6,253.2,21.8,9,30,2023-01-08T07:00:04,2023-01-08T18:46:06,0.55,Partially cloudy,Partly cloudy throughout the day.,partly-cloudy-day,"65210099999,VRJU8,DNMM,remote,65201099999"
Lagos,2023-01-09,35,24.8,28.6,39.4,24.8,31.5,24,78.1,0,0,0,,0,0,23,25.6,222.9,1012.7,35.9,5.1,264,22.7,9,60,2023-01-09T07:00:25,2023-01-09T18:46:36,0.58,Partially cloudy,Partly cloudy throughout the day.,partly-cloudy-day,"65210099999,VRJU8,DNMM,remote,65201099999,VRJT5"
Lagos,2023-01-10,35,24.1,28.9,37.7,24.1,31.4,23,73.2,0,0,0,,0,0,22.3,18.4,248.5,1013.8,35.2,4.6,267.6,23.2,9,60,2023-01-10T07:00:45,2023-01-10T18:47:05,0.62,Partially cloudy,Partly cloudy throughout the day.,partly-cloudy-day,"VRJU8,DNMM,65201099999,VRJT5"
Lagos,2023-01-11,34.5,24.9,28.4,38,24.9,30.5,22.5,72.9,0,0,0,,0,0,23.8,18.4,254.6,1013.6,33.7,6,270,23.3,9,30,2023-01-11T07:01:04,2023-01-11T18:47:33,0.65,Partially cloudy,Partly cloudy throughout the day.,partly-cloudy-day,"65210099999,VRJU8,DNMM,65201099999,VRJT5"
Lagos,2023-01-12,35,24,28.2,37,24,30,22.8,75.6,0,0,0,,0,0,25.9,22.3,44.6,1011.8,29.4,5.3,265.7,22.9,9,30,2023-01-12T07:01:23,2023-01-12T18:48:02,0.68,Partially cloudy,Partly cloudy throughout the day.,partly-cloudy-day,"VRJU8,DNMM,remote,65201099999"
Lagos,2023-01-13,33.2,24.8,28.1,38.3,24.8,30.9,23.6,77.9,0,0,0,,0,0,20.9,14.8,198.2,1011.2,35,5,270.1,23.3,9,60,2023-01-13T07:01:41,2023-01-13T18:48:30,0.72,Partially cloudy,Partly cloudy throughout the day.,partly-cloudy-day,"VRJU8,DNMM,65201099999"
Lagos,2023-01-14,33.9,24,28.1,39,24,30.6,23.7,79.1,0,0,0,,0,0,21.2,21.6,209.6,1013.1,39.8,4.7,242.4,20.9,9,60,2023-01-14T07:01:58,2023-01-14T18:48:57,0.75,Partially cloudy,Partly cloudy throughout the day.,partly-cloudy-day,"VRJU8,DNMM,remote,65201099999"
Lagos,2023-01-15,33.1,24.2,28.6,38.1,24.2,31.6,23.4,74.7,0,0,0,,0,0,24.5,13,163.3,1011.5,36.7,5.1,266.1,23,9,30,2023-01-15T07:02:14,2023-01-15T18:49:24,0.75,Partially cloudy,Partly cloudy throughout the day.,partly-cloudy-day,"65210099999,VRJU8,DNMM,65201099999"
Lagos,2023-01-16,35.1,24,28.8,38.3,24,31.7,23.2,74.1,0,0,0,,0,0,22,15.9,251.4,1011,31,6.4,269.4,23.2,9,60,2023-01-16T07:02:30,2023-01-16T18:49:51,0.82,Partially cloudy,Partly cloudy throughout the day.,partly-cloudy-day,"65210099999,VRJU8,DNMM,remote,65201099999,VRJT5"
Lagos,2023-01-17,34.2,25,28.7,37.3,25,30.9,22.5,72.4,0,0,0,,0,0,25.9,23.1,154.3,1011.3,37.5,5.2,273.7,23.6,9,30,2023-01-17T07:02:44,2023-01-17T18:50:17,0.85,Partially cloudy,Partly cloudy throughout the day.,partly-cloudy-day,"VRJU8,DNMM,remote,65201099999"
Lagos,2023-01-18,35,23.1,28.2,39.5,23.1,30.9,23,75.1,0,0,0,,0,0,24.5,21.6,228.4,1011.2,39.2,6.4,269.4,23.3,9,60,2023-01-18T07:02:58,2023-01-18T18:50:42,0.89,Partially cloudy,Partly cloudy throughout the day.,partly-cloudy-day,"65210099999,VRJU8,DNMM,remote,65201099999,VRJT5"
Lagos,2023-01-19,34,24.1,28.3,40.6,24.1,31.7,24.5,81.3,0,0,0,,0,0,25.9,22.3,207.8,1011.6,40.5,6.7,254.4,22,9,60,2023-01-19T07:03:11,2023-01-19T18:51:07,0.92,Partially cloudy,Partly cloudy throughout the day.,partly-cloudy-day,"65210099999,VRJU8,DNMM,remote,65201099999"
Lagos,2023-01-20,35,25,28.8,41.9,25,32.2,24.2,77.8,0,0,0,rain,0,0,25.6,18.4,188.3,1011.4,48.4,7.5,267.3,23.1,9,75,2023-01-20T07:03:23,2023-01-20T18:51:32,0.95,Partially cloudy,Partly cloudy throughout the day.,partly-cloudy-day,"VRJU8,DNMM,65201099999"
Lagos,2023-01-21,34,25.2,29,39.4,25.2,33.2,24.4,77.6,0,0,0,,0,0,24.1,20.5,183,1011.1,45.8,7.9,269.7,23.2,9,75,2023-01-21T07:03:33,2023-01-21T18:51:55,0,Partially cloudy,Partly cloudy throughout the day.,partly-cloudy-day,"VRJU8,DNMM,65201099999"
Lagos,2023-01-22,34.8,26.8,29.2,42.7,30.2,34.4,24.9,78.7,0.2,100,4.17,rain,0,0,26.6,15.8,217.1,1010.3,49.1,7.9,248.5,21.6,9,75,2023-01-22T07:03:44,2023-01-22T18:52:19,0.02,"Rain, Partially cloudy",Partly cloudy throughout the day with morning rain.,rain,"65210099999,DNMM,remote,65201099999"
Lagos,2023-01-23,34.1,26,29.3,40.1,26,33.4,24.1,75.2,0,0,0,,0,0,25.9,25.6,189.5,1010.4,44.2,9.9,268.3,23.2,9,75,2023-01-23T07:03:53,2023-01-23T18:52:41,0.05,Partially cloudy,Partly cloudy throughout the day.,partly-cloudy-day,"65210099999,VRJU8,DNMM,remote,65201099999"
Lagos,2023-01-24,35,25,29.4,41.9,25,33.7,24.7,77.6,0,0,0,rain,0,0,25.6,18.7,195.2,1010.4,45.7,9.7,253.4,22,9,75,2023-01-24T07:04:01,2023-01-24T18:53:03,0.09,Partially cloudy,Partly cloudy throughout the day.,partly-cloudy-day,"65210099999,VRJU8,DNMM,remote,65201099999"
Lagos,2023-01-25,35,25,29.2,41.9,25,33.7,24.8,78.5,0,0,0,rain,0,0,25.9,18.4,194.3,1009.7,47.7,8.2,212.7,18.3,9,75,2023-01-25T07:04:08,2023-01-25T18:53:25,0.12,Partially cloudy,Partly cloudy throughout the day.,partly-cloudy-day,"65210099999,DNMM,65201099999"
Lagos,2023-01-26,35,26,29.4,42,26,34.3,25.1,78.9,0,0,0,rain,0,0,27.7,22.3,199,1009.5,44.3,9,239.9,20.9,9,75,2023-01-26T07:04:14,2023-01-26T18:53:46,0.15,Partially cloudy,Partly cloudy throughout the day.,partly-cloudy-day,"65210099999,DNMM,65201099999"
Lagos,2023-01-27,35,26,29,44.9,26,34.1,25.5,82.2,0,0,0,rain,0,0,31.7,28.4,199.5,1009.4,57.1,9.8,223.6,19.3,8,75,2023-01-27T07:04:19,2023-01-27T18:54:06,0.19,Partially cloudy,Partly cloudy throughout the day.,partly-cloudy-day,"DNMM,remote,65201099999"
Lagos,2023-01-28,32.8,22.9,27.5,40.4,22.9,30.7,24.6,85.4,6,100,4.17,rain,0,0,29.2,25.9,200.8,1010.5,50.2,9.9,256.4,22.2,9,75,2023-01-28T07:04:24,2023-01-28T18:54:25,0.25,"Rain, Partially cloudy",Partly cloudy throughout the day with afternoon rain.,rain,"65210099999,VRJU8,DNMM,remote,65201099999"
Lagos,2023-01-29,34,25,28.9,40.6,25,32.4,24.3,78,6,100,4.17,rain,0,0,29.2,18.3,210.3,1010.3,48.1,10.5,267.5,23.1,9,60,2023-01-29T07:04:27,2023-01-29T18:54:44,0.25,"Rain, Partially cloudy",Partly cloudy throughout the day with early morning rain.,rain,"65210099999,DNMM,remote,65201099999"
Lagos,2023-01-30,34,25,28.6,40.3,25,32.6,24.6,79.9,0,0,0,,0,0,28.4,24.5,202.2,1010.6,51.1,10.4,227.8,19.8,9,75,2023-01-30T07:04:30,2023-01-30T18:55:02,0.29,Partially cloudy,Partly cloudy throughout the day.,partly-cloudy-day,"DNMM,remote,65201099999"
Lagos,2023-01-31,33,25,28.5,39.3,25,32.6,24.8,81.3,0,0,0,,0,0,25.2,18.4,219.8,1011.5,50.4,9.2,233.4,20.2,9,75,2023-01-31T07:04:31,2023-01-31T18:55:19,0.32,Partially cloudy,Partly cloudy throughout the day.,partly-cloudy-day,"65210099999,DNMM,65201099999"
Lagos,2023-02-01,34,25,28.4,40.6,25,31.6,24.4,80.5,0,0,0,,0,0,25.9,26.3,188.7,1011.1,43,10.1,273.9,23.7,9,60,2023-02-01T07:04:32,2023-02-01T18:55:36,0.36,Partially cloudy,Partly cloudy throughout the day.,partly-cloudy-day,"65210099999,DNMM,remote,65201099999"
Lagos,2023-02-02,34,25,29,42,25,33.5,24.9,79.6,0,0,0,rain,0,0,39.6,21.7,191.9,1011.6,54.3,9.5,188.9,16.4,9,75,2023-02-02T07:04:31,2023-02-02T18:55:52,0.39,Partially cloudy,Partly cloudy throughout the day.,partly-cloudy-day,"65210099999,DNMM,65201099999"
Lagos,2023-02-03,34.2,25,29.2,42,25,34.2,25.2,80.2,0.1,100,4.17,rain,0,0,27.7,16.6,182.7,1011.5,47.7,10.2,268.3,23.3,9,75,2023-02-03T07:04:30,2023-02-03T18:56:07,0.42,"Rain, Partially cloudy",Partly cloudy throughout the day with morning rain.,rain,"65210099999,VRJU8,DNMM,remote,65201099999"
Lagos,2023-02-04,34,25,29.1,42,25,34,25.3,81.5,0,0,0,rain,0,0,29.2,21.3,193.3,1011.3,52.6,9.5,230.7,20,9,75,2023-02-04T07:04:28,2023-02-04T18:56:22,0.46,Partially cloudy,Partly cloudy throughout the day.,partly-cloudy-day,"65210099999,VRJU8,DNMM,65201099999"
Lagos,2023-02-05,35,26.9,29.5,42,30.7,35.1,25.3,79.4,0,0,0,rain,0,0,29.9,24.1,208.3,1011.1,57.8,11.3,175.9,15.2,7,75,2023-02-05T07:04:24,2023-02-05T18:56:36,0.5,Partially cloudy,Partly cloudy throughout the day.,partly-cloudy-day,"65210099999,VRJU8,DNMM,remote,65201099999"
Lagos,2023-02-06,34,26,29.2,42,26,33.7,24.7,77.6,0,0,0,rain,0,0,29.2,22.3,205.8,1010.8,58,10.8,250,21.5,9,75,2023-02-06T07:04:20,2023-02-06T18:56:49,0.52,Partially cloudy,Partly cloudy throughout the day.,partly-cloudy-day,"VRJU8,DNMM,remote,65201099999"
Lagos,2023-02-07,34,25,28.8,40.2,25,32.4,23.8,75.4,1,100,8.33,rain,0,0,23,22.7,195.8,1010.7,62.3,12.5,231.9,20,9,75,2023-02-07T07:04:15,2023-02-07T18:57:01,0.56,"Rain, Partially cloudy",Partly cloudy throughout the day with early morning rain.,rain,"65210099999,VRJU8,DNMM,remote,65201099999"
Lagos,2023-02-08,34.5,25,28.9,42.6,25,33.8,25.3,82,0,0,0,rain,0,0,24.8,16.6,190.8,1011.2,50.7,9.1,276.6,23.9,9,60,2023-02-08T07:04:09,2023-02-08T18:57:13,0.59,Partially cloudy,Partly cloudy throughout the day.,partly-cloudy-day,"VRJU8,DNMM,65201099999"
Lagos,2023-02-09,33.5,25,29.1,40.6,25,33.5,24.9,79.6,0,0,0,rain,0,0,25.9,18.3,197.1,1010.9,48.8,10.1,273,23.5,9,60,2023-02-09T07:04:02,2023-02-09T18:57:24,0.63,Partially cloudy,Partly cloudy throughout the day.,partly-cloudy-day,"65210099999,VRJU8,DNMM,remote,65201099999"
Lagos,2023-02-10,36.5,25.9,29.4,41.9,25.9,34.4,25,78.5,0,0,0,rain,0,0,24.8,37.1,189.1,1010.8,50.6,10.6,245.8,21.4,9,60,2023-02-10T07:03:55,2023-02-10T18:57:35,0.66,Partially cloudy,Partly cloudy throughout the day.,partly-cloudy-day,"VRJU8,65203099999,DNMM,remote,65201099999"
Lagos,2023-02-11,35,26,29.5,43.3,26,35.3,25.6,80.7,0,0,0,rain,0,0,26.3,23.8,204.4,1010.5,57.2,10.8,263.6,22.9,9,75,2023-02-11T07:03:46,2023-02-11T18:57:44,0.7,Partially cloudy,Partly cloudy throughout the day.,partly-cloudy-day,"65210099999,VRJU8,DNMM,remote,65201099999"
Lagos,2023-02-12,35.1,25.9,29.4,43.3,25.9,34.6,25.4,80.8,0,0,0,rain,0,0,25.6,25.2,204.1,1009.8,43,9.9,284.6,24.8,10,75,2023-02-12T07:03:36,2023-02-12T18:57:53,0.73,Partially cloudy,Partly cloudy throughout the day.,partly-cloudy-day,"65210099999,DNMM,remote,65201099999"
Lagos,2023-02-13,34.5,26,29.4,42.7,26,35.1,25.7,81.5,0,0,0,rain,0,0,26.6,14.8,206.9,1010.4,45.3,8.2,256,22.1,10,60,2023-02-13T07:03:26,2023-02-13T18:58:01,0.75,Partially cloudy,Partly cloudy throughout the day.,partly-cloudy-day,"65210099999,VRJU8,DNMM,65201099999"
Lagos,2023-02-14,35,25.6,29.7,39.5,25.6,33.5,24.2,74.8,0,0,0,,0,0,23,17.4,187.8,1010.5,50.9,7.2,288.8,24.9,10,60,2023-02-14T07:03:15,2023-02-14T18:58:09,0.8,Partially cloudy,Partly cloudy throughout the day.,partly-cloudy-day,"65210099999,VRJU8,DNMM,remote,65201099999"
Lagos,2023-02-15,35,26,29.8,39.1,26,33,23,69.7,0,0,0,,0,0,27.7,24.6,204.2,1009.5,38.5,5.6,278.1,23.9,10,60,2023-02-15T07:03:03,2023-02-15T18:58:16,0.83,Partially cloudy,Partly cloudy throughout the day.,partly-cloudy-day,"65210099999,VRJU8,DNMM,65201099999"
Lagos,2023-02-16,36,25,29.4,35.9,25,30.6,20.8,64.5,0,0,0,,0,0,25.9,22.3,354,1009,28.1,3.8,296.5,25.6,10,30,2023-02-16T07:02:50,2023-02-16T18:58:22,0.87,Partially cloudy,Partly cloudy throughout the day.,partly-cloudy-day,"65210099999,VRJU8,DNMM,65201099999"
Lagos,2023-02-17,36,24.8,29.1,35.1,24.8,29.3,16.8,51.4,0,0,0,,0,0,23.8,22.3,30,1011.3,27.1,1.6,301.9,26,10,10,2023-02-17T07:02:36,2023-02-17T18:58:28,0.9,Partially cloudy,Partly cloudy throughout the day.,partly-cloudy-day,"VRJU8,DNMM,65201099999"
Lagos,2023-02-18,36,22,28.6,34.8,22,28.5,15,48.1,0,0,0,,0,0,24.5,16.7,155.2,1009.5,25.4,2.4,299.3,25.9,10,10,2023-02-18T07:02:22,2023-02-18T18:58:33,0.94,Partially cloudy,Partly cloudy throughout the day.,partly-cloudy-day,"65210099999,VRJU8,DNMM,remote,65201099999"
Lagos,2023-02-19,35,24,28.9,37.2,24,30.2,19.3,57,0,0,0,,0,0,23.8,13.6,242.2,1009.9,28.4,1,295,25.5,10,10,2023-02-19T07:02:07,2023-02-19T18:58:37,0.97,Partially cloudy,Partly cloudy throughout the day.,partly-cloudy-day,"VRJU8,DNMM,65201099999"
Lagos,2023-02-20,35,24.9,29.5,40.6,24.9,32.9,22.8,68.9,0,0,0,,0,0,23,18.4,197.2,1010,22,1.7,295.8,25.7,10,15,2023-02-20T07:01:51,2023-02-20T18:58:41,0,Partially cloudy,Partly cloudy throughout the day.,partly-cloudy-day,"65210099999,VRJU8,DNMM,65201099999"
Lagos,2023-02-21,35,26,29.6,43.3,26,34.6,24.8,77.4,0,0,0,,0,0,27.7,23.8,213.5,1009.8,37.7,4.7,292.4,25.2,10,60,2023-02-21T07:01:34,2023-02-21T18:58:44,0.04,Partially cloudy,Partly cloudy throughout the day.,partly-cloudy-day,"65210099999,VRJU8,DNMM,remote,65201099999"
Lagos,2023-02-22,35,26,29.8,42.5,26,35.2,25.1,77.9,0,0,0,rain,0,0,31,16.6,194.7,1010.8,38,4.4,292,25,10,75,2023-02-22T07:01:17,2023-02-22T18:58:47,0.07,Partially cloudy,Partly cloudy throughout the day.,partly-cloudy-day,"VRJU8,DNMM,65201099999"
Lagos,2023-02-23,35.1,27,29.8,43.7,31.2,36.8,26.2,82.4,0,0,0,rain,0,0,33.5,18.4,193.7,1010.5,37.7,5.5,281.1,24.3,9,100,2023-02-23T07:00:59,2023-02-23T18:58:49,0.1,Partially cloudy,Partly cloudy throughout the day.,partly-cloudy-day,"65210099999,VRJU8,DNMM,65201099999"
Lagos,2023-02-24,33.9,26,28.5,41.8,26,33.4,25.3,83.9,0.6,100,12.5,rain,0,0,36.4,30.2,218.2,1009.9,80.7,17,267.5,23.1,9,100,2023-02-24T07:00:40,2023-02-24T18:58:50,0.14,"Rain, Partially cloudy",Partly cloudy throughout the day with a chance of rain throughout the day.,rain,"65210099999,VRJU8,DNMM,remote,65201099999"
Lagos,2023-02-25,34,27.7,29.2,40.9,32,34.6,25.1,79,0.4,100,8.33,rain,0,0,37.8,31.7,211,1010.4,78.8,19.7,287.5,24.8,9,100,2023-02-25T07:00:21,2023-02-25T18:58:51,0.17,"Rain, Partially cloudy",Partly cloudy throughout the day with rain clearing later.,rain,"DNMM,remote,65201099999"
Lagos,2023-02-26,35.1,24.1,28.1,43.9,24.1,32.2,24.5,81.1,4.5,100,25,rain,0,0,33.1,26.6,220.3,1010.7,68.8,19.4,280.2,24.2,9,100,2023-02-26T07:00:01,2023-02-26T18:58:52,0.2,"Rain, Partially cloudy",Partly cloudy throughout the day with rain.,rain,"65210099999,DNMM,remote,65201099999"
Lagos,2023-02-27,35,27.4,29.4,43.3,31.5,34.9,25.1,78.6,0.1,100,4.17,rain,0,0,29.5,50.4,213.9,1011.9,79.2,16.8,240.3,20.8,9,75,2023-02-27T06:59:41,2023-02-27T18:58:52,0.25,"Rain, Partially cloudy",Partly cloudy throughout the day with afternoon rain.,rain,"DNMM,remote,65201099999"
Lagos,2023-02-28,36,24,28.9,42,24,32,23.7,76.2,0.9,100,4.17,rain,0,0,37.1,22.3,185.8,1013.3,40.7,9.6,283.1,24.5,10,100,2023-02-28T06:59:19,2023-02-28T18:58:51,0.27,"Rain, Partially cloudy",Partly cloudy throughout the day with early morning rain.,rain,"DNMM,65201099999"
Lagos,2023-03-01,35,24,28.7,41.9,24,32.1,23.7,76.4,29,100,8.33,rain,0,0,29.9,18.4,184.8,1012.2,46.9,9,281.3,24.4,10,75,2023-03-01T06:58:58,2023-03-01T18:58:50,0.3,"Rain, Partially cloudy",Partly cloudy throughout the day with rain clearing later.,rain,"65210099999,DNMM,65201099999"
Lagos,2023-03-02,34,26,29.5,42,26,34.7,25.2,78.5,0,0,0,rain,0,0,32,22.3,178.7,1011,52.5,9.6,154.1,13.2,8,75,2023-03-02T06:58:35,2023-03-02T18:58:48,0.33,Partially cloudy,Partly cloudy throughout the day.,partly-cloudy-day,"65210099999,DNMM,65201099999"
Lagos,2023-03-03,34,25,28.8,43.5,25,34,25.6,84.3,0.2,100,8.33,rain,0,0,33.5,64.8,152.2,1011,57.9,9.3,279,24.1,9,75,2023-03-03T06:58:13,2023-03-03T18:58:46,0.37,"Rain, Partially cloudy",Partly cloudy throughout the day with rain clearing later.,rain,"DNMM,65201099999"
Lagos,2023-03-04,34,24,28.5,42.6,24,32.8,24.5,80.1,0,0,0,rain,0,0,24.1,18.4,207.1,1011,56.8,8.9,241.1,20.7,10,75,2023-03-04T06:57:49,2023-03-04T18:58:44,0.4,Partially cloudy,Partly cloudy throughout the day.,partly-cloudy-day,"DNMM,65201099999"
Lagos,2023-03-05,35,25,29,43.3,25,33.7,25.1,80.3,0,0,0,,0,0,24.8,20.5,195.6,1010.3,48.8,9.6,137.6,11.9,7,60,2023-03-05T06:57:25,2023-03-05T18:58:41,0.43,Partially cloudy,Partly cloudy throughout the day.,partly-cloudy-day,"65210099999,DNMM,65201099999"
Lagos,2023-03-06,34,24.8,29.2,43.5,24.8,34.9,25.3,80.2,7,100,4.17,rain,0,0,37.1,26.6,191.6,1009.4,59.8,11.2,181.1,15.7,9,75,2023-03-06T06:57:01,2023-03-06T18:58:37,0.46,"Rain, Partially cloudy",Partly cloudy throughout the day with late afternoon rain.,rain,"DNMM,remote,65201099999"
Lagos,2023-03-07,33,23,27.5,40.3,23,30.9,23.7,80.9,37,100,4.17,rain,0,0,33.8,22.3,165.5,1009.2,44.5,8.7,243.5,21,9,30,2023-03-07T06:56:37,2023-03-07T18:58:34,0.5,"Rain, Partially cloudy",Partly cloudy throughout the day with early morning rain.,rain,"VRJU8,DNMM,65201099999"
Lagos,2023-03-08,34,26,29.3,43.5,26,34.1,25.1,79.4,0.1,100,4.17,rain,0,0,27.7,22.3,179.9,1009.9,48.5,11.2,183.9,15.9,7,60,2023-03-08T06:56:11,2023-03-08T18:58:30,0.53,"Rain, Partially cloudy",Partly cloudy throughout the day with late afternoon rain.,rain,"65210099999,DNMM,remote,65201099999"
Lagos,2023-03-09,34,26.8,29.2,42,29.9,34.4,24.8,78.1,0,0,0,,0,0,25.9,22.3,183.6,1010.4,48.6,10,294.4,25.5,10,60,2023-03-09T06:55:46,2023-03-09T18:58:25,0.57,Partially cloudy,Partly cloudy throughout the day.,partly-cloudy-day,"DNMM,65201099999"
Lagos,2023-03-10,33,26,28.9,42.1,26,33.5,24.5,77.6,0,0,0,,0,0,29.2,19.8,199.5,1010.3,46.3,10.6,283.7,24.3,10,60,2023-03-10T06:55:20,2023-03-10T18:58:21,0.6,Partially cloudy,Partly cloudy throughout the day.,partly-cloudy-day,"DNMM,remote,65201099999"
Lagos,2023-03-11,33,25,28.4,42.1,25,31.8,24,77.7,0.9,100,4.17,rain,0,0,35.3,31.4,141.3,1010.2,48.5,8.5,289.9,25,10,75,2023-03-11T06:54:54,2023-03-11T18:58:16,0.64,"Rain, Partially cloudy",Partly cloudy throughout the day with early morning rain.,rain,"65210099999,VRJU8,DNMM,65201099999"
Lagos,2023-03-12,34,25,28.8,40.6,25,32.7,24.1,76.9,0,0,0,,0,0,25.9,25.9,190.7,1010.2,50.8,11.8,277.4,23.9,9,60,2023-03-12T06:54:27,2023-03-12T18:58:10,0.67,Partially cloudy,Partly cloudy throughout the day.,partly-cloudy-day,"VRJU8,DNMM,remote,65201099999"
Lagos,2023-03-13,33.7,25,28.3,40.6,25,31.5,23.5,75.9,0,0,0,rain,0,0,26.6,25.6,201.7,1010.2,40.8,10.9,299,25.8,10,75,2023-03-13T06:54:00,2023-03-13T18:58:05,0.71,Partially cloudy,Partly cloudy throughout the day.,partly-cloudy-day,"65210099999,VRJU8,DNMM,remote,65201099999"
Lagos,2023-03-14,34,25,28.9,42,25,33.3,24.3,76.9,0,0,0,rain,0,0,25.9,25.9,196.1,1009.3,50.2,9.8,299.6,26,10,75,2023-03-14T06:53:33,2023-03-14T18:57:59,0.74,Partially cloudy,Partly cloudy throughout the day.,partly-cloudy-day,"65210099999,DNMM,65201099999"
Lagos,2023-03-15,34,26.1,29.1,43.5,26.1,34.4,25.2,80.4,5,100,8.33,rain,0,0,29.5,29.5,194.9,1008.9,50.8,11,296.5,25.6,10,75,2023-03-15T06:53:06,2023-03-15T18:57:53,0.75,"Rain, Partially cloudy",Partly cloudy throughout the day with rain.,rain,"65210099999,VRJU8,DNMM,remote,65201099999"
Lagos,2023-03-16,35,23,27.7,43.3,23,30.4,23.8,80.3,10,100,4.17,rain,0,0,83.5,22.3,201.5,1008.8,53.5,9.1,292.9,25.4,10,75,2023-03-16T06:52:38,2023-03-16T18:57:47,0.81,"Rain, Partially cloudy",Partly cloudy throughout the day with late afternoon rain.,rain,"65210099999,DNMM,remote,65201099999"
Lagos,2023-03-17,33.1,24,27.5,41.5,24,31,24.2,82.7,0,0,0,rain,0,0,28.4,24.8,190.4,1009.1,46.1,11.4,296.9,25.7,10,100,2023-03-17T06:52:10,2023-03-17T18:57:40,0.85,Partially cloudy,Partly cloudy throughout the day.,partly-cloudy-day,"DNMM,remote,65201099999"
Lagos,2023-03-18,33,23.1,27.3,40.6,23.1,29.9,23.6,81.3,51,100,8.33,rain,0,0,48.2,27.7,187.2,1010.4,54,8.9,275.9,23.8,9,75,2023-03-18T06:51:42,2023-03-18T18:57:33,0.88,"Rain, Partially cloudy",Partly cloudy throughout the day with rain clearing later.,rain,"65210099999,DNMM,65201099999"
Lagos,2023-03-19,33,24.9,28.3,38.1,24.9,30.6,23.3,75.9,0,0,0,,0,0,25.9,22.3,196.4,1011.6,53.5,11.8,265,23,10,60,2023-03-19T06:51:14,2023-03-19T18:57:27,0.92,Partially cloudy,Partly cloudy throughout the day.,partly-cloudy-day,"DNMM,remote,65201099999"
Lagos,2023-03-20,34.1,21.5,27.3,40.2,21.5,29.3,23.1,79.2,0,0,0,,0,0,25.6,27.7,210.4,1010.8,40.3,15.8,298.5,25.9,10,30,2023-03-20T06:50:46,2023-03-20T18:57:20,0.96,Partially cloudy,Partly cloudy throughout the day.,partly-cloudy-day,"VRJU8,DNMM,remote,65201099999"
Lagos,2023-03-21,33.1,25.2,29.2,39.3,25.2,33.3,23.6,72.1,0.4,100,12.5,rain,0,0,27.4,33.5,210.1,1010.4,65.4,16.3,293,25.4,10,60,2023-03-21T06:50:17,2023-03-21T18:57:13,0,"Rain, Partially cloudy",Partly cloudy throughout the day with morning rain.,rain,"65210099999,VRJU8,DNMM,remote,65201099999"
Lagos,2023-03-22,31.9,23,27.1,38,23,29.7,23.4,81.3,17,100,4.17,rain,0,0,27,18.4,216.6,1012,49.2,9.5,179,15.5,8,60,2023-03-22T06:49:48,2023-03-22T18:57:06,0.02,"Rain, Partially cloudy",Partly cloudy throughout the day with morning rain.,rain,"VRJU8,DNMM,remote,65201099999"
Lagos,2023-03-23,34,25,28.7,42.1,25,32.2,24.2,78.2,0,0,0,,0,0,27.7,24.1,200.5,1011.1,45.7,9.8,301.3,26,10,60,2023-03-23T06:49:20,2023-03-23T18:56:58,0.06,Partially cloudy,Partly cloudy throughout the day.,partly-cloudy-day,"65210099999,DNMM,65201099999"
Lagos,2023-03-24,32,23,27.2,36.8,23,29.5,23.3,80.2,4,100,4.17,rain,0,0,48.2,29.5,170.2,1011,49.8,11.2,241,20.7,9,60,2023-03-24T06:48:51,2023-03-24T18:56:51,0.09,"Rain, Partially cloudy",Partly cloudy throughout the day with early morning rain.,rain,"65210099999,DNMM,remote,65201099999"
Lagos,2023-03-25,33,26,29.2,40.6,26,34.4,24.8,77.7,0,0,0,rain,0,0,24.1,18.4,174.4,1011.5,45.9,10,155,13.3,6,60,2023-03-25T06:48:22,2023-03-25T18:56:44,0.12,Partially cloudy,Partly cloudy throughout the day.,partly-cloudy-day,"65210099999,DNMM,65201099999"
Lagos,2023-03-26,32,25,29.1,38.1,25,33.7,24.6,77.7,0,0,0,,0,0,26.6,25.9,173.5,1011.9,46.3,9.2,193.7,16.7,10,30,2023-03-26T06:47:53,2023-03-26T18:56:36,0.15,Partially cloudy,Partly cloudy throughout the day.,partly-cloudy-day,"VRJU8,DNMM,65201099999"
Lagos,2023-03-27,32,23,27.3,39.2,23,30.6,23.8,82,17,100,4.17,rain,0,0,20.5,14.8,220.8,1011.3,51.6,9.5,99.8,8.7,4,30,2023-03-27T06:47:24,2023-03-27T18:56:29,0.19,"Rain, Partially cloudy",Partly cloudy throughout the day with morning rain.,rain,"DNMM,remote,65201099999"
Lagos,2023-03-28,34,26,29.2,40.6,26,33.5,24.7,77.7,0,0,0,,0,0,25.9,18.4,190.3,1010.8,49.4,10,272.7,23.7,10,60,2023-03-28T06:46:56,2023-03-28T18:56:22,0.22,Partially cloudy,Partly cloudy throughout the day.,partly-cloudy-day,"65210099999,VRJU8,DNMM,65201099999"
Lagos,2023-03-29,33.1,26.8,29.4,41,30,34.9,25,77.7,0,0,0,rain,0,0,24.1,24.1,192.5,1011.4,51.1,10.6,297.5,25.6,10,75,2023-03-29T06:46:27,2023-03-29T18:56:14,0.25,Partially cloudy,Partly cloudy throughout the day.,partly-cloudy-day,"VRJU8,DNMM,remote,65201099999"
Lagos,2023-03-30,34,26.8,29.3,43.5,30.1,35.3,25.6,81,0,0,0,rain,0,0,25.2,24.1,212.3,1011.7,56.4,11.8,276.6,23.9,10,75,2023-03-30T06:45:58,2023-03-30T18:56:07,0.28,Partially cloudy,Partly cloudy throughout the day.,partly-cloudy-day,"VRJU8,DNMM,remote,65201099999"
Lagos,2023-03-31,32.8,25.8,28.7,37.5,25.8,31.6,23.6,75.2,0,0,0,,0,0,23.4,16.6,200.3,1011.4,37.5,10,125.9,10.9,6,75,2023-03-31T06:45:30,2023-03-31T18:56:00,0.31,Partially cloudy,Partly cloudy throughout the day.,partly-cloudy-day,"65210099999,DNMM,65201099999"
Lagos,2023-04-01,33,25.9,29.1,40.6,25.9,33.4,24.7,78.5,0,0,0,,0,0,25.9,22.3,207.7,1011.4,48.5,9.8,286.1,24.7,10,75,2023-04-01T06:45:01,2023-04-01T18:55:52,0.35,Partially cloudy,Partly cloudy throughout the day.,partly-cloudy-day,"65210099999,VRJU8,DNMM,65201099999"
Lagos,2023-04-02,34,26,29.4,42,26,34.3,24.8,77.1,0,0,0,,0,0,27.7,24.1,211.7,1010.3,55,11.2,295.3,25.5,10,75,2023-04-02T06:44:33,2023-04-02T18:55:45,0.38,Partially cloudy,Partly cloudy throughout the day.,partly-cloudy-day,"65210099999,VRJU8,DNMM,remote,65201099999"
Lagos,2023-04-03,33.1,26.4,29.7,40.6,26.4,34.8,24.6,75.2,0,0,0,rain,0,0,24.8,116.6,199.1,1008.9,48.9,10.5,273.4,23.6,10,75,2023-04-03T06:44:05,2023-04-03T18:55:38,0.41,Partially cloudy,Partly cloudy throughout the day.,wind,"65210099999,VRJU8,DNMM,remote,65201099999"
Lagos,2023-04-04,33,26,29.1,39.3,26,33.3,24.1,75.6,0,0,0,,0,0,38.9,33.5,196.4,1008.8,38.9,8.9,233,20.3,8,60,2023-04-04T06:43:36,2023-04-04T18:55:32,0.44,Partially cloudy,Partly cloudy throughout the day.,partly-cloudy-day,"VRJU8,DNMM,65201099999"
Lagos,2023-04-05,34,25,29.2,39.4,25,32.9,24,74.9,0,0,0,,0,0,25.6,22.3,190.2,1009.3,51.5,10.4,270.5,23.4,9,60,2023-04-05T06:43:09,2023-04-05T18:55:25,0.48,Partially cloudy,Partly cloudy throughout the day.,partly-cloudy-day,"DNMM,remote,65201099999"
Lagos,2023-04-06,34,26.1,29.6,42.1,26.1,35.2,25,76.9,0,0,0,rain,0,0,31.7,65.4,232.3,1009.2,55.1,10.4,270.1,23.4,10,75,2023-04-06T06:42:41,2023-04-06T18:55:18,0.5,Partially cloudy,Partly cloudy throughout the day.,wind,"65210099999,DNMM,remote,65201099999"
Lagos,2023-04-07,34,26.1,29.6,43.5,26.1,35.2,25.1,77.6,0,0,0,rain,0,0,29.9,25.9,210.7,1009.5,53.3,10,243.1,21,9,75,2023-04-07T06:42:14,2023-04-07T18:55:12,0.55,Partially cloudy,Partly cloudy throughout the day.,partly-cloudy-day,"65210099999,VRJU8,DNMM,65201099999"
Lagos,2023-04-08,34,25,28.6,42.1,25,32.7,24.6,80,0,0,0,rain,0,0,29.5,25.9,229,1009.7,63,9.9,269.8,23.4,10,60,2023-04-08T06:41:46,2023-04-08T18:55:06,0.58,Partially cloudy,Partly cloudy throughout the day.,partly-cloudy-day,"DNMM,65201099999"
Lagos,2023-04-09,32,23,27.8,36.8,23,30.6,23.8,79.5,2,100,4.17,rain,0,0,29.5,25.9,209.8,1010.8,51.1,10.6,204.7,17.7,9,60,2023-04-09T06:41:19,2023-04-09T18:55:00,0.62,"Rain, Partially cloudy",Partly cloudy throughout the day with early morning rain.,rain,"65210099999,DNMM,remote,65201099999"
Lagos,2023-04-10,34,25,29.3,42,25,34.1,24.6,76.4,0,0,0,,0,0,25.9,18.4,192.9,1010.8,43.5,9.7,280.5,24.2,10,60,2023-04-10T06:40:53,2023-04-10T18:54:54,0.65,Partially cloudy,Partly cloudy throughout the day.,partly-cloudy-day,"VRJU8,DNMM,65201099999"
Lagos,2023-04-11,34,23,28.6,42,23,33,24.5,79.6,0.1,100,4.17,rain,0,0,31.7,68.4,212.8,1010.3,60.8,9.4,295.3,25.5,10,60,2023-04-11T06:40:27,2023-04-11T18:54:49,0.69,"Rain, Partially cloudy",Partly cloudy throughout the day with late afternoon rain.,rain,"DNMM,65201099999"
Lagos,2023-04-12,33,24,27.8,42.1,24,31.8,24.5,83.1,43,100,4.17,rain,0,0,22.7,18.4,216.5,1010,51.9,9.6,250.2,21.5,8,75,2023-04-12T06:40:01,2023-04-12T18:54:43,0.72,"Rain, Partially cloudy",Partly cloudy throughout the day with morning rain.,rain,"65210099999,DNMM,remote,65201099999"
Lagos,2023-04-13,33.1,26.1,29.3,42.3,26.1,35.1,25.4,80.2,0.1,100,4.17,rain,0,0,27.7,24.1,215.1,1009.7,56.1,12.2,270,23.3,9,75,2023-04-13T06:39:35,2023-04-13T18:54:38,0.75,"Rain, Partially cloudy",Partly cloudy throughout the day with morning rain.,rain,"VRJU8,DNMM,remote,65201099999"
Lagos,2023-04-14,34,27,29.3,45.3,31.2,36,25.9,82.5,0.1,100,4.17,rain,0,0,29.5,25.6,238.2,1009.7,55.1,11,298.5,25.9,10,75,2023-04-14T06:39:10,2023-04-14T18:54:34,0.8,"Rain, Partially cloudy",Partly cloudy throughout the day with late afternoon rain.,rain,"65210099999,VRJU8,DNMM,remote,65201099999"
Lagos,2023-04-15,33,27,29,43.8,30.1,35.1,25.4,81,4,100,4.17,rain,0,0,24.8,24.1,217,1010.9,59.5,10,291.8,25.1,10,100,2023-04-15T06:38:45,2023-04-15T18:54:29,0.83,"Rain, Partially cloudy",Partly cloudy throughout the day with afternoon rain.,rain,"65210099999,VRJU8,DNMM,65201099999"
Lagos,2023-04-16,35,23.3,28.8,39.5,23.3,32.5,23.6,75.3,0,0,0,rain,0,0,29.5,25.9,190.9,1009.2,43.7,10.3,288.1,25,10,75,2023-04-16T06:38:20,2023-04-16T18:54:25,0.87,Partially cloudy,Partly cloudy throughout the day.,partly-cloudy-day,"65210099999,VRJU8,DNMM,remote,65201099999"
Lagos,2023-04-17,34,26,29.8,42,26,35.5,25,75.9,0,0,0,,0,0,31.7,27.7,217.4,1008.8,43,10,291.6,25.2,9,75,2023-04-17T06:37:56,2023-04-17T18:54:21,0.9,Partially cloudy,Partly cloudy throughout the day.,partly-cloudy-day,"65210099999,VRJU8,DNMM,65201099999"
Lagos,2023-04-18,34,26,29.5,42,26,35.3,25.5,79.7,0,0,0,rain,0,0,25.6,18.4,201.8,1008.7,55.7,9.8,292.9,25.2,10,75,2023-04-18T06:37:33,2023-04-18T18:54:18,0.94,Partially cloudy,Partly cloudy throughout the day.,partly-cloudy-day,"65210099999,VRJU8,DNMM,65201099999"
Lagos,2023-04-19,30.4,24,27.2,35.6,24,30.5,24.5,85.3,22,100,4.17,rain,0,0,20.9,22.3,283.5,1010.4,51.7,8.6,274,23.7,9,60,2023-04-19T06:37:09,2023-04-19T18:54:15,0.97,"Rain, Partially cloudy",Partly cloudy throughout the day with afternoon rain.,rain,"VRJU8,DNMM,remote,65201099999"
Lagos,2023-04-20,34,24,28.6,40.8,24,32.5,24.4,79.3,0,0,0,,0,0,27.4,20.5,212.5,1009,44.2,9.3,218.5,18.9,9,60,2023-04-20T06:36:47,2023-04-20T18:54:12,0,Partially cloudy,Partly cloudy throughout the day.,partly-cloudy-day,"VRJU8,DNMM,65201099999"
Lagos,2023-04-21,34,26.1,29.7,42.2,26.1,35.2,25,76.6,0,0,0,rain,0,0,31,23.4,217.4,1008.4,52.1,11.2,245.5,21.1,9,75,2023-04-21T06:36:24,2023-04-21T18:54:10,0.04,Partially cloudy,Partly cloudy throughout the day.,partly-cloudy-day,"VRJU8,DNMM,remote,65201099999"
Lagos,2023-04-22,33.8,27,29.8,42.1,31.1,36.3,25.7,79.7,0,0,0,rain,0,0,29.5,25.9,221.7,1008.3,56.1,10,256.4,22.1,9,75,2023-04-22T06:36:03,2023-04-22T18:54:08,0.07,Partially cloudy,Partly cloudy throughout the day.,partly-cloudy-day,"65210099999,VRJU8,DNMM,65201099999"
Lagos,2023-04-23,28,23,26.5,33.6,23,29.4,25.2,92.5,41,100,4.17,rain,0,0,25.2,25.9,209.6,1009.5,62.5,8.8,251.1,21.5,9,60,2023-04-23T06:35:41,2023-04-23T18:54:06,0.11,"Rain, Partially cloudy",Partly cloudy throughout the day with afternoon rain.,rain,"DNMM,65201099999"
Lagos,2023-04-24,34,25,28.6,45.3,25,33.3,25.4,84,8,100,4.17,rain,0,0,19.4,16.6,276.9,1010.9,46.6,9.5,144.6,12.5,6,60,2023-04-24T06:35:21,2023-04-24T18:54:05,0.14,"Rain, Partially cloudy",Partly cloudy throughout the day with afternoon rain.,rain,"65210099999,VRJU8,DNMM,65201099999"
Lagos,2023-04-25,33.1,24.6,29.2,42.3,24.6,35.2,25.7,81.9,0,0,0,rain,0,0,31,22.3,212.6,1010.5,48.4,9.6,259.4,22.4,9,100,2023-04-25T06:35:00,2023-04-25T18:54:04,0.17,Partially cloudy,Partly cloudy throughout the day.,partly-cloudy-day,"65210099999,VRJU8,DNMM,remote,65201099999"
Lagos,2023-04-26,32,25,27.9,40.6,25,31.5,24.6,83,5,100,4.17,rain,0,0,28.8,25.6,223,1009.7,55.8,10.2,238.2,20.6,8,100,2023-04-26T06:34:41,2023-04-26T18:54:03,0.2,"Rain, Partially cloudy",Partly cloudy throughout the day with morning rain.,rain,"VRJU8,DNMM,remote,65201099999"
Lagos,2023-04-27,28.3,17,26.2,32.7,17,28.3,23.9,87.8,91,100,4.17,rain,0,0,55.4,50,174.3,1011.9,53.2,10.3,179.1,15.4,7,75,2023-04-27T06:34:22,2023-04-27T18:54:03,0.25,"Rain, Partially cloudy",Partly cloudy throughout the day with afternoon rain.,rain,"65210099999,VRJU8,DNMM,remote,65201099999"
Lagos,2023-04-28,33,23.9,28,39.3,23.9,31.5,24.4,81.9,10,100,4.17,rain,0,0,24.8,18.4,221,1012.4,53.2,8.9,217.3,18.8,9,75,2023-04-28T06:34:03,2023-04-28T18:54:04,0.27,"Rain, Partially cloudy",Partly cloudy throughout the day with morning rain.,rain,"65210099999,VRJU8,DNMM,65201099999"
Lagos,2023-04-29,31,24,26.5,40.6,24,29.3,24.6,89.5,4,100,4.17,rain,0,0,23,14.8,309.7,1013,50.8,7.6,233,20.2,10,75,2023-04-29T06:33:45,2023-04-29T18:54:04,0.3,"Rain, Partially cloudy",Partly cloudy throughout the day with late afternoon rain.,rain,"65210099999,DNMM,remote,65201099999"
Lagos,2023-04-30,31,23.9,27,37.7,23.9,30,24,84.1,0,0,0,rain,0,0,23,14.8,231.1,1012.1,46.2,9.5,92.2,8,4,60,2023-04-30T06:33:28,2023-04-30T18:54:06,0.33,Partially cloudy,Partly cloudy throughout the day.,partly-cloudy-day,"65210099999,DNMM,remote,65201099999"
Lagos,2023-05-01,33,23,26.7,40.7,23,29.5,24,86,6,100,4.17,rain,0,0,92.5,24.1,239.8,1011.3,56.2,8.4,284,24.6,10,100,2023-05-01T06:33:11,2023-05-01T18:54:07,0.36,"Rain, Partially cloudy",Partly cloudy throughout the day with late afternoon rain.,rain,"65210099999,DNMM,65201099999"
Lagos,2023-05-02,32,23.8,27.6,40.6,23.8,31.5,24.5,84.2,0,0,0,,0,0,26.3,20.5,220.8,1011.6,56.7,9.6,296.3,25.6,10,60,2023-05-02T06:32:55,2023-05-02T18:54:09,0.39,Partially cloudy,Partly cloudy throughout the day.,partly-cloudy-day,"DNMM,65201099999"
Lagos,2023-05-03,32.8,25.9,29.1,40.1,25.9,34,25,79.5,0,0,0,,0,0,23.8,18.4,190.1,1013,52.9,9.5,293.8,25.5,10,60,2023-05-03T06:32:40,2023-05-03T18:54:12,0.43,Partially cloudy,Partly cloudy throughout the day.,partly-cloudy-day,"65210099999,DNMM,65201099999"
Lagos,2023-05-04,34,25.8,28.4,45.3,25.8,32.9,25.6,85.6,1,100,4.17,rain,0,0,55.4,35.3,218.7,1013.6,60.5,9.4,287.3,24.9,9,60,2023-05-04T06:32:25,2023-05-04T18:54:15,0.46,"Rain, Partially cloudy",Partly cloudy throughout the day with late afternoon rain.,rain,"DNMM,remote,65201099999"
Lagos,2023-05-05,34.1,24,28.7,42,24,32.3,24.3,79,0,0,0,,0,0,24.1,20.5,209.7,1013.1,39.8,9,154.7,13.3,9,30,2023-05-05T06:32:11,2023-05-05T18:54:18,0.5,Partially cloudy,Partly cloudy throughout the day.,partly-cloudy-day,"DNMM,65201099999"
Lagos,2023-05-06,30.8,24,27.1,38.4,24,29.6,24.2,84.7,14,100,4.17,rain,0,0,68.4,157.7,186.3,1012.5,46.6,10.4,237.9,20.5,10,30,2023-05-06T06:31:58,2023-05-06T18:54:22,0.53,"Rain, Partially cloudy",Partly cloudy throughout the day with afternoon rain.,rain,"DNMM,65201099999"
Lagos,2023-05-07,33,24.8,28.3,40.6,24.8,31.9,24.4,80.2,0,0,0,,0,0,28.8,20.5,188.7,1011.5,55.6,8.9,292.3,25.4,10,30,2023-05-07T06:31:45,2023-05-07T18:54:27,0.56,Partially cloudy,Partly cloudy throughout the day.,partly-cloudy-day,"DNMM,65201099999"
Lagos,2023-05-08,33,26,29.1,42.1,26,34.8,25.5,81.6,0,0,0,,0,0,25.9,22.3,219.9,1012.3,59.1,10,283.2,24.7,10,60,2023-05-08T06:31:33,2023-05-08T18:54:31,0.6,Partially cloudy,Partly cloudy throughout the day.,partly-cloudy-day,"65210099999,DNMM,65201099999"
Lagos,2023-05-09,34,25.9,29.3,42.2,25.9,34.8,25.6,81.6,0,0,0,,0,0,24.1,20.5,224.3,1011.2,41.7,10,242.6,21,9,60,2023-05-09T06:31:22,2023-05-09T18:54:37,0.63,Partially cloudy,Partly cloudy throughout the day.,partly-cloudy-day,"65210099999,DNMM,65201099999"
Lagos,2023-05-10,34,25.9,29.8,43.5,25.9,35.6,25.4,78.5,0,0,0,,0,0,27.4,22.3,205.7,1010.4,49.3,10,267,23,9,75,2023-05-10T06:31:11,2023-05-10T18:54:42,0.67,Partially cloudy,Partly cloudy throughout the day.,partly-cloudy-day,"DNMM,65201099999"
Lagos,2023-05-11,34,26.8,30.3,43.5,30.6,37.3,25.8,78,0,0,0,rain,0,0,29.5,25.9,214.6,1010.8,52.6,9.9,275.1,23.8,9,75,2023-05-11T06:31:01,2023-05-11T18:54:48,0.71,Partially cloudy,Partly cloudy throughout the day.,partly-cloudy-day,"DNMM,65201099999"
Lagos,2023-05-12,32,26.8,29,42.3,30.6,35.6,26.2,85.1,0.4,100,4.17,rain,0,0,21.6,16.6,220.4,1011.8,58.3,9.8,286.6,24.8,9,75,2023-05-12T06:30:52,2023-05-12T18:54:55,0.75,"Rain, Partially cloudy",Partly cloudy throughout the day with late afternoon rain.,rain,"65210099999,DNMM,65201099999"
Lagos,2023-05-13,31,26.9,28.3,42.4,30.6,34,25.8,86.8,0,0,0,rain,0,0,50.2,35.3,130.8,1012.4,57.1,9.5,290,25.1,10,60,2023-05-13T06:30:43,2023-05-13T18:55:02,0.78,Partially cloudy,Partly cloudy throughout the day.,partly-cloudy-day,"DNMM,65201099999"
Lagos,2023-05-14,31.2,24.8,28,41.3,24.8,33.3,25.7,87.6,5,100,4.17,rain,0,0,32.4,20.5,219.6,1013.4,59.9,8.6,272,23.5,9,75,2023-05-14T06:30:35,2023-05-14T18:55:10,0.81,"Rain, Partially cloudy",Partly cloudy throughout the day with late afternoon rain.,rain,"65210099999,DNMM,65201099999"
Lagos,2023-05-15,30.1,22.8,26.6,37.4,22.8,30.5,25,91.2,64,100,4.17,rain,0,0,37.1,18.4,62.3,1013.4,66.1,7.9,71.3,6,3,60,2023-05-15T06:30:28,2023-05-15T18:55:17,0.85,"Rain, Partially cloudy",Partly cloudy throughout the day with morning rain.,rain,"DNMM,65201099999"
Lagos,2023-05-16,32,25.9,28.9,40.6,25.9,34.7,25.8,84.4,0,0,0,rain,0,0,24.5,20.5,237.7,1012.9,46.4,9.2,280.6,24.1,9,30,2023-05-16T06:30:21,2023-05-16T18:55:26,0.88,Partially cloudy,Partly cloudy throughout the day.,partly-cloudy-day,"DNMM,65201099999"
Lagos,2023-05-17,34,25.8,29.5,42.1,25.8,35.4,25.6,80.6,0,0,0,rain,0,0,25.6,22.3,217.7,1011.9,51.9,9.8,249.6,21.6,8,60,2023-05-17T06:30:16,2023-05-17T18:55:34,0.92,Partially cloudy,Partly cloudy throughout the day.,partly-cloudy-day,"65210099999,DNMM,65201099999"
Lagos,2023-05-18,32,23,27.8,39.5,23,31.5,24.2,81.7,59,100,12.5,rain,0,0,81.7,20.5,253.5,1012.4,50.6,9.3,113.4,9.8,5,60,2023-05-18T06:30:10,2023-05-18T18:55:44,0.96,"Rain, Partially cloudy",Partly cloudy throughout the day with rain.,rain,"65210099999,DNMM,65201099999"
Lagos,2023-05-19,33.1,25,28.7,42.3,25,33.4,25.1,81.6,0.1,100,4.17,rain,0,0,25.2,19.4,244.5,1012.3,48.9,10.1,281.9,24.6,9,60,2023-05-19T06:30:06,2023-05-19T18:55:53,0,"Rain, Partially cloudy",Partly cloudy throughout the day with afternoon rain.,rain,"65210099999,DNMM,remote,65201099999"
Lagos,2023-05-20,31,25,28,36.5,25,31.8,24.5,81.7,5,100,4.17,rain,0,0,27.4,17.6,211,1012,57.9,11.6,223.8,19.2,8,60,2023-05-20T06:30:02,2023-05-20T18:56:03,0.03,"Rain, Partially cloudy",Partly cloudy throughout the day with afternoon rain.,rain,"DNMM,remote,65201099999"
Lagos,2023-05-21,34,25.1,28.7,42,25.1,33,25.1,82,0,0,0,rain,0,0,25.6,20.5,227.3,1012.6,48.9,9.6,279.7,24.2,9,60,2023-05-21T06:29:59,2023-05-21T18:56:13,0.06,Partially cloudy,Partly cloudy throughout the day.,partly-cloudy-day,"DNMM,65201099999"
Lagos,2023-05-22,31,24,28.2,39.2,24,32.7,25.4,85.7,0,0,0,rain,0,0,24.8,20.5,227.7,1012.4,59.2,9.8,229.9,19.7,9,30,2023-05-22T06:29:57,2023-05-22T18:56:24,0.09,Partially cloudy,Partly cloudy throughout the day.,partly-cloudy-day,"DNMM,remote,65201099999"
Lagos,2023-05-23,33,24.8,28.3,42.3,24.8,32.7,25.3,84.7,12,100,4.17,rain,0,0,24.1,20.5,203.5,1011.7,61.6,8,224,19.2,8,30,2023-05-23T06:29:56,2023-05-23T18:56:35,0.12,"Rain, Partially cloudy",Partly cloudy throughout the day with morning rain.,rain,"65210099999,DNMM,65201099999"
Lagos,2023-05-24,33,26,29.2,43.8,26,35.4,25.9,82.9,0,0,0,rain,0,0,33.5,29.5,212.5,1011,61.2,10.8,268.3,23.1,9,60,2023-05-24T06:29:55,2023-05-24T18:56:46,0.15,Partially cloudy,Partly cloudy throughout the day.,partly-cloudy-day,"DNMM,remote,65201099999"
Lagos,2023-05-25,34,24.1,28.9,42.1,24.1,33.8,24.9,79.5,7,100,4.17,rain,0,0,64.8,22.3,209.4,1011.1,69.8,11,269.7,23.4,9,60,2023-05-25T06:29:55,2023-05-25T18:56:58,0.19,"Rain, Partially cloudy",Partly cloudy throughout the day with early morning rain.,rain,"65210099999,DNMM,remote,65201099999"
Lagos,2023-05-26,33,26,29.4,42.1,26,35.3,25.7,81.5,7,100,4.17,rain,0,0,30.2,22.3,229.9,1011.1,55.6,9.9,284.3,24.6,9,75,2023-05-26T06:29:55,2023-05-26T18:57:10,0.22,"Rain, Partially cloudy",Partly cloudy throughout the day with early morning rain.,rain,"DNMM,65201099999"
Lagos,2023-05-27,28,22.7,26,33.6,22.7,28,24.6,92,2,100,4.17,rain,0,0,64.8,37.1,11.9,1011.5,56.9,9.5,174.6,15,9,75,2023-05-27T06:29:56,2023-05-27T18:57:22,0.25,"Rain, Partially cloudy",Partly cloudy throughout the day with afternoon rain.,rain,"DNMM,remote,65201099999"
Lagos,2023-05-28,33,23.8,27.9,42.1,23.8,32,24.4,82,0,0,0,rain,0,0,25.9,22.3,199.1,1012,48.4,9,277.7,24,9,60,2023-05-28T06:29:58,2023-05-28T18:57:35,0.28,Partially cloudy,Partly cloudy throughout the day.,partly-cloudy-day,"DNMM,65201099999"
Lagos,2023-05-29,27.8,25,26.3,31.6,25,27.9,24.4,89.5,20,100,4.17,rain,0,0,31.7,25.9,87.7,1012.5,55,9,190.1,16.3,7,60,2023-05-29T06:30:00,2023-05-29T18:57:47,0.32,"Rain, Partially cloudy",Partly cloudy throughout the day with afternoon rain.,rain,"DNMM,remote,65201099999"
Lagos,2023-05-30,32,23,27.9,39.2,23,31.5,24.1,81.2,0,0,0,,0,0,27.7,22.3,150.7,1013.4,49.5,9.3,274,23.7,9,30,2023-05-30T06:30:03,2023-05-30T18:58:01,0.35,Partially cloudy,Partly cloudy throughout the day.,partly-cloudy-day,"65210099999,DNMM,remote,65201099999"
Lagos,2023-05-31,33,25.1,28.8,42.1,25.1,34,25.4,82.5,0,0,0,rain,0,0,28.8,22.3,216.7,1012.6,54.6,11.2,274.5,23.7,9,60,2023-05-31T06:30:07,2023-05-31T18:58:14,0.38,Partially cloudy,Partly cloudy throughout the day.,partly-cloudy-day,"DNMM,remote,65201099999"
Lagos,2023-06-01,32,25.8,28.4,40.6,25.8,33.4,25.5,84.6,5,100,4.17,rain,0,0,27.7,26.3,226.7,1011.9,62.5,10.7,253.9,21.6,9,30,2023-06-01T06:30:11,2023-06-01T18:58:27,0.41,"Rain, Partially cloudy",Partly cloudy throughout the day with morning rain.,rain,"65210099999,DNMM,remote,65201099999"
Lagos,2023-06-02,31,25,27.8,40.6,25,31.3,25.1,86.1,8,100,4.17,rain,0,0,27.7,25.9,221.1,1012.4,61,9.7,257.8,22.1,9,60,2023-06-02T06:30:16,2023-06-02T18:58:41,0.45,"Rain, Partially cloudy",Partly cloudy throughout the day with morning rain.,rain,"65210099999,DNMM,65201099999"
Lagos,2023-06-03,30,25,27,36.3,25,29.4,24.7,88,7,100,4.17,rain,0,0,28.8,20.5,242.3,1013.6,46.1,9.4,251.6,21.8,9,30,2023-06-03T06:30:22,2023-06-03T18:58:55,0.48,"Rain, Partially cloudy",Partly cloudy throughout the day with afternoon rain.,rain,"65210099999,DNMM,65201099999"
Lagos,2023-06-04,32,24.8,28.3,39.2,24.8,32.4,24.4,80,0.1,100,4.17,rain,0,0,27.7,24.8,239.2,1013.3,54.6,10.2,276.1,24,9,60,2023-06-04T06:30:28,2023-06-04T18:59:09,0.5,"Rain, Partially cloudy",Partly cloudy throughout the day with late afternoon rain.,rain,"DNMM,remote,65201099999"
Lagos,2023-06-05,32,25.8,28.8,41.6,25.8,34,25.5,83.1,0,0,0,rain,0,0,29.5,27.7,225.8,1013.1,53.5,10,262.2,22.4,8,30,2023-06-05T06:30:34,2023-06-05T18:59:23,0.55,Partially cloudy,Partly cloudy throughout the day.,partly-cloudy-day,"65210099999,DNMM,65201099999"
Lagos,2023-06-06,30,23,26.2,37.4,23,29,24.7,91.5,33,100,8.33,rain,0,0,46.4,16.6,224.5,1013.2,58.9,8.7,50.1,4.1,2,30,2023-06-06T06:30:41,2023-06-06T18:59:37,0.58,"Rain, Partially cloudy",Partly cloudy throughout the day with rain.,rain,"65210099999,DNMM,65201099999"
Lagos,2023-06-07,31,24,26.8,37.7,24,29.3,24,85.6,0,0,0,rain,0,0,25.6,20.5,228.7,1014.1,66.4,8.4,261.7,22.6,9,30,2023-06-07T06:30:49,2023-06-07T18:59:52,0.62,Partially cloudy,Partly cloudy throughout the day.,partly-cloudy-day,"65210099999,DNMM,65201099999"
Lagos,2023-06-08,29,21.2,25.3,33.6,21.2,26.7,22.9,87.1,66.2,100,12.5,rain,0,0,46.4,27.7,214.3,1015.3,54.6,9,39.2,3.4,2,30,2023-06-08T06:30:57,2023-06-08T19:00:06,0.65,"Rain, Partially cloudy",Partly cloudy throughout the day with a chance of rain throughout the day.,rain,"DNMM,65201099999"
Lagos,2023-06-09,32,24,27.6,37.9,24,30.7,24.3,83,0,0,0,rain,0,0,24.8,22.3,197.7,1014,48.8,9,259.9,22.1,9,30,2023-06-09T06:31:06,2023-06-09T19:00:21,0.69,Partially cloudy,Partly cloudy throughout the day.,partly-cloudy-day,"DNMM,65201099999"
Lagos,2023-06-10,31,25.8,27.3,37.7,25.8,29.9,24.6,85.6,0,0,0,rain,0,0,29.5,25.9,221.6,1013.3,65.4,9.8,264.3,22.8,9,30,2023-06-10T06:31:15,2023-06-10T19:00:35,0.75,Partially cloudy,Partly cloudy throughout the day.,partly-cloudy-day,"65210099999,DNMM,65201099999"
Lagos,2023-06-11,27,24,25.5,30.6,24,26.2,24.2,92.7,67,100,8.33,rain,0,0,35.6,18.4,232.2,1014.6,58,8.8,111.1,9.5,5,30,2023-06-11T06:31:25,2023-06-11T19:00:49,0.76,"Rain, Partially cloudy",Partly cloudy throughout the day with rain.,rain,"DNMM,65201099999"
Lagos,2023-06-12,32.8,24,28.2,39.2,24,31.4,23.9,78.2,0.1,100,4.17,rain,0,0,25.6,24.1,247.1,1014.9,61.9,11.7,266.5,23,9,10,2023-06-12T06:31:34,2023-06-12T19:01:04,0.8,"Rain, Partially cloudy",Partly cloudy throughout the day with early morning rain.,rain,"65210099999,DNMM,remote,65201099999"
Lagos,2023-06-13,31.8,25,28.1,39.1,25,31.5,23.9,78.8,0,0,0,,0,0,29.9,22.3,246.9,1014.3,42.8,10,273.6,23.7,9,10,2023-06-13T06:31:45,2023-06-13T19:01:18,0.83,Partially cloudy,Partly cloudy throughout the day.,partly-cloudy-day,"65210099999,DNMM,65201099999"
Lagos,2023-06-14,30,23,26.6,35.1,23,28.4,23.5,83.6,18,100,4.17,rain,0,0,30.2,22.3,243.6,1013.6,54.4,9.8,203.6,17.7,8,10,2023-06-14T06:31:56,2023-06-14T19:01:33,0.87,"Rain, Partially cloudy",Partly cloudy throughout the day with afternoon rain.,rain,"65210099999,DNMM,remote,65201099999"
Lagos,2023-06-15,27,24,25.6,30.6,24,26.3,24.4,93,100,100,4.17,rain,0,0,29.5,18.4,204.6,1014.2,64.7,7.5,49.8,4.4,2,10,2023-06-15T06:32:07,2023-06-15T19:01:47,0.9,"Rain, Partially cloudy",Partly cloudy throughout the day with late afternoon rain.,rain,"65210099999,DNMM,65201099999"
Lagos,2023-06-16,30.8,24.8,27.2,37.2,24.8,30.1,24.5,86.1,6,100,4.17,rain,0,0,22,18.4,245.6,1014,57.5,8.6,245.5,21.1,9,30,2023-06-16T06:32:18,2023-06-16T19:02:01,0.94,"Rain, Partially cloudy",Partly cloudy throughout the day with morning rain.,rain,"DNMM,65201099999"
Lagos,2023-06-17,32,25,28.6,40.6,25,33.1,25.2,82.6,0,0,0,rain,0,0,25.9,22.3,246.8,1013.2,52,9.5,224.6,19.2,8,30,2023-06-17T06:32:30,2023-06-17T19:02:15,0.97,Partially cloudy,Partly cloudy throughout the day.,partly-cloudy-day,"65210099999,DNMM,65201099999"
Lagos,2023-06-18,31,25,27.9,39.3,25,32,25.2,85.5,0.7,100,16.67,rain,0,0,28.1,23.8,236.6,1013.1,58.3,11.1,225.7,19.4,9,30,2023-06-18T06:32:42,2023-06-18T19:02:29,0,"Rain, Partially cloudy",Partly cloudy throughout the day with a chance of rain throughout the day.,rain,"65210099999,DNMM,remote,65201099999"
Lagos,2023-06-19,30,23,25.9,35.1,23,27.4,23.6,87.7,19,100,4.17,rain,0,0,24.8,18.4,228.2,1013.6,50.6,9.4,264,22.7,9,30,2023-06-19T06:32:55,2023-06-19T19:02:42,0.04,"Rain, Partially cloudy",Partly cloudy throughout the day with early morning rain.,rain,"DNMM,65201099999"
Lagos,2023-06-20,30,23.9,26.6,36.2,23.9,28.7,24.1,86.6,0,0,0,rain,0,0,27.7,24.1,223.1,1013.3,54.5,10.4,119.1,10.3,6,30,2023-06-20T06:33:07,2023-06-20T19:02:56,0.07,Partially cloudy,Partly cloudy throughout the day.,partly-cloudy-day,"65210099999,DNMM,remote,65201099999"
Lagos,2023-06-21,28.1,24.8,25.6,33,24.8,26.1,23.9,90.6,1,100,4.17,rain,0,0,31.7,27.7,222.7,1014.1,59.2,9.1,127.5,11.1,6,10,2023-06-21T06:33:20,2023-06-21T19:03:09,0.11,"Rain, Partially cloudy",Partly cloudy throughout the day with late afternoon rain.,rain,"DNMM,65201099999"
Lagos,2023-06-22,29.1,24,26.5,34,24,28.5,23.6,84.5,0,0,0,rain,0,0,37.4,25.9,261,1014.2,54.3,9.9,42.3,3.7,2,10,2023-06-22T06:33:33,2023-06-22T19:03:22,0.14,Partially cloudy,Partly cloudy throughout the day.,partly-cloudy-day,"65210099999,65202099999,DNMM,remote,65201099999"
Lagos,2023-06-23,29.8,24,26.3,34.7,24,28,23.8,86.6,2,100,4.17,rain,0,0,36.4,29.5,234.9,1013.5,69.7,9.2,133.3,11.5,8,10,2023-06-23T06:33:46,2023-06-23T19:03:34,0.17,"Rain, Partially cloudy",Partly cloudy throughout the day with late afternoon rain.,rain,"65210099999,DNMM,remote,65201099999"
Lagos,2023-06-24,27,24,25.3,30.1,24,26,23.6,90.9,26,100,16.67,rain,0,0,36,25.9,219.2,1013.9,62.5,8,31.4,2.6,1,10,2023-06-24T06:34:00,2023-06-24T19:03:47,0.2,"Rain, Partially cloudy",Partly cloudy throughout the day with a chance of rain throughout the day.,rain,"DNMM,65201099999"
Lagos,2023-06-25,30,24,26.5,34.1,24,27.8,23.2,82.9,4,100,4.17,rain,0,0,27.7,24.1,218.3,1014.7,60,9.9,236.2,20.5,9,10,2023-06-25T06:34:13,2023-06-25T19:03:59,0.24,"Rain, Partially cloudy",Partly cloudy throughout the day with early morning rain.,rain,"DNMM,65201099999"
Lagos,2023-06-26,30,22.9,26,34.9,22.9,27.2,22.3,80.5,0,0,0,rain,0,0,28.8,25.6,228.7,1014.2,54.2,11.2,196.1,17.1,7,10,2023-06-26T06:34:27,2023-06-26T19:04:10,0.25,Partially cloudy,Partly cloudy throughout the day.,partly-cloudy-day,"DNMM,remote,65201099999"
Lagos,2023-06-27,32.1,24.1,27.5,37.1,24.1,29.5,22.9,77,0,0,0,rain,0,0,64.8,27.7,244,1013.4,59.2,9.8,235.6,20.3,8,10,2023-06-27T06:34:41,2023-06-27T19:04:22,0.3,Partially cloudy,Partly cloudy throughout the day.,partly-cloudy-day,"VRJU8,DNMM,65201099999"
Lagos,2023-06-28,27,23,25.2,30.1,23,25.7,23.6,90.8,32,100,12.5,rain,0,0,64.8,25.9,240.2,1014.2,62.5,9.5,41.7,3.8,2,10,2023-06-28T06:34:54,2023-06-28T19:04:32,0.34,"Rain, Partially cloudy",Partly cloudy throughout the day with rain.,rain,"VRJU8,DNMM,65201099999"
Lagos,2023-06-29,29.1,24.8,26.6,34.5,24.8,28.2,24.2,87.3,3,100,4.17,rain,0,0,24.5,22.3,217.6,1015.8,60.4,11.3,231,20.1,8,10,2023-06-29T06:35:08,2023-06-29T19:04:43,0.37,"Rain, Partially cloudy",Partly cloudy throughout the day with afternoon rain.,rain,"VRJU8,DNMM,remote,65201099999"
Lagos,2023-06-30,30.8,24,27,36.2,24,29,23.9,83.7,1.1,100,12.5,rain,0,0,24.1,24.8,236.2,1015.5,73.2,15.1,207.9,18.1,7,10,2023-06-30T06:35:22,2023-06-30T19:04:53,0.4,"Rain, Partially cloudy",Partly cloudy throughout the day with late afternoon rain.,rain,"65210099999,VRJU8,DNMM,remote,65201099999"
Lagos,2023-07-01,31,25,27.3,37.7,25,29.6,24.1,83.3,0.9,100,8.33,rain,0,0,24.1,25.9,222.1,1014.2,60.6,12.8,231.5,20,8,10,2023-07-01T06:35:36,2023-07-01T19:05:02,0.43,"Rain, Partially cloudy",Partly cloudy throughout the day with early morning rain.,rain,"VRJU8,DNMM,remote,65201099999"
Lagos,2023-07-02,31,23,26.8,37.7,23,28.7,23.7,83.5,12,100,4.17,rain,0,0,20.5,33.5,203.8,1015.1,66.2,12.4,44.1,3.6,3,10,2023-07-02T06:35:50,2023-07-02T19:05:11,0.47,"Rain, Partially cloudy",Partly cloudy throughout the day with morning rain.,rain,"VRJU8,DNMM,remote,65201099999"
Lagos,2023-07-03,31.1,23.1,26.9,37.3,23.1,29,23.9,84.2,0.2,100,4.17,rain,0,0,22.7,22,224.7,1015.2,51.6,13.1,257,22.3,9,30,2023-07-03T06:36:04,2023-07-03T19:05:20,0.5,"Rain, Partially cloudy",Partly cloudy throughout the day with afternoon rain.,rain,"65210099999,VRJU8,DNMM,remote,65201099999"
Lagos,2023-07-04,28.2,16,26.5,32.7,16,28.3,23.6,84.5,6.8,100,29.17,rain,0,0,33.1,33.5,240.4,1015.4,64,15.7,213.8,18.4,9,30,2023-07-04T06:36:17,2023-07-04T19:05:28,0.53,"Rain, Partially cloudy",Partly cloudy throughout the day with a chance of rain throughout the day.,rain,"VRJU8,DNMM,remote,65201099999"
Lagos,2023-07-05,30,24.1,26.8,35.1,24.1,28.7,23.7,83.3,2,100,4.17,rain,0,0,38.5,15.1,200.9,1015.1,53.3,10.6,171.8,14.8,8,10,2023-07-05T06:36:31,2023-07-05T19:05:35,0.57,"Rain, Partially cloudy",Partly cloudy throughout the day with early morning rain.,rain,"65210099999,VRJU8,DNMM,remote,65201099999"
Lagos,2023-07-06,31,24,27.1,36.5,24,29.6,23.9,83.2,0.3,100,4.17,rain,0,0,25.9,24.1,231.7,1013.2,50.8,10.1,273.8,23.7,9,10,2023-07-06T06:36:44,2023-07-06T19:05:42,0.6,"Rain, Partially cloudy",Partly cloudy throughout the day with late afternoon rain.,rain,"VRJU8,DNMM,65201099999"
Lagos,2023-07-07,28,24,25.9,32.7,24,26.9,24.3,91.2,51,100,4.17,rain,0,0,29.2,14.8,240.6,1013.8,62.5,8.2,269.2,23.3,9,30,2023-07-07T06:36:58,2023-07-07T19:05:49,0.64,"Rain, Partially cloudy",Partly cloudy throughout the day with afternoon rain.,rain,"VRJU8,DNMM,65201099999"
Lagos,2023-07-08,27,23.3,25.1,30.6,23.3,25.4,23.7,92.3,7,100,8.33,rain,0,0,34.2,25.9,229.2,1014,57.3,10.8,68.5,5.8,3,30,2023-07-08T06:37:11,2023-07-08T19:05:54,0.67,"Rain, Partially cloudy",Partly cloudy throughout the day with rain.,rain,"65210099999,VRJU8,DNMM,remote,65201099999"
Lagos,2023-07-09,27,23.9,25.5,30.6,23.9,25.8,24.2,92.9,5,100,4.17,rain,0,0,27.4,14.8,224.7,1015.4,48.3,7.9,87.8,7.6,4,10,2023-07-09T06:37:24,2023-07-09T19:05:59,0.71,"Rain, Partially cloudy",Partly cloudy throughout the day with late afternoon rain.,rain,"65210099999,VRJU8,DNMM,65201099999"
Lagos,2023-07-10,29.8,24,26.8,35.8,24,29.3,24.2,86.4,0,0,0,rain,0,0,24.5,22.3,223.6,1014.5,57.5,8.9,250.3,21.6,9,10,2023-07-10T06:37:36,2023-07-10T19:06:04,0.75,Partially cloudy,Partly cloudy throughout the day.,partly-cloudy-day,"VRJU8,DNMM,remote,65201099999"
Lagos,2023-07-11,30,24,27,36.2,24,29.3,24.3,85.6,0,0,0,rain,0,0,29.5,24.1,236.4,1013.1,55.4,9.1,258.9,22.5,8,10,2023-07-11T06:37:49,2023-07-11T19:06:08,0.78,Partially cloudy,Partly cloudy throughout the day.,partly-cloudy-day,"65210099999,DNMM,65201099999"
Lagos,2023-07-12,30,23,26.4,36.2,23,28.3,24.2,88.1,0,0,0,rain,0,0,27.7,18.4,221.8,1012.4,62.2,9.4,50.6,4.5,3,10,2023-07-12T06:38:01,2023-07-12T19:06:11,0.81,Partially cloudy,Partly cloudy throughout the day.,partly-cloudy-day,"DNMM,remote,65201099999"
Lagos,2023-07-13,29,23.2,26.2,34.5,23.2,28.1,23.9,87.4,1,100,4.17,rain,0,0,25.6,18.4,217.5,1013.3,47.5,9,234.5,20.3,9,30,2023-07-13T06:38:13,2023-07-13T19:06:14,0.85,"Rain, Partially cloudy",Partly cloudy throughout the day with afternoon rain.,rain,"DNMM,65201099999"
Lagos,2023-07-14,30,24,27.1,36.5,24,30,24.3,85.4,0,0,0,rain,0,0,20.5,14.8,240.2,1013.7,51.8,9.1,271,23.4,9,30,2023-07-14T06:38:25,2023-07-14T19:06:16,0.88,Partially cloudy,Partly cloudy throughout the day.,partly-cloudy-day,"DNMM,65201099999"
Lagos,2023-07-15,28.6,25,26.3,33.4,25,27,24.1,87.8,3.2,100,16.67,rain,0,0,25.6,27.7,220.1,1013.5,66.8,13,270.2,23.2,9,30,2023-07-15T06:38:36,2023-07-15T19:06:17,0.92,"Rain, Partially cloudy",Partly cloudy throughout the day with rain.,rain,"65210099999,VRJU8,DNMM,remote,65201099999"
Lagos,2023-07-16,31,25,26.9,37.7,25,28.7,24.7,88.1,4.3,100,25,rain,0,0,28.4,27,234.4,1013.2,61.8,12.2,232.5,20,8,30,2023-07-16T06:38:48,2023-07-16T19:06:17,0.95,"Rain, Partially cloudy",Partly cloudy throughout the day with rain.,rain,"65210099999,VRJU8,DNMM,remote,65201099999"
Lagos,2023-07-17,30,24.8,27.1,36.2,24.8,29.7,24.7,86.9,13,100,8.33,rain,0,0,27.7,18.9,236,1014.2,59,9.4,280.8,24.3,9,30,2023-07-17T06:38:58,2023-07-17T19:06:17,0,"Rain, Partially cloudy",Partly cloudy throughout the day with rain.,rain,"65210099999,VRJU8,DNMM,65201099999"
Lagos,2023-07-18,29,24,26.7,34.5,24,29.2,24.4,87.4,0.1,100,4.17,rain,0,0,28.4,24.1,240,1015.2,53.3,10.5,274.2,23.7,9,30,2023-07-18T06:39:09,2023-07-18T19:06:16,0.02,"Rain, Partially cloudy",Partly cloudy throughout the day with late afternoon rain.,rain,"DNMM,remote,65201099999"
Lagos,2023-07-19,30.6,25,27.3,37.4,25,29.9,24.4,84.5,0,0,0,rain,0,0,32.8,29.2,234.5,1015.1,61.8,10.3,159.1,13.8,8,30,2023-07-19T06:39:19,2023-07-19T19:06:15,0.06,Partially cloudy,Partly cloudy throughout the day.,partly-cloudy-day,"65210099999,DNMM,remote,65201099999"
Lagos,2023-07-20,31,25.8,27.8,37.7,25.8,30.8,24.3,81.7,0,0,0,rain,0,0,33.8,25.9,230.6,1014.8,55.1,10,245.3,21.1,8,30,2023-07-20T06:39:29,2023-07-20T19:06:12,0.09,Partially cloudy,Partly cloudy throughout the day.,partly-cloudy-day,"65210099999,DNMM,65201099999"
Lagos,2023-07-21,29,25,27,33.6,25,29.4,24,83.9,0.4,100,4.17,rain,0,0,35.6,29.5,237.8,1014.8,56.3,10.4,272.5,23.5,9,30,2023-07-21T06:39:38,2023-07-21T19:06:09,0.12,"Rain, Partially cloudy",Partly cloudy throughout the day with morning rain.,rain,"DNMM,remote,65201099999"
Lagos,2023-07-22,27,23,25.8,30.6,23,26.6,23.8,89.1,51,100,8.33,rain,0,0,37.1,22.3,235.4,1015.6,64.8,10,177.1,15.4,6,10,2023-07-22T06:39:47,2023-07-22T19:06:06,0.16,"Rain, Partially cloudy",Partly cloudy throughout the day with rain.,rain,"DNMM,remote,65201099999"
Lagos,2023-07-23,26,22.9,24.4,26,22.9,24.4,23.5,94.8,29,100,8.33,rain,0,0,30.2,20.5,238.5,1016.6,45.7,7,48.8,4.3,3,10,2023-07-23T06:39:55,2023-07-23T19:06:01,0.19,"Rain, Partially cloudy",Partly cloudy throughout the day with rain.,rain,"DNMM,remote,65201099999"
Lagos,2023-07-24,29,23,25.8,34.5,23,27.3,23.6,87.8,0.3,100,4.17,rain,0,0,32.4,24.1,229.9,1015.7,57.3,8.5,187.1,16.1,9,10,2023-07-24T06:40:03,2023-07-24T19:05:56,0.22,"Rain, Partially cloudy",Partly cloudy throughout the day with late afternoon rain.,rain,"65210099999,DNMM,remote,65201099999"
Lagos,2023-07-25,30,24.8,26.6,36.2,24.8,28.4,24.3,87.7,0,0,0,rain,0,0,31,22.3,227.8,1014.9,57.8,9.8,275,23.6,9,30,2023-07-25T06:40:11,2023-07-25T19:05:50,0.25,Partially cloudy,Partly cloudy throughout the day.,partly-cloudy-day,"65210099999,DNMM,65201099999"
Lagos,2023-07-26,29,23.9,26.7,35.6,23.9,29.4,24.4,87.7,0,0,0,rain,0,0,27.7,20.5,231.7,1014.7,52.8,9.1,228.6,19.7,9,30,2023-07-26T06:40:18,2023-07-26T19:05:43,0.29,Partially cloudy,Partly cloudy throughout the day.,partly-cloudy-day,"DNMM,65201099999"
Lagos,2023-07-27,30,25.6,27.5,36.2,25.6,30.7,24.7,85,0,0,0,rain,0,0,28.8,24.5,225,1014.8,57.1,10.6,211.2,18.2,9,10,2023-07-27T06:40:25,2023-07-27T19:05:36,0.32,Partially cloudy,Partly cloudy throughout the day.,partly-cloudy-day,"65210099999,DNMM,remote,65201099999"
Lagos,2023-07-28,30,24,26.6,35.1,24,28.3,24,86.3,1.9,100,8.33,rain,0,0,32.8,27.7,225.2,1015.1,65.3,10,165.2,14.2,6,10,2023-07-28T06:40:31,2023-07-28T19:05:28,0.36,"Rain, Partially cloudy",Partly cloudy throughout the day with morning rain.,rain,"65210099999,VRJU8,DNMM,remote,65201099999"
Lagos,2023-07-29,27,24.1,26,30.6,24.1,27,24,89.3,14,100,12.5,rain,0,0,36,21.7,228.4,1015.7,67,8.9,31.2,2.6,1,10,2023-07-29T06:40:37,2023-07-29T19:05:19,0.39,"Rain, Partially cloudy",Partly cloudy throughout the day with a chance of rain throughout the day.,rain,"DNMM,remote,65201099999"
Lagos,2023-07-30,30,24.8,26.6,36.2,24.8,28.7,24.2,87,0.1,100,4.17,rain,0,0,25.9,24.1,232.7,1016.2,57,10.3,55.3,4.6,3,30,2023-07-30T06:40:43,2023-07-30T19:05:09,0.42,"Rain, Partially cloudy",Partly cloudy throughout the day with late afternoon rain.,rain,"DNMM,remote,65201099999"
Lagos,2023-07-31,28,24.8,26.4,32.7,24.8,28,24.2,88.4,0,0,0,rain,0,0,37.8,27.7,235.6,1016,62,9.7,232.9,20.1,9,30,2023-07-31T06:40:47,2023-07-31T19:04:58,0.46,Partially cloudy,Partly cloudy throughout the day.,partly-cloudy-day,"VRJU8,DNMM,65201099999"
Lagos,2023-08-01,27,24.2,25.8,30.6,24.2,26.5,24,90.3,5,100,4.17,rain,0,0,36.7,25.9,228.3,1015.4,65.5,8.8,107.6,9.4,6,10,2023-08-01T06:40:52,2023-08-01T19:04:47,0.5,"Rain, Partially cloudy",Partly cloudy throughout the day with late afternoon rain.,rain,"65210099999,VRJU8,DNMM,65201099999"
Lagos,2023-08-02,29,23,26,34.5,23,27.6,23.5,86.6,0,0,0,rain,0,0,38.5,24.1,223.6,1016.2,64.5,10.1,244.8,21.2,8,10,2023-08-02T06:40:56,2023-08-02T19:04:35,0.52,Partially cloudy,Partly cloudy throughout the day.,partly-cloudy-day,"VRJU8,DNMM,65201099999"
Lagos,2023-08-03,28,21,25.3,31.9,21,25.7,22.2,83.1,0.3,100,12.5,rain,0,0,28.1,29.5,220.6,1016.6,68.8,16,183.9,15.9,7,10,2023-08-03T06:40:59,2023-08-03T19:04:23,0.56,"Rain, Partially cloudy",Partly cloudy throughout the day with rain.,rain,"VRJU8,DNMM,remote,65201099999"
Lagos,2023-08-04,30,22,26.6,36.2,22,28.5,23.2,81.7,1.3,100,29.17,rain,0,0,27.4,33.5,232.8,1015.2,43.7,16.2,282.7,24.3,9,10,2023-08-04T06:41:02,2023-08-04T19:04:09,0.59,"Rain, Partially cloudy",Partly cloudy throughout the day with rain clearing later.,rain,"VRJU8,DNMM,remote,65201099999"
Lagos,2023-08-05,29,25,26.3,33.6,25,27.3,23.6,85.1,0.3,100,4.17,rain,0,0,29.9,25.2,230,1016,72.8,15.1,252.6,21.8,9,10,2023-08-05T06:41:05,2023-08-05T19:03:55,0.63,"Rain, Partially cloudy",Partly cloudy throughout the day with afternoon rain.,rain,"DNMM,remote,65201099999"
Lagos,2023-08-06,27.1,24,25.8,30.5,24,26.2,23.4,86.6,4,100,37.5,rain,0,0,35.3,29.9,229.3,1016.3,71.8,18.1,240.8,20.8,8,10,2023-08-06T06:41:07,2023-08-06T19:03:40,0.66,"Rain, Partially cloudy",Partly cloudy throughout the day with a chance of rain throughout the day.,rain,"DNMM,remote,65201099999"
Lagos,2023-08-07,27.4,24,25.5,30.4,24,25.8,23.5,88.8,0.3,100,4.17,rain,0,0,32.8,31.7,233.5,1015.9,62.6,12.1,266.5,23,9,10,2023-08-07T06:41:08,2023-08-07T19:03:25,0.69,"Rain, Partially cloudy",Partly cloudy throughout the day with late afternoon rain.,rain,"DNMM,remote,65201099999"
Lagos,2023-08-08,28,24.9,26.3,31.9,24.9,27.9,23.6,85.3,1,100,4.17,rain,0,0,32.8,29.5,218.8,1014.6,62.1,10,288.3,24.7,10,10,2023-08-08T06:41:09,2023-08-08T19:03:09,0.75,"Rain, Partially cloudy",Partly cloudy throughout the day with afternoon rain.,rain,"DNMM,remote,65201099999"
Lagos,2023-08-09,29,24.9,26.4,33.6,24.9,27.7,24.1,87.7,0.2,100,4.17,rain,0,0,32,25.9,221.4,1014.2,66.7,9.8,285.2,24.6,9,10,2023-08-09T06:41:10,2023-08-09T19:02:52,0.76,"Rain, Partially cloudy",Partly cloudy throughout the day with late afternoon rain.,rain,"DNMM,65201099999"
Lagos,2023-08-10,30,24.8,26.5,34,24.8,27.8,23.5,84.2,0,0,0,rain,0,0,31.7,25.9,235.5,1014.7,57.9,9,285.1,24.6,9,10,2023-08-10T06:41:10,2023-08-10T19:02:34,0.8,Partially cloudy,Partly cloudy throughout the day.,partly-cloudy-day,"DNMM,65201099999"
Lagos,2023-08-11,29,24,26.2,34.5,24,27.6,24,87.9,0.1,100,4.17,rain,0,0,26.6,24.8,240.6,1014.2,60.5,10.3,150.8,13,7,10,2023-08-11T06:41:09,2023-08-11T19:02:16,0.83,"Rain, Partially cloudy",Partly cloudy throughout the day with afternoon rain.,rain,"DNMM,remote,65201099999"
Lagos,2023-08-12,28.4,23.9,26,32.6,23.9,27.5,23.7,87.5,0.1,100,4.17,rain,0,0,31.7,18.4,231.5,1013,59.7,8.2,251.8,21.9,9,10,2023-08-12T06:41:09,2023-08-12T19:01:57,0.87,"Rain, Partially cloudy",Partly cloudy throughout the day with late afternoon rain.,rain,"DNMM,65201099999"
Lagos,2023-08-13,30,24.8,26.3,34.1,24.8,27.6,23.3,83.7,0.4,100,4.17,rain,0,0,38.5,222.5,241.2,1012.5,62.1,9.4,238,20.8,8,10,2023-08-13T06:41:07,2023-08-13T19:01:38,0.9,"Rain, Partially cloudy",Partly cloudy throughout the day with afternoon rain.,rain,"DNMM,65201099999"
Lagos,2023-08-14,27.9,25,26.2,31.9,25,27.3,23.8,86.8,0.5,100,4.17,rain,0,0,36,20.5,229.6,1013.6,64.9,9,261.6,22.5,9,10,2023-08-14T06:41:05,2023-08-14T19:01:17,0.93,"Rain, Partially cloudy",Partly cloudy throughout the day with afternoon rain.,rain,"DNMM,65201099999"
Lagos,2023-08-15,28,23.8,25.7,32.3,23.8,26.8,24,90.2,15,100,4.17,rain,0,0,24.1,16.9,246.1,1014.4,59,9.3,269.3,23.3,9,10,2023-08-15T06:41:03,2023-08-15T19:00:57,0.97,"Rain, Partially cloudy",Partly cloudy throughout the day with afternoon rain.,rain,"DNMM,remote,65201099999"
Lagos,2023-08-16,31.8,23.9,26.4,39,23.9,28.5,23.9,86.6,3,100,4.17,rain,0,0,20.5,16.6,250.7,1014.3,62.1,9,258.5,22.3,9,10,2023-08-16T06:41:00,2023-08-16T19:00:35,0,"Rain, Partially cloudy",Partly cloudy throughout the day with early morning rain.,rain,"VRJU8,DNMM,65201099999"
Lagos,2023-08-17,31,24,27,36.5,24,28.9,23.8,83.7,1.1,100,8.33,rain,0,0,24.1,20.5,247.3,1012.3,65.8,9.5,186.3,16,8,30,2023-08-17T06:40:57,2023-08-17T19:00:13,0.04,"Rain, Partially cloudy",Partly cloudy throughout the day with afternoon rain.,rain,"VRJU8,DNMM,65201099999"
Lagos,2023-08-18,28.1,25,26.1,32.5,25,27.1,23.9,87.6,2.2,100,8.33,rain,0,0,29.5,29.5,220.2,1012.7,69.9,10.7,213.1,18.3,9,10,2023-08-18T06:40:54,2023-08-18T18:59:51,0.07,"Rain, Partially cloudy",Partly cloudy throughout the day with rain.,rain,"65210099999,VRJU8,DNMM,remote,65201099999"
Lagos,2023-08-19,28,23.9,25.6,31.9,23.9,26.7,23.4,87.9,0,0,0,rain,0,0,25.9,22.3,244.3,1013.6,68.6,10.2,195,16.8,9,10,2023-08-19T06:40:50,2023-08-19T18:59:28,0.1,Partially cloudy,Partly cloudy throughout the day.,partly-cloudy-day,"VRJU8,DNMM,65201099999"
Lagos,2023-08-20,30.9,23.2,26.1,35.2,23.2,27.4,23.1,84.4,0.4,100,4.17,rain,0,0,27.7,22.3,212.4,1011.9,56.7,13,281.8,24.3,10,10,2023-08-20T06:40:45,2023-08-20T18:59:04,0.14,"Rain, Partially cloudy",Partly cloudy throughout the day with late afternoon rain.,rain,"DNMM,remote,65201099999"
Lagos,2023-08-21,31,23.2,27.3,36.5,23.2,30,23.8,81.7,0,0,0,rain,0,0,20.5,16.6,218.8,1012.6,65,9.3,262.8,22.9,9,30,2023-08-21T06:40:40,2023-08-21T18:58:40,0.17,Partially cloudy,Partly cloudy throughout the day.,partly-cloudy-day,"VRJU8,DNMM,65201099999"
Lagos,2023-08-22,30.1,24.8,27.4,35.4,24.8,30.1,24,82.2,0,0,0,rain,0,0,29.9,16.6,240.9,1012,59.9,9.9,260.5,22.6,9,30,2023-08-22T06:40:35,2023-08-22T18:58:15,0.21,Partially cloudy,Partly cloudy throughout the day.,partly-cloudy-day,"VRJU8,DNMM,65201099999"
Lagos,2023-08-23,29.8,24.9,26.6,34.9,24.9,28.5,24,85.7,0,0,0,rain,0,0,32.8,22.3,242.1,1011.6,67.1,10.3,224.9,19.3,8,30,2023-08-23T06:40:30,2023-08-23T18:57:50,0.24,Partially cloudy,Partly cloudy throughout the day.,partly-cloudy-day,"65210099999,DNMM,remote,65201099999"
Lagos,2023-08-24,31,24.9,26.5,37.7,24.9,27.9,24.3,87.9,1,100,4.17,rain,0,0,43.9,35.6,239.4,1011.1,75.3,11.9,33.5,2.9,1,30,2023-08-24T06:40:24,2023-08-24T18:57:24,0.25,"Rain, Partially cloudy",Partly cloudy throughout the day with morning rain.,rain,"DNMM,remote,65201099999"
Lagos,2023-08-25,30,25,27.1,36,25,29.4,24.4,86,2,100,4.17,rain,0,0,28.4,24.1,230.1,1011.6,57.3,9.8,244.3,21.1,9,30,2023-08-25T06:40:17,2023-08-25T18:56:58,0.31,"Rain, Partially cloudy",Partly cloudy throughout the day with early morning rain.,rain,"DNMM,65201099999"
Lagos,2023-08-26,30,24.9,27,36.3,24.9,29.8,24.6,87.2,13,100,4.17,rain,0,0,29.5,20.5,228.4,1012.2,69.2,9.5,269.3,23.3,9,30,2023-08-26T06:40:10,2023-08-26T18:56:31,0.34,"Rain, Partially cloudy",Partly cloudy throughout the day with late afternoon rain.,rain,"VRJU8,DNMM,65201099999"
Lagos,2023-08-27,28,24.8,26.1,32.7,24.8,27.4,24.6,91.4,5,100,4.17,rain,0,0,23.4,29.5,235.1,1013.3,80.4,10.4,209.5,18.1,9,30,2023-08-27T06:40:03,2023-08-27T18:56:04,0.38,"Rain, Partially cloudy",Partly cloudy throughout the day with afternoon rain.,rain,"VRJU8,DNMM,remote,65201099999"
Lagos,2023-08-28,29,24,25.9,34.5,24,26.9,24.2,90.7,6,100,4.17,rain,0,0,22.3,22.3,199.4,1014.6,62.4,10.4,119.7,10.4,8,30,2023-08-28T06:39:56,2023-08-28T18:55:36,0.41,"Rain, Partially cloudy",Partly cloudy throughout the day with early morning rain.,rain,"VRJU8,DNMM,remote,65201099999"
Lagos,2023-08-29,31.8,24.8,27.4,39,24.8,30.2,24.4,84.5,0,0,0,rain,0,0,28.1,22.3,230.3,1014.8,56.9,9.8,266.6,23.1,10,30,2023-08-29T06:39:48,2023-08-29T18:55:09,0.45,Partially cloudy,Partly cloudy throughout the day.,partly-cloudy-day,"DNMM,65201099999"
Lagos,2023-08-30,30,25,27,35.2,25,29,24.4,86.6,0,0,0,rain,0,0,57.6,29.9,235,1014.4,65.7,9.9,193.1,16.7,8,30,2023-08-30T06:39:40,2023-08-30T18:54:40,0.48,Partially cloudy,Partly cloudy throughout the day.,partly-cloudy-day,"DNMM,65201099999"
Lagos,2023-08-31,31,25,27,37.5,25,29.2,24.4,86.2,1,100,4.17,rain,0,0,26.3,22.3,217.6,1014.3,74.6,11.3,234.5,20.2,9,30,2023-08-31T06:39:32,2023-08-31T18:54:12,0.5,"Rain, Partially cloudy",Partly cloudy throughout the day with early morning rain.,rain,"DNMM,remote,65201099999"
Lagos,2023-09-01,30.8,24.1,26.8,37.6,24.1,29,24.4,86.8,4,100,8.33,rain,0,0,32.4,24.1,229.6,1013.9,63.6,9.8,260,22.4,8,30,2023-09-01T06:39:23,2023-09-01T18:53:43,0.55,"Rain, Partially cloudy",Partly cloudy throughout the day with rain.,rain,"VRJU8,DNMM,remote,65201099999"
Lagos,2023-09-02,26,21.9,24.6,26,21.9,24.6,22.8,89.9,17,100,8.33,rain,0,0,44.6,33.5,238.6,1012.9,69.4,8.8,63.5,5.5,5,30,2023-09-02T06:39:14,2023-09-02T18:53:13,0.58,"Rain, Partially cloudy",Partly cloudy throughout the day with rain in the morning and afternoon.,rain,"VRJU8,DNMM,remote,65201099999"
Lagos,2023-09-03,29,23.8,25,39.5,23.8,25.5,23.6,91.9,15,100,4.17,rain,0,0,36.7,23.8,228.3,1014.2,65.4,11.4,203.5,17.6,8,10,2023-09-03T06:39:05,2023-09-03T18:52:43,0.61,"Rain, Partially cloudy",Partly cloudy throughout the day with afternoon rain.,rain,"65210099999,VRJU8,DNMM,remote,65201099999"
Lagos,2023-09-04,28.2,24,25.6,33,24,26.4,23.9,90.2,44,100,8.33,rain,0,0,25.9,18.4,251.5,1014.8,65.6,9.9,155.7,13.4,5,10,2023-09-04T06:38:56,2023-09-04T18:52:14,0.65,"Rain, Partially cloudy",Partly cloudy throughout the day with rain.,rain,"65210099999,VRJU8,DNMM,remote,65201099999"
Lagos,2023-09-05,28,24,26,32.7,24,27.1,23.9,88.8,9,100,8.33,rain,0,0,33.1,26.6,235.6,1013.5,89.5,11.1,244,21.3,9,10,2023-09-05T06:38:47,2023-09-05T18:51:43,0.68,"Rain, Partially cloudy",Partly cloudy throughout the day with rain in the morning and afternoon.,rain,"VRJU8,DNMM,remote,65201099999"
Lagos,2023-09-06,30.8,24,25.9,38.4,24,26.8,23.6,87.8,3,100,4.17,rain,0,0,24.1,37.1,229,1014,64.9,13,273.5,23.6,9,30,2023-09-06T06:38:37,2023-09-06T18:51:13,0.75,"Rain, Partially cloudy",Partly cloudy throughout the day with morning rain.,rain,"VRJU8,DNMM,remote,65201099999"
Lagos,2023-09-07,28,24,26.1,32.7,24,26.7,23.6,86.5,1.4,100,25,rain,0,0,25.9,25.9,223,1013.5,44.1,16.3,285.5,24.7,9,30,2023-09-07T06:38:27,2023-09-07T18:50:42,0.75,"Rain, Partially cloudy",Clearing in the afternoon with a chance of rain throughout the day.,rain,"VRJU8,DNMM,remote,65201099999"
Lagos,2023-09-08,30.6,24.9,26.9,38,24.9,28.8,24,84.4,3,100,25,rain,0,0,31.3,33.5,223.2,1013.7,75.8,15.4,258.9,22.1,9,30,2023-09-08T06:38:17,2023-09-08T18:50:11,0.78,"Rain, Partially cloudy",Partly cloudy throughout the day with a chance of rain throughout the day.,rain,"VRJU8,DNMM,remote,65201099999"
Lagos,2023-09-09,29.2,23,26.3,34.5,23,27.7,23.3,84.2,5,100,25,rain,0,0,29.2,33.5,214.8,1014.8,77.7,13.3,244.3,21.1,9,10,2023-09-09T06:38:07,2023-09-09T18:49:40,0.81,"Rain, Partially cloudy",Partly cloudy throughout the day with rain.,rain,"VRJU8,DNMM,remote,65201099999"
Lagos,2023-09-10,29,23,26,34.3,23,26.6,23.4,85.8,0.3,100,12.5,rain,0,0,25.9,55.4,259.1,1014.9,64.8,17.9,243.4,21,9,30,2023-09-10T06:37:56,2023-09-10T18:49:09,0.85,"Rain, Partially cloudy",Partly cloudy throughout the day with rain.,rain,"VRJU8,DNMM,remote,65201099999"
Lagos,2023-09-11,26.9,13,25.3,29.6,13,25.6,22.9,86.4,1.1,100,20.83,rain,0,0,28.4,55.4,237.7,1013.2,72.3,21.9,256.1,22.3,9,30,2023-09-11T06:37:46,2023-09-11T18:48:37,0.88,"Rain, Partially cloudy",Partly cloudy throughout the day with a chance of rain throughout the day.,rain,"VRJU8,remote"
Lagos,2023-09-12,26.4,13,24.5,26.4,13,24.5,21.8,85.1,10.9,100,45.83,rain,0,0,33.8,51.8,230.3,1014,91.5,18.8,111.3,9.7,7,10,2023-09-12T06:37:35,2023-09-12T18:48:06,0.91,"Rain, Overcast",Cloudy skies throughout the day with a chance of rain throughout the day.,rain,"VRJU8,DNMM,remote,65201099999"
Lagos,2023-09-13,29.1,16,24.9,34.9,16,25.5,22.1,84.8,6,100,41.67,rain,0,0,27,55.4,212.5,1013.2,69.1,17.9,209.5,18.1,9,10,2023-09-13T06:37:24,2023-09-13T18:47:34,0.95,"Rain, Partially cloudy",Partly cloudy throughout the day with a chance of rain throughout the day.,rain,"VRJU8,DNMM,remote,65201099999"
Lagos,2023-09-14,29,23.4,26,34.4,23.4,26.8,23.5,86.4,14,100,4.17,rain,0,0,25.6,25.2,232.4,1015.1,53.3,15.8,278.4,24.1,10,10,2023-09-14T06:37:14,2023-09-14T18:47:02,0.98,"Rain, Partially cloudy",Partly cloudy throughout the day with early morning rain.,rain,"VRJU8,DNMM,remote,65201099999"
Lagos,2023-09-15,29,13,24.7,34.6,13,26.1,22.1,86,16.6,100,45.83,rain,0,0,29.5,55.4,222.6,1013.5,73.5,13,203,17.6,7,30,2023-09-15T06:37:03,2023-09-15T18:46:30,0,"Rain, Partially cloudy",Partly cloudy throughout the day with rain.,rain,"VRJU8,DNMM,remote,65201099999"
Lagos,2023-09-16,27,15,24.5,30.6,15,24.8,21.9,85.4,6.7,100,45.83,rain,0,0,31.7,55.4,210.4,1013.5,86.4,17.1,226.5,19.6,9,30,2023-09-16T06:36:52,2023-09-16T18:45:58,0.05,"Rain, Partially cloudy",Partly cloudy throughout the day with a chance of rain throughout the day.,rain,"VRJU8,DNMM,remote,65201099999"
Lagos,2023-09-17,26.4,19,25.4,26.4,19,25.4,22.7,85.6,8.3,100,37.5,rain,0,0,32,26.6,240.7,1013.6,85.2,21,201.5,17.5,9,30,2023-09-17T06:36:41,2023-09-17T18:45:26,0.08,"Rain, Partially cloudy",Partly cloudy throughout the day with a chance of rain throughout the day.,rain,"VRJU8,remote"
Lagos,2023-09-18,27.1,24,26.1,29.8,24,26.6,23.3,84.6,0.7,100,25,rain,0,0,23.4,22,234.6,1012.2,85,23.8,209.3,18,9,30,2023-09-18T06:36:30,2023-09-18T18:44:54,0.12,"Rain, Partially cloudy",Partly cloudy throughout the day with a chance of rain throughout the day.,rain,"VRJU8,remote"
Lagos,2023-09-19,31,25,26.6,37.7,25,27.5,23.8,85,3.3,100,45.83,rain,0,0,25.6,20.9,239.5,1011.7,65.1,19,273.9,23.7,9,30,2023-09-19T06:36:19,2023-09-19T18:44:22,0.15,"Rain, Partially cloudy",Partly cloudy throughout the day with a chance of rain throughout the day.,rain,"DNMM,remote,65201099999"
Lagos,2023-09-20,30,25,26.3,36.1,25,27.1,23.6,85.4,2.9,100,25,rain,0,0,18.4,20.2,215.6,1012.2,51.5,17.5,282.7,24.3,10,30,2023-09-20T06:36:09,2023-09-20T18:43:50,0.19,"Rain, Partially cloudy",Partly cloudy throughout the day with a chance of rain throughout the day.,rain,"VRJU8,DNMM,remote,65201099999"
Lagos,2023-09-21,31,24.8,26.7,37.7,24.8,27.7,24.2,86.8,1.4,100,16.67,rain,0,0,24.5,27.7,219.7,1012,63.4,15.9,282.9,24.4,10,30,2023-09-21T06:35:58,2023-09-21T18:43:18,0.22,"Rain, Partially cloudy",Partly cloudy throughout the day with rain.,rain,"65210099999,VRJU8,DNMM,remote,65201099999"
Lagos,2023-09-22,27.4,25,26.6,31.7,25,27.9,23.6,84.1,20,100,4.17,rain,0,0,24.1,24.1,234,1011.7,93.3,22.3,124.9,10.7,5,30,2023-09-22T06:35:47,2023-09-22T18:42:47,0.25,"Rain, Overcast",Cloudy skies throughout the day with late afternoon rain.,rain,"VRJU8,DNMM,remote,65201099999"
Lagos,2023-09-23,30,24.1,26.1,35.1,24.1,26.5,23,83.7,1,100,20.83,rain,0,0,20.5,16.2,182.5,1012.4,86.9,18.2,111.5,9.6,6,10,2023-09-23T06:35:37,2023-09-23T18:42:15,0.29,"Rain, Partially cloudy",Partly cloudy throughout the day with rain.,rain,"VRJU8,DNMM,remote,65201099999"
Lagos,2023-09-24,26.8,24.1,25.3,30.1,24.1,25.4,23.1,87.9,6,100,4.17,rain,0,0,19.4,20.2,235.6,1013.4,87,17.6,112,9.6,7,10,2023-09-24T06:35:26,2023-09-24T18:41:43,0.33,"Rain, Partially cloudy",Partly cloudy throughout the day with early morning rain.,rain,"DNMM,remote,65201099999"
Lagos,2023-09-25,26.9,24,25.5,29.6,24,25.7,23.5,89.1,0.2,100,8.33,rain,0,0,19.4,19.8,198.8,1013.6,48.9,18.1,280.6,24.2,10,30,2023-09-25T06:35:16,2023-09-25T18:41:12,0.36,"Rain, Partially cloudy",Partly cloudy throughout the day with rain in the morning and afternoon.,rain,"DNMM,remote,65201099999"
Lagos,2023-09-26,27.2,24,26.4,30.7,24,27.8,23.9,86.3,1,100,4.17,rain,0,0,25.2,27.7,223.1,1012,48.4,21.5,288.5,24.8,9,30,2023-09-26T06:35:06,2023-09-26T18:40:41,0.4,"Rain, Partially cloudy",Partly cloudy throughout the day with morning rain.,rain,"VRJU8,DNMM,remote,65201099999"
Lagos,2023-09-27,32.8,26.1,27.2,42,26.1,29.3,24.1,83.5,0,0,0,,0,0,22,24.1,224,1010.6,70.7,22.1,227.7,19.7,7,60,2023-09-27T06:34:56,2023-09-27T18:40:09,0.43,Partially cloudy,Partly cloudy throughout the day.,partly-cloudy-day,"65210099999,VRJU8,DNMM,remote,65201099999"
Lagos,2023-09-28,32,26.7,27.4,40.5,26.7,30.8,24.4,84.2,0.3,100,12.5,rain,0,0,26.3,26.6,222.3,1010.8,60.7,21,281.2,24.2,9,30,2023-09-28T06:34:46,2023-09-28T18:39:39,0.47,"Rain, Partially cloudy",Partly cloudy throughout the day with rain.,rain,"VRJU8,DNMM,remote,65201099999"
Lagos,2023-09-29,28.1,25,27,33.7,25,29.6,23.8,83.1,7,100,4.17,rain,0,0,22.3,16.2,239.4,1012,77.1,18.4,84.6,7.4,4,30,2023-09-29T06:34:36,2023-09-29T18:39:08,0.5,"Rain, Partially cloudy",Partly cloudy throughout the day with afternoon rain.,rain,"DNMM,remote,65201099999"
Lagos,2023-09-30,31,24,27.2,39.1,24,30.4,24.6,86.3,41,100,4.17,rain,0,0,25.9,34.7,220.2,1012.5,60.8,13.4,290,25,10,30,2023-09-30T06:34:27,2023-09-30T18:38:38,0.53,"Rain, Partially cloudy",Partly cloudy throughout the day with early morning rain.,rain,"65210099999,VRJU8,DNMM,remote,65201099999"
Lagos,2023-10-01,31,25,27.5,38.8,25,30.7,24.6,84.8,0,0,0,rain,0,0,27.7,24.1,217.4,1012.3,56.9,9.7,290.1,25.1,10,10,2023-10-01T06:34:18,2023-10-01T18:38:07,0.57,Partially cloudy,Partly cloudy throughout the day.,partly-cloudy-day,"VRJU8,DNMM,65201099999"
Lagos,2023-10-02,31,24.8,27.5,39.1,24.8,30.7,24.7,85.3,11,100,8.33,rain,0,0,24.1,25.9,222.9,1012.1,59,9.2,290.5,25.1,10,30,2023-10-02T06:34:09,2023-10-02T18:37:38,0.6,"Rain, Partially cloudy",Partly cloudy throughout the day with rain in the morning and afternoon.,rain,"VRJU8,DNMM,65201099999"
Lagos,2023-10-03,31,25,27.3,36.5,25,30.1,24.3,84.1,0,0,0,rain,0,0,27.7,24.1,220.5,1011.8,54.4,11.6,231.6,20,9,30,2023-10-03T06:34:00,2023-10-03T18:37:08,0.63,Partially cloudy,Partly cloudy throughout the day.,partly-cloudy-day,"VRJU8,DNMM,remote,65201099999"
Lagos,2023-10-04,30.9,25,27.5,38.8,25,30.7,24.9,86.3,0.6,100,8.33,rain,0,0,25.9,22.3,240.8,1012,51.8,10.5,238.6,20.6,9,30,2023-10-04T06:33:52,2023-10-04T18:36:39,0.66,"Rain, Partially cloudy",Partly cloudy throughout the day with afternoon rain.,rain,"VRJU8,DNMM,remote,65201099999"
Lagos,2023-10-05,33,24.1,27,39.3,24.1,29.3,24,84.3,1.8,100,4.17,rain,0,0,32.4,31.1,223.8,1012.1,66.8,14.5,105.5,9,6,30,2023-10-05T06:33:44,2023-10-05T18:36:10,0.7,"Rain, Partially cloudy",Partly cloudy throughout the day with early morning rain.,rain,"VRJU8,DNMM,remote,65201099999"
Lagos,2023-10-06,28,16,25.9,32.6,16,27.3,23.2,85.3,1.1,100,20.83,rain,0,0,19.8,25.9,209.7,1012.2,59.4,18.1,229.2,19.7,9,30,2023-10-06T06:33:36,2023-10-06T18:35:42,0.75,"Rain, Partially cloudy",Partly cloudy throughout the day with a chance of rain throughout the day.,rain,"VRJU8,DNMM,remote,65201099999"
Lagos,2023-10-07,27.1,24.5,25.8,29.6,24.5,26.2,23.3,86.1,6,100,16.67,rain,0,0,16.6,16.9,358.7,1011.8,83.1,17.9,85.2,7.5,5,10,2023-10-07T06:33:29,2023-10-07T18:35:14,0.76,"Rain, Partially cloudy",Partly cloudy throughout the day with rain clearing later.,rain,"VRJU8,DNMM,remote,65201099999"
Lagos,2023-10-08,31,25,26.9,39.1,25,29.2,23.9,84.1,1,100,8.33,rain,0,0,19.1,17.6,207.1,1012.4,67.4,15.7,153.1,13.1,8,30,2023-10-08T06:33:22,2023-10-08T18:34:46,0.79,"Rain, Partially cloudy",Partly cloudy throughout the day with rain.,rain,"DNMM,remote,65201099999"
Lagos,2023-10-09,31,14,27.1,37.7,14,30.4,23.8,82.1,0.4,100,12.5,rain,0,0,29.5,35.3,242.2,1013.6,61,14.6,271,23.3,9,30,2023-10-09T06:33:15,2023-10-09T18:34:19,0.83,"Rain, Partially cloudy",Partly cloudy throughout the day with rain clearing later.,rain,"VRJU8,DNMM,remote,65201099999"
Lagos,2023-10-10,33,24,27.8,42.1,24,31.3,24.6,83.8,0,0,0,,0,0,18.4,18.4,217.6,1013.5,58.7,8.9,260.1,22.4,9,30,2023-10-10T06:33:09,2023-10-10T18:33:52,0.86,Partially cloudy,Partly cloudy throughout the day.,partly-cloudy-day,"VRJU8,DNMM,65201099999"
Lagos,2023-10-11,30.1,23,27.2,37.4,23,30.4,24.2,83.8,15,100,4.17,rain,0,0,64.8,91.6,181,1013,57,8.9,242.9,20.9,9,30,2023-10-11T06:33:04,2023-10-11T18:33:26,0.89,"Rain, Partially cloudy",Partly cloudy throughout the day with morning rain.,rain,"VRJU8,DNMM,65201099999"
Lagos,2023-10-12,31,23,27.7,40,23,31.5,24.8,84.8,0.2,100,4.17,rain,0,0,22.3,55.4,211.4,1012.9,52.9,9.3,215.5,18.6,8,30,2023-10-12T06:32:58,2023-10-12T18:33:00,0.93,"Rain, Partially cloudy",Partly cloudy throughout the day with late afternoon rain.,rain,"DNMM,65201099999"
Lagos,2023-10-13,33,23,27.2,41.7,23,30.9,24.4,86,15,100,8.33,rain,0,0,18.4,14.8,101.3,1012.9,52.7,9.4,170.5,14.7,9,30,2023-10-13T06:32:54,2023-10-13T18:32:35,0.96,"Rain, Partially cloudy",Partly cloudy throughout the day with rain clearing later.,rain,"DNMM,remote,65201099999"
Lagos,2023-10-14,30,25.1,27.2,35.1,25.1,30.4,24.7,86.3,0,0,0,rain,0,0,29.5,25.9,183.4,1013.1,60.5,8.7,114.2,9.9,3,30,2023-10-14T06:32:49,2023-10-14T18:32:11,0,Partially cloudy,Partly cloudy throughout the day.,partly-cloudy-day,"DNMM,remote,65201099999"
Lagos,2023-10-15,31.1,24.6,27.4,38.3,24.6,30.2,24,82.5,1,100,8.33,rain,0,0,21.6,20.9,202,1011.8,71.7,15.3,230.7,19.8,8,30,2023-10-15T06:32:45,2023-10-15T18:31:47,0.03,"Rain, Partially cloudy",Partly cloudy throughout the day with late afternoon rain.,rain,"DNMM,remote,65201099999"
Lagos,2023-10-16,32,25,27.3,39.2,25,30.1,23.7,81.2,0.7,100,16.67,rain,0,0,24.1,24.1,220.5,1012,65.2,19.2,243.3,20.8,9,30,2023-10-16T06:32:42,2023-10-16T18:31:23,0.06,"Rain, Partially cloudy",Partly cloudy throughout the day with rain.,rain,"VRJU8,DNMM,remote,65201099999"
Lagos,2023-10-17,27.3,19,24.9,30.6,19,25.5,23.2,90.4,10,100,4.17,rain,0,0,24.1,55.4,28.3,1013.4,71.6,14.4,62.9,5.4,3,30,2023-10-17T06:32:39,2023-10-17T18:31:00,0.1,"Rain, Partially cloudy",Partly cloudy throughout the day with morning rain.,rain,"VRJU8,DNMM,remote,65201099999"
Lagos,2023-10-18,33,19,26.5,42.1,19,28.6,23.6,84.3,0.5,100,8.33,rain,0,0,21.2,59.4,193.8,1013.5,61.5,14,262.9,22.8,9,30,2023-10-18T06:32:37,2023-10-18T18:30:38,0.13,"Rain, Partially cloudy",Partly cloudy throughout the day with rain.,rain,"VRJU8,DNMM,remote,65201099999"
Lagos,2023-10-19,27.7,23,27,31.7,23,29.8,23.8,82.5,1.2,100,16.67,rain,0,0,16.6,16.6,204.4,1013.2,75.8,22,266.1,22.9,9,60,2023-10-19T06:32:36,2023-10-19T18:30:17,0.17,"Rain, Partially cloudy",Partly cloudy throughout the day with rain.,rain,"VRJU8,DNMM,remote,65201099999"
Lagos,2023-10-20,31,25,27.2,39.1,25,30,24.6,86.3,0.8,100,4.17,rain,0,0,24.1,20.5,205.9,1012.7,63.2,14,280.7,24.2,10,30,2023-10-20T06:32:35,2023-10-20T18:29:56,0.2,"Rain, Partially cloudy",Partly cloudy throughout the day with late afternoon rain.,rain,"VRJU8,DNMM,remote,65201099999"
Lagos,2023-10-21,30,25,27.1,37.4,25,29.9,24.3,84.9,5.8,100,41.67,rain,0,0,17.6,19.1,225.5,1012.4,71,17.5,253.6,21.8,9,30,2023-10-21T06:32:34,2023-10-21T18:29:36,0.24,"Rain, Partially cloudy",Partly cloudy throughout the day with a chance of rain throughout the day.,rain,"VRJU8,DNMM,remote,65201099999"
Lagos,2023-10-22,31.1,25.7,27.6,39.2,25.7,30.9,24.8,85.1,2.6,100,29.17,rain,0,0,21.6,38.9,190.6,1011.8,56.9,16.8,279.5,24,9,30,2023-10-22T06:32:34,2023-10-22T18:29:17,0.25,"Rain, Partially cloudy",Partly cloudy throughout the day with rain.,rain,"VRJU8,DNMM,remote,65201099999"
Lagos,2023-10-23,31,25,28.2,39.1,25,32.2,24.1,78.6,1.6,100,20.83,rain,0,0,22,25.9,184.5,1011.2,67.8,17.1,188.8,16.1,9,30,2023-10-23T06:32:35,2023-10-23T18:28:58,0.31,"Rain, Partially cloudy",Partly cloudy throughout the day with rain.,rain,"VRJU8,DNMM,remote,65201099999"
Lagos,2023-10-24,32,26,28.6,48.8,26,33.6,24.4,78.4,0,0,0,,0,0,26.6,25.2,223.7,1011.2,66.3,16.8,218.4,18.8,9,30,2023-10-24T06:32:36,2023-10-24T18:28:40,0.34,Partially cloudy,Partly cloudy throughout the day.,partly-cloudy-day,"VRJU8,DNMM,remote,65201099999"
Lagos,2023-10-25,32,25.9,28.3,42.3,25.9,33.1,25.4,84.6,0.6,100,4.17,rain,0,0,27.7,35.6,236.8,1011.6,58.5,9.9,251,21.6,9,60,2023-10-25T06:32:38,2023-10-25T18:28:23,0.38,"Rain, Partially cloudy",Partly cloudy throughout the day with afternoon rain.,rain,"VRJU8,DNMM,remote,65201099999"
Lagos,2023-10-26,33,24,28,42.4,24,32,24.6,82.1,2,100,4.17,rain,0,0,24.1,20.5,223.3,1012.1,47.8,8.8,267.5,23.1,9,60,2023-10-26T06:32:41,2023-10-26T18:28:07,0.42,"Rain, Partially cloudy",Partly cloudy throughout the day with morning rain.,rain,"DNMM,65201099999"
Lagos,2023-10-27,32.9,25,28.5,40.5,25,32.3,24.8,81.7,0,0,0,rain,0,0,20.5,20.5,208.6,1012.4,53.4,9.5,278.9,24,9,30,2023-10-27T06:32:45,2023-10-27T18:27:52,0.45,Partially cloudy,Partly cloudy throughout the day.,partly-cloudy-day,"VRJU8,DNMM,65201099999"
Lagos,2023-10-28,32,25,28.5,40.6,25,33.3,25.4,83.6,0,0,0,rain,0,0,18.4,14.8,240.9,1010.9,60.3,9.3,279.5,24.2,10,30,2023-10-28T06:32:49,2023-10-28T18:27:37,0.5,Partially cloudy,Partly cloudy throughout the day.,partly-cloudy-day,"DNMM,65201099999"
Lagos,2023-10-29,34,23,27.8,42,23,31.4,24.3,82.3,26,100,4.17,rain,0,0,20.5,14.8,205.7,1009.4,43.4,8.5,108.9,9.3,5,30,2023-10-29T06:32:53,2023-10-29T18:27:23,0.52,"Rain, Partially cloudy",Partly cloudy throughout the day with early morning rain.,rain,"DNMM,65201099999"
Lagos,2023-10-30,33,24.6,28.7,42.2,24.6,33.7,25.3,82.5,0,0,0,,0,0,24.1,27.7,201.2,1008.9,61.8,9.2,179.1,15.3,7,60,2023-10-30T06:32:59,2023-10-30T18:27:10,0.55,Partially cloudy,Partly cloudy throughout the day.,partly-cloudy-day,"VRJU8,DNMM,65201099999"
Lagos,2023-10-31,30,23.9,26.5,35.1,23.9,28.9,23.8,85.8,44,100,8.33,rain,0,0,49.7,27.7,132.7,1010.1,48.2,9.3,54.6,4.6,3,60,2023-10-31T06:33:05,2023-10-31T18:26:58,0.58,"Rain, Partially cloudy",Partly cloudy throughout the day with rain clearing later.,rain,"VRJU8,DNMM,65201099999"
Lagos,2023-11-01,31,24.8,27.5,39.5,24.8,30.9,24.9,86.3,0.1,100,4.17,rain,0,0,17.3,25.9,269.8,1012.1,61.5,12.5,136.6,11.8,6,60,2023-11-01T06:33:12,2023-11-01T18:26:47,0.62,"Rain, Partially cloudy",Partly cloudy throughout the day with afternoon rain.,rain,"VRJU8,DNMM,remote,65201099999"
Lagos,2023-11-02,33,26,28.7,42,26,33.4,24.9,80.1,0,0,0,,0,0,27.7,24.1,227.4,1011.6,62,14.2,272.2,23.4,9,60,2023-11-02T06:33:20,2023-11-02T18:26:37,0.65,Partially cloudy,Partly cloudy throughout the day.,partly-cloudy-day,"VRJU8,DNMM,remote,65201099999"
Lagos,2023-11-03,32,25.9,28.2,39.2,25.9,33,25.7,86.5,5,100,4.17,rain,0,0,27.7,22.3,228.4,1011.4,59.3,9,257.7,22.3,9,60,2023-11-03T06:33:28,2023-11-03T18:26:28,0.68,"Rain, Partially cloudy",Partly cloudy throughout the day with late afternoon rain.,rain,"VRJU8,DNMM,65201099999"
Lagos,2023-11-04,32,26,28.4,39.2,26,33.1,25.3,84,10,100,4.17,rain,0,0,40.7,37.1,224.8,1011.4,58.7,9.4,255.5,22,9,60,2023-11-04T06:33:37,2023-11-04T18:26:19,0.71,"Rain, Partially cloudy",Partly cloudy throughout the day with late afternoon rain.,rain,"DNMM,65201099999"
Lagos,2023-11-05,32,25.9,28.1,40.6,25.9,32.7,25.3,85,3,100,4.17,rain,0,0,22.3,18.4,230.2,1011.4,52.5,8.6,262.3,22.7,9,60,2023-11-05T06:33:47,2023-11-05T18:26:12,0.75,"Rain, Partially cloudy",Partly cloudy throughout the day with morning rain.,rain,"DNMM,65201099999"
Lagos,2023-11-06,34,23,27.1,45.3,23,30.1,24.6,87.2,0.3,100,4.17,rain,0,0,24.1,18.4,297.4,1012,61.7,8.8,252.1,21.8,9,30,2023-11-06T06:33:57,2023-11-06T18:26:05,0.78,"Rain, Partially cloudy",Partly cloudy throughout the day with late afternoon rain.,rain,"DNMM,remote,65201099999"
Lagos,2023-11-07,32,23,26.7,42.3,23,30.3,24.5,88.3,53,100,4.17,rain,0,0,19.1,13,192.8,1011.7,53,7.2,243,21.1,9,30,2023-11-07T06:34:09,2023-11-07T18:26:00,0.81,"Rain, Partially cloudy",Partly cloudy throughout the day with early morning rain.,rain,"DNMM,65201099999"
Lagos,2023-11-08,31,24.8,27.7,39.1,24.8,31.5,25.2,86.9,0,0,0,rain,0,0,22.3,18.7,228.8,1011.3,53.5,8.7,261.6,22.4,9,30,2023-11-08T06:34:21,2023-11-08T18:25:55,0.84,Partially cloudy,Partly cloudy throughout the day.,partly-cloudy-day,"VRJU8,DNMM,65201099999"
Lagos,2023-11-09,32,25.8,28.2,39.5,25.8,32,24.5,81,0.1,100,4.17,rain,0,0,20.9,22.3,216.8,1011.2,60,15.9,262.3,22.7,9,30,2023-11-09T06:34:33,2023-11-09T18:25:51,0.87,"Rain, Partially cloudy",Partly cloudy throughout the day with late afternoon rain.,rain,"VRJU8,DNMM,remote,65201099999"
Lagos,2023-11-10,32,25,28.5,41.4,25,33.2,24.9,81.4,0.3,100,12.5,rain,0,0,23.4,23,221.9,1011.7,61.3,17.4,244,21.1,9,60,2023-11-10T06:34:47,2023-11-10T18:25:49,0.91,"Rain, Partially cloudy",Partly cloudy throughout the day with rain.,rain,"VRJU8,DNMM,remote,65201099999"
Lagos,2023-11-11,30,25,27.9,37.6,25,31.9,24.7,83,1.5,100,20.83,rain,0,0,25.2,26.3,213.6,1012.1,41.2,20.3,236.4,20.5,9,60,2023-11-11T06:35:01,2023-11-11T18:25:47,0.94,"Rain, Partially cloudy",Partly cloudy throughout the day with rain.,rain,"VRJU8,DNMM,remote,65201099999"
Lagos,2023-11-12,32,27.9,29.1,40.6,31.7,34.4,24.8,77.6,0.7,100,12.5,rain,0,0,21.6,22,206.2,1012,48.1,20.2,263.9,22.6,9,60,2023-11-12T06:35:16,2023-11-12T18:25:46,0.97,"Rain, Partially cloudy",Partly cloudy throughout the day with rain.,rain,"VRJU8,DNMM,remote,65201099999"
Lagos,2023-11-13,33,26.7,28.9,42.1,26.7,34,25,79.8,1.6,100,25,rain,0,0,20.5,18.4,197.8,1011.9,43.9,17.3,258.5,22.1,8,60,2023-11-13T06:35:32,2023-11-13T18:25:47,0,"Rain, Partially cloudy",Partly cloudy throughout the day with rain.,rain,"VRJU8,DNMM,remote,65201099999"
Lagos,2023-11-14,29.3,25,27.2,33.9,25,30.1,24.3,84.2,2.2,100,16.67,rain,0,0,22,19.4,204.6,1010.4,23.3,15,265.4,22.7,9,60,2023-11-14T06:35:49,2023-11-14T18:25:48,0.04,"Rain, Partially cloudy",Partly cloudy throughout the day with rain.,rain,"DNMM,remote,65201099999"
Lagos,2023-11-15,29.2,24,27.1,33.8,24,29.7,23.5,81.2,3,100,4.17,rain,0,0,33.8,26.6,132.7,1010.6,63.2,15.6,177.5,15.3,9,60,2023-11-15T06:36:06,2023-11-15T18:25:50,0.07,"Rain, Partially cloudy",Partly cloudy throughout the day with afternoon rain.,rain,"DNMM,remote,65201099999"
Lagos,2023-11-16,33.1,23.8,27.6,40,23.8,31,24.3,83.3,0,0,0,,0,0,18.4,16.6,239.1,1011.2,45.7,7.4,231.4,20,9,30,2023-11-16T06:36:24,2023-11-16T18:25:53,0.11,Partially cloudy,Partly cloudy throughout the day.,partly-cloudy-day,"DNMM,65201099999"
Lagos,2023-11-17,33.1,25.1,28.7,43.7,25.1,33.9,25.2,82,0,0,0,,0,0,27.7,24.1,227.7,1011.1,52.3,6.6,265.3,22.7,9,60,2023-11-17T06:36:42,2023-11-17T18:25:58,0.15,Partially cloudy,Partly cloudy throughout the day.,partly-cloudy-day,"DNMM,65201099999"
Lagos,2023-11-18,32.8,26,28.9,42,26,34,25.4,82.1,0,0,0,rain,0,0,24.1,21.8,236.6,1011.7,57.9,7.5,239.3,20.7,9,60,2023-11-18T06:37:02,2023-11-18T18:26:03,0.18,Partially cloudy,Partly cloudy throughout the day.,partly-cloudy-day,"VRJU8,DNMM,65201099999"
Lagos,2023-11-19,34,26,29.3,42,26,34.8,25.4,80.1,0.8,100,4.17,rain,0,0,50.4,22.3,235.3,1011.8,53.2,8.4,255.4,22.1,9,75,2023-11-19T06:37:22,2023-11-19T18:26:09,0.22,"Rain, Partially cloudy",Partly cloudy throughout the day with late afternoon rain.,rain,"VRJU8,DNMM,remote,65201099999"
Lagos,2023-11-20,33,26.3,29.2,40.8,26.3,35.2,25.8,82.6,0,0,0,rain,0,0,23.4,16.6,245.2,1011.6,50.7,7.4,255.7,22.1,9,60,2023-11-20T06:37:42,2023-11-20T18:26:16,0.25,Partially cloudy,Partly cloudy throughout the day.,partly-cloudy-day,"VRJU8,DNMM,65201099999"
Lagos,2023-11-21,34,26,28.6,42,26,33.1,25.2,82.7,0,0,0,,0,0,22,23.8,237.3,1010.6,56.3,12.3,255,21.9,9,75,2023-11-21T06:38:04,2023-11-21T18:26:25,0.29,Partially cloudy,Partly cloudy throughout the day.,partly-cloudy-day,"VRJU8,DNMM,remote,65201099999"
Lagos,2023-11-22,32,26.9,29,39.2,30.4,34.4,25,79.3,2.8,100,16.67,rain,0,0,33.1,62.5,216.5,1010.6,78.8,14.4,246.8,21.2,8,60,2023-11-22T06:38:25,2023-11-22T18:26:34,0.32,"Rain, Partially cloudy",Partly cloudy throughout the day with rain.,rain,"VRJU8,DNMM,remote,65201099999"
Lagos,2023-11-23,30,25,27.7,37.3,25,31.6,24.9,85.3,8,100,4.17,rain,0,0,37.1,35.3,200.2,1011.8,66.3,11.8,235.3,20.2,8,60,2023-11-23T06:38:48,2023-11-23T18:26:44,0.36,"Rain, Partially cloudy",Partly cloudy throughout the day with late afternoon rain.,rain,"VRJU8,DNMM,remote,65201099999"
Lagos,2023-11-24,30,26,27.9,37.4,26,31.7,25,84.9,1,100,4.17,rain,0,0,22.3,31.7,201.8,1011,65.5,13.8,187.5,16.2,7,60,2023-11-24T06:39:11,2023-11-24T18:26:55,0.4,"Rain, Partially cloudy",Partly cloudy throughout the day with afternoon rain.,rain,"VRJU8,DNMM,remote,65201099999"
Lagos,2023-11-25,31,25,27.7,37.7,25,30.9,24.4,82.6,1.6,100,20.83,rain,0,0,24.1,22,210.2,1010.1,46.1,16.4,248.4,21.3,8,60,2023-11-25T06:39:35,2023-11-25T18:27:07,0.43,"Rain, Partially cloudy",Partly cloudy throughout the day with rain.,rain,"DNMM,remote,65201099999"
Lagos,2023-11-26,27,24.8,25.7,30.7,24.8,26.2,24.4,92.6,48,100,12.5,rain,0,0,19.8,16.6,32.4,1012.8,58.8,8.8,73.3,6.4,4,60,2023-11-26T06:39:59,2023-11-26T18:27:20,0.47,"Rain, Partially cloudy",Partly cloudy throughout the day with rain.,rain,"VRJU8,DNMM,remote,65201099999"
Lagos,2023-11-27,33,24,27.6,40.1,24,30.5,24,82.3,0,0,0,,0,0,20.2,19.4,239,1012.5,40.5,9.7,248.3,21.5,9,30,2023-11-27T06:40:24,2023-11-27T18:27:34,0.5,Partially cloudy,Partly cloudy throughout the day.,partly-cloudy-day,"VRJU8,DNMM,remote,65201099999"
Lagos,2023-11-28,32.1,25,28.5,39.5,25,32.7,24.8,81.3,0,0,0,rain,0,0,23.8,20.5,227.2,1011.6,54.9,8.7,255.2,21.9,9,60,2023-11-28T06:40:50,2023-11-28T18:27:49,0.53,Partially cloudy,Partly cloudy throughout the day.,partly-cloudy-day,"DNMM,65201099999"
Lagos,2023-11-29,33,25,28.3,42.1,25,32.9,25.3,84,0.2,100,4.17,rain,0,0,24.1,20.5,231.8,1011.2,56.8,10.7,244,21,9,60,2023-11-29T06:41:16,2023-11-29T18:28:04,0.57,"Rain, Partially cloudy",Partly cloudy throughout the day with afternoon rain.,rain,"DNMM,remote,65201099999"
Lagos,2023-11-30,32,25,27.7,40.6,25,31.4,25,85.5,2,100,4.17,rain,0,0,22.3,18.4,226.5,1011.9,47.3,8.6,258.5,22.1,9,75,2023-11-30T06:41:42,2023-11-30T18:28:21,0.6,"Rain, Partially cloudy",Partly cloudy throughout the day with late afternoon rain.,rain,"VRJU8,DNMM,65201099999"
Lagos,2023-12-01,33,24,28.1,42.2,24,32,25.3,86.3,0,0,0,rain,0,0,24.8,20.5,242.6,1012.3,52.9,8.9,256.2,22.1,9,60,2023-12-01T06:42:09,2023-12-01T18:28:38,0.63,Partially cloudy,Partly cloudy throughout the day.,partly-cloudy-day,"VRJU8,DNMM,65201099999"
Lagos,2023-12-02,33.1,23,27.6,41,23,31.2,24.2,82.8,5,100,4.17,rain,0,0,22.3,14.8,210.1,1012.2,50.7,9.6,240.7,20.6,9,75,2023-12-02T06:42:37,2023-12-02T18:28:56,0.66,"Rain, Partially cloudy",Partly cloudy throughout the day with early morning rain.,rain,"VRJU8,DNMM,remote,65201099999"
Lagos,2023-12-03,34,25,29,43.5,25,34.1,25.1,80.7,0,0,0,,0,0,24.1,25.9,215.8,1011.7,47.9,8.3,258.4,22.3,9,60,2023-12-03T06:43:04,2023-12-03T18:29:15,0.69,Partially cloudy,Partly cloudy throughout the day.,partly-cloudy-day,"VRJU8,DNMM,65201099999"
Lagos,2023-12-04,34,25.4,29.1,42,25.4,34.1,25.3,80.7,0,0,0,,0,0,24.1,20.5,219.7,1012.1,57.5,9.2,260.7,22.4,9,60,2023-12-04T06:43:32,2023-12-04T18:29:35,0.73,Partially cloudy,Partly cloudy throughout the day.,partly-cloudy-day,"VRJU8,DNMM,65201099999"
Lagos,2023-12-05,33,25,28.9,42.2,25,33.6,25.1,80.8,5,100,4.17,rain,0,0,21.2,16.6,233.2,1011.9,49.8,8.7,259.2,22.4,9,60,2023-12-05T06:44:01,2023-12-05T18:29:56,0.75,"Rain, Partially cloudy",Partly cloudy throughout the day with morning rain.,rain,"DNMM,65201099999"
Lagos,2023-12-06,32,24.9,27.8,40.6,24.9,31.1,24.2,81.1,3,100,4.17,rain,0,0,19.4,25.2,223.5,1012.2,49.4,9.8,250.2,21.7,9,60,2023-12-06T06:44:30,2023-12-06T18:30:17,0.79,"Rain, Partially cloudy",Partly cloudy throughout the day with late afternoon rain.,rain,"VRJU8,DNMM,remote,65201099999"
Lagos,2023-12-07,33,24,28.2,42.1,24,32.7,24.8,82.7,0,0,0,rain,0,0,23,16.6,239.4,1012.8,49.2,8.4,224.2,19.3,8,60,2023-12-07T06:44:59,2023-12-07T18:30:39,0.82,Partially cloudy,Partly cloudy throughout the day.,partly-cloudy-day,"VRJU8,DNMM,65201099999"
Lagos,2023-12-08,33.8,26,29,43.3,26,34.4,25.6,83,0,0,0,,0,0,21.2,15.7,241.3,1012.7,44.3,8,252.3,21.8,9,60,2023-12-08T06:45:28,2023-12-08T18:31:02,0.85,Partially cloudy,Partly cloudy throughout the day.,partly-cloudy-day,"VRJU8,DNMM,65201099999"
Lagos,2023-12-09,33,25.8,28.9,42.1,25.8,34.1,25.4,81.8,0,0,0,rain,0,0,23,22.7,219.8,1010.6,56.4,9.3,254.9,21.9,9,60,2023-12-09T06:45:58,2023-12-09T18:31:26,0.89,Partially cloudy,Partly cloudy throughout the day.,partly-cloudy-day,"VRJU8,DNMM,remote,65201099999"
Lagos,2023-12-10,34,25,28.9,43.5,25,33.8,25.3,82.2,0,0,0,,0,0,22.3,18.7,226.6,1011.3,45.9,9,257.2,22.3,9,60,2023-12-10T06:46:28,2023-12-10T18:31:50,0.92,Partially cloudy,Partly cloudy throughout the day.,partly-cloudy-day,"VRJU8,DNMM,65201099999"
Lagos,2023-12-11,34,25.8,29.1,41,25.8,34.3,25.4,82,0,0,0,,0,0,22.3,14.8,264.2,1011.4,51.4,8,258.2,22.4,9,60,2023-12-11T06:46:58,2023-12-11T18:32:15,0.95,Partially cloudy,Partly cloudy throughout the day.,partly-cloudy-day,"VRJU8,DNMM,65201099999"
Lagos,2023-12-12,32,25,27.2,33.7,25,28.5,22.7,78.5,0.7,100,8.33,rain,0,0,55.4,22.3,2.1,1012.1,40.4,6,246.5,21.4,9,30,2023-12-12T06:47:28,2023-12-12T18:32:40,0.98,"Rain, Partially cloudy",Partly cloudy throughout the day with morning rain.,rain,"DNMM,remote,65201099999"
Lagos,2023-12-13,34,22.8,27.4,34.6,22.8,27.9,19,62.6,0,0,0,,0,0,25.9,16.6,68,1011.4,32.8,5.2,263.4,22.8,9,10,2023-12-13T06:47:58,2023-12-13T18:33:06,0,Partially cloudy,Partly cloudy throughout the day.,partly-cloudy-day,"DNMM,remote,65201099999"
Lagos,2023-12-14,34,22,27.4,40.8,22,29.1,20.8,69.4,0,0,0,,0,0,20.2,23.8,80.3,1010.9,30,4.3,263.6,22.8,9,10,2023-12-14T06:48:29,2023-12-14T18:33:33,0.05,Partially cloudy,Partly cloudy throughout the day.,partly-cloudy-day,"DNMM,remote,65201099999"
Lagos,2023-12-15,35,22.8,28.1,35.9,22.8,28.9,19.8,63.7,0,0,0,,0,0,20.5,16.6,23.9,1010.6,29.2,2.3,262.7,22.7,9,10,2023-12-15T06:48:59,2023-12-15T18:34:00,0.09,Partially cloudy,Partly cloudy throughout the day.,partly-cloudy-day,"DNMM,65201099999"
Lagos,2023-12-16,35,23.9,28.3,38.5,23.9,30.2,21.9,70.5,0,0,0,,0,0,18.7,14.8,222.4,1009.5,42.8,4.6,263,22.8,9,10,2023-12-16T06:49:30,2023-12-16T18:34:27,0.12,Partially cloudy,Partly cloudy throughout the day.,partly-cloudy-day,"VRJU8,DNMM,remote,65201099999"
Lagos,2023-12-17,34,24.8,28.3,39.4,24.8,30.6,22.3,70.8,0,0,0,,0,0,21.6,16.6,294,1009.8,45.6,2.8,261.2,22.4,9,10,2023-12-17T06:50:00,2023-12-17T18:34:55,0.16,Partially cloudy,Partly cloudy throughout the day.,partly-cloudy-day,"VRJU8,DNMM,65201099999"
Lagos,2023-12-18,36,25,29.2,39.8,25,31.2,21.8,68.3,0,0,0,,0,0,27,16.6,261.5,1009.9,25.9,4,262.1,22.6,9,30,2023-12-18T06:50:31,2023-12-18T18:35:23,0.2,Partially cloudy,Partly cloudy throughout the day.,partly-cloudy-day,"DNMM,65201099999"
Lagos,2023-12-19,33,24.9,28.4,40.6,24.9,32.1,24.5,80.4,0,0,0,,0,0,24.1,23,229.4,1010.8,44.2,4.9,257.5,22.4,9,30,2023-12-19T06:51:01,2023-12-19T18:35:52,0.25,Partially cloudy,Partly cloudy throughout the day.,partly-cloudy-day,"VRJU8,DNMM,remote,65201099999"
Lagos,2023-12-20,35.1,25,29.1,39.3,25,32,23.2,74.5,0,0,0,,0,0,24.8,18.4,314.5,1012.2,33.1,4.8,259.8,22.5,9,60,2023-12-20T06:51:31,2023-12-20T18:36:21,0.27,Partially cloudy,Partly cloudy throughout the day.,partly-cloudy-day,"DNMM,65201099999"
Lagos,2023-12-21,35,22,27.8,34.4,22,28.4,19.1,63.7,0,0,0,,0,0,22.7,22.3,208.4,1011,30.2,10.9,266.3,23.1,9,30,2023-12-21T06:52:01,2023-12-21T18:36:51,0.3,Partially cloudy,Partly cloudy throughout the day.,partly-cloudy-day,"DNMM,remote,65201099999"
Lagos,2023-12-22,37,21,29.5,38.7,21,31.1,19.7,58.2,0,0,0,,0,0,20.9,37.1,282.2,1011.7,29.9,9.8,250.7,21.8,9,10,2023-12-22T06:52:31,2023-12-22T18:37:21,0.34,Partially cloudy,Becoming cloudy in the afternoon.,partly-cloudy-day,"VRJU8,DNMM,remote,65201099999"
Lagos,2023-12-23,35,24.9,29,38.7,24.9,31.5,22.9,71.8,0,0,0,,0,0,22,16.6,81.1,1011.9,30.5,5.5,249.8,21.8,9,30,2023-12-23T06:53:01,2023-12-23T18:37:51,0.37,Partially cloudy,Partly cloudy throughout the day.,partly-cloudy-day,"VRJU8,DNMM,remote,65201099999"
Lagos,2023-12-24,36,25,29.3,39.8,25,31.9,22.3,67.8,0,0,0,,0,0,22,14.8,126.5,1012.4,31.7,4.9,223.3,19.3,8,10,2023-12-24T06:53:30,2023-12-24T18:38:21,0.41,Partially cloudy,Partly cloudy throughout the day.,partly-cloudy-day,"DNMM,remote,65201099999"
Lagos,2023-12-25,36,23,28.8,38,23,30.9,22,69.3,0,0,0,,0,0,24.8,14.8,277.2,1011.7,31.7,4.2,267.4,23.2,9,10,2023-12-25T06:53:59,2023-12-25T18:38:51,0.44,Partially cloudy,Partly cloudy throughout the day.,partly-cloudy-day,"VRJU8,DNMM,65201099999"
Lagos,2023-12-26,35,24,28.3,40.8,24,31.9,24.4,81.1,0,0,0,,0,0,22,16.6,254,1011.8,41.6,4.9,257.3,22.2,9,30,2023-12-26T06:54:28,2023-12-26T18:39:22,0.48,Partially cloudy,Partly cloudy throughout the day.,partly-cloudy-day,"VRJU8,DNMM,65201099999"
Lagos,2023-12-27,35,24.9,28.7,42.4,24.9,32.6,24.5,79.4,0,0,0,,0,0,19.8,13,168.2,1012.1,56.3,4.8,264.3,23,9,30,2023-12-27T06:54:56,2023-12-27T18:39:53,0.5,Partially cloudy,Partly cloudy throughout the day.,partly-cloudy-day,"DNMM,remote,65201099999"
Lagos,2023-12-28,34.8,24,28.8,41.6,24,32.4,23.9,76.4,0,0,0,,0,0,22.3,20.5,107.4,1013.1,29,4.2,265.5,23,9,10,2023-12-28T06:55:24,2023-12-28T18:40:24,0.55,Partially cloudy,Partly cloudy throughout the day.,partly-cloudy-day,"DNMM,remote,65201099999"
Lagos,2023-12-29,35,24,29.1,39.5,24,32.2,23.4,73.8,0,0,0,,0,0,23.4,13,248.9,1012.3,29.2,3.6,265.6,23.1,9,10,2023-12-29T06:55:52,2023-12-29T18:40:55,0.58,Partially cloudy,Partly cloudy throughout the day.,partly-cloudy-day,"DNMM,65201099999"
Lagos,2023-12-30,35,25,28.8,42,25,33.1,24.9,80.8,0,0,0,rain,0,0,22.7,16.6,256.4,1012.2,40.3,3.6,256.6,21.9,9,60,2023-12-30T06:56:19,2023-12-30T18:41:25,0.61,Partially cloudy,Partly cloudy throughout the day.,partly-cloudy-day,"VRJU8,DNMM,65201099999"
Lagos,2023-12-31,35.8,25.8,29.5,42,25.8,34.8,25.3,79.7,0,0,0,,0,0,24.8,14.8,236,1012,41.3,4.3,260.3,22.4,9,60,2023-12-31T06:56:46,2023-12-31T18:41:56,0.64,Partially cloudy,Partly cloudy throughout the day.,partly-cloudy-day,"VRJU8,DNMM,65201099999"
