name,datetime,tempmax,tempmin,temp,feelslikemax,feelslikemin,feelslike,dew,humidity,precip,precipprob,precipcover,preciptype,snow,snowdepth,windgust,windspeed,winddir,sealevelpressure,cloudcover,visibility,solarradiation,solarenergy,uvindex,severerisk,sunrise,sunset,moonphase,conditions,description,icon,stations
Lagos,2024-01-01,35,25,29.3,43.6,25,34.6,25.4,80.8,0,0,0,,0,0,22.3,18.4,246.1,1012.4,42.9,5.3,259.2,22.2,9,60,2024-01-01T06:57:12,2024-01-01T18:42:27,0.68,Partially cloudy,Partly cloudy throughout the day.,partly-cloudy-day,"DNMM,remote,65201099999"
Lagos,2024-01-02,35,25,28.8,45.2,25,34.2,25.7,84.4,0,0,0,,0,0,25.9,22.3,216.7,1013.3,42.6,5.8,260.3,22.3,9,75,2024-01-02T06:57:38,2024-01-02T18:42:58,0.71,Partially cloudy,Partly cloudy throughout the day.,partly-cloudy-day,"VRJU8,DNMM,65201099999"
Lagos,2024-01-03,34.8,25,29.2,43.4,25,34.4,25.3,80.6,0,0,0,,0,0,23.4,19,220.4,1013.2,51.2,6,242.8,21.1,8,75,2024-01-03T06:58:03,2024-01-03T18:43:29,0.74,Partially cloudy,Partly cloudy throughout the day.,partly-cloudy-day,"VRJU8,DNMM,65201099999"
Lagos,2024-01-04,35,26,29.1,43.3,26,33.5,24.7,78.8,0.1,100,4.17,rain,0,0,28.1,27.7,226.9,1013.1,50,8.1,255.2,22.3,9,60,2024-01-04T06:58:27,2024-01-04T18:43:59,0.75,"Rain, Partially cloudy",Partly cloudy throughout the day with early morning rain.,rain,"VRJU8,DNMM,65201099999"
Lagos,2024-01-05,34,26,28.7,42.1,26,33.4,25.1,81.6,0,0,0,,0,0,24.1,23.4,241.2,1012.4,45.2,11,257.5,22.3,9,60,2024-01-05T06:58:51,2024-01-05T18:44:30,0.8,Partially cloudy,Partly cloudy throughout the day.,partly-cloudy-day,"VRJU8,DNMM,remote,65201099999"
Lagos,2024-01-06,34,26,29.8,42,26,35.2,24.8,75.6,1.1,100,16.67,rain,0,0,22.3,17.6,220,1012.3,48.7,14.2,256.7,22.3,9,60,2024-01-06T06:59:14,2024-01-06T18:45:00,0.84,"Rain, Partially cloudy",Partly cloudy throughout the day with rain clearing later.,rain,"VRJU8,DNMM,remote,65201099999"
Lagos,2024-01-07,35,26.1,29.5,43.5,26.1,36,26,82.6,0,0,0,rain,0,0,24.5,17.4,222,1011.8,60.4,7.8,260.3,22.6,9,75,2024-01-07T06:59:37,2024-01-07T18:45:30,0.87,Partially cloudy,Partly cloudy throughout the day.,partly-cloudy-day,"VRJU8,DNMM,65201099999"
Lagos,2024-01-08,34,25.8,29.4,43.5,25.8,35.2,25.7,81.7,0,0,0,rain,0,0,24.1,22.3,205.7,1011.3,52.8,8.9,259.9,22.5,9,60,2024-01-08T06:59:59,2024-01-08T18:46:00,0.9,Partially cloudy,Partly cloudy throughout the day.,partly-cloudy-day,"VRJU8,DNMM,remote,65201099999"
Lagos,2024-01-09,33.5,26,29,41.6,26,34.3,25.3,81.5,0.2,100,4.17,rain,0,0,25.9,22.3,208.4,1011.3,43.2,10.9,262.6,22.7,9,60,2024-01-09T07:00:20,2024-01-09T18:46:29,0.93,"Rain, Partially cloudy",Partly cloudy throughout the day with early morning rain.,rain,"VRJU8,DNMM,remote,65201099999"
Lagos,2024-01-10,33.2,25.9,29,42.6,25.9,34.8,25.9,84,6,100,4.17,rain,0,0,25.9,25.9,245.9,1012.3,59.4,8.3,263.1,22.7,9,75,2024-01-10T07:00:41,2024-01-10T18:46:58,0.97,"Rain, Partially cloudy",Partly cloudy throughout the day with late afternoon rain.,rain,"DNMM,65201099999"
Lagos,2024-01-11,36,26,29.2,40.8,26,34.1,24.9,79.4,0,0,0,,0,0,26.3,27.7,215.7,1011.2,51.4,14.2,263,22.7,9,75,2024-01-11T07:01:00,2024-01-11T18:47:27,0,Partially cloudy,Partly cloudy throughout the day.,partly-cloudy-day,"DNMM,remote,65201099999"
Lagos,2024-01-12,32.5,27.7,29.1,42.2,31.2,34.7,24.9,78.6,0.1,100,4.17,rain,0,0,25.2,31,221.9,1010.7,46.7,18.2,263.5,22.7,9,75,2024-01-12T07:01:19,2024-01-12T18:47:55,0.03,"Rain, Partially cloudy",Partly cloudy throughout the day with afternoon rain.,rain,"DNMM,remote,65201099999"
Lagos,2024-01-13,35,25.8,29.8,43,25.8,35.4,25.4,79.1,0,0,0,,0,0,25.2,20.5,229.3,1011.8,45.9,7.6,263.9,22.7,9,60,2024-01-13T07:01:37,2024-01-13T18:48:23,0.07,Partially cloudy,Partly cloudy throughout the day.,partly-cloudy-day,"DNMM,65201099999"
Lagos,2024-01-14,34,26,29.3,40.6,26,34.8,25.5,80.7,0,0,0,,0,0,23.8,18.4,259.2,1012.5,42.4,8.3,266.7,22.9,9,30,2024-01-14T07:01:55,2024-01-14T18:48:51,0.1,Partially cloudy,Partly cloudy throughout the day.,partly-cloudy-day,"VRJU8,DNMM,remote,65201099999"
Lagos,2024-01-15,35,26,29.5,41.4,26,34.6,25.2,79.3,0,0,0,,0,0,23,18.4,255.8,1013.7,42.2,6.6,253.1,21.9,9,30,2024-01-15T07:02:11,2024-01-15T18:49:18,0.14,Partially cloudy,Partly cloudy throughout the day.,partly-cloudy-day,"VRJU8,DNMM,65201099999"
Lagos,2024-01-16,35.3,26,29.4,40.6,26,33.6,24.3,76.2,0,0,0,,0,0,21.6,20.5,273.1,1013.9,31.4,7.3,270.9,23.4,9,30,2024-01-16T07:02:27,2024-01-16T18:49:45,0.17,Partially cloudy,Partly cloudy throughout the day.,partly-cloudy-day,"VRJU8,DNMM,remote,65201099999"
Lagos,2024-01-17,35,25.9,29.3,38.1,25.9,32.4,22.4,67.8,0,0,0,,0,0,23.8,27.7,118.8,1013.6,18,13.6,276.7,23.9,9,30,2024-01-17T07:02:41,2024-01-17T18:50:11,0.21,Clear,Clear conditions throughout the day.,clear-day,"VRJU8,DNMM,remote,65201099999"
Lagos,2024-01-18,34,24.1,28.1,39.4,24.1,31.2,23.7,78.2,0,0,0,,0,0,22,21.6,203.1,1013.1,30.5,7.6,274.1,23.6,9,30,2024-01-18T07:02:55,2024-01-18T18:50:36,0.25,Partially cloudy,Partly cloudy throughout the day.,partly-cloudy-day,"VRJU8,DNMM,remote,65201099999"
Lagos,2024-01-19,34,25,28.3,42,25,31.2,23.1,74.5,0,0,0,,0,0,23.8,24.1,196.8,1012.9,16.9,12,271.8,23.4,9,10,2024-01-19T07:03:08,2024-01-19T18:51:02,0.28,Clear,Clear conditions throughout the day.,clear-day,"DNMM,remote,65201099999"
Lagos,2024-01-20,35,25,28.7,42.1,25,32.4,23.5,74.6,0,0,0,,0,0,23.8,28.8,222.9,1013.1,7.2,15.4,271.9,23.5,9,60,2024-01-20T07:03:20,2024-01-20T18:51:26,0.31,Clear,Clear conditions throughout the day.,clear-day,"VRJU8,DNMM,remote,65201099999"
Lagos,2024-01-21,35.2,25,29.6,42.3,25,34.7,24.5,75.5,0,0,0,,0,0,23.4,16.6,247.1,1013.1,24.2,12.2,274.8,23.8,9,60,2024-01-21T07:03:31,2024-01-21T18:51:50,0.35,Partially cloudy,Partly cloudy throughout the day.,partly-cloudy-day,"VRJU8,DNMM,remote,65201099999"
Lagos,2024-01-22,35,24,29,42,24,33.5,24.9,79.7,0,0,0,,0,0,27.7,24.1,239.2,1013.7,32.9,7.8,277.2,24,9,75,2024-01-22T07:03:42,2024-01-22T18:52:14,0.38,Partially cloudy,Partly cloudy throughout the day.,partly-cloudy-day,"VRJU8,DNMM,remote,65201099999"
Lagos,2024-01-23,34,25.1,29.2,40.4,25.1,33,24.3,76.7,0,0,0,rain,0,0,25.9,22.3,215.4,1013.9,47.2,7.8,190.6,16.4,9,60,2024-01-23T07:03:51,2024-01-23T18:52:36,0.42,Partially cloudy,Partly cloudy throughout the day.,partly-cloudy-day,"VRJU8,DNMM,remote,65201099999"
Lagos,2024-01-24,35,26,29.9,44.1,26,35.5,25.2,77.2,0,0,0,rain,0,0,22.3,16.6,198.5,1013.6,43.5,6.9,269.3,23.4,9,60,2024-01-24T07:03:59,2024-01-24T18:52:59,0.45,Partially cloudy,Partly cloudy throughout the day.,partly-cloudy-day,"DNMM,65201099999"
Lagos,2024-01-25,35,25.8,29.5,36.3,25.8,31.1,20.6,62.8,0,0,0,,0,0,24.1,27.7,79.5,1013.4,24.6,5.6,274.7,23.8,9,60,2024-01-25T07:04:07,2024-01-25T18:53:20,0.5,Partially cloudy,Partly cloudy throughout the day.,partly-cloudy-day,"DNMM,remote,65201099999"
Lagos,2024-01-26,35,24,28.9,35.4,24,29.4,18.7,57.1,0,0,0,,0,0,32.4,22.3,97.5,1013.4,30.8,2.1,282.3,24.4,10,30,2024-01-26T07:04:13,2024-01-26T18:53:41,0.52,Partially cloudy,Partly cloudy throughout the day.,partly-cloudy-day,"DNMM,65201099999"
Lagos,2024-01-27,35.2,22.5,27.9,35,22.5,28.4,18.2,58.5,0,0,0,,0,0,22.3,21.6,95,1012.6,32.8,2.5,281.2,24.4,10,10,2024-01-27T07:04:19,2024-01-27T18:54:01,0.56,Partially cloudy,Partly cloudy throughout the day.,partly-cloudy-day,"VRJU8,DNMM,remote,65201099999,VRJT5"
Lagos,2024-01-28,35,23.1,28.4,34,23.1,28.6,17.6,55.9,0,0,0,,0,0,27.7,24.1,55.3,1012.4,25.4,1.7,282.8,24.4,10,10,2024-01-28T07:04:23,2024-01-28T18:54:21,0.59,Partially cloudy,Partly cloudy throughout the day.,partly-cloudy-day,"VRJU8,DNMM,65201099999,VRJT5"
Lagos,2024-01-29,36,24,28.5,35.1,24,29.6,19.3,61.2,0,0,0,,0,0,20.9,16.9,177.2,1012.5,31.3,4.9,281.3,24.4,10,10,2024-01-29T07:04:27,2024-01-29T18:54:40,0.62,Partially cloudy,Partly cloudy throughout the day.,partly-cloudy-day,"VRJU8,DNMM,remote,65201099999,VRJT5"
Lagos,2024-01-30,36,25,29.2,39.8,25,31.6,22.7,70.7,0,0,0,,0,0,23,18.4,253.6,1012.1,45.4,2.9,275.9,23.9,9,10,2024-01-30T07:04:30,2024-01-30T18:54:58,0.65,Partially cloudy,Partly cloudy throughout the day.,partly-cloudy-day,"DNMM,remote,65201099999"
Lagos,2024-01-31,35,25,29.3,41.9,25,33.3,24.3,76.5,0,0,0,,0,0,25.2,20.5,233.3,1013.1,45.2,2.4,270.8,23.4,9,60,2024-01-31T07:04:31,2024-01-31T18:55:16,0.69,Partially cloudy,Partly cloudy throughout the day.,partly-cloudy-day,"VRJU8,DNMM,65201099999"
Lagos,2024-02-01,35.8,24.8,29.4,44.1,24.8,34.1,24.8,77.7,0,0,0,,0,0,23.4,20.5,221.6,1013.9,46.2,3.7,262.1,22.8,9,75,2024-02-01T07:04:32,2024-02-01T18:55:33,0.72,Partially cloudy,Partly cloudy throughout the day.,partly-cloudy-day,"VRJU8,DNMM,65201099999"
Lagos,2024-02-02,34,26,29.4,40.6,26,34.5,25,78.9,0,0,0,rain,0,0,28.8,17.2,280.1,1012.5,44.1,3.6,269.8,23.5,9,75,2024-02-02T07:04:32,2024-02-02T18:55:49,0.75,Partially cloudy,Partly cloudy throughout the day.,partly-cloudy-day,"VRJU8,DNMM,65201099999"
Lagos,2024-02-03,35,23.8,28.9,34.1,23.8,29.6,18.8,60.4,0,0,0,,0,0,32,16.6,109.2,1011.5,46.4,3.5,285,24.6,10,30,2024-02-03T07:04:31,2024-02-03T18:56:04,0.75,Partially cloudy,Partly cloudy throughout the day.,partly-cloudy-day,"DNMM,remote,65201099999"
Lagos,2024-02-04,35.2,23.9,28.8,34.4,23.9,28.7,16.5,51.3,0,0,0,,0,0,25.2,18.4,92.2,1012,33.2,3.1,284.4,24.6,10,10,2024-02-04T07:04:29,2024-02-04T18:56:19,0.82,Partially cloudy,Partly cloudy throughout the day.,partly-cloudy-day,"DNMM,remote,65201099999"
Lagos,2024-02-05,36.8,23,28.9,35.7,23,28.6,15.4,48,0,0,0,,0,0,24.1,20.5,75,1013.8,42.9,2,289.6,25,10,10,2024-02-05T07:04:26,2024-02-05T18:56:33,0.85,Partially cloudy,Partly cloudy throughout the day.,partly-cloudy-day,"DNMM,remote,65201099999"
Lagos,2024-02-06,35.8,23,28.6,35.6,23,28.6,15.6,47.3,0,0,0,,0,0,31.7,27.7,85.9,1013.9,47.9,1,290.9,25,10,10,2024-02-06T07:04:22,2024-02-06T18:56:46,0.88,Partially cloudy,Partly cloudy throughout the day.,partly-cloudy-day,"DNMM,65201099999"
Lagos,2024-02-07,35,22.9,28.7,33.7,22.9,28.3,15,47,0,0,0,,0,0,27.7,22.3,115,1013.3,33.6,1.2,292.9,25.1,10,10,2024-02-07T07:04:17,2024-02-07T18:56:59,0.92,Partially cloudy,Partly cloudy throughout the day.,partly-cloudy-day,"DNMM,65201099999,VRJT5"
Lagos,2024-02-08,37,22,29,38.3,22,30.1,18.1,53.9,0,0,0,,0,0,24.5,14.8,230.8,1012.8,30,1.3,291.9,25.1,10,10,2024-02-08T07:04:11,2024-02-08T18:57:11,0.95,Partially cloudy,Partly cloudy throughout the day.,partly-cloudy-day,"DNMM,65201099999"
Lagos,2024-02-09,35,25,28.3,41.9,25,31.1,23.2,75,0,0,0,,0,0,24.1,20.5,212.3,1012.7,36.3,5.1,288.6,25,10,10,2024-02-09T07:04:05,2024-02-09T18:57:22,0,Partially cloudy,Partly cloudy throughout the day.,partly-cloudy-day,"DNMM,remote,65201099999"
Lagos,2024-02-10,35,26,29.9,44.9,26,36.3,25.4,77.5,0,0,0,,0,0,29.5,25.9,215.8,1011.9,43.4,3.9,277.5,24,10,60,2024-02-10T07:03:57,2024-02-10T18:57:33,0.02,Partially cloudy,Partly cloudy throughout the day.,partly-cloudy-day,"DNMM,remote,65201099999,VRJT5"
Lagos,2024-02-11,35,27.4,29.5,44.9,31.3,36.8,26.4,83.7,0,0,0,rain,0,0,27,22.3,216.5,1011.2,47.2,8.7,280.4,24.3,10,75,2024-02-11T07:03:49,2024-02-11T18:57:42,0.05,Partially cloudy,Partly cloudy throughout the day.,partly-cloudy-day,"DNMM,remote,65201099999,VRJT5"
Lagos,2024-02-12,34.3,26.6,29.6,45.3,26.6,36.4,26.1,82.6,0,0,0,,0,0,28.8,26.6,223.3,1010.7,40.7,7.3,273.1,23.7,9,75,2024-02-12T07:03:39,2024-02-12T18:57:52,0.09,Partially cloudy,Partly cloudy throughout the day.,partly-cloudy-day,"DNMM,remote,65201099999,VRJT5"
Lagos,2024-02-13,36,27.8,30.8,46.3,33.9,39.3,26.8,80.5,0,0,0,rain,0,0,29.5,25.9,222.1,1011.3,54.6,7.3,278,24.1,9,75,2024-02-13T07:03:29,2024-02-13T18:58:00,0.12,Partially cloudy,Partly cloudy throughout the day.,partly-cloudy-day,"DNMM,65201099999,VRJT5"
Lagos,2024-02-14,36,28,31.1,48.1,34.5,40,26.8,78.9,0,0,0,rain,0,0,30.2,27.7,216.1,1011.7,49.8,7.4,235.9,20.3,10,75,2024-02-14T07:03:18,2024-02-14T18:58:08,0.15,Partially cloudy,Partly cloudy throughout the day.,partly-cloudy-day,"DNMM,65201099999,VRJT5"
Lagos,2024-02-15,35.8,27,29.8,46.3,31.2,37.9,26.8,84.8,0,0,0,rain,0,0,33.5,27.7,224.9,1011.4,50.1,8.3,277.4,23.9,10,100,2024-02-15T07:03:06,2024-02-15T18:58:15,0.19,Partially cloudy,Partly cloudy throughout the day.,partly-cloudy-day,"DNMM,remote,65201099999,VRJT5"
Lagos,2024-02-16,36,27,30.2,44.3,30.6,36.9,25.7,77.8,2,100,4.17,rain,0,0,29.2,22.3,225.5,1011.3,46.3,9.2,267.8,23,10,75,2024-02-16T07:02:54,2024-02-16T18:58:21,0.25,"Rain, Partially cloudy",Partly cloudy throughout the day with early morning rain.,rain,"DNMM,remote,65201099999,VRJT5"
Lagos,2024-02-17,36,26.8,30.2,44.7,30.2,36.7,25.5,77.5,0,0,0,rain,0,0,26.3,22.3,225.5,1011.7,49.3,8.5,273.4,23.7,10,100,2024-02-17T07:02:40,2024-02-17T18:58:27,0.26,Partially cloudy,Partly cloudy throughout the day.,partly-cloudy-day,"DNMM,remote,65201099999"
Lagos,2024-02-18,35.2,27,30.2,46.4,31.8,37.4,26,79.4,0.1,100,4.17,rain,0,0,24.1,18.4,227.6,1011.2,54.8,9.2,274.2,23.7,10,75,2024-02-18T07:02:26,2024-02-18T18:58:32,0.29,"Rain, Partially cloudy",Partly cloudy throughout the day with early morning rain.,rain,"DNMM,remote,65201099999,VRJT5"
Lagos,2024-02-19,35,27.2,29.9,44.9,31.9,37.2,26.2,81.2,0.2,100,4.17,rain,0,0,26.6,27.7,227.2,1010.5,47.9,10.1,284.7,24.6,10,100,2024-02-19T07:02:11,2024-02-19T18:58:37,0.33,"Rain, Partially cloudy",Partly cloudy throughout the day with afternoon rain.,rain,"DNMM,remote,65201099999,VRJT5"
Lagos,2024-02-20,33.8,23,28.5,39.3,23,33.3,24.8,81.5,40,100,4.17,rain,0,0,28.4,22.3,194.4,1009.5,48.7,8.2,283.3,24.5,10,75,2024-02-20T07:01:55,2024-02-20T18:58:41,0.36,"Rain, Partially cloudy",Partly cloudy throughout the day with afternoon rain.,rain,"DNMM,remote,65201099999,VRJT5"
Lagos,2024-02-21,35,26.8,29.2,46.7,30.6,35.9,26.2,84.5,0,0,0,,0,0,28.8,21.6,218.1,1008.3,49.5,11.7,286.2,24.7,10,75,2024-02-21T07:01:39,2024-02-21T18:58:44,0.39,Partially cloudy,Partly cloudy throughout the day.,partly-cloudy-day,"DNMM,remote,65201099999,VRJT5"
Lagos,2024-02-22,31.1,23,27.4,37.7,23,31.2,24.6,85.3,40,100,4.17,rain,0,0,64.8,25.9,131.2,1008.9,57.2,8,271,23.4,10,75,2024-02-22T07:01:22,2024-02-22T18:58:47,0.43,"Rain, Partially cloudy",Partly cloudy throughout the day with afternoon rain.,rain,"DNMM,65201099999,VRJT5"
Lagos,2024-02-23,32.8,27,29,40.4,30.6,34.9,25.6,82.2,0,0,0,,0,0,26.6,13,178,1009.9,52.2,9,69.2,5.9,4,60,2024-02-23T07:01:04,2024-02-23T18:58:49,0.46,Partially cloudy,Partly cloudy throughout the day.,partly-cloudy-day,"DNMM,remote,65201099999"
Lagos,2024-02-24,33.8,25,28.5,40.6,25,32.1,24.6,80.6,24,100,4.17,rain,0,0,35.3,24.1,136.2,1011.8,40.6,6.9,72.4,6.4,4,30,2024-02-24T07:00:46,2024-02-24T18:58:51,0.5,"Rain, Partially cloudy",Partly cloudy throughout the day with morning rain.,rain,"DNMM,65201099999"
Lagos,2024-02-25,35,25,29.4,43.3,25,34.6,24.9,77.9,22,100,4.17,rain,0,0,21.6,18.4,208.5,1012.3,39.9,8.7,210,18.1,10,75,2024-02-25T07:00:26,2024-02-25T18:58:52,0.53,"Rain, Partially cloudy",Partly cloudy throughout the day with early morning rain.,rain,"DNMM,remote,65201099999"
Lagos,2024-02-26,34.8,27.1,30,45.3,31.7,37.8,26.6,82.6,0,0,0,rain,0,0,22.3,22.3,205.4,1011.2,50.8,10.3,285.4,24.7,10,75,2024-02-26T07:00:07,2024-02-26T18:58:52,0.57,Partially cloudy,Partly cloudy throughout the day.,partly-cloudy-day,"DNMM,remote,65201099999"
Lagos,2024-02-27,34,26.1,29.8,43.5,26.1,36.4,26,81.3,0,0,0,,0,0,25.2,20.9,213.3,1010.3,51.4,10.3,288.1,24.8,10,75,2024-02-27T06:59:46,2024-02-27T18:58:52,0.6,Partially cloudy,Partly cloudy throughout the day.,partly-cloudy-day,"DNMM,remote,65201099999"
Lagos,2024-02-28,34.8,27,29.7,45.3,31.2,36.6,26.2,82.5,0,0,0,rain,0,0,29.9,25.9,225.7,1009.5,54.9,13.2,242.2,20.8,10,100,2024-02-28T06:59:25,2024-02-28T18:58:52,0.63,Partially cloudy,Partly cloudy throughout the day.,partly-cloudy-day,"DNMM,remote,65201099999"
Lagos,2024-02-29,35,27,30.1,45.3,31.2,37.4,26.2,80.8,0,0,0,rain,0,0,36.4,31.7,230.4,1008.9,55.9,11.8,270.8,23.4,10,100,2024-02-29T06:59:04,2024-02-29T18:58:51,0.67,Partially cloudy,Partly cloudy throughout the day.,partly-cloudy-day,"DNMM,remote,65201099999,VRJT5"
Lagos,2024-03-01,33.2,26.9,29.5,43.8,30.7,36.5,26.1,82.3,0,0,0,rain,0,0,36,24.1,223.4,1009.5,59.8,12.1,205,17.8,7,100,2024-03-01T06:58:41,2024-03-01T18:58:49,0.7,Partially cloudy,Partly cloudy throughout the day.,partly-cloudy-day,"DNMM,remote,65201099999,VRJT5"
Lagos,2024-03-02,35,27,30,46.7,31.2,37.7,26.5,82.3,0.4,100,4.17,rain,0,0,29.5,24.1,216.4,1010.7,55.1,10.6,280.3,24.3,10,100,2024-03-02T06:58:19,2024-03-02T18:58:47,0.73,"Rain, Partially cloudy",Partly cloudy throughout the day with late afternoon rain.,rain,"DNMM,remote,65201099999"
Lagos,2024-03-03,35,25.8,29.6,43.3,25.8,35.2,25.2,78.5,0,0,0,,0,0,26.3,20.5,214.3,1011.2,70.8,13.9,251,21.6,10,75,2024-03-03T06:57:56,2024-03-03T18:58:45,0.75,Partially cloudy,Partly cloudy throughout the day.,partly-cloudy-day,"DNMM,remote,65201099999"
Lagos,2024-03-04,35,26,29.6,42.3,26,34.4,24.6,76.5,0,0,0,,0,0,24.5,20.5,223.6,1010.7,40.1,9.9,294.6,25.3,10,10,2024-03-04T06:57:32,2024-03-04T18:58:42,0.8,Partially cloudy,Partly cloudy throughout the day.,partly-cloudy-day,"DNMM,65201099999"
Lagos,2024-03-05,35,26.9,29.2,44.9,30.6,34.9,25.3,80.5,0,0,0,,0,0,29.5,24.1,225.7,1010.6,56.7,13,278.8,24.1,10,75,2024-03-05T06:57:08,2024-03-05T18:58:39,0.83,Partially cloudy,Partly cloudy throughout the day.,partly-cloudy-day,"DNMM,remote,65201099999"
Lagos,2024-03-06,35,27,29.9,44.9,31.2,37.4,26.3,81.5,0,0,0,rain,0,0,32.4,27.4,225.1,1011,58.6,11.8,246.3,21.3,9,100,2024-03-06T06:56:43,2024-03-06T18:58:35,0.87,Partially cloudy,Partly cloudy throughout the day.,partly-cloudy-day,"DNMM,remote,65201099999"
Lagos,2024-03-07,35,25,29.1,44.9,25,34.4,25.4,81.9,0,0,0,rain,0,0,27.7,27.7,232.5,1012.1,53.2,10.8,191.4,16.6,9,100,2024-03-07T06:56:18,2024-03-07T18:58:31,0.9,Partially cloudy,Partly cloudy throughout the day.,partly-cloudy-day,"DNMM,remote,65201099999"
Lagos,2024-03-08,33.8,25.9,28.9,42.9,25.9,34.4,25.5,82.6,22,100,4.17,rain,0,0,31.7,27.7,233,1011.7,46.7,11.8,260.4,22.5,9,60,2024-03-08T06:55:53,2024-03-08T18:58:27,0.94,"Rain, Partially cloudy",Partly cloudy throughout the day with early morning rain.,rain,"DNMM,remote,65201099999"
Lagos,2024-03-09,34,21,26.7,42.1,21,30.4,24.1,86.2,26,100,8.33,rain,0,0,40.7,24.4,193,1011.7,52.9,8.2,116.5,10,5,75,2024-03-09T06:55:27,2024-03-09T18:58:22,0.97,"Rain, Partially cloudy",Partly cloudy throughout the day with rain clearing later.,rain,"DNMM,remote,65201099999"
Lagos,2024-03-10,35,25.2,29.4,43.3,25.2,33.9,25,78.8,0,0,0,,0,0,24.1,20.5,199.1,1010.6,41.2,8.6,288.8,25,10,75,2024-03-10T06:55:01,2024-03-10T18:58:17,0,Partially cloudy,Partly cloudy throughout the day.,partly-cloudy-day,"DNMM,65201099999"
Lagos,2024-03-11,34,26,29.4,43.5,26,35.1,25.5,80.7,0,0,0,rain,0,0,31.3,26.6,217.4,1011.5,62.4,13.5,272.9,23.6,9,60,2024-03-11T06:54:34,2024-03-11T18:58:12,0.04,Partially cloudy,Partly cloudy throughout the day.,partly-cloudy-day,"DNMM,remote,65201099999"
Lagos,2024-03-12,34,28,29.3,43.5,33.6,35.8,25.9,82.5,1.2,100,16.67,rain,0,0,30.6,24.5,223.3,1011.9,68.3,17.6,273.9,23.7,9,75,2024-03-12T06:54:07,2024-03-12T18:58:07,0.07,"Rain, Partially cloudy",Partly cloudy throughout the day with rain.,rain,"DNMM,remote,65201099999"
Lagos,2024-03-13,33,27,29.4,42,31.2,35.9,25.8,81.1,0,0,0,,0,0,28.1,24.5,217.1,1011.4,66.3,17.1,248.1,21.2,9,75,2024-03-13T06:53:40,2024-03-13T18:58:01,0.1,Partially cloudy,Partly cloudy throughout the day.,partly-cloudy-day,"DNMM,remote,65201099999"
Lagos,2024-03-14,29.5,28,28.7,35.6,33.2,34.2,25.3,81.7,0.3,100,12.5,rain,0,0,30.2,26.3,216.7,1011.5,77.7,20.6,218.9,18.9,9,75,2024-03-14T06:53:13,2024-03-14T18:57:55,0.14,"Rain, Partially cloudy",Partly cloudy throughout the day with rain.,rain,"DNMM,remote,65201099999"
Lagos,2024-03-15,38,26,29.7,49,26,35.3,24.8,75.7,0,0,0,,0,0,33.5,28.1,227.9,1010.2,53.7,17.6,276,23.9,9,60,2024-03-15T06:52:45,2024-03-15T18:57:49,0.17,Partially cloudy,Partly cloudy throughout the day.,partly-cloudy-day,"DNMM,remote,65201099999"
Lagos,2024-03-16,34.8,27.3,29.6,46.4,30.9,36,25.5,79.3,0.3,100,8.33,rain,0,0,25.6,25.9,210.7,1009.9,38,17.6,298.1,25.8,10,75,2024-03-16T06:52:18,2024-03-16T18:57:42,0.2,"Rain, Partially cloudy",Partly cloudy throughout the day with rain.,rain,"DNMM,remote,65201099999"
Lagos,2024-03-17,35,28,30,46.3,33.3,37.3,26.1,80.5,0,0,0,rain,0,0,29.2,26.3,205.2,1009.2,40.8,15.3,290.6,25.1,10,75,2024-03-17T06:51:50,2024-03-17T18:57:36,0.25,Partially cloudy,Partly cloudy throughout the day.,partly-cloudy-day,"DNMM,remote,65201099999"
Lagos,2024-03-18,35,26,30.2,45.3,26,37.8,26.5,81.8,0,0,0,rain,0,0,23.8,27.7,206.4,1008.4,53.6,10.5,284.5,24.5,10,75,2024-03-18T06:51:21,2024-03-18T18:57:29,0.27,Partially cloudy,Partly cloudy throughout the day.,partly-cloudy-day,"DNMM,remote,65201099999"
Lagos,2024-03-19,33,25,28.4,42.1,25,32.9,24.9,81.8,0.4,100,4.17,rain,0,0,31,28.1,211.1,1007.7,56,13.8,290.6,25.1,10,75,2024-03-19T06:50:53,2024-03-19T18:57:22,0.3,"Rain, Partially cloudy",Partly cloudy throughout the day with late afternoon rain.,rain,"DNMM,remote,65201099999"
Lagos,2024-03-20,34,27.1,29.6,43.5,32,36.1,25.9,81.1,0.1,100,4.17,rain,0,0,24.1,24.1,217.3,1007.8,58.1,18.7,291.1,25.2,10,75,2024-03-20T06:50:25,2024-03-20T18:57:15,0.34,"Rain, Partially cloudy",Partly cloudy throughout the day with morning rain.,rain,"65213099999,DNMM,remote,65201099999"
Lagos,2024-03-21,34,28,29.7,45.3,33.6,36.7,25.9,80,1.8,100,12.5,rain,0,0,27.4,27.7,215.3,1008.7,73.6,18.7,224.7,19.4,10,75,2024-03-21T06:49:56,2024-03-21T18:57:08,0.37,"Rain, Partially cloudy",Partly cloudy throughout the day with late afternoon rain.,rain,"DNMM,remote,VRJT5,65201099999"
Lagos,2024-03-22,34.5,25,29.4,44,25,35,25.4,80,0.1,100,4.17,rain,0,0,61.2,61.2,227.6,1008.6,47.9,11.1,288.4,24.8,10,75,2024-03-22T06:49:27,2024-03-22T18:57:01,0.41,"Rain, Partially cloudy",Partly cloudy throughout the day with early morning rain.,rain,"DNMM,remote,65201099999,VRJT5"
Lagos,2024-03-23,34,24.9,28.9,39.4,24.9,33.6,25,80.9,0.5,100,8.33,rain,0,0,30.2,23.8,192.8,1009,53.7,10.8,271.9,23.5,10,75,2024-03-23T06:48:59,2024-03-23T18:56:53,0.44,"Rain, Partially cloudy",Partly cloudy throughout the day with rain.,rain,"DNMM,remote,65201099999,VRJT5"
Lagos,2024-03-24,35,27,30.2,43.3,31.2,36.8,25.6,77.7,0,0,0,,0,0,25.2,19.8,219.3,1009.4,49.6,11.6,300.8,25.9,10,60,2024-03-24T06:48:30,2024-03-24T18:56:46,0.47,Partially cloudy,Partly cloudy throughout the day.,partly-cloudy-day,"DNMM,remote,65201099999"
Lagos,2024-03-25,35,25,29.9,46.7,25,36.7,25.8,79.5,0,0,0,rain,0,0,27.7,27.7,219.8,1010.5,54.8,10,294.5,25.7,10,75,2024-03-25T06:48:01,2024-03-25T18:56:39,0.5,Partially cloudy,Partly cloudy throughout the day.,partly-cloudy-day,"DNMM,remote,65201099999,VRJT5"
Lagos,2024-03-26,34,25,28.9,43.4,25,33.3,24.9,80.3,2,100,4.17,rain,0,0,25.9,22.3,197.8,1010.5,45.4,11.4,290.8,25.2,10,60,2024-03-26T06:47:32,2024-03-26T18:56:31,0.54,"Rain, Partially cloudy",Partly cloudy throughout the day with morning rain.,rain,"DNMM,remote,65201099999,VRJT5"
Lagos,2024-03-27,36,27,30.6,48.1,31.2,38.6,26.3,78.8,0,0,0,,0,0,25.2,24.1,216.3,1009.8,52.6,11.8,301.4,26.1,10,60,2024-03-27T06:47:03,2024-03-27T18:56:24,0.57,Partially cloudy,Partly cloudy throughout the day.,partly-cloudy-day,"DNMM,remote,65201099999,VRJT5"
Lagos,2024-03-28,35,27,30.9,45.1,31,39.3,26.5,77.9,0,0,0,,0,0,31.7,25.9,212.6,1010.3,53.5,11.8,281.1,24.3,10,100,2024-03-28T06:46:34,2024-03-28T18:56:17,0.61,Partially cloudy,Partly cloudy throughout the day.,partly-cloudy-day,"DNMM,remote,VRJT5"
Lagos,2024-03-29,35,28,30.7,48.6,34.4,39.8,27,81,0.6,100,25,rain,0,0,31,24.1,221.8,1009.8,43.4,11.8,281.5,24.3,10,100,2024-03-29T06:46:06,2024-03-29T18:56:09,0.64,"Rain, Partially cloudy",Partly cloudy throughout the day with a chance of rain throughout the day.,rain,"DNMM,remote"
Lagos,2024-03-30,35,28,31.1,45.1,33.4,38.8,26,75.5,0.5,100,20.83,rain,0,0,33.1,29.5,218.4,1010,53,12.9,281.6,24.3,10,100,2024-03-30T06:45:37,2024-03-30T18:56:02,0.68,"Rain, Partially cloudy",Partly cloudy throughout the day with rain.,rain,"DNMM,remote"
Lagos,2024-03-31,36,27,30.9,44.8,31,38.6,26.1,76.8,3.9,100,4.17,rain,0,0,29.2,24.1,207.3,1010.6,44.9,10,286.8,24.9,10,75,2024-03-31T06:45:09,2024-03-31T18:55:55,0.71,"Rain, Partially cloudy",Partly cloudy throughout the day with late afternoon rain.,rain,DNMM
Lagos,2024-04-01,35,27.8,30.6,45.1,33.1,38.6,26.3,78.7,1.8,100,50,rain,0,0,30.2,35.3,217,1011,70.1,13.6,221.2,19.2,9,75,2024-04-01T06:44:40,2024-04-01T18:55:48,0.75,"Rain, Partially cloudy",Partly cloudy throughout the day with a chance of rain throughout the day.,rain,"DNMM,remote,VRJT5,65201099999"
Lagos,2024-04-02,35,27,30,46.6,31,37.3,26.2,80.9,4.7,100,16.67,rain,0,0,37.1,32.8,212.1,1009.5,57.8,14.2,293.5,25.5,10,75,2024-04-02T06:44:12,2024-04-02T18:55:41,0.75,"Rain, Partially cloudy",Partly cloudy throughout the day with rain.,rain,"DNMM,remote,65201099999,VRJT5"
Lagos,2024-04-03,34,23,28.4,40.6,23,33.2,24.6,81,10,100,4.17,rain,0,0,92.5,26.6,202.8,1008.8,59.8,16.2,247.1,21.4,8,100,2024-04-03T06:43:44,2024-04-03T18:55:34,0.82,"Rain, Partially cloudy",Partly cloudy throughout the day with early morning rain.,rain,"DNMM,remote,65201099999"
Lagos,2024-04-04,34.8,25.8,29.9,43.6,25.8,35.9,25.2,76.6,0,0,0,rain,0,0,31,25.9,216.8,1009.4,59.4,13.6,278.3,24.2,9,75,2024-04-04T06:43:16,2024-04-04T18:55:27,0.85,Partially cloudy,Partly cloudy throughout the day.,partly-cloudy-day,"DNMM,remote,65201099999,VRJT5"
Lagos,2024-04-05,35,27.8,30.4,46.7,33.4,38.5,26.5,80.5,0,0,0,rain,0,0,33.5,29.5,214.6,1010.4,61.6,10,282.5,24.3,10,75,2024-04-05T06:42:48,2024-04-05T18:55:21,0.89,Partially cloudy,Partly cloudy throughout the day.,partly-cloudy-day,"DNMM,65201099999"
Lagos,2024-04-06,32,28,29.6,40.7,33.2,37,26.4,83.2,0,0,0,rain,0,0,27.4,22.3,216.8,1011.2,50.2,11.2,283.9,24.6,9,60,2024-04-06T06:42:21,2024-04-06T18:55:14,0.92,Partially cloudy,Partly cloudy throughout the day.,partly-cloudy-day,"DNMM,remote,65201099999"
Lagos,2024-04-07,36,25.8,30.3,43.5,25.8,36.8,25.8,78.8,0,0,0,rain,0,0,28.4,25.9,237.4,1011,44.5,9.8,297.9,25.8,10,75,2024-04-07T06:41:54,2024-04-07T18:55:08,0.95,Partially cloudy,Partly cloudy throughout the day.,partly-cloudy-day,"DNMM,65201099999"
Lagos,2024-04-08,33,25,29,40.6,25,33,23.9,74.5,0,0,0,,0,0,25.9,24.1,225.8,1010.1,51,10.9,240.4,20.9,10,75,2024-04-08T06:41:27,2024-04-08T18:55:02,0,Partially cloudy,Partly cloudy throughout the day.,partly-cloudy-day,"DNMM,remote,65201099999"
Lagos,2024-04-09,34,26,30.2,43.5,26,36.6,25.5,76.8,0,0,0,,0,0,24.1,25.9,176,1009.6,53.3,9.9,297.5,25.8,10,75,2024-04-09T06:41:00,2024-04-09T18:54:56,0.02,Partially cloudy,Partly cloudy throughout the day.,partly-cloudy-day,"DNMM,65201099999"
Lagos,2024-04-10,35,27,30.3,46.9,29.6,37.4,25.8,77.8,0,0,0,rain,0,0,35.3,31.7,200.3,1009.2,60.2,10,293.5,25.5,10,75,2024-04-10T06:40:34,2024-04-10T18:54:51,0.06,Partially cloudy,Partly cloudy throughout the day.,partly-cloudy-day,"DNMM,65201099999"
Lagos,2024-04-11,35,26,30.1,44.9,26,36.6,25.6,77.6,0,0,0,rain,0,0,29.5,25.9,236.7,1009.8,62.9,11.9,168.2,14.4,7,75,2024-04-11T06:40:07,2024-04-11T18:54:45,0.09,Partially cloudy,Partly cloudy throughout the day.,partly-cloudy-day,"DNMM,remote,65201099999"
Lagos,2024-04-12,36,27,29.9,46.3,30.6,36,25.1,76.3,0,0,0,,0,0,35.3,31.7,195,1010.5,50.8,13.4,94.2,8.2,3,60,2024-04-12T06:39:42,2024-04-12T18:54:40,0.12,Partially cloudy,Partly cloudy throughout the day.,partly-cloudy-day,"DNMM,remote,65201099999"
Lagos,2024-04-13,35,27,30.8,44.9,30.9,37.4,25.2,73.2,0,0,0,rain,0,0,29.5,25.9,217.1,1010.3,49.1,11.1,291.1,25.2,10,60,2024-04-13T06:39:16,2024-04-13T18:54:35,0.15,Partially cloudy,Partly cloudy throughout the day.,partly-cloudy-day,"DNMM,remote,65201099999"
Lagos,2024-04-14,30,27,28.3,37.4,31,33.3,25.1,83.1,4,100,4.17,rain,0,0,21.6,22.3,290.5,1011,42.4,9.8,241,20.7,10,60,2024-04-14T06:38:51,2024-04-14T18:54:31,0.19,"Rain, Partially cloudy",Partly cloudy throughout the day with afternoon rain.,rain,"DNMM,remote,65201099999"
Lagos,2024-04-15,35,26.8,30.3,46.7,30.6,37.5,25.9,77.8,0,0,0,rain,0,0,22.3,20.5,197.1,1010.8,52.4,12.9,297.5,25.8,10,60,2024-04-15T06:38:27,2024-04-15T18:54:27,0.25,Partially cloudy,Partly cloudy throughout the day.,partly-cloudy-day,"65210099999,DNMM,remote,65201099999"
Lagos,2024-04-16,32.1,26.8,29.2,40.9,30.5,35.9,26.2,84.3,2,100,4.17,rain,0,0,18.7,16.6,226.3,1010.7,56.8,8.6,200.5,17.4,9,60,2024-04-16T06:38:03,2024-04-16T18:54:23,0.25,"Rain, Partially cloudy",Partly cloudy throughout the day with morning rain.,rain,"DNMM,65201099999"
Lagos,2024-04-17,33.1,25.2,29,42.4,25.2,34.8,25.7,83.2,0,0,0,,0,0,23,18.4,215.5,1009.5,57.9,12.7,205.5,17.6,8,75,2024-04-17T06:37:39,2024-04-17T18:54:19,0.29,Partially cloudy,Partly cloudy throughout the day.,partly-cloudy-day,"DNMM,remote,65201099999"
Lagos,2024-04-18,35,27,29.5,44.9,31.2,36.7,26.4,84,0,0,0,,0,0,26.3,23.8,214.6,1010.1,58.8,14.5,294.6,25.4,10,38,2024-04-18T06:37:16,2024-04-18T18:54:16,0.32,Partially cloudy,Partly cloudy throughout the day.,partly-cloudy-day,"DNMM,remote,65201099999"
Lagos,2024-04-19,35,28.9,31,46.7,35.4,39.8,26.6,78,0.7,100,12.5,rain,0,0,29.5,29.5,200.2,1010.2,65.7,11.7,260.9,22.4,9,75,2024-04-19T06:36:53,2024-04-19T18:54:13,0.35,"Rain, Partially cloudy",Partly cloudy throughout the day with a chance of rain throughout the day.,rain,"DNMM,remote,65201099999"
Lagos,2024-04-20,35.1,29,31.3,46.6,34.5,39.8,26.3,75.5,0,0,0,,0,0,35.3,31.7,213.9,1009,61.4,11.8,299.9,26,10,38,2024-04-20T06:36:30,2024-04-20T18:54:11,0.38,Partially cloudy,Partly cloudy throughout the day.,partly-cloudy-day,"DNMM,remote,65201099999"
Lagos,2024-04-21,32,24.8,28,40.6,24.8,32.8,25.4,86.2,7,100,4.17,rain,0,0,98.3,29.5,225.4,1008.7,50.1,10.3,295.2,25.5,10,60,2024-04-21T06:36:08,2024-04-21T18:54:09,0.42,"Rain, Partially cloudy",Partly cloudy throughout the day with late afternoon rain.,rain,"DNMM,remote,65201099999"
Lagos,2024-04-22,35,23,28.4,44.9,23,32.8,24.4,80.1,0,0,0,rain,0,0,24.8,21.2,247.3,1009.5,42.2,9.8,271.2,23.5,9,60,2024-04-22T06:35:47,2024-04-22T18:54:07,0.45,Partially cloudy,Partly cloudy throughout the day.,partly-cloudy-day,"DNMM,remote,65201099999"
Lagos,2024-04-23,32,23,27.6,38,23,31,24.1,82.6,11,100,8.33,rain,0,0,74.2,40.7,91.6,1010.5,50.1,7.7,144.5,12.3,7,75,2024-04-23T06:35:26,2024-04-23T18:54:06,0.48,"Rain, Partially cloudy",Partly cloudy throughout the day with rain in the morning and afternoon.,rain,"DNMM,65201099999"
Lagos,2024-04-24,34,25.5,29,43.5,25.5,33.7,24.8,78.9,0,0,0,,0,0,26.6,23.4,182.1,1010.1,50,12.5,298.7,25.8,10,60,2024-04-24T06:35:06,2024-04-24T18:54:05,0.5,Partially cloudy,Partly cloudy throughout the day.,partly-cloudy-day,"DNMM,remote,65201099999,VRJT5"
Lagos,2024-04-25,34,26.6,30.2,42.1,26.6,36.6,25.5,76.9,0,0,0,rain,0,0,24.1,20.5,202,1010.2,45.2,10,279.8,24.1,10,60,2024-04-25T06:34:46,2024-04-25T18:54:04,0.55,Partially cloudy,Partly cloudy throughout the day.,partly-cloudy-day,"DNMM,65201099999,VRJT5"
Lagos,2024-04-26,35,28,30.6,46.7,33.6,39,26.6,80.2,0,0,0,,0,0,29.5,27.7,211.2,1009.2,53.6,11.8,294.4,25.5,10,75,2024-04-26T06:34:27,2024-04-26T18:54:04,0.59,Partially cloudy,Partly cloudy throughout the day.,partly-cloudy-day,"DNMM,remote,65201099999"
Lagos,2024-04-27,35,27,30.3,44.9,31.2,38.1,26.4,80.7,0,0,0,rain,0,0,24.1,20.5,199.4,1008.1,52,10,248.7,21.3,9,75,2024-04-27T06:34:08,2024-04-27T18:54:04,0.62,Partially cloudy,Partly cloudy throughout the day.,partly-cloudy-day,"DNMM,65201099999"
Lagos,2024-04-28,35,27.8,30.7,46.7,33.9,39.4,26.9,81.1,0,0,0,rain,0,0,32,24.1,192,1008.8,44.1,10,256.8,22.1,9,100,2024-04-28T06:33:50,2024-04-28T18:54:05,0.66,Partially cloudy,Partly cloudy throughout the day.,partly-cloudy-day,"DNMM,65201099999,VRJT5"
Lagos,2024-04-29,35,28,30.9,46.7,34.7,40,26.9,80.4,0,0,0,rain,0,0,29.2,24.1,208.9,1009.6,47.3,10,276.2,23.9,9,100,2024-04-29T06:33:33,2024-04-29T18:54:06,0.69,Partially cloudy,Partly cloudy throughout the day.,partly-cloudy-day,"DNMM,65201099999,VRJT5"
Lagos,2024-04-30,35,25,30.7,46.5,25,39.2,26.7,80.2,0,0,0,,0,0,74.2,37.1,182.8,1008.4,51.9,9.7,291.6,25.3,10,100,2024-04-30T06:33:16,2024-04-30T18:54:08,0.73,Partially cloudy,Partly cloudy throughout the day.,partly-cloudy-day,"DNMM,65201099999,VRJT5"
Lagos,2024-05-01,33,24,28,42.6,24,32.7,25.4,86.3,0.5,100,16.67,rain,0,0,30.2,23,200,1008.3,55,13.4,257.5,22.4,9,100,2024-05-01T06:33:00,2024-05-01T18:54:10,0.75,"Rain, Partially cloudy",Partly cloudy throughout the day with rain.,rain,"DNMM,remote,VRJT5,65201099999"
Lagos,2024-05-02,35,25.8,29.7,43.3,25.8,35,25,76.8,0,0,0,rain,0,0,24.8,20.5,186.6,1009.7,38.8,9.2,246.9,21.4,10,60,2024-05-02T06:32:44,2024-05-02T18:54:12,0.8,Partially cloudy,Partly cloudy throughout the day.,partly-cloudy-day,"DNMM,65201099999"
Lagos,2024-05-03,29.5,23,27,35.6,23,30,24.5,86.6,34,100,4.17,rain,0,0,25.9,19.4,174.9,1011.7,48.3,10.5,230.3,19.9,9,75,2024-05-03T06:32:29,2024-05-03T18:54:15,0.83,"Rain, Partially cloudy",Partly cloudy throughout the day with afternoon rain.,rain,"DNMM,remote,65201099999"
Lagos,2024-05-04,33,23.9,28.2,42.1,23.9,32.2,24.4,80.5,0,0,0,,0,0,26.6,22,185.8,1011.2,34.1,12,283.1,24.5,10,75,2024-05-04T06:32:15,2024-05-04T18:54:18,0.87,Partially cloudy,Partly cloudy throughout the day.,partly-cloudy-day,"DNMM,remote,65201099999"
Lagos,2024-05-05,35,27,30.6,43.8,31.2,38.2,26.2,78.7,0,0,0,rain,0,0,25.9,22.3,174.2,1009.7,50.2,9.6,291.4,25.2,10,60,2024-05-05T06:32:02,2024-05-05T18:54:22,0.91,Partially cloudy,Partly cloudy throughout the day.,partly-cloudy-day,"DNMM,65201099999,VRJT5"
Lagos,2024-05-06,32.4,24.1,28.2,39.5,24.1,32.1,24.6,81.6,12.9,100,8.33,rain,0,0,64.8,20.5,204.4,1009.2,42.9,9.2,209.7,18,9,75,2024-05-06T06:31:49,2024-05-06T18:54:26,0.94,"Rain, Partially cloudy",Partly cloudy throughout the day with rain in the morning and afternoon.,rain,"DNMM,65201099999,VRJT5"
Lagos,2024-05-07,32,26,29.1,39.3,26,33.8,25.1,79.7,1.8,100,8.33,rain,0,0,23.8,27.7,311.6,1009.8,49.5,9.4,231,20,9,60,2024-05-07T06:31:36,2024-05-07T18:54:31,0.98,"Rain, Partially cloudy",Partly cloudy throughout the day with rain.,rain,"DNMM,remote,65201099999,VRJT5"
Lagos,2024-05-08,33.2,26,29.8,42.1,26,35.7,25.5,78.7,0,0,0,,0,0,23.8,18.7,189.8,1009.8,49.7,10.1,256.9,22.2,9,60,2024-05-08T06:31:25,2024-05-08T18:54:36,0,Partially cloudy,Partly cloudy throughout the day.,partly-cloudy-day,"DNMM,remote,65201099999"
Lagos,2024-05-09,34,27,30,45.3,31.2,37.3,26.2,80.6,0,0,0,,0,0,27.4,22.3,199,1009.5,61.8,9.7,270.2,23.2,9,60,2024-05-09T06:31:14,2024-05-09T18:54:42,0.04,Partially cloudy,Partly cloudy throughout the day.,partly-cloudy-day,"DNMM,65201099999,VRJT5"
Lagos,2024-05-10,33,27,29.9,42.4,31.1,37,26,80.6,0,0,0,rain,0,0,24.8,20.5,180.6,1009.4,56.2,11.2,268.1,23.3,9,75,2024-05-10T06:31:04,2024-05-10T18:54:48,0.08,Partially cloudy,Partly cloudy throughout the day.,partly-cloudy-day,"DNMM,remote,65201099999"
Lagos,2024-05-11,33,25,28.3,42.5,25,32.9,25.1,83.3,39,100,8.33,rain,0,0,83.5,35.3,242.3,1009.8,44,12.1,269.4,23.4,9,60,2024-05-11T06:30:54,2024-05-11T18:54:54,0.11,"Rain, Partially cloudy",Partly cloudy throughout the day with rain.,rain,"DNMM,remote,VRJT5,65201099999"
Lagos,2024-05-12,33,24,28.5,42.4,24,32.9,25.1,82.8,0,0,0,rain,0,0,30.6,18.4,189.1,1010.8,53.5,7.5,113.8,9.8,5,30,2024-05-12T06:30:46,2024-05-12T18:55:01,0.14,Partially cloudy,Partly cloudy throughout the day.,partly-cloudy-day,"DNMM,65201099999,VRJT5"
Lagos,2024-05-13,34,26.1,28.9,45.3,26.1,34.6,25.5,82.3,4.6,100,16.67,rain,0,0,27.7,27,225.4,1011,62.2,12.4,190.7,16.6,7,60,2024-05-13T06:30:38,2024-05-13T18:55:08,0.17,"Rain, Partially cloudy",Partly cloudy throughout the day with rain.,rain,"DNMM,remote,65201099999"
Lagos,2024-05-14,31,24,27.7,39.1,24,31.3,24.1,81,0.1,100,4.17,rain,0,0,22.3,23,211.4,1010.3,74,18,191.6,16.5,8,60,2024-05-14T06:30:30,2024-05-14T18:55:16,0.2,"Rain, Partially cloudy",Partly cloudy throughout the day with afternoon rain.,rain,"DNMM,remote,65201099999"
Lagos,2024-05-15,34,26.8,29.9,43.5,30.6,36.6,25.7,78.6,0,0,0,,0,0,24.8,20.9,183.2,1010.3,63,13.9,286.8,24.7,10,60,2024-05-15T06:30:24,2024-05-15T18:55:24,0.25,Partially cloudy,Partly cloudy throughout the day.,partly-cloudy-day,"DNMM,remote,65201099999"
Lagos,2024-05-16,34.4,23,26.6,44.6,23,29.3,24.9,90.9,37,100,8.33,rain,0,0,42.5,37.1,99.8,1011.9,48.9,10.2,82.1,7,6,60,2024-05-16T06:30:18,2024-05-16T18:55:33,0.27,"Rain, Partially cloudy",Partly cloudy throughout the day with rain.,rain,"DNMM,remote,65201099999,VRJT5"
Lagos,2024-05-17,33.9,24,28.6,43.8,24,33.7,25.2,82.8,0,0,0,rain,0,0,19.8,13,272.5,1012.6,53.3,8.8,185.4,15.8,8,60,2024-05-17T06:30:12,2024-05-17T18:55:42,0.3,Partially cloudy,Partly cloudy throughout the day.,partly-cloudy-day,"DNMM,65201099999,VRJT5"
Lagos,2024-05-18,33,24,28.9,41.4,24,34.3,25.2,81,0.1,100,4.17,rain,0,0,83.5,74.2,151.3,1011.8,57.4,10.6,241.3,20.9,8,60,2024-05-18T06:30:08,2024-05-18T18:55:51,0.33,"Rain, Partially cloudy",Partly cloudy throughout the day with afternoon rain.,rain,"DNMM,remote,65201099999,VRJT5"
Lagos,2024-05-19,30.6,27,28.6,38.9,31.2,34,25.4,82.9,0.7,100,25,rain,0,0,25.9,19.4,204.3,1010.4,56.4,18,249,21.5,9,60,2024-05-19T06:30:04,2024-05-19T18:56:01,0.37,"Rain, Partially cloudy",Partly cloudy throughout the day with rain.,rain,"DNMM,remote,65201099999"
Lagos,2024-05-20,34,27.1,30.2,45.3,31.7,37.7,26.2,79.9,0,0,0,,0,0,27.7,24.1,191.4,1011.1,58.2,10.6,289.8,25.1,9,60,2024-05-20T06:30:01,2024-05-20T18:56:11,0.4,Partially cloudy,Partly cloudy throughout the day.,partly-cloudy-day,"DNMM,remote,65201099999,VRJT5"
Lagos,2024-05-21,35.1,27.8,30.6,45.8,33.1,38.9,26.5,79.8,0,0,0,rain,0,0,31.7,27.7,187.3,1012.1,55.3,9.8,274.3,23.6,9,75,2024-05-21T06:29:58,2024-05-21T18:56:22,0.43,Partially cloudy,Partly cloudy throughout the day.,partly-cloudy-day,"DNMM,65201099999"
Lagos,2024-05-22,31,23,27.8,39.1,23,32.3,25.1,85.8,53,100,8.33,rain,0,0,92.5,21.6,212.7,1012.6,63.3,11.8,148.9,12.8,7,75,2024-05-22T06:29:57,2024-05-22T18:56:33,0.46,"Rain, Partially cloudy",Partly cloudy throughout the day with rain in the morning and afternoon.,rain,"DNMM,remote,65201099999,VRJT5"
Lagos,2024-05-23,33,25,29,43.8,25,34.8,25.8,83.4,0,0,0,rain,0,0,24.8,13,192.1,1011.9,43.6,9.5,271.5,23.4,9,60,2024-05-23T06:29:56,2024-05-23T18:56:44,0.5,Partially cloudy,Partly cloudy throughout the day.,partly-cloudy-day,"DNMM,65201099999,VRJT5"
Lagos,2024-05-24,34,26,28.6,45.3,26,34.4,26,86.3,9,100,4.17,rain,0,0,28.8,25.6,209.6,1012,57.3,10.5,282.5,24.4,9,60,2024-05-24T06:29:55,2024-05-24T18:56:56,0.53,"Rain, Partially cloudy",Partly cloudy throughout the day with late afternoon rain.,rain,"DNMM,remote,65201099999,VRJT5"
Lagos,2024-05-25,30.1,23,26.4,36.3,23,28.5,24.4,89.1,61,100,12.5,rain,0,0,73.4,56.2,115.5,1012.9,63.1,8.7,46.5,4,3,30,2024-05-25T06:29:55,2024-05-25T18:57:08,0.57,"Rain, Partially cloudy",Partly cloudy throughout the day with a chance of rain throughout the day.,rain,"DNMM,remote,65201099999,VRJT5"
Lagos,2024-05-26,33,25,28.4,43.8,25,33.4,25.7,85.8,0,0,0,rain,0,0,24.1,18.7,197.2,1013,49.5,9.8,285.4,24.5,9,30,2024-05-26T06:29:56,2024-05-26T18:57:20,0.6,Partially cloudy,Partly cloudy throughout the day.,partly-cloudy-day,"DNMM,remote,65201099999"
Lagos,2024-05-27,33,25.8,29.1,43.8,25.8,34.8,25.7,82.6,0,0,0,,0,0,25.9,20.5,234.5,1013.3,55.5,10,268,23.2,9,10,2024-05-27T06:29:58,2024-05-27T18:57:32,0.64,Partially cloudy,Partly cloudy throughout the day.,partly-cloudy-day,"DNMM,65201099999"
Lagos,2024-05-28,33,26.9,29.4,43.8,30.5,36.3,26,82.6,0.1,100,4.17,rain,0,0,25.6,24.1,232.5,1013.2,57.9,10.5,170,14.5,8,60,2024-05-28T06:30:00,2024-05-28T18:57:45,0.67,"Rain, Partially cloudy",Partly cloudy throughout the day with morning rain.,rain,"DNMM,remote,65201099999,VRJT5"
Lagos,2024-05-29,33,26.6,29.6,43.8,26.6,36.3,26.1,81.9,0,0,0,rain,0,0,24.1,22.3,206.3,1013.4,53.7,10,266.5,23.1,9,30,2024-05-29T06:30:03,2024-05-29T18:57:58,0.71,Partially cloudy,Partly cloudy throughout the day.,partly-cloudy-day,"DNMM,65201099999,VRJT5"
Lagos,2024-05-30,34.3,26.8,28.7,43.6,30.4,34.1,25.5,83.5,26,100,4.17,rain,0,0,28.8,23,246,1012.6,56,11.1,245.5,21.1,9,60,2024-05-30T06:30:07,2024-05-30T18:58:11,0.75,"Rain, Partially cloudy",Partly cloudy throughout the day with late afternoon rain.,rain,"DNMM,remote,65201099999,VRJT5"
Lagos,2024-05-31,29.1,25,27.4,36.8,25,30.6,24.7,85.6,17,100,4.17,rain,0,0,27.7,27.7,214.6,1013,62,12.7,231.9,20.2,8,60,2024-05-31T06:30:11,2024-05-31T18:58:25,0.78,"Rain, Partially cloudy",Partly cloudy throughout the day with afternoon rain.,rain,"DNMM,remote,65201099999,VRJT5"
Lagos,2024-06-01,33,24.9,28.6,42.1,24.9,33.3,25.4,83.7,0,0,0,rain,0,0,24.5,23,203.3,1013.9,55.5,9.3,267.1,23.2,8,30,2024-06-01T06:30:16,2024-06-01T18:58:38,0.82,Partially cloudy,Partly cloudy throughout the day.,partly-cloudy-day,"DNMM,remote,65201099999"
Lagos,2024-06-02,29,23,26.6,34.5,23,29.2,24.4,88.4,0.8,100,20.83,rain,0,0,101.9,64.8,241.7,1013.5,69.9,12.3,84,7.4,4,30,2024-06-02T06:30:21,2024-06-02T18:58:52,0.85,"Rain, Partially cloudy",Partly cloudy throughout the day with rain clearing later.,rain,"DNMM,remote,65201099999"
Lagos,2024-06-03,32,25,27.7,40.6,25,31.2,24.8,84.8,23,100,4.17,rain,0,0,39.6,19,154.2,1013.9,51.1,10.2,248.2,21.3,9,30,2024-06-03T06:30:27,2024-06-03T18:59:06,0.89,"Rain, Partially cloudy",Partly cloudy throughout the day with early morning rain.,rain,"DNMM,remote,65201099999"
Lagos,2024-06-04,32,26,28.6,42.5,26,34.1,25.4,83.1,0.5,100,16.67,rain,0,0,27.7,24.1,220.4,1013.1,64.8,12.6,273.7,23.7,9,30,2024-06-04T06:30:33,2024-06-04T18:59:20,0.93,"Rain, Partially cloudy",Partly cloudy throughout the day with rain clearing later.,rain,"DNMM,remote,65201099999"
Lagos,2024-06-05,32,25,28.5,42.3,25,33.7,25.7,85.3,14,100,4.17,rain,0,0,32.4,22.3,228,1013.2,55.4,9.5,264.9,22.8,9,30,2024-06-05T06:30:40,2024-06-05T18:59:35,0.96,"Rain, Partially cloudy",Partly cloudy throughout the day with afternoon rain.,rain,"DNMM,65201099999,VRJT5"
Lagos,2024-06-06,32,24,27.2,42.3,24,30.7,24.9,87.6,0.4,100,8.33,rain,0,0,25.2,21.2,211.7,1013.7,61.4,11.7,269.5,23.3,9,30,2024-06-06T06:30:48,2024-06-06T18:59:49,0,"Rain, Partially cloudy",Partly cloudy throughout the day with rain.,rain,"DNMM,remote,65201099999"
Lagos,2024-06-07,31.2,24,27.1,38.2,24,30,24.5,86.4,35,100,4.17,rain,0,0,22.7,14.8,226.5,1015,61.7,9,207.1,18,9,30,2024-06-07T06:30:56,2024-06-07T19:00:03,0.03,"Rain, Partially cloudy",Partly cloudy throughout the day with morning rain.,rain,"DNMM,remote,65201099999"
Lagos,2024-06-08,30,25.8,27.4,36.2,25.8,30.5,24.9,86.6,0,0,0,rain,0,0,27.7,24.1,232,1015.2,44.6,9.6,106.6,9.3,8,30,2024-06-08T06:31:04,2024-06-08T19:00:18,0.06,Partially cloudy,Partly cloudy throughout the day.,partly-cloudy-day,"DNMM,65201099999"
Lagos,2024-06-09,31.1,25,27.5,39.6,25,31.1,24.9,86,0.2,100,4.17,rain,0,0,28.8,23,239.3,1013.6,57.1,11,278.6,24,9,30,2024-06-09T06:31:13,2024-06-09T19:00:32,0.09,"Rain, Partially cloudy",Partly cloudy throughout the day with early morning rain.,rain,"DNMM,remote,65201099999,VRJT5"
Lagos,2024-06-10,32,25.8,28.3,40.6,25.8,32.5,25.3,84.2,1,100,4.17,rain,0,0,25.9,20.5,214.7,1013.8,64.6,10.8,276,23.9,9,30,2024-06-10T06:31:23,2024-06-10T19:00:47,0.13,"Rain, Partially cloudy",Partly cloudy throughout the day with morning rain.,rain,"DNMM,remote,65201099999,VRJT5"
Lagos,2024-06-11,30,25.2,27.3,37.4,25.2,30.8,24.9,87.1,4,100,8.33,rain,0,0,22.3,22.3,223.7,1014.5,65.7,11.3,270.3,23.4,9,30,2024-06-11T06:31:33,2024-06-11T19:01:01,0.16,"Rain, Partially cloudy",Partly cloudy throughout the day with rain in the morning and afternoon.,rain,"DNMM,remote,65201099999"
Lagos,2024-06-12,32.1,23.8,27.2,39.1,23.8,30.2,24.3,84.4,8,100,8.33,rain,0,0,25.9,23.8,225.6,1013.2,46.4,13,276.3,23.9,9,30,2024-06-12T06:31:43,2024-06-12T19:01:16,0.19,"Rain, Partially cloudy",Partly cloudy throughout the day with rain clearing later.,rain,"DNMM,remote,65201099999"
Lagos,2024-06-13,31,25.2,28.1,39.1,25.2,32.3,25.1,84.3,2,100,4.17,rain,0,0,25.9,21.6,228.6,1012.8,47.9,11,278.3,24,9,30,2024-06-13T06:31:54,2024-06-13T19:01:30,0.22,"Rain, Partially cloudy",Partly cloudy throughout the day with afternoon rain.,rain,"DNMM,remote,65201099999,VRJT5"
Lagos,2024-06-14,27,24,26.4,30.7,24,28.5,24.4,89,21,100,4.17,rain,0,0,32,14.8,228.9,1012.9,47.2,9.3,209.5,18.1,9,60,2024-06-14T06:32:05,2024-06-14T19:01:44,0.25,"Rain, Partially cloudy",Partly cloudy throughout the day with afternoon rain.,rain,"DNMM,65201099999"
Lagos,2024-06-15,30.7,24.5,26.8,38.1,24.5,29,24.4,87.1,2,100,4.17,rain,0,0,30.2,22.3,267.4,1012.8,77.5,12.2,31.5,2.8,1,10,2024-06-15T06:32:16,2024-06-15T19:01:58,0.29,"Rain, Partially cloudy",Partly cloudy throughout the day with afternoon rain.,rain,"DNMM,remote,65201099999,VRJT5"
Lagos,2024-06-16,30,24.6,26.9,36.3,24.6,28.7,23.4,81.3,3.3,100,29.17,rain,0,0,23.4,42.5,228.8,1011.9,96.5,20,35,2.9,1,30,2024-06-16T06:32:28,2024-06-16T19:02:12,0.32,"Rain, Overcast",Cloudy skies throughout the day with a chance of rain throughout the day.,rain,"remote,65201099999,VRJT5"
Lagos,2024-06-17,32,24.9,27.8,41.3,24.9,31.5,24.6,82.8,14,100,8.33,rain,0,0,27.7,48.2,232.1,1012.4,64.7,15.1,217.5,18.7,9,30,2024-06-17T06:32:40,2024-06-17T19:02:26,0.35,"Rain, Partially cloudy",Partly cloudy throughout the day with rain.,rain,"DNMM,remote,VRJT5,65201099999"
Lagos,2024-06-18,31,25,27.6,45.9,25,31.3,25,86.5,2.4,100,8.33,rain,0,0,21.2,38.9,231.1,1012.4,53.4,11.7,208.3,18,7,30,2024-06-18T06:32:52,2024-06-18T19:02:40,0.38,"Rain, Partially cloudy",Partly cloudy throughout the day with rain clearing later.,rain,"DNMM,remote,65201099999,VRJT5"
Lagos,2024-06-19,32,25.2,28.6,40.2,25.2,33.1,25.2,82.4,0,0,0,rain,0,0,22.7,18.4,244.6,1011.7,57.3,9,250.5,21.6,9,30,2024-06-19T06:33:05,2024-06-19T19:02:53,0.42,Partially cloudy,Partly cloudy throughout the day.,partly-cloudy-day,"DNMM,65201099999,VRJT5"
Lagos,2024-06-20,30,25.1,28,36.2,25.1,32.2,24.9,83.5,0,0,0,rain,0,0,32.4,20.5,247.9,1012,63.9,9.8,277.8,24.1,9,30,2024-06-20T06:33:18,2024-06-20T19:03:07,0.45,Partially cloudy,Partly cloudy throughout the day.,partly-cloudy-day,"DNMM,remote,65201099999,VRJT5"
Lagos,2024-06-21,31,24,26.7,39.1,24,29.2,24.8,89.5,41,100,4.17,rain,0,0,45.7,20.5,283.1,1013.5,63.1,7.6,100.8,8.7,8,30,2024-06-21T06:33:31,2024-06-21T19:03:20,0.48,"Rain, Partially cloudy",Partly cloudy throughout the day with late afternoon rain.,rain,"DNMM,65201099999"
Lagos,2024-06-22,31,24,27.1,39.1,24,30.5,24.9,88.5,6,100,4.17,rain,0,0,25.9,22.3,212.5,1013.1,58,8.3,273.4,23.6,9,30,2024-06-22T06:33:44,2024-06-22T19:03:32,0.5,"Rain, Partially cloudy",Partly cloudy throughout the day with early morning rain.,rain,"DNMM,65201099999"
Lagos,2024-06-23,31,25,28.1,40.6,25,32.4,25.3,85.4,1,100,4.17,rain,0,0,25.9,22.3,249.5,1012.8,59.6,9.8,273.6,23.8,9,30,2024-06-23T06:33:57,2024-06-23T19:03:45,0.55,"Rain, Partially cloudy",Partly cloudy throughout the day with afternoon rain.,rain,"DNMM,remote,65201099999"
Lagos,2024-06-24,31,24,26.4,37.7,24,28.3,24.4,89.3,6,100,4.17,rain,0,0,70.6,22.3,226.1,1012.4,60,8.8,266.1,23.1,9,30,2024-06-24T06:34:11,2024-06-24T19:03:57,0.59,"Rain, Partially cloudy",Partly cloudy throughout the day with late afternoon rain.,rain,"DNMM,65201099999"
Lagos,2024-06-25,27.5,23.9,25.5,32.5,23.9,26.8,23.7,90.1,30,100,4.17,rain,0,0,24.8,22.3,93.7,1012.4,67.4,5.5,194.7,16.9,7,30,2024-06-25T06:34:24,2024-06-25T19:04:08,0.62,"Rain, Partially cloudy",Partly cloudy throughout the day with afternoon rain.,rain,"65202099999,DNMM,65201099999"
Lagos,2024-06-26,31,23,26.9,38.1,23,29.6,23.7,83.8,84,100,8.33,rain,0,0,22,53.6,249.3,1012.5,69.9,8.4,163,14.1,7,10,2024-06-26T06:34:38,2024-06-26T19:04:20,0.66,"Rain, Partially cloudy",Partly cloudy throughout the day with rain clearing later.,rain,"DNMM,65201099999,VRJT5"
Lagos,2024-06-27,32,23,26.5,36.8,23,28.2,22.8,81.2,12,100,4.17,rain,0,0,29.5,18.4,185,1012.2,43.6,10.5,195,16.9,8,30,2024-06-27T06:34:52,2024-06-27T19:04:31,0.69,"Rain, Partially cloudy",Partly cloudy throughout the day with early morning rain.,rain,"DNMM,remote,65201099999"
Lagos,2024-06-28,30,25.9,28,36.2,25.9,32,24.8,83.3,1.6,100,12.5,rain,0,0,29.5,24.1,226.3,1012.2,64.7,11.7,278,24.1,9,30,2024-06-28T06:35:06,2024-06-28T19:04:41,0.75,"Rain, Partially cloudy",Partly cloudy throughout the day with early morning rain.,rain,"DNMM,remote,65201099999,VRJT5"
Lagos,2024-06-29,31,23.9,27.1,37.7,23.9,30.2,24.7,87.1,12,100,4.17,rain,0,,28.4,22.3,241.1,1012.7,61.8,9.6,189.4,16.2,8,30,2024-06-29T06:35:20,2024-06-29T19:04:51,0.77,"Rain, Partially cloudy",Partly cloudy throughout the day with morning rain.,rain,"DNMM,remote,65201099999,VRJT5"
Lagos,2024-06-30,31.2,25,27.8,39.5,25,31.8,25.2,86.2,3,100,4.17,rain,0,,29.5,25.9,236.9,1013,62.4,8.5,218.3,18.8,8,30,2024-06-30T06:35:33,2024-06-30T19:05:01,0.8,"Rain, Partially cloudy",Partly cloudy throughout the day with afternoon rain.,rain,"DNMM,65201099999"
Lagos,2024-07-01,32,25,27.9,40.5,25,31.5,24.9,84.6,6.9,100,50,rain,0,,24.1,22.3,249.6,1013.5,55.3,10.6,236.1,20.3,8,30,2024-07-01T06:35:47,2024-07-01T19:05:10,0.84,"Rain, Partially cloudy",Partly cloudy throughout the day with a chance of rain throughout the day.,rain,"DNMM,remote"
Lagos,2024-07-02,30,24,26.9,37.2,24,29.3,24.3,85.9,13.6,100,62.5,rain,0,,31,22.7,235.8,1012.7,76.9,11.1,247.6,21.2,9,30,2024-07-02T06:36:01,2024-07-02T19:05:19,0.87,"Rain, Partially cloudy",Partly cloudy throughout the day with a chance of rain throughout the day.,rain,"DNMM,remote,VRJT5"
Lagos,2024-07-03,27.1,24,25.4,29.9,24,25.6,24.2,93.1,52.1,100,79.17,rain,0,,32.4,25.2,224.2,1012.9,76.5,6.7,49.4,4.4,3,10,2024-07-03T06:36:15,2024-07-03T19:05:27,0.91,"Rain, Partially cloudy",Partly cloudy throughout the day with a chance of rain throughout the day.,rain,"DNMM,remote,VRJT5"
