Country Name,Country Code,Indicator Name,Indicator Code,Year 1960,Year 1961,Year 1962,Year 1963,Year 1964,Year 1965,Year 1966,Year 1967,Year 1968,Year 1969,Year 1970,Year 1971,Year 1972,Year 1973,Year 1974,Year 1975,Year 1976,Year 1977,Year 1978,Year 1979,Year 1980,Year 1981,Year 1982,Year 1983,Year 1984,Year 1985,Year 1986,Year 1987,Year 1988,Year 1989,Year 1990,Year 1991,Year 1992,Year 1993,Year 1994,Year 1995,Year 1996,Year 1997,Year 1998,Year 1999,Year 2000,Year 2001,Year 2002,Year 2003,Year 2004,Year 2005,Year 2006,Year 2007,Year 2008,Year 2009,Year 2010,Year 2011,Year 2012,Year 2013,Year 2014,Year 2015,Year 2016,Year 2017,Year 2018,Year 2019,Year 2020,Year 2021,Year 2022,Year 2023
Germany,DEU,"Population, total",SP.POP.TOTL," 72,814,900.00 "," 73,377,632.00 "," 74,025,784.00 "," 74,714,353.00 "," 75,318,337.00 "," 75,963,695.00 "," 76,600,311.00 "," 76,951,336.00 "," 77,294,314.00 "," 77,909,682.00 "," 78,169,289.00 "," 78,312,842.00 "," 78,688,452.00 "," 78,936,666.00 "," 78,967,433.00 "," 78,673,554.00 "," 78,336,950.00 "," 78,159,814.00 "," 78,091,820.00 "," 78,126,350.00 "," 78,288,576.00 "," 78,407,907.00 "," 78,333,366.00 "," 78,128,282.00 "," 77,858,685.00 "," 77,684,873.00 "," 77,720,436.00 "," 77,839,920.00 "," 78,144,619.00 "," 78,751,283.00 "," 79,433,029.00 "," 80,013,896.00 "," 80,624,598.00 "," 81,156,363.00 "," 81,438,348.00 "," 81,678,051.00 "," 81,914,831.00 "," 82,034,771.00 "," 82,047,195.00 "," 82,100,243.00 "," 82,211,508.00 "," 82,349,925.00 "," 82,488,495.00 "," 82,534,176.00 "," 82,516,260.00 "," 82,469,422.00 "," 82,376,451.00 "," 82,266,372.00 "," 82,110,097.00 "," 81,902,307.00 "," 81,776,930.00 "," 80,274,983.00 "," 80,425,823.00 "," 80,645,605.00 "," 80,982,500.00 "," 81,686,611.00 "," 82,348,669.00 "," 82,657,002.00 "," 82,905,782.00 "," 83,092,962.00 "," 83,160,871.00 "," 83,196,078.00 "," 83,797,985.00 "," 84,482,267.00 "
Africa,AFRO,"Population, total",SP.POP.TOTL," 280,948,118.00 "," 287,766,916.00 "," 294,866,414.00 "," 302,229,252.00 "," 309,871,738.00 "," 317,782,663.00 "," 325,937,397.00 "," 334,387,529.00 "," 343,152,914.00 "," 352,187,337.00 "," 361,511,365.00 "," 371,080,542.00 "," 380,848,553.00 "," 391,044,229.00 "," 401,807,550.00 "," 413,209,736.00 "," 425,131,598.00 "," 437,148,395.00 "," 449,790,730.00 "," 463,185,915.00 "," 476,632,830.00 "," 490,623,479.00 "," 505,382,843.00 "," 520,049,574.00 "," 534,773,709.00 "," 550,113,399.00 "," 565,967,704.00 "," 582,302,405.00 "," 598,784,773.00 "," 615,521,450.00 "," 632,436,568.00 "," 649,176,151.00 "," 665,951,332.00 "," 683,072,408.00 "," 700,273,592.00 "," 717,926,805.00 "," 736,195,355.00 "," 754,470,872.00 "," 773,014,616.00 "," 792,029,519.00 "," 811,588,592.00 "," 831,789,423.00 "," 852,616,628.00 "," 874,016,391.00 "," 896,093,583.00 "," 918,837,105.00 "," 942,282,129.00 "," 966,579,424.00 "," 991,659,850.00 "," 1,017,442,247.00 "," 1,043,962,872.00 "," 1,070,843,869.00 "," 1,098,478,707.00 "," 1,127,429,972.00 "," 1,157,410,218.00 "," 1,188,208,184.00 "," 1,219,311,631.00 "," 1,250,911,032.00 "," 1,283,071,959.00 "," 1,315,422,226.00 "," 1,348,207,247.00 "," 1,381,035,252.00 "," 1,413,917,444.00 "," 1,447,455,209.00 "
Angola,AGO,"Population, total",SP.POP.TOTL," 5,357,195.00 "," 5,441,333.00 "," 5,521,400.00 "," 5,599,827.00 "," 5,673,199.00 "," 5,736,582.00 "," 5,787,044.00 "," 5,827,503.00 "," 5,868,203.00 "," 5,928,386.00 "," 6,029,700.00 "," 6,177,049.00 "," 6,364,731.00 "," 6,578,230.00 "," 6,802,494.00 "," 7,032,713.00 "," 7,266,780.00 "," 7,511,895.00 "," 7,771,590.00 "," 8,043,218.00 "," 8,330,047.00 "," 8,631,457.00 "," 8,947,152.00 "," 9,276,707.00 "," 9,617,702.00 "," 9,970,621.00 "," 10,332,574.00 "," 10,694,057.00 "," 11,060,261.00 "," 11,439,498.00 "," 11,828,638.00 "," 12,228,691.00 "," 12,632,507.00 "," 13,038,270.00 "," 13,462,031.00 "," 13,912,253.00 "," 14,383,350.00 "," 14,871,146.00 "," 15,366,864.00 "," 15,870,753.00 "," 16,394,062.00 "," 16,941,587.00 "," 17,516,139.00 "," 18,124,342.00 "," 18,771,125.00 "," 19,450,959.00 "," 20,162,340.00 "," 20,909,684.00 "," 21,691,522.00 "," 22,507,674.00 "," 23,364,185.00 "," 24,259,111.00 "," 25,188,292.00 "," 26,147,002.00 "," 27,128,337.00 "," 28,127,721.00 "," 29,154,746.00 "," 30,208,628.00 "," 31,273,533.00 "," 32,353,588.00 "," 33,428,486.00 "," 34,503,774.00 "," 35,588,987.00 "," 36,684,202.00 "
Burundi,BDI,"Population, total",SP.POP.TOTL," 2,746,628.00 "," 2,815,972.00 "," 2,887,398.00 "," 2,948,133.00 "," 3,033,221.00 "," 3,118,134.00 "," 3,193,378.00 "," 3,274,493.00 "," 3,352,397.00 "," 3,424,429.00 "," 3,497,834.00 "," 3,582,070.00 "," 3,579,195.00 "," 3,571,450.00 "," 3,660,032.00 "," 3,749,232.00 "," 3,830,889.00 "," 3,927,428.00 "," 4,039,410.00 "," 4,137,437.00 "," 4,312,834.00 "," 4,490,743.00 "," 4,602,271.00 "," 4,726,506.00 "," 4,842,268.00 "," 4,948,024.00 "," 5,041,706.00 "," 5,157,769.00 "," 5,271,840.00 "," 5,373,697.00 "," 5,483,793.00 "," 5,594,828.00 "," 5,743,085.00 "," 5,555,220.00 "," 5,586,408.00 "," 5,932,783.00 "," 5,930,507.00 "," 5,923,862.00 "," 6,035,340.00 "," 6,180,180.00 "," 6,307,659.00 "," 6,465,729.00 "," 6,648,938.00 "," 6,860,846.00 "," 7,120,496.00 "," 7,388,874.00 "," 7,658,190.00 "," 7,944,609.00 "," 8,278,109.00 "," 8,709,366.00 "," 9,126,605.00 "," 9,455,733.00 "," 9,795,479.00 "," 10,149,577.00 "," 10,494,913.00 "," 10,727,148.00 "," 10,903,327.00 "," 11,155,593.00 "," 11,493,472.00 "," 11,874,838.00 "," 12,220,227.00 "," 12,551,213.00 "," 12,889,576.00 "," 13,238,559.00 "
Benin,BEN,"Population, total",SP.POP.TOTL," 2,512,284.00 "," 2,551,216.00 "," 2,593,302.00 "," 2,638,082.00 "," 2,685,619.00 "," 2,735,843.00 "," 2,788,642.00 "," 2,843,739.00 "," 2,901,218.00 "," 2,961,166.00 "," 3,023,443.00 "," 3,088,381.00 "," 3,156,408.00 "," 3,227,380.00 "," 3,301,276.00 "," 3,378,703.00 "," 3,460,329.00 "," 3,546,454.00 "," 3,636,927.00 "," 3,732,394.00 "," 3,833,939.00 "," 3,941,569.00 "," 4,054,385.00 "," 4,171,526.00 "," 4,293,070.00 "," 4,419,552.00 "," 4,551,382.00 "," 4,688,787.00 "," 4,831,624.00 "," 4,979,680.00 "," 5,133,419.00 "," 5,293,046.00 "," 5,457,778.00 "," 5,706,181.00 "," 5,923,394.00 "," 6,046,511.00 "," 6,203,860.00 "," 6,387,026.00 "," 6,584,183.00 "," 6,788,589.00 "," 6,998,023.00 "," 7,212,041.00 "," 7,431,783.00 "," 7,659,208.00 "," 7,894,554.00 "," 8,149,419.00 "," 8,402,631.00 "," 8,647,761.00 "," 8,906,469.00 "," 9,172,514.00 "," 9,445,710.00 "," 9,726,380.00 "," 10,014,078.00 "," 10,308,730.00 "," 10,614,844.00 "," 10,932,783.00 "," 11,260,085.00 "," 11,596,779.00 "," 11,940,683.00 "," 12,290,444.00 "," 12,643,123.00 "," 12,996,895.00 "," 13,352,864.00 "," 13,712,828.00 "
Burkina Faso,BFA,"Population, total",SP.POP.TOTL," 4,783,259.00 "," 4,852,833.00 "," 4,924,497.00 "," 4,998,671.00 "," 5,076,111.00 "," 5,157,929.00 "," 5,242,797.00 "," 5,330,613.00 "," 5,422,119.00 "," 5,515,747.00 "," 5,611,666.00 "," 5,707,793.00 "," 5,805,283.00 "," 5,907,742.00 "," 6,018,141.00 "," 6,138,444.00 "," 6,269,765.00 "," 6,416,569.00 "," 6,577,779.00 "," 6,749,939.00 "," 6,932,967.00 "," 7,123,730.00 "," 7,321,817.00 "," 7,531,184.00 "," 7,751,476.00 "," 7,979,185.00 "," 8,207,827.00 "," 8,434,996.00 "," 8,663,720.00 "," 8,895,234.00 "," 9,131,361.00 "," 9,365,064.00 "," 9,598,555.00 "," 9,840,075.00 "," 10,091,256.00 "," 10,353,263.00 "," 10,621,210.00 "," 10,897,353.00 "," 11,201,063.00 "," 11,533,554.00 "," 11,882,888.00 "," 12,249,764.00 "," 12,632,269.00 "," 13,030,591.00 "," 13,445,977.00 "," 13,876,127.00 "," 14,316,242.00 "," 14,757,074.00 "," 15,197,915.00 "," 15,650,022.00 "," 16,116,845.00 "," 16,602,651.00 "," 17,113,732.00 "," 17,636,408.00 "," 18,169,842.00 "," 18,718,019.00 "," 19,275,498.00 "," 19,835,858.00 "," 20,392,723.00 "," 20,951,639.00 "," 21,522,626.00 "," 22,100,683.00 "," 22,673,762.00 "," 23,251,485.00 "
Botswana,BWA,"Population, total",SP.POP.TOTL," 512,865.00 "," 524,403.00 "," 536,428.00 "," 549,041.00 "," 562,274.00 "," 570,975.00 "," 574,855.00 "," 578,723.00 "," 582,655.00 "," 586,737.00 "," 592,244.00 "," 604,139.00 "," 626,601.00 "," 657,246.00 "," 691,569.00 "," 727,930.00 "," 766,424.00 "," 806,968.00 "," 849,394.00 "," 893,500.00 "," 938,578.00 "," 982,747.00 "," 1,023,009.00 "," 1,060,717.00 "," 1,099,170.00 "," 1,138,704.00 "," 1,179,263.00 "," 1,220,361.00 "," 1,261,272.00 "," 1,301,671.00 "," 1,341,474.00 "," 1,380,584.00 "," 1,420,695.00 "," 1,462,262.00 "," 1,503,544.00 "," 1,543,634.00 "," 1,582,169.00 "," 1,619,354.00 "," 1,655,699.00 "," 1,691,558.00 "," 1,726,985.00 "," 1,761,930.00 "," 1,795,130.00 "," 1,826,863.00 "," 1,859,085.00 "," 1,892,807.00 "," 1,928,704.00 "," 1,966,977.00 "," 2,007,320.00 "," 2,048,997.00 "," 2,091,664.00 "," 2,134,037.00 "," 2,175,425.00 "," 2,217,278.00 "," 2,260,376.00 "," 2,305,171.00 "," 2,352,416.00 "," 2,401,840.00 "," 2,451,409.00 "," 2,499,702.00 "," 2,546,402.00 "," 2,588,423.00 "," 2,630,296.00 "," 2,675,352.00 "
Central African Republic,CAF,"Population, total",SP.POP.TOTL," 1,679,728.00 "," 1,710,364.00 "," 1,742,502.00 "," 1,776,214.00 "," 1,811,694.00 "," 1,849,171.00 "," 1,888,853.00 "," 1,930,861.00 "," 1,975,257.00 "," 2,021,519.00 "," 2,067,356.00 "," 2,111,224.00 "," 2,153,613.00 "," 2,195,905.00 "," 2,239,305.00 "," 2,283,927.00 "," 2,318,349.00 "," 2,342,048.00 "," 2,365,957.00 "," 2,390,329.00 "," 2,415,276.00 "," 2,441,010.00 "," 2,467,635.00 "," 2,495,097.00 "," 2,523,538.00 "," 2,553,075.00 "," 2,583,631.00 "," 2,615,594.00 "," 2,657,235.00 "," 2,724,109.00 "," 2,809,221.00 "," 2,898,052.00 "," 2,991,727.00 "," 3,089,146.00 "," 3,187,844.00 "," 3,276,706.00 "," 3,363,570.00 "," 3,458,472.00 "," 3,555,064.00 "," 3,655,360.00 "," 3,759,170.00 "," 3,844,773.00 "," 3,930,648.00 "," 4,026,841.00 "," 4,115,138.00 "," 4,208,834.00 "," 4,294,352.00 "," 4,375,569.00 "," 4,467,233.00 "," 4,564,540.00 "," 4,660,067.00 "," 4,732,022.00 "," 4,773,306.00 "," 4,802,428.00 "," 4,798,734.00 "," 4,819,333.00 "," 4,904,177.00 "," 4,996,741.00 "," 5,094,780.00 "," 5,209,324.00 "," 5,343,020.00 "," 5,457,154.00 "," 5,579,144.00 "," 5,742,315.00 "
Cote d'Ivoire,CIV,"Population, total",SP.POP.TOTL," 3,708,661.00 "," 3,848,336.00 "," 3,998,287.00 "," 4,156,453.00 "," 4,321,368.00 "," 4,492,890.00 "," 4,671,196.00 "," 4,856,689.00 "," 5,050,106.00 "," 5,255,149.00 "," 5,477,086.00 "," 5,718,867.00 "," 5,979,984.00 "," 6,257,373.00 "," 6,548,923.00 "," 6,853,981.00 "," 7,142,690.00 "," 7,415,900.00 "," 7,700,816.00 "," 7,996,368.00 "," 8,303,810.00 "," 8,621,621.00 "," 8,948,119.00 "," 9,282,050.00 "," 9,621,405.00 "," 9,964,075.00 "," 10,309,440.00 "," 10,663,498.00 "," 11,043,193.00 "," 11,462,943.00 "," 11,910,540.00 "," 12,369,269.00 "," 12,838,314.00 "," 13,316,448.00 "," 13,802,285.00 "," 14,299,727.00 "," 14,810,946.00 "," 15,335,453.00 "," 15,858,990.00 "," 16,345,894.00 "," 16,799,670.00 "," 17,245,468.00 "," 17,683,897.00 "," 18,116,451.00 "," 18,544,903.00 "," 18,970,215.00 "," 19,394,057.00 "," 19,817,700.00 "," 20,244,449.00 "," 20,677,762.00 "," 21,120,042.00 "," 21,562,914.00 "," 22,010,712.00 "," 22,469,268.00 "," 22,995,555.00 "," 23,596,741.00 "," 24,213,622.00 "," 24,848,016.00 "," 25,493,988.00 "," 26,147,551.00 "," 26,811,790.00 "," 27,478,249.00 "," 28,160,542.00 "," 28,873,034.00 "
Cameroon,CMR,"Population, total",SP.POP.TOTL," 5,117,608.00 "," 5,200,355.00 "," 5,303,841.00 "," 5,427,511.00 "," 5,556,209.00 "," 5,690,086.00 "," 5,829,580.00 "," 5,975,087.00 "," 6,127,193.00 "," 6,286,232.00 "," 6,452,787.00 "," 6,627,350.00 "," 6,809,468.00 "," 6,998,688.00 "," 7,194,697.00 "," 7,397,417.00 "," 7,598,028.00 "," 7,796,825.00 "," 8,013,279.00 "," 8,243,377.00 "," 8,519,891.00 "," 8,829,048.00 "," 9,046,986.00 "," 9,240,672.00 "," 9,508,570.00 "," 9,804,254.00 "," 10,112,712.00 "," 10,433,905.00 "," 10,759,573.00 "," 11,089,222.00 "," 11,430,520.00 "," 11,777,719.00 "," 12,128,604.00 "," 12,486,773.00 "," 12,848,862.00 "," 13,211,647.00 "," 13,575,324.00 "," 13,941,181.00 "," 14,314,599.00 "," 14,698,973.00 "," 15,091,594.00 "," 15,493,253.00 "," 15,914,033.00 "," 16,354,326.00 "," 16,809,407.00 "," 17,275,171.00 "," 17,751,333.00 "," 18,251,866.00 "," 18,777,081.00 "," 19,319,274.00 "," 19,878,036.00 "," 20,448,873.00 "," 21,032,684.00 "," 21,632,850.00 "," 22,299,585.00 "," 23,012,646.00 "," 23,711,630.00 "," 24,393,181.00 "," 25,076,747.00 "," 25,782,341.00 "," 26,491,087.00 "," 27,198,628.00 "," 27,914,536.00 "," 28,647,293.00 "
"Congo, Dem. Rep.",COD,"Population, total",SP.POP.TOTL," 15,276,558.00 "," 15,673,284.00 "," 16,086,084.00 "," 16,517,995.00 "," 16,965,855.00 "," 17,438,254.00 "," 17,941,738.00 "," 18,472,105.00 "," 19,022,799.00 "," 19,583,123.00 "," 20,151,733.00 "," 20,712,952.00 "," 21,273,409.00 "," 21,853,906.00 "," 22,448,415.00 "," 23,052,715.00 "," 23,655,016.00 "," 24,256,464.00 "," 25,015,244.00 "," 25,902,760.00 "," 26,708,686.00 "," 27,457,783.00 "," 28,219,219.00 "," 29,005,175.00 "," 29,879,852.00 "," 30,800,051.00 "," 31,725,132.00 "," 32,712,574.00 "," 33,750,052.00 "," 34,825,891.00 "," 35,987,541.00 "," 37,194,812.00 "," 38,332,302.00 "," 39,580,844.00 "," 41,511,985.00 "," 43,285,791.00 "," 44,118,709.00 "," 44,822,198.00 "," 45,895,524.00 "," 47,227,238.00 "," 48,616,317.00 "," 50,106,657.00 "," 51,662,071.00 "," 53,205,639.00 "," 54,815,607.00 "," 56,550,247.00 "," 58,381,630.00 "," 60,289,422.00 "," 62,249,724.00 "," 64,270,232.00 "," 66,391,257.00 "," 68,654,269.00 "," 70,997,870.00 "," 73,460,021.00 "," 76,035,588.00 "," 78,656,904.00 "," 81,430,977.00 "," 84,283,273.00 "," 87,087,355.00 "," 89,906,890.00 "," 92,853,164.00 "," 95,894,118.00 "," 99,010,212.00 "," 102,262,808.00 "
"Congo, Rep.",COG,"Population, total",SP.POP.TOTL," 1,055,693.00 "," 1,083,431.00 "," 1,112,348.00 "," 1,142,600.00 "," 1,174,269.00 "," 1,207,412.00 "," 1,242,116.00 "," 1,278,312.00 "," 1,316,130.00 "," 1,355,699.00 "," 1,396,989.00 "," 1,440,159.00 "," 1,485,274.00 "," 1,532,069.00 "," 1,580,280.00 "," 1,624,935.00 "," 1,665,418.00 "," 1,706,181.00 "," 1,747,207.00 "," 1,788,218.00 "," 1,829,256.00 "," 1,870,540.00 "," 1,911,634.00 "," 1,951,851.00 "," 2,001,739.00 "," 2,062,555.00 "," 2,124,863.00 "," 2,188,654.00 "," 2,253,336.00 "," 2,319,177.00 "," 2,385,435.00 "," 2,452,675.00 "," 2,520,958.00 "," 2,594,168.00 "," 2,669,220.00 "," 2,742,309.00 "," 2,816,595.00 "," 2,875,037.00 "," 2,937,166.00 "," 3,016,659.00 "," 3,134,030.00 "," 3,254,101.00 "," 3,331,158.00 "," 3,424,653.00 "," 3,543,012.00 "," 3,672,839.00 "," 3,813,323.00 "," 3,956,329.00 "," 4,089,602.00 "," 4,257,230.00 "," 4,437,884.00 "," 4,584,216.00 "," 4,713,257.00 "," 4,828,066.00 "," 4,944,861.00 "," 5,064,386.00 "," 5,186,824.00 "," 5,312,340.00 "," 5,441,062.00 "," 5,570,733.00 "," 5,702,174.00 "," 5,835,806.00 "," 5,970,424.00 "," 6,106,869.00 "
Comoros,COM,"Population, total",SP.POP.TOTL," 194,852.00 "," 198,617.00 "," 202,527.00 "," 206,546.00 "," 210,665.00 "," 214,939.00 "," 219,369.00 "," 224,321.00 "," 229,971.00 "," 236,002.00 "," 242,351.00 "," 249,066.00 "," 256,187.00 "," 263,728.00 "," 271,719.00 "," 280,036.00 "," 288,810.00 "," 298,152.00 "," 307,938.00 "," 318,123.00 "," 328,328.00 "," 337,986.00 "," 347,053.00 "," 356,137.00 "," 365,664.00 "," 375,650.00 "," 386,068.00 "," 396,887.00 "," 408,070.00 "," 419,584.00 "," 431,119.00 "," 442,277.00 "," 452,990.00 "," 463,318.00 "," 473,478.00 "," 483,760.00 "," 494,288.00 "," 505,033.00 "," 515,959.00 "," 526,443.00 "," 536,758.00 "," 547,741.00 "," 559,047.00 "," 570,130.00 "," 581,154.00 "," 592,683.00 "," 604,658.00 "," 616,899.00 "," 629,470.00 "," 642,493.00 "," 656,024.00 "," 670,071.00 "," 684,553.00 "," 699,393.00 "," 714,612.00 "," 730,216.00 "," 746,232.00 "," 761,664.00 "," 776,313.00 "," 790,986.00 "," 806,166.00 "," 821,625.00 "," 836,774.00 "," 852,075.00 "
Cabo Verde,CPV,"Population, total",SP.POP.TOTL," 209,849.00 "," 214,788.00 "," 221,484.00 "," 228,814.00 "," 236,362.00 "," 244,156.00 "," 252,238.00 "," 260,648.00 "," 269,408.00 "," 278,524.00 "," 287,262.00 "," 293,505.00 "," 296,818.00 "," 299,191.00 "," 301,682.00 "," 304,375.00 "," 307,015.00 "," 309,389.00 "," 311,685.00 "," 313,995.00 "," 317,234.00 "," 321,634.00 "," 326,319.00 "," 330,971.00 "," 335,473.00 "," 339,874.00 "," 344,271.00 "," 348,718.00 "," 353,233.00 "," 358,150.00 "," 364,563.00 "," 372,721.00 "," 381,947.00 "," 391,749.00 "," 401,655.00 "," 411,382.00 "," 421,007.00 "," 430,654.00 "," 440,214.00 "," 449,627.00 "," 458,251.00 "," 465,958.00 "," 473,231.00 "," 480,089.00 "," 486,583.00 "," 492,827.00 "," 498,884.00 "," 504,733.00 "," 510,336.00 "," 515,638.00 "," 521,212.00 "," 527,521.00 "," 533,864.00 "," 539,940.00 "," 546,076.00 "," 552,166.00 "," 558,394.00 "," 564,954.00 "," 571,202.00 "," 577,030.00 "," 582,640.00 "," 587,925.00 "," 593,149.00 "," 598,682.00 "
Djibouti,DJI,"Population, total",SP.POP.TOTL," 85,940.00 "," 89,270.00 "," 93,122.00 "," 97,670.00 "," 102,945.00 "," 108,772.00 "," 114,874.00 "," 121,168.00 "," 127,668.00 "," 135,390.00 "," 144,379.00 "," 154,225.00 "," 165,234.00 "," 177,327.00 "," 191,389.00 "," 208,582.00 "," 229,304.00 "," 253,083.00 "," 278,425.00 "," 302,856.00 "," 324,121.00 "," 341,316.00 "," 355,110.00 "," 367,726.00 "," 382,156.00 "," 400,709.00 "," 424,286.00 "," 452,272.00 "," 482,337.00 "," 521,104.00 "," 577,173.00 "," 628,521.00 "," 623,197.00 "," 611,231.00 "," 623,477.00 "," 629,619.00 "," 644,649.00 "," 667,786.00 "," 694,920.00 "," 719,371.00 "," 742,033.00 "," 765,490.00 "," 789,129.00 "," 806,411.00 "," 818,373.00 "," 830,861.00 "," 846,947.00 "," 865,196.00 "," 882,886.00 "," 901,103.00 "," 919,199.00 "," 936,811.00 "," 954,297.00 "," 971,753.00 "," 989,087.00 "," 1,006,259.00 "," 1,023,261.00 "," 1,040,233.00 "," 1,057,198.00 "," 1,073,994.00 "," 1,090,156.00 "," 1,105,557.00 "," 1,120,849.00 "," 1,136,455.00 "
Algeria,DZA,"Population, total",SP.POP.TOTL," 11,394,307.00 "," 11,598,608.00 "," 11,778,260.00 "," 11,969,451.00 "," 12,179,099.00 "," 12,381,256.00 "," 12,613,389.00 "," 12,897,115.00 "," 13,190,975.00 "," 13,491,016.00 "," 13,795,915.00 "," 14,110,271.00 "," 14,439,748.00 "," 14,786,469.00 "," 15,153,602.00 "," 15,724,692.00 "," 16,500,516.00 "," 17,134,192.00 "," 17,632,645.00 "," 18,166,981.00 "," 18,739,378.00 "," 19,351,357.00 "," 20,000,096.00 "," 20,682,111.00 "," 21,393,530.00 "," 22,132,905.00 "," 22,882,553.00 "," 23,586,101.00 "," 24,243,018.00 "," 24,889,507.00 "," 25,518,074.00 "," 26,133,905.00 "," 26,748,303.00 "," 27,354,327.00 "," 27,937,006.00 "," 28,478,022.00 "," 28,984,634.00 "," 29,476,031.00 "," 29,924,668.00 "," 30,346,083.00 "," 30,774,621.00 "," 31,200,985.00 "," 31,624,696.00 "," 32,055,883.00 "," 32,510,186.00 "," 32,956,690.00 "," 33,435,080.00 "," 33,983,827.00 "," 34,569,592.00 "," 35,196,037.00 "," 35,856,344.00 "," 36,543,541.00 "," 37,260,563.00 "," 38,000,626.00 "," 38,760,168.00 "," 39,543,154.00 "," 40,339,329.00 "," 41,136,546.00 "," 41,927,007.00 "," 42,705,368.00 "," 43,451,666.00 "," 44,177,969.00 "," 44,903,225.00 "," 45,606,480.00 "
"Egypt, Arab Rep.",EGY,"Population, total",SP.POP.TOTL," 27,034,499.00 "," 27,747,867.00 "," 28,485,022.00 "," 29,245,936.00 "," 30,026,648.00 "," 30,818,469.00 "," 31,613,132.00 "," 32,408,414.00 "," 33,204,629.00 "," 33,995,955.00 "," 34,781,986.00 "," 35,555,969.00 "," 36,330,768.00 "," 37,120,776.00 "," 37,930,374.00 "," 38,775,584.00 "," 39,649,050.00 "," 40,577,356.00 "," 41,576,636.00 "," 42,632,458.00 "," 43,748,556.00 "," 44,899,573.00 "," 46,088,647.00 "," 47,353,665.00 "," 48,676,443.00 "," 50,035,843.00 "," 51,424,313.00 "," 52,841,319.00 "," 54,298,446.00 "," 55,765,843.00 "," 57,214,630.00 "," 58,611,032.00 "," 59,989,142.00 "," 61,382,200.00 "," 62,775,847.00 "," 64,166,908.00 "," 65,565,195.00 "," 66,993,728.00 "," 68,446,011.00 "," 69,907,887.00 "," 71,371,371.00 "," 72,854,261.00 "," 74,393,759.00 "," 75,963,322.00 "," 77,522,427.00 "," 79,075,310.00 "," 80,629,670.00 "," 82,218,755.00 "," 83,844,783.00 "," 85,501,064.00 "," 87,252,413.00 "," 89,200,054.00 "," 91,240,376.00 "," 93,377,890.00 "," 95,592,324.00 "," 97,723,799.00 "," 99,784,030.00 "," 101,789,386.00 "," 103,740,765.00 "," 105,618,671.00 "," 107,465,134.00 "," 109,262,178.00 "," 110,990,103.00 "," 112,716,598.00 "
Eritrea,ERI,"Population, total",SP.POP.TOTL," 993,568.00 "," 1,016,932.00 "," 1,041,552.00 "," 1,067,295.00 "," 1,094,042.00 "," 1,121,739.00 "," 1,150,264.00 "," 1,179,554.00 "," 1,209,602.00 "," 1,240,562.00 "," 1,272,748.00 "," 1,306,234.00 "," 1,340,838.00 "," 1,376,516.00 "," 1,413,220.00 "," 1,450,867.00 "," 1,489,656.00 "," 1,529,802.00 "," 1,571,193.00 "," 1,613,829.00 "," 1,657,982.00 "," 1,703,789.00 "," 1,751,045.00 "," 1,799,814.00 "," 1,849,594.00 "," 1,899,243.00 "," 1,949,611.00 "," 2,000,355.00 "," 2,051,546.00 "," 2,102,131.00 "," 2,149,960.00 "," 2,039,220.00 "," 1,921,153.00 "," 1,981,419.00 "," 2,042,500.00 "," 2,157,220.00 "," 2,264,073.00 "," 2,291,561.00 "," 2,322,753.00 "," 2,356,477.00 "," 2,392,880.00 "," 2,461,927.00 "," 2,547,424.00 "," 2,653,390.00 "," 2,763,140.00 "," 2,831,732.00 "," 2,880,093.00 "," 2,926,168.00 "," 3,005,779.00 "," 3,083,888.00 "," 3,147,727.00 "," 3,207,570.00 "," 3,252,596.00 "," 3,296,367.00 "," 3,323,425.00 "," 3,340,006.00 "," 3,365,287.00 "," 3,396,933.00 "," 3,445,374.00 "," 3,498,818.00 "," 3,555,868.00 "," 3,620,312.00 "," 3,684,032.00 "," 3,748,901.00 "
Ethiopia,ETH,"Population, total",SP.POP.TOTL," 21,739,710.00 "," 22,281,675.00 "," 22,852,158.00 "," 23,448,979.00 "," 24,073,696.00 "," 24,727,506.00 "," 25,377,645.00 "," 26,051,596.00 "," 26,778,653.00 "," 27,530,388.00 "," 28,308,246.00 "," 29,099,594.00 "," 29,891,328.00 "," 30,694,316.00 "," 31,488,613.00 "," 32,252,783.00 "," 33,062,216.00 "," 33,695,018.00 "," 34,259,065.00 "," 34,758,823.00 "," 34,945,469.00 "," 35,818,844.00 "," 37,213,393.00 "," 38,235,187.00 "," 39,202,890.00 "," 40,285,965.00 "," 41,455,309.00 "," 42,851,957.00 "," 44,511,537.00 "," 46,195,954.00 "," 47,878,073.00 "," 49,937,430.00 "," 52,011,554.00 "," 53,791,672.00 "," 55,620,211.00 "," 57,476,536.00 "," 59,347,649.00 "," 61,233,480.00 "," 63,136,493.00 "," 65,077,579.00 "," 67,031,867.00 "," 69,018,932.00 "," 71,073,215.00 "," 73,168,838.00 "," 75,301,026.00 "," 77,469,940.00 "," 79,691,050.00 "," 81,996,185.00 "," 84,357,105.00 "," 86,755,585.00 "," 89,237,791.00 "," 91,817,929.00 "," 94,451,280.00 "," 97,084,366.00 "," 99,746,766.00 "," 102,471,895.00 "," 105,293,228.00 "," 108,197,950.00 "," 111,129,438.00 "," 114,120,594.00 "," 117,190,911.00 "," 120,283,026.00 "," 123,379,924.00 "," 126,527,060.00 "
Gabon,GAB,"Population, total",SP.POP.TOTL," 513,340.00 "," 519,329.00 "," 525,754.00 "," 532,592.00 "," 539,830.00 "," 547,535.00 "," 555,748.00 "," 564,436.00 "," 573,611.00 "," 584,628.00 "," 597,192.00 "," 609,693.00 "," 622,289.00 "," 635,288.00 "," 648,922.00 "," 663,340.00 "," 678,660.00 "," 694,931.00 "," 712,135.00 "," 730,188.00 "," 749,078.00 "," 768,904.00 "," 789,585.00 "," 811,098.00 "," 833,417.00 "," 856,482.00 "," 880,340.00 "," 905,016.00 "," 930,464.00 "," 956,509.00 "," 983,028.00 "," 1,009,995.00 "," 1,037,446.00 "," 1,065,390.00 "," 1,093,611.00 "," 1,121,964.00 "," 1,150,601.00 "," 1,179,806.00 "," 1,209,832.00 "," 1,240,764.00 "," 1,272,935.00 "," 1,306,590.00 "," 1,341,696.00 "," 1,378,398.00 "," 1,417,110.00 "," 1,458,353.00 "," 1,502,534.00 "," 1,549,774.00 "," 1,599,978.00 "," 1,653,542.00 "," 1,711,105.00 "," 1,772,500.00 "," 1,836,705.00 "," 1,902,226.00 "," 1,966,855.00 "," 2,028,517.00 "," 2,086,206.00 "," 2,140,215.00 "," 2,192,012.00 "," 2,242,785.00 "," 2,292,573.00 "," 2,341,179.00 "," 2,388,992.00 "," 2,436,566.00 "
Ghana,GHA,"Population, total",SP.POP.TOTL," 6,911,510.00 "," 7,109,029.00 "," 7,281,192.00 "," 7,458,243.00 "," 7,640,196.00 "," 7,827,726.00 "," 8,019,658.00 "," 8,216,086.00 "," 8,418,152.00 "," 8,629,855.00 "," 8,861,895.00 "," 9,108,878.00 "," 9,365,952.00 "," 9,637,197.00 "," 9,918,979.00 "," 10,209,848.00 "," 10,509,006.00 "," 10,825,496.00 "," 11,163,230.00 "," 11,515,675.00 "," 11,865,246.00 "," 12,212,960.00 "," 12,584,976.00 "," 12,984,131.00 "," 13,342,487.00 "," 13,651,443.00 "," 13,971,682.00 "," 14,310,790.00 "," 14,671,677.00 "," 15,052,447.00 "," 15,446,982.00 "," 15,843,471.00 "," 16,241,548.00 "," 16,643,633.00 "," 17,040,854.00 "," 17,438,874.00 "," 17,844,010.00 "," 18,268,040.00 "," 18,714,708.00 "," 19,176,791.00 "," 19,665,502.00 "," 20,195,577.00 "," 20,758,326.00 "," 21,329,514.00 "," 21,906,444.00 "," 22,496,951.00 "," 23,098,586.00 "," 23,708,320.00 "," 24,326,087.00 "," 24,950,762.00 "," 25,574,719.00 "," 26,205,941.00 "," 26,858,762.00 "," 27,525,597.00 "," 28,196,358.00 "," 28,870,939.00 "," 29,554,303.00 "," 30,222,262.00 "," 30,870,641.00 "," 31,522,290.00 "," 32,180,401.00 "," 32,833,031.00 "," 33,475,870.00 "," 34,121,985.00 "
Guinea,GIN,"Population, total",SP.POP.TOTL," 3,516,814.00 "," 3,578,631.00 "," 3,642,324.00 "," 3,707,945.00 "," 3,775,510.00 "," 3,845,074.00 "," 3,916,780.00 "," 3,990,760.00 "," 4,067,333.00 "," 4,145,194.00 "," 4,222,374.00 "," 4,298,087.00 "," 4,372,212.00 "," 4,445,207.00 "," 4,517,073.00 "," 4,588,006.00 "," 4,658,743.00 "," 4,730,375.00 "," 4,804,926.00 "," 4,885,199.00 "," 4,972,609.00 "," 5,067,427.00 "," 5,170,731.00 "," 5,282,274.00 "," 5,402,084.00 "," 5,531,661.00 "," 5,671,380.00 "," 5,820,774.00 "," 5,977,175.00 "," 6,136,166.00 "," 6,354,145.00 "," 6,615,734.00 "," 6,832,195.00 "," 7,046,097.00 "," 7,262,112.00 "," 7,468,347.00 "," 7,683,115.00 "," 7,842,806.00 "," 7,992,545.00 "," 8,174,897.00 "," 8,336,967.00 "," 8,445,717.00 "," 8,577,790.00 "," 8,772,254.00 "," 8,961,039.00 "," 9,140,114.00 "," 9,330,625.00 "," 9,547,082.00 "," 9,779,785.00 "," 10,021,323.00 "," 10,270,728.00 "," 10,527,712.00 "," 10,788,692.00 "," 11,055,430.00 "," 11,333,365.00 "," 11,625,998.00 "," 11,930,985.00 "," 12,240,789.00 "," 12,554,864.00 "," 12,877,539.00 "," 13,205,153.00 "," 13,531,906.00 "," 13,859,341.00 "," 14,190,612.00 "
"Gambia, The",GMB,"Population, total",SP.POP.TOTL," 399,649.00 "," 410,801.00 "," 422,310.00 "," 434,173.00 "," 446,375.00 "," 458,908.00 "," 471,753.00 "," 485,132.00 "," 499,151.00 "," 513,686.00 "," 528,731.00 "," 544,317.00 "," 560,553.00 "," 577,488.00 "," 594,904.00 "," 612,909.00 "," 631,894.00 "," 651,934.00 "," 672,974.00 "," 695,155.00 "," 718,586.00 "," 742,846.00 "," 768,272.00 "," 795,563.00 "," 824,798.00 "," 855,958.00 "," 888,980.00 "," 923,914.00 "," 960,837.00 "," 999,732.00 "," 1,040,616.00 "," 1,083,536.00 "," 1,127,152.00 "," 1,168,309.00 "," 1,205,882.00 "," 1,242,155.00 "," 1,279,070.00 "," 1,317,002.00 "," 1,356,189.00 "," 1,396,499.00 "," 1,437,539.00 "," 1,479,449.00 "," 1,522,223.00 "," 1,566,257.00 "," 1,612,225.00 "," 1,660,368.00 "," 1,711,294.00 "," 1,764,883.00 "," 1,820,542.00 "," 1,878,119.00 "," 1,937,275.00 "," 1,998,212.00 "," 2,061,014.00 "," 2,124,869.00 "," 2,189,019.00 "," 2,253,133.00 "," 2,317,206.00 "," 2,381,182.00 "," 2,444,916.00 "," 2,508,883.00 "," 2,573,995.00 "," 2,639,916.00 "," 2,705,992.00 "," 2,773,168.00 "
Guinea-Bissau,GNB,"Population, total",SP.POP.TOTL," 577,933.00 "," 583,107.00 "," 590,399.00 "," 595,802.00 "," 590,481.00 "," 577,638.00 "," 570,375.00 "," 573,380.00 "," 583,475.00 "," 587,880.00 "," 591,663.00 "," 594,501.00 "," 595,950.00 "," 603,203.00 "," 623,576.00 "," 659,635.00 "," 701,016.00 "," 746,588.00 "," 794,328.00 "," 821,598.00 "," 831,462.00 "," 844,957.00 "," 858,630.00 "," 872,394.00 "," 886,210.00 "," 900,088.00 "," 914,122.00 "," 928,408.00 "," 943,080.00 "," 958,239.00 "," 973,551.00 "," 993,856.00 "," 1,022,904.00 "," 1,056,761.00 "," 1,089,617.00 "," 1,117,222.00 "," 1,140,604.00 "," 1,162,443.00 "," 1,184,071.00 "," 1,206,474.00 "," 1,230,849.00 "," 1,257,380.00 "," 1,285,678.00 "," 1,315,653.00 "," 1,347,009.00 "," 1,379,713.00 "," 1,414,091.00 "," 1,450,572.00 "," 1,488,431.00 "," 1,527,196.00 "," 1,567,220.00 "," 1,609,017.00 "," 1,652,717.00 "," 1,697,753.00 "," 1,743,309.00 "," 1,788,919.00 "," 1,834,552.00 "," 1,879,826.00 "," 1,924,955.00 "," 1,970,457.00 "," 2,015,828.00 "," 2,060,721.00 "," 2,105,566.00 "," 2,150,842.00 "
Equatorial Guinea,GNQ,"Population, total",SP.POP.TOTL," 267,351.00 "," 272,264.00 "," 277,490.00 "," 283,018.00 "," 288,852.00 "," 295,010.00 "," 301,517.00 "," 308,374.00 "," 315,325.00 "," 318,846.00 "," 316,955.00 "," 311,952.00 "," 305,362.00 "," 298,050.00 "," 290,558.00 "," 283,262.00 "," 276,000.00 "," 271,377.00 "," 270,866.00 "," 273,925.00 "," 282,509.00 "," 296,950.00 "," 315,741.00 "," 336,744.00 "," 357,995.00 "," 378,379.00 "," 397,276.00 "," 414,769.00 "," 431,587.00 "," 448,420.00 "," 465,549.00 "," 483,142.00 "," 501,334.00 "," 520,236.00 "," 539,992.00 "," 560,740.00 "," 582,573.00 "," 605,570.00 "," 629,734.00 "," 655,029.00 "," 684,977.00 "," 719,270.00 "," 754,115.00 "," 789,681.00 "," 826,355.00 "," 864,726.00 "," 905,418.00 "," 948,814.00 "," 994,971.00 "," 1,043,686.00 "," 1,094,524.00 "," 1,144,588.00 "," 1,193,636.00 "," 1,243,941.00 "," 1,295,183.00 "," 1,346,973.00 "," 1,398,927.00 "," 1,450,694.00 "," 1,502,091.00 "," 1,553,031.00 "," 1,596,049.00 "," 1,634,466.00 "," 1,674,908.00 "," 1,714,671.00 "
Kenya,KEN,"Population, total",SP.POP.TOTL," 7,751,435.00 "," 8,047,470.00 "," 8,363,578.00 "," 8,697,200.00 "," 9,047,387.00 "," 9,417,207.00 "," 9,802,605.00 "," 10,201,068.00 "," 10,613,877.00 "," 11,039,551.00 "," 11,473,087.00 "," 11,898,457.00 "," 12,322,903.00 "," 12,760,405.00 "," 13,203,949.00 "," 13,651,908.00 "," 14,102,268.00 "," 14,577,346.00 "," 15,087,423.00 "," 15,620,613.00 "," 16,187,124.00 "," 16,785,962.00 "," 17,411,491.00 "," 18,069,461.00 "," 18,753,176.00 "," 19,452,161.00 "," 20,160,879.00 "," 20,882,094.00 "," 21,626,122.00 "," 22,387,803.00 "," 23,162,269.00 "," 23,918,235.00 "," 24,655,723.00 "," 25,391,830.00 "," 26,133,744.00 "," 26,878,347.00 "," 27,615,736.00 "," 28,364,264.00 "," 29,137,373.00 "," 29,965,129.00 "," 30,851,606.00 "," 31,800,343.00 "," 32,779,823.00 "," 33,767,122.00 "," 34,791,836.00 "," 35,843,010.00 "," 36,925,253.00 "," 38,036,793.00 "," 39,186,895.00 "," 40,364,444.00 "," 41,517,895.00 "," 42,635,144.00 "," 43,725,806.00 "," 44,792,368.00 "," 45,831,863.00 "," 46,851,488.00 "," 47,894,670.00 "," 48,948,137.00 "," 49,953,304.00 "," 50,951,450.00 "," 51,985,780.00 "," 53,005,614.00 "," 54,027,487.00 "," 55,100,586.00 "
Liberia,LBR,"Population, total",SP.POP.TOTL," 1,137,026.00 "," 1,165,005.00 "," 1,194,085.00 "," 1,224,169.00 "," 1,255,197.00 "," 1,287,315.00 "," 1,320,315.00 "," 1,354,287.00 "," 1,389,453.00 "," 1,425,879.00 "," 1,463,563.00 "," 1,501,658.00 "," 1,540,995.00 "," 1,582,697.00 "," 1,626,283.00 "," 1,671,632.00 "," 1,718,482.00 "," 1,768,092.00 "," 1,820,861.00 "," 1,875,566.00 "," 1,932,169.00 "," 1,989,690.00 "," 2,047,602.00 "," 2,109,151.00 "," 2,174,194.00 "," 2,239,724.00 "," 2,305,860.00 "," 2,372,449.00 "," 2,439,639.00 "," 2,507,600.00 "," 2,209,731.00 "," 1,939,236.00 "," 2,052,626.00 "," 2,132,771.00 "," 2,125,198.00 "," 2,142,422.00 "," 2,203,966.00 "," 2,383,300.00 "," 2,639,224.00 "," 2,789,743.00 "," 2,895,224.00 "," 2,981,648.00 "," 3,060,599.00 "," 3,085,173.00 "," 3,122,447.00 "," 3,266,318.00 "," 3,455,397.00 "," 3,632,740.00 "," 3,783,887.00 "," 3,905,066.00 "," 4,019,956.00 "," 4,181,150.00 "," 4,331,740.00 "," 4,427,313.00 "," 4,519,398.00 "," 4,612,329.00 "," 4,706,097.00 "," 4,796,631.00 "," 4,889,391.00 "," 4,985,289.00 "," 5,087,584.00 "," 5,193,416.00 "," 5,302,681.00 "," 5,418,377.00 "
Libya,LBY,"Population, total",SP.POP.TOTL," 1,426,986.00 "," 1,478,760.00 "," 1,535,157.00 "," 1,594,758.00 "," 1,652,102.00 "," 1,700,072.00 "," 1,739,831.00 "," 1,778,578.00 "," 1,819,393.00 "," 1,862,823.00 "," 1,909,177.00 "," 1,958,320.00 "," 2,012,796.00 "," 2,084,256.00 "," 2,179,446.00 "," 2,291,841.00 "," 2,413,760.00 "," 2,541,805.00 "," 2,676,117.00 "," 2,816,917.00 "," 2,962,720.00 "," 3,112,015.00 "," 3,265,457.00 "," 3,423,592.00 "," 3,564,547.00 "," 3,684,313.00 "," 3,800,110.00 "," 3,911,939.00 "," 4,021,565.00 "," 4,130,042.00 "," 4,236,983.00 "," 4,341,971.00 "," 4,444,820.00 "," 4,544,970.00 "," 4,641,296.00 "," 4,733,063.00 "," 4,820,066.00 "," 4,902,346.00 "," 4,980,962.00 "," 5,057,998.00 "," 5,154,790.00 "," 5,275,916.00 "," 5,405,326.00 "," 5,542,641.00 "," 5,687,563.00 "," 5,837,986.00 "," 5,973,369.00 "," 6,097,177.00 "," 6,228,370.00 "," 6,360,191.00 "," 6,491,988.00 "," 6,188,132.00 "," 5,869,870.00 "," 5,985,221.00 "," 6,097,764.00 "," 6,192,235.00 "," 6,282,196.00 "," 6,378,261.00 "," 6,477,793.00 "," 6,569,088.00 "," 6,653,942.00 "," 6,735,277.00 "," 6,812,341.00 "," 6,888,388.00 "
Lesotho,LSO,"Population, total",SP.POP.TOTL," 737,838.00 "," 760,895.00 "," 784,681.00 "," 809,138.00 "," 834,215.00 "," 860,220.00 "," 887,841.00 "," 918,923.00 "," 952,992.00 "," 987,909.00 "," 1,023,481.00 "," 1,059,879.00 "," 1,097,242.00 "," 1,135,631.00 "," 1,175,369.00 "," 1,216,180.00 "," 1,256,478.00 "," 1,294,435.00 "," 1,331,213.00 "," 1,368,917.00 "," 1,407,672.00 "," 1,447,501.00 "," 1,488,399.00 "," 1,530,331.00 "," 1,573,267.00 "," 1,616,697.00 "," 1,659,793.00 "," 1,698,939.00 "," 1,733,733.00 "," 1,767,091.00 "," 1,798,997.00 "," 1,829,509.00 "," 1,858,507.00 "," 1,885,478.00 "," 1,910,642.00 "," 1,934,079.00 "," 1,955,098.00 "," 1,972,579.00 "," 1,985,639.00 "," 1,994,243.00 "," 1,998,630.00 "," 1,999,473.00 "," 1,997,534.00 "," 1,993,030.00 "," 1,985,384.00 "," 1,977,424.00 "," 1,976,780.00 "," 1,983,465.00 "," 1,995,014.00 "," 2,009,169.00 "," 2,022,747.00 "," 2,037,677.00 "," 2,054,718.00 "," 2,073,939.00 "," 2,095,242.00 "," 2,118,521.00 "," 2,143,872.00 "," 2,170,617.00 "," 2,198,017.00 "," 2,225,702.00 "," 2,254,100.00 "," 2,281,454.00 "," 2,305,825.00 "," 2,330,318.00 "
Morocco,MAR,"Population, total",SP.POP.TOTL," 11,769,774.00 "," 12,081,713.00 "," 12,404,757.00 "," 12,726,686.00 "," 13,044,254.00 "," 13,381,880.00 "," 13,738,502.00 "," 14,109,755.00 "," 14,490,077.00 "," 14,876,982.00 "," 15,274,351.00 "," 15,677,300.00 "," 16,081,438.00 "," 16,489,452.00 "," 16,902,383.00 "," 17,325,325.00 "," 17,756,516.00 "," 18,206,472.00 "," 18,679,859.00 "," 19,167,661.00 "," 19,678,444.00 "," 20,208,260.00 "," 20,746,765.00 "," 21,287,381.00 "," 21,817,271.00 "," 22,335,077.00 "," 22,824,446.00 "," 23,279,935.00 "," 23,720,590.00 "," 24,148,104.00 "," 24,570,814.00 "," 24,988,083.00 "," 25,400,676.00 "," 25,806,777.00 "," 26,201,551.00 "," 26,599,048.00 "," 26,999,093.00 "," 27,397,118.00 "," 27,791,825.00 "," 28,176,997.00 "," 28,554,415.00 "," 28,930,097.00 "," 29,301,817.00 "," 29,661,270.00 "," 30,033,125.00 "," 30,431,902.00 "," 30,833,022.00 "," 31,232,633.00 "," 31,634,992.00 "," 32,042,877.00 "," 32,464,865.00 "," 32,903,699.00 "," 33,352,169.00 "," 33,803,527.00 "," 34,248,603.00 "," 34,680,458.00 "," 35,107,264.00 "," 35,528,115.00 "," 35,927,511.00 "," 36,304,408.00 "," 36,688,772.00 "," 37,076,584.00 "," 37,457,971.00 "," 37,840,044.00 "
Madagascar,MDG,"Population, total",SP.POP.TOTL," 5,073,342.00 "," 5,206,239.00 "," 5,343,117.00 "," 5,484,252.00 "," 5,630,024.00 "," 5,780,453.00 "," 5,936,461.00 "," 6,099,529.00 "," 6,270,528.00 "," 6,450,324.00 "," 6,639,751.00 "," 6,840,457.00 "," 7,051,090.00 "," 7,268,560.00 "," 7,491,935.00 "," 7,720,859.00 "," 7,955,197.00 "," 8,195,142.00 "," 8,440,919.00 "," 8,692,289.00 "," 8,948,162.00 "," 9,207,310.00 "," 9,470,990.00 "," 9,740,088.00 "," 10,015,017.00 "," 10,297,746.00 "," 10,588,428.00 "," 10,890,514.00 "," 11,206,789.00 "," 11,536,734.00 "," 11,882,762.00 "," 12,245,260.00 "," 12,623,342.00 "," 13,020,100.00 "," 13,436,121.00 "," 13,869,138.00 "," 14,317,454.00 "," 14,778,903.00 "," 15,250,934.00 "," 15,730,885.00 "," 16,216,431.00 "," 16,709,665.00 "," 17,211,934.00 "," 17,724,310.00 "," 18,250,774.00 "," 18,792,171.00 "," 19,350,299.00 "," 19,924,958.00 "," 20,513,599.00 "," 21,117,092.00 "," 21,731,053.00 "," 22,348,158.00 "," 22,966,240.00 "," 23,588,073.00 "," 24,215,976.00 "," 24,850,912.00 "," 25,501,941.00 "," 26,169,542.00 "," 26,846,541.00 "," 27,533,134.00 "," 28,225,177.00 "," 28,915,653.00 "," 29,611,714.00 "," 30,325,732.00 "
Mali,MLI,"Population, total",SP.POP.TOTL," 5,346,792.00 "," 5,420,247.00 "," 5,494,845.00 "," 5,570,462.00 "," 5,647,380.00 "," 5,726,382.00 "," 5,806,572.00 "," 5,888,497.00 "," 5,973,762.00 "," 6,061,764.00 "," 6,153,587.00 "," 6,247,878.00 "," 6,347,158.00 "," 6,455,257.00 "," 6,569,273.00 "," 6,687,293.00 "," 6,807,648.00 "," 6,935,336.00 "," 7,072,938.00 "," 7,218,079.00 "," 7,372,581.00 "," 7,532,864.00 "," 7,696,349.00 "," 7,863,944.00 "," 8,030,099.00 "," 8,187,651.00 "," 8,334,588.00 "," 8,474,329.00 "," 8,617,474.00 "," 8,774,122.00 "," 8,945,026.00 "," 9,123,969.00 "," 9,310,572.00 "," 9,506,510.00 "," 9,711,797.00 "," 9,921,094.00 "," 10,131,906.00 "," 10,359,301.00 "," 10,620,475.00 "," 10,916,993.00 "," 11,239,101.00 "," 11,583,824.00 "," 11,952,660.00 "," 12,342,165.00 "," 12,751,995.00 "," 13,180,551.00 "," 13,623,541.00 "," 14,080,912.00 "," 14,551,117.00 "," 15,032,635.00 "," 15,529,181.00 "," 16,039,734.00 "," 16,514,687.00 "," 17,004,033.00 "," 17,551,814.00 "," 18,112,907.00 "," 18,700,106.00 "," 19,311,355.00 "," 19,934,298.00 "," 20,567,424.00 "," 21,224,040.00 "," 21,904,983.00 "," 22,593,590.00 "," 23,293,698.00 "
Mozambique,MOZ,"Population, total",SP.POP.TOTL," 6,788,375.00 "," 6,917,521.00 "," 7,060,376.00 "," 7,209,807.00 "," 7,363,639.00 "," 7,524,154.00 "," 7,689,643.00 "," 7,859,471.00 "," 8,035,529.00 "," 8,217,930.00 "," 8,411,676.00 "," 8,622,890.00 "," 8,860,585.00 "," 9,123,668.00 "," 9,404,221.00 "," 9,703,732.00 "," 10,019,210.00 "," 10,363,575.00 "," 10,741,128.00 "," 11,127,844.00 "," 11,413,587.00 "," 11,640,015.00 "," 11,901,827.00 "," 12,163,328.00 "," 12,426,223.00 "," 12,680,065.00 "," 12,909,797.00 "," 12,964,793.00 "," 12,956,772.00 "," 13,087,604.00 "," 13,303,459.00 "," 13,561,175.00 "," 13,816,881.00 "," 14,206,254.00 "," 14,912,873.00 "," 15,594,830.00 "," 16,079,553.00 "," 16,521,724.00 "," 16,923,195.00 "," 17,337,893.00 "," 17,768,505.00 "," 18,220,716.00 "," 18,694,946.00 "," 19,186,754.00 "," 19,694,411.00 "," 20,211,114.00 "," 20,735,982.00 "," 21,280,513.00 "," 21,845,571.00 "," 22,436,660.00 "," 23,073,723.00 "," 23,760,421.00 "," 24,487,611.00 "," 25,251,731.00 "," 26,038,704.00 "," 26,843,246.00 "," 27,696,493.00 "," 28,569,441.00 "," 29,423,878.00 "," 30,285,595.00 "," 31,178,239.00 "," 32,077,072.00 "," 32,969,518.00 "," 33,897,354.00 "
Mauritania,MRT,"Population, total",SP.POP.TOTL," 838,478.00 "," 861,663.00 "," 885,938.00 "," 911,290.00 "," 937,830.00 "," 965,621.00 "," 994,697.00 "," 1,024,992.00 "," 1,056,393.00 "," 1,088,832.00 "," 1,122,198.00 "," 1,156,361.00 "," 1,191,376.00 "," 1,227,358.00 "," 1,264,352.00 "," 1,302,436.00 "," 1,341,604.00 "," 1,381,329.00 "," 1,421,786.00 "," 1,463,514.00 "," 1,506,694.00 "," 1,551,687.00 "," 1,598,332.00 "," 1,646,343.00 "," 1,695,675.00 "," 1,746,265.00 "," 1,798,009.00 "," 1,851,092.00 "," 1,905,847.00 "," 1,955,040.00 "," 2,006,027.00 "," 2,066,302.00 "," 2,147,527.00 "," 2,237,064.00 "," 2,315,191.00 "," 2,380,341.00 "," 2,428,816.00 "," 2,484,278.00 "," 2,550,501.00 "," 2,620,611.00 "," 2,695,003.00 "," 2,761,823.00 "," 2,821,703.00 "," 2,883,326.00 "," 2,946,575.00 "," 3,012,360.00 "," 3,081,229.00 "," 3,153,508.00 "," 3,233,336.00 "," 3,322,616.00 "," 3,419,461.00 "," 3,524,249.00 "," 3,636,113.00 "," 3,742,959.00 "," 3,843,174.00 "," 3,946,220.00 "," 4,051,890.00 "," 4,160,015.00 "," 4,270,712.00 "," 4,383,849.00 "," 4,498,604.00 "," 4,614,974.00 "," 4,736,139.00 "," 4,862,989.00 "
Mauritius,MUS,"Population, total",SP.POP.TOTL," 676,683.00 "," 680,757.00 "," 700,349.00 "," 718,861.00 "," 736,381.00 "," 753,000.00 "," 768,813.00 "," 783,917.00 "," 798,413.00 "," 812,405.00 "," 826,000.00 "," 839,230.00 "," 852,053.00 "," 864,819.00 "," 878,042.00 "," 892,000.00 "," 906,507.00 "," 921,379.00 "," 933,499.00 "," 949,888.00 "," 966,039.00 "," 980,462.00 "," 992,521.00 "," 1,001,691.00 "," 1,012,221.00 "," 1,020,528.00 "," 1,028,360.00 "," 1,036,082.00 "," 1,043,239.00 "," 1,051,260.00 "," 1,058,775.00 "," 1,070,266.00 "," 1,084,441.00 "," 1,097,374.00 "," 1,112,846.00 "," 1,122,457.00 "," 1,133,996.00 "," 1,148,284.00 "," 1,160,421.00 "," 1,175,267.00 "," 1,186,873.00 "," 1,196,287.00 "," 1,204,621.00 "," 1,213,370.00 "," 1,221,003.00 "," 1,228,254.00 "," 1,233,996.00 "," 1,239,630.00 "," 1,244,121.00 "," 1,247,429.00 "," 1,250,400.00 "," 1,252,404.00 "," 1,255,882.00 "," 1,258,927.00 "," 1,261,208.00 "," 1,262,879.00 "," 1,263,747.00 "," 1,264,887.00 "," 1,265,577.00 "," 1,265,985.00 "," 1,266,014.00 "," 1,266,334.00 "," 1,262,523.00 "," 1,261,041.00 "
Malawi,MWI,"Population, total",SP.POP.TOTL," 3,621,081.00 "," 3,708,193.00 "," 3,799,155.00 "," 3,893,628.00 "," 3,990,361.00 "," 4,089,097.00 "," 4,190,764.00 "," 4,295,762.00 "," 4,403,430.00 "," 4,512,861.00 "," 4,625,141.00 "," 4,742,480.00 "," 4,865,978.00 "," 4,996,239.00 "," 5,134,199.00 "," 5,280,965.00 "," 5,438,226.00 "," 5,611,712.00 "," 5,808,810.00 "," 6,029,140.00 "," 6,267,369.00 "," 6,519,891.00 "," 6,784,347.00 "," 7,058,317.00 "," 7,339,002.00 "," 7,625,078.00 "," 7,909,819.00 "," 8,295,993.00 "," 8,754,781.00 "," 9,174,895.00 "," 9,539,665.00 "," 9,831,584.00 "," 10,115,420.00 "," 10,257,233.00 "," 10,131,799.00 "," 10,112,816.00 "," 10,310,528.00 "," 10,512,678.00 "," 10,732,456.00 "," 10,973,956.00 "," 11,229,387.00 "," 11,498,818.00 "," 11,784,498.00 "," 12,087,965.00 "," 12,411,342.00 "," 12,755,648.00 "," 13,118,307.00 "," 13,495,463.00 "," 13,889,423.00 "," 14,298,932.00 "," 14,718,422.00 "," 15,146,094.00 "," 15,581,251.00 "," 16,024,775.00 "," 16,477,966.00 "," 16,938,942.00 "," 17,405,624.00 "," 17,881,167.00 "," 18,367,883.00 "," 18,867,337.00 "," 19,377,061.00 "," 19,889,742.00 "," 20,405,317.00 "," 20,931,751.00 "
Namibia,NAM,"Population, total",SP.POP.TOTL," 590,181.00 "," 601,424.00 "," 613,808.00 "," 627,358.00 "," 642,054.00 "," 657,887.00 "," 674,818.00 "," 693,063.00 "," 712,427.00 "," 732,881.00 "," 754,467.00 "," 776,995.00 "," 800,610.00 "," 824,918.00 "," 850,091.00 "," 876,572.00 "," 901,840.00 "," 926,109.00 "," 942,023.00 "," 957,334.00 "," 975,994.00 "," 987,394.00 "," 1,005,520.00 "," 1,033,085.00 "," 1,061,995.00 "," 1,093,311.00 "," 1,127,989.00 "," 1,165,430.00 "," 1,207,949.00 "," 1,288,070.00 "," 1,369,011.00 "," 1,415,617.00 "," 1,461,687.00 "," 1,509,834.00 "," 1,558,449.00 "," 1,605,370.00 "," 1,650,066.00 "," 1,693,242.00 "," 1,735,953.00 "," 1,778,277.00 "," 1,819,141.00 "," 1,856,402.00 "," 1,888,525.00 "," 1,915,425.00 "," 1,939,406.00 "," 1,962,865.00 "," 1,986,558.00 "," 2,011,492.00 "," 2,038,552.00 "," 2,067,919.00 "," 2,099,271.00 "," 2,132,340.00 "," 2,167,470.00 "," 2,204,510.00 "," 2,243,001.00 "," 2,282,704.00 "," 2,323,352.00 "," 2,364,534.00 "," 2,405,680.00 "," 2,446,644.00 "," 2,489,098.00 "," 2,530,151.00 "," 2,567,012.00 "," 2,604,172.00 "
Niger,NER,"Population, total",SP.POP.TOTL," 3,497,431.00 "," 3,602,530.00 "," 3,711,068.00 "," 3,822,697.00 "," 3,937,008.00 "," 4,053,524.00 "," 4,172,501.00 "," 4,294,283.00 "," 4,417,954.00 "," 4,542,993.00 "," 4,669,708.00 "," 4,797,068.00 "," 4,926,318.00 "," 5,059,382.00 "," 5,196,579.00 "," 5,339,497.00 "," 5,488,658.00 "," 5,644,703.00 "," 5,810,351.00 "," 5,987,151.00 "," 6,173,177.00 "," 6,366,262.00 "," 6,564,445.00 "," 6,766,606.00 "," 6,973,849.00 "," 7,187,618.00 "," 7,408,364.00 "," 7,636,591.00 "," 7,872,252.00 "," 8,116,075.00 "," 8,370,648.00 "," 8,634,640.00 "," 8,907,644.00 "," 9,193,078.00 "," 9,493,324.00 "," 9,813,918.00 "," 10,149,937.00 "," 10,494,201.00 "," 10,854,920.00 "," 11,231,469.00 "," 11,622,665.00 "," 12,031,430.00 "," 12,456,517.00 "," 12,900,790.00 "," 13,366,885.00 "," 13,855,221.00 "," 14,365,168.00 "," 14,897,873.00 "," 15,455,175.00 "," 16,037,915.00 "," 16,647,543.00 "," 17,283,112.00 "," 17,954,407.00 "," 18,653,199.00 "," 19,372,014.00 "," 20,128,124.00 "," 20,921,743.00 "," 21,737,922.00 "," 22,577,058.00 "," 23,443,393.00 "," 24,333,639.00 "," 25,252,722.00 "," 26,207,977.00 "," 27,202,843.00 "
Nigeria,NGA,"Population, total",SP.POP.TOTL," 44,928,342.00 "," 45,855,507.00 "," 46,821,845.00 "," 47,822,569.00 "," 48,856,332.00 "," 49,925,799.00 "," 51,020,296.00 "," 52,106,681.00 "," 53,210,119.00 "," 54,360,750.00 "," 55,569,264.00 "," 56,837,614.00 "," 58,173,834.00 "," 59,605,446.00 "," 61,157,931.00 "," 62,851,312.00 "," 64,658,315.00 "," 66,589,655.00 "," 68,633,344.00 "," 70,750,307.00 "," 72,951,439.00 "," 75,175,387.00 "," 77,388,067.00 "," 79,351,586.00 "," 81,337,553.00 "," 83,585,251.00 "," 85,804,185.00 "," 88,044,187.00 "," 90,351,467.00 "," 92,744,064.00 "," 95,214,257.00 "," 97,685,360.00 "," 100,182,045.00 "," 102,775,465.00 "," 105,456,121.00 "," 108,187,610.00 "," 110,956,183.00 "," 113,791,181.00 "," 116,690,527.00 "," 119,695,565.00 "," 122,851,984.00 "," 126,152,678.00 "," 129,583,026.00 "," 133,119,801.00 "," 136,756,848.00 "," 140,490,722.00 "," 144,329,764.00 "," 148,294,028.00 "," 152,382,506.00 "," 156,595,758.00 "," 160,952,853.00 "," 165,463,745.00 "," 170,075,932.00 "," 174,726,123.00 "," 179,379,016.00 "," 183,995,785.00 "," 188,666,931.00 "," 193,495,907.00 "," 198,387,623.00 "," 203,304,492.00 "," 208,327,405.00 "," 213,401,323.00 "," 218,541,212.00 "," 223,804,632.00 "
Rwanda,RWA,"Population, total",SP.POP.TOTL," 2,966,162.00 "," 3,046,654.00 "," 3,122,124.00 "," 3,191,311.00 "," 3,263,640.00 "," 3,348,631.00 "," 3,444,021.00 "," 3,549,461.00 "," 3,662,010.00 "," 3,777,879.00 "," 3,896,367.00 "," 4,015,403.00 "," 4,135,579.00 "," 4,259,484.00 "," 4,386,369.00 "," 4,515,756.00 "," 4,648,207.00 "," 4,783,252.00 "," 4,921,953.00 "," 5,074,374.00 "," 5,247,532.00 "," 5,441,966.00 "," 5,652,900.00 "," 5,859,396.00 "," 6,056,729.00 "," 6,266,752.00 "," 6,497,804.00 "," 6,735,829.00 "," 6,953,975.00 "," 7,141,974.00 "," 7,319,962.00 "," 7,485,681.00 "," 7,657,208.00 "," 7,904,740.00 "," 6,732,665.00 "," 5,686,897.00 "," 6,715,510.00 "," 7,666,732.00 "," 7,914,645.00 "," 8,009,587.00 "," 8,109,989.00 "," 8,223,941.00 "," 8,372,306.00 "," 8,567,992.00 "," 8,791,853.00 "," 9,026,299.00 "," 9,270,066.00 "," 9,523,168.00 "," 9,781,996.00 "," 10,043,737.00 "," 10,309,031.00 "," 10,576,932.00 "," 10,840,334.00 "," 11,101,350.00 "," 11,368,451.00 "," 11,642,959.00 "," 11,930,899.00 "," 12,230,339.00 "," 12,531,808.00 "," 12,835,028.00 "," 13,146,362.00 "," 13,461,888.00 "," 13,776,698.00 "," 14,094,683.00 "
Sudan,SDN,"Population, total",SP.POP.TOTL," 8,326,462.00 "," 8,577,490.00 "," 8,841,338.00 "," 9,115,091.00 "," 9,406,702.00 "," 9,712,785.00 "," 10,014,505.00 "," 10,320,500.00 "," 10,638,899.00 "," 10,966,145.00 "," 11,305,206.00 "," 11,668,921.00 "," 12,057,260.00 "," 12,469,591.00 "," 12,950,962.00 "," 13,497,543.00 "," 14,066,007.00 "," 14,667,218.00 "," 15,305,806.00 "," 15,973,034.00 "," 16,673,586.00 "," 17,404,336.00 "," 18,128,631.00 "," 18,733,995.00 "," 19,165,837.00 "," 19,517,196.00 "," 19,887,452.00 "," 20,230,532.00 "," 20,453,819.00 "," 20,718,709.00 "," 21,090,886.00 "," 21,453,711.00 "," 21,780,059.00 "," 22,163,251.00 "," 22,703,631.00 "," 23,290,602.00 "," 23,862,258.00 "," 24,454,372.00 "," 25,029,144.00 "," 25,634,162.00 "," 26,298,773.00 "," 26,947,253.00 "," 27,570,318.00 "," 28,188,977.00 "," 28,831,550.00 "," 29,540,577.00 "," 30,332,968.00 "," 31,191,163.00 "," 32,065,241.00 "," 32,948,155.00 "," 33,739,933.00 "," 34,419,624.00 "," 35,159,792.00 "," 35,990,704.00 "," 37,003,245.00 "," 38,171,178.00 "," 39,377,169.00 "," 40,679,828.00 "," 41,999,059.00 "," 43,232,093.00 "," 44,440,486.00 "," 45,657,202.00 "," 46,874,204.00 "," 48,109,006.00 "
Senegal,SEN,"Population, total",SP.POP.TOTL," 3,273,177.00 "," 3,367,082.00 "," 3,463,524.00 "," 3,562,469.00 "," 3,664,599.00 "," 3,770,874.00 "," 3,881,994.00 "," 3,997,869.00 "," 4,117,659.00 "," 4,240,859.00 "," 4,367,744.00 "," 4,498,616.00 "," 4,633,452.00 "," 4,772,039.00 "," 4,911,421.00 "," 5,047,922.00 "," 5,181,195.00 "," 5,308,297.00 "," 5,433,225.00 "," 5,564,474.00 "," 5,703,869.00 "," 5,852,029.00 "," 6,008,392.00 "," 6,171,874.00 "," 6,341,801.00 "," 6,520,705.00 "," 6,710,885.00 "," 6,909,837.00 "," 7,113,636.00 "," 7,321,832.00 "," 7,536,001.00 "," 7,754,289.00 "," 7,974,514.00 "," 8,196,551.00 "," 8,416,997.00 "," 8,632,681.00 "," 8,843,423.00 "," 9,051,539.00 "," 9,261,526.00 "," 9,478,564.00 "," 9,704,287.00 "," 9,938,027.00 "," 10,180,950.00 "," 10,434,504.00 "," 10,698,691.00 "," 10,974,057.00 "," 11,263,387.00 "," 11,563,869.00 "," 11,872,929.00 "," 12,195,029.00 "," 12,530,121.00 "," 12,875,880.00 "," 13,231,833.00 "," 13,595,566.00 "," 13,970,308.00 "," 14,356,181.00 "," 14,751,356.00 "," 15,157,793.00 "," 15,574,909.00 "," 16,000,781.00 "," 16,436,120.00 "," 16,876,720.00 "," 17,316,449.00 "," 17,763,163.00 "
Sierra Leone,SLE,"Population, total",SP.POP.TOTL," 2,301,310.00 "," 2,341,065.00 "," 2,382,914.00 "," 2,426,750.00 "," 2,472,686.00 "," 2,520,576.00 "," 2,569,736.00 "," 2,620,396.00 "," 2,672,370.00 "," 2,724,901.00 "," 2,778,557.00 "," 2,832,392.00 "," 2,886,642.00 "," 2,942,333.00 "," 2,998,843.00 "," 3,055,916.00 "," 3,112,863.00 "," 3,172,195.00 "," 3,235,170.00 "," 3,300,032.00 "," 3,367,477.00 "," 3,437,108.00 "," 3,509,197.00 "," 3,585,773.00 "," 3,666,262.00 "," 3,749,419.00 "," 3,842,917.00 "," 3,947,865.00 "," 4,056,215.00 "," 4,159,163.00 "," 4,325,388.00 "," 4,378,169.00 "," 4,301,566.00 "," 4,295,689.00 "," 4,314,953.00 "," 4,324,149.00 "," 4,347,370.00 "," 4,405,028.00 "," 4,449,975.00 "," 4,475,145.00 "," 4,584,067.00 "," 4,857,096.00 "," 5,140,113.00 "," 5,350,907.00 "," 5,533,329.00 "," 5,683,334.00 "," 5,809,774.00 "," 5,939,163.00 "," 6,090,860.00 "," 6,259,842.00 "," 6,436,698.00 "," 6,612,385.00 "," 6,788,587.00 "," 6,964,859.00 "," 7,140,688.00 "," 7,314,773.00 "," 7,493,913.00 "," 7,677,565.00 "," 7,861,281.00 "," 8,046,828.00 "," 8,233,970.00 "," 8,420,641.00 "," 8,605,718.00 "," 8,791,092.00 "
Somalia,SOM,"Population, total",SP.POP.TOTL," 2,870,732.00 "," 2,945,662.00 "," 3,022,827.00 "," 3,102,170.00 "," 3,183,590.00 "," 3,267,593.00 "," 3,353,665.00 "," 3,441,799.00 "," 3,532,420.00 "," 3,625,274.00 "," 3,720,977.00 "," 3,818,389.00 "," 3,918,220.00 "," 4,022,336.00 "," 4,125,823.00 "," 4,228,289.00 "," 4,333,779.00 "," 4,449,505.00 "," 4,777,703.00 "," 5,408,813.00 "," 5,892,224.00 "," 5,934,938.00 "," 5,951,805.00 "," 6,142,513.00 "," 6,369,020.00 "," 6,630,637.00 "," 6,908,579.00 "," 7,158,004.00 "," 7,160,461.00 "," 7,035,378.00 "," 6,999,096.00 "," 6,732,702.00 "," 6,428,141.00 "," 6,620,729.00 "," 6,959,828.00 "," 7,210,930.00 "," 7,472,450.00 "," 7,734,313.00 "," 8,056,862.00 "," 8,384,479.00 "," 8,721,465.00 "," 9,070,747.00 "," 9,411,103.00 "," 9,758,281.00 "," 10,117,354.00 "," 10,467,292.00 "," 10,784,973.00 "," 11,118,092.00 "," 11,444,870.00 "," 11,730,037.00 "," 12,026,649.00 "," 12,216,837.00 "," 12,440,326.00 "," 12,852,485.00 "," 13,309,235.00 "," 13,763,906.00 "," 14,292,847.00 "," 14,864,221.00 "," 15,411,094.00 "," 15,981,300.00 "," 16,537,016.00 "," 17,065,581.00 "," 17,597,511.00 "," 18,143,378.00 "
Sao Tome and Principe,STP,"Population, total",SP.POP.TOTL," 68,038.00 "," 68,705.00 "," 69,520.00 "," 70,272.00 "," 70,992.00 "," 71,730.00 "," 72,567.00 "," 73,564.00 "," 74,739.00 "," 76,059.00 "," 77,583.00 "," 79,226.00 "," 80,835.00 "," 82,472.00 "," 84,189.00 "," 86,037.00 "," 88,078.00 "," 90,299.00 "," 92,659.00 "," 95,017.00 "," 97,210.00 "," 99,170.00 "," 100,931.00 "," 102,650.00 "," 104,497.00 "," 106,607.00 "," 108,966.00 "," 111,610.00 "," 114,513.00 "," 117,445.00 "," 120,343.00 "," 123,084.00 "," 125,648.00 "," 128,182.00 "," 130,666.00 "," 133,077.00 "," 135,412.00 "," 137,656.00 "," 139,790.00 "," 141,808.00 "," 143,714.00 "," 146,258.00 "," 149,841.00 "," 153,762.00 "," 157,697.00 "," 161,680.00 "," 165,725.00 "," 169,845.00 "," 174,004.00 "," 178,128.00 "," 182,138.00 "," 186,044.00 "," 189,924.00 "," 193,757.00 "," 197,497.00 "," 201,124.00 "," 204,632.00 "," 208,036.00 "," 211,344.00 "," 214,599.00 "," 218,641.00 "," 223,107.00 "," 227,380.00 "," 231,856.00 "
Eswatini,SWZ,"Population, total",SP.POP.TOTL," 345,065.00 "," 352,971.00 "," 361,070.00 "," 369,527.00 "," 378,531.00 "," 388,317.00 "," 398,861.00 "," 409,638.00 "," 420,373.00 "," 431,366.00 "," 442,865.00 "," 454,913.00 "," 467,512.00 "," 480,668.00 "," 494,624.00 "," 509,535.00 "," 525,457.00 "," 542,328.00 "," 560,236.00 "," 579,091.00 "," 598,564.00 "," 616,210.00 "," 634,439.00 "," 655,505.00 "," 677,303.00 "," 702,400.00 "," 730,150.00 "," 758,669.00 "," 794,434.00 "," 825,952.00 "," 854,011.00 "," 889,712.00 "," 925,165.00 "," 953,451.00 "," 953,737.00 "," 953,573.00 "," 973,587.00 "," 990,734.00 "," 1,005,158.00 "," 1,018,370.00 "," 1,030,496.00 "," 1,041,396.00 "," 1,050,809.00 "," 1,058,797.00 "," 1,065,764.00 "," 1,071,886.00 "," 1,077,735.00 "," 1,084,008.00 "," 1,089,870.00 "," 1,094,886.00 "," 1,099,920.00 "," 1,105,371.00 "," 1,111,444.00 "," 1,118,319.00 "," 1,125,865.00 "," 1,133,936.00 "," 1,142,524.00 "," 1,151,390.00 "," 1,160,428.00 "," 1,169,613.00 "," 1,180,655.00 "," 1,192,271.00 "," 1,201,670.00 "," 1,210,822.00 "
Seychelles,SYC,"Population, total",SP.POP.TOTL," 41,700.00 "," 42,889.00 "," 44,042.00 "," 45,176.00 "," 46,322.00 "," 47,500.00 "," 48,699.00 "," 49,911.00 "," 51,134.00 "," 52,365.00 "," 53,600.00 "," 54,695.00 "," 56,029.00 "," 56,892.00 "," 57,937.00 "," 59,292.00 "," 60,504.00 "," 61,786.00 "," 62,150.00 "," 62,686.00 "," 63,261.00 "," 64,035.00 "," 64,413.00 "," 64,335.00 "," 64,717.00 "," 65,244.00 "," 65,652.00 "," 68,499.00 "," 68,755.00 "," 69,167.00 "," 69,507.00 "," 70,439.00 "," 70,763.00 "," 72,253.00 "," 74,205.00 "," 75,304.00 "," 76,417.00 "," 77,319.00 "," 78,846.00 "," 80,410.00 "," 81,131.00 "," 81,202.00 "," 83,723.00 "," 82,781.00 "," 82,475.00 "," 82,858.00 "," 84,600.00 "," 85,033.00 "," 86,956.00 "," 87,298.00 "," 89,770.00 "," 87,441.00 "," 88,303.00 "," 89,949.00 "," 91,359.00 "," 93,419.00 "," 94,677.00 "," 95,843.00 "," 96,762.00 "," 97,625.00 "," 98,462.00 "," 99,258.00 "," 119,878.00 "," 119,773.00 "
Chad,TCD,"Population, total",SP.POP.TOTL," 3,028,688.00 "," 3,087,657.00 "," 3,148,242.00 "," 3,210,296.00 "," 3,273,419.00 "," 3,336,338.00 "," 3,398,664.00 "," 3,461,664.00 "," 3,526,770.00 "," 3,595,152.00 "," 3,667,394.00 "," 3,742,534.00 "," 3,824,399.00 "," 3,912,905.00 "," 4,000,559.00 "," 4,084,110.00 "," 4,163,051.00 "," 4,238,551.00 "," 4,313,479.00 "," 4,402,942.00 "," 4,408,230.00 "," 4,409,225.00 "," 4,622,828.00 "," 4,859,173.00 "," 4,920,556.00 "," 4,967,590.00 "," 5,118,160.00 "," 5,300,852.00 "," 5,483,038.00 "," 5,670,619.00 "," 5,827,069.00 "," 6,042,428.00 "," 6,302,926.00 "," 6,448,280.00 "," 6,592,998.00 "," 6,888,856.00 "," 7,200,291.00 "," 7,450,874.00 "," 7,709,115.00 "," 7,981,889.00 "," 8,259,137.00 "," 8,538,804.00 "," 8,838,369.00 "," 9,196,366.00 "," 9,613,503.00 "," 10,005,012.00 "," 10,365,614.00 "," 10,722,731.00 "," 11,098,664.00 "," 11,496,128.00 "," 11,894,727.00 "," 12,317,730.00 "," 12,754,906.00 "," 13,216,766.00 "," 13,697,126.00 "," 14,140,274.00 "," 14,592,585.00 "," 15,085,884.00 "," 15,604,210.00 "," 16,126,866.00 "," 16,644,701.00 "," 17,179,740.00 "," 17,723,315.00 "," 18,278,568.00 "
Togo,TGO,"Population, total",SP.POP.TOTL," 1,651,367.00 "," 1,678,788.00 "," 1,706,841.00 "," 1,736,697.00 "," 1,772,652.00 "," 1,820,396.00 "," 1,882,458.00 "," 1,957,164.00 "," 2,038,765.00 "," 2,120,486.00 "," 2,197,383.00 "," 2,267,211.00 "," 2,330,704.00 "," 2,390,909.00 "," 2,450,335.00 "," 2,509,713.00 "," 2,569,671.00 "," 2,630,626.00 "," 2,693,400.00 "," 2,761,240.00 "," 2,838,110.00 "," 2,925,865.00 "," 3,023,343.00 "," 3,126,635.00 "," 3,232,244.00 "," 3,336,508.00 "," 3,439,370.00 "," 3,544,927.00 "," 3,653,420.00 "," 3,763,657.00 "," 3,875,947.00 "," 3,990,215.00 "," 4,106,219.00 "," 4,078,392.00 "," 4,092,612.00 "," 4,279,566.00 "," 4,445,883.00 "," 4,592,550.00 "," 4,728,297.00 "," 4,867,941.00 "," 5,008,035.00 "," 5,145,426.00 "," 5,281,538.00 "," 5,421,001.00 "," 5,565,218.00 "," 5,711,597.00 "," 5,874,240.00 "," 6,047,537.00 "," 6,222,482.00 "," 6,398,624.00 "," 6,571,855.00 "," 6,748,672.00 "," 6,926,635.00 "," 7,106,229.00 "," 7,288,383.00 "," 7,473,229.00 "," 7,661,354.00 "," 7,852,795.00 "," 8,046,679.00 "," 8,243,094.00 "," 8,442,580.00 "," 8,644,829.00 "," 8,848,699.00 "," 9,053,799.00 "
Tunisia,TUN,"Population, total",SP.POP.TOTL," 4,195,467.00 "," 4,236,386.00 "," 4,281,744.00 "," 4,332,926.00 "," 4,389,417.00 "," 4,457,282.00 "," 4,548,972.00 "," 4,661,271.00 "," 4,785,003.00 "," 4,915,162.00 "," 5,047,404.00 "," 5,182,040.00 "," 5,320,148.00 "," 5,463,650.00 "," 5,613,116.00 "," 5,769,074.00 "," 5,929,998.00 "," 6,092,769.00 "," 6,254,876.00 "," 6,416,191.00 "," 6,578,156.00 "," 6,744,050.00 "," 6,914,963.00 "," 7,091,270.00 "," 7,279,157.00 "," 7,476,092.00 "," 7,675,499.00 "," 7,874,302.00 "," 8,068,788.00 "," 8,256,396.00 "," 8,440,023.00 "," 8,622,853.00 "," 8,802,540.00 "," 8,977,173.00 "," 9,143,141.00 "," 9,294,102.00 "," 9,430,550.00 "," 9,557,948.00 "," 9,677,148.00 "," 9,788,067.00 "," 9,893,316.00 "," 9,995,123.00 "," 10,094,561.00 "," 10,193,798.00 "," 10,292,225.00 "," 10,388,344.00 "," 10,483,558.00 "," 10,580,395.00 "," 10,680,380.00 "," 10,784,504.00 "," 10,895,063.00 "," 11,032,528.00 "," 11,174,383.00 "," 11,300,284.00 "," 11,428,948.00 "," 11,557,779.00 "," 11,685,667.00 "," 11,811,443.00 "," 11,933,041.00 "," 12,049,314.00 "," 12,161,723.00 "," 12,262,946.00 "," 12,356,117.00 "," 12,458,223.00 "
Tanzania,TZA,"Population, total",SP.POP.TOTL," 10,042,458.00 "," 10,337,891.00 "," 10,644,622.00 "," 10,960,161.00 "," 11,289,556.00 "," 11,630,603.00 "," 11,981,932.00 "," 12,346,286.00 "," 12,739,965.00 "," 13,167,782.00 "," 13,618,192.00 "," 14,092,218.00 "," 14,595,699.00 "," 15,123,504.00 "," 15,671,316.00 "," 16,243,826.00 "," 16,838,919.00 "," 17,454,627.00 "," 18,080,005.00 "," 18,698,636.00 "," 19,297,659.00 "," 19,890,930.00 "," 20,499,922.00 "," 21,170,717.00 "," 21,857,176.00 "," 22,569,625.00 "," 23,324,270.00 "," 24,099,415.00 "," 24,844,147.00 "," 25,522,898.00 "," 26,206,012.00 "," 26,890,906.00 "," 27,580,723.00 "," 28,469,017.00 "," 29,598,323.00 "," 30,560,071.00 "," 31,140,733.00 "," 31,785,846.00 "," 32,626,498.00 "," 33,499,772.00 "," 34,463,704.00 "," 35,414,469.00 "," 36,353,531.00 "," 37,333,918.00 "," 38,360,879.00 "," 39,439,505.00 "," 40,562,052.00 "," 41,716,497.00 "," 42,870,884.00 "," 43,957,933.00 "," 45,110,527.00 "," 46,416,031.00 "," 47,786,137.00 "," 49,253,643.00 "," 50,814,552.00 "," 52,542,823.00 "," 54,401,802.00 "," 56,267,032.00 "," 58,090,443.00 "," 59,872,579.00 "," 61,704,518.00 "," 63,588,334.00 "," 65,497,748.00 "," 67,438,106.00 "
Uganda,UGA,"Population, total",SP.POP.TOTL," 7,617,746.00 "," 7,838,440.00 "," 8,068,828.00 "," 8,311,013.00 "," 8,564,755.00 "," 8,829,056.00 "," 9,104,743.00 "," 9,393,432.00 "," 9,696,370.00 "," 10,006,526.00 "," 10,317,212.00 "," 10,616,338.00 "," 10,885,563.00 "," 11,146,099.00 "," 11,428,676.00 "," 11,730,959.00 "," 12,045,227.00 "," 12,369,253.00 "," 12,701,999.00 "," 13,011,511.00 "," 13,284,026.00 "," 13,563,558.00 "," 13,880,052.00 "," 14,228,932.00 "," 14,617,944.00 "," 15,038,915.00 "," 15,486,807.00 "," 15,974,216.00 "," 16,489,323.00 "," 17,028,543.00 "," 17,586,630.00 "," 18,171,935.00 "," 18,801,966.00 "," 19,462,958.00 "," 20,125,021.00 "," 20,680,831.00 "," 21,249,572.00 "," 21,876,935.00 "," 22,537,658.00 "," 23,279,247.00 "," 24,020,697.00 "," 24,763,325.00 "," 25,545,090.00 "," 26,354,736.00 "," 27,146,084.00 "," 27,946,588.00 "," 28,773,227.00 "," 29,629,804.00 "," 30,509,862.00 "," 31,412,520.00 "," 32,341,728.00 "," 33,295,738.00 "," 34,273,295.00 "," 35,273,570.00 "," 36,336,539.00 "," 37,477,356.00 "," 38,748,299.00 "," 40,127,085.00 "," 41,515,395.00 "," 42,949,080.00 "," 44,404,611.00 "," 45,853,778.00 "," 47,249,585.00 "," 48,582,334.00 "
South Africa,ZAF,"Population, total",SP.POP.TOTL," 16,520,441.00 "," 16,989,464.00 "," 17,503,133.00 "," 18,042,215.00 "," 18,603,097.00 "," 19,187,194.00 "," 19,789,771.00 "," 20,410,677.00 "," 21,050,540.00 "," 21,704,214.00 "," 22,368,306.00 "," 23,031,441.00 "," 23,698,507.00 "," 24,382,513.00 "," 25,077,016.00 "," 25,777,964.00 "," 26,480,300.00 "," 27,199,838.00 "," 27,943,445.00 "," 28,697,014.00 "," 29,463,549.00 "," 30,232,561.00 "," 31,022,417.00 "," 31,865,176.00 "," 32,768,207.00 "," 33,752,964.00 "," 34,877,834.00 "," 36,119,333.00 "," 37,393,853.00 "," 38,668,684.00 "," 39,877,570.00 "," 40,910,959.00 "," 41,760,755.00 "," 42,525,440.00 "," 43,267,982.00 "," 43,986,084.00 "," 44,661,603.00 "," 45,285,048.00 "," 45,852,166.00 "," 46,364,681.00 "," 46,813,266.00 "," 47,229,714.00 "," 47,661,514.00 "," 48,104,048.00 "," 48,556,071.00 "," 49,017,147.00 "," 49,491,756.00 "," 49,996,094.00 "," 50,565,812.00 "," 51,170,779.00 "," 51,784,921.00 "," 52,443,325.00 "," 53,145,033.00 "," 53,873,616.00 "," 54,729,551.00 "," 55,876,504.00 "," 56,422,274.00 "," 56,641,209.00 "," 57,339,635.00 "," 58,087,055.00 "," 58,801,927.00 "," 59,392,255.00 "," 59,893,885.00 "," 60,414,495.00 "
Zambia,ZMB,"Population, total",SP.POP.TOTL," 3,119,430.00 "," 3,219,451.00 "," 3,323,427.00 "," 3,431,381.00 "," 3,542,764.00 "," 3,658,024.00 "," 3,777,680.00 "," 3,901,288.00 "," 4,029,173.00 "," 4,159,007.00 "," 4,281,671.00 "," 4,399,919.00 "," 4,523,581.00 "," 4,653,289.00 "," 4,789,038.00 "," 4,931,249.00 "," 5,079,672.00 "," 5,233,292.00 "," 5,391,355.00 "," 5,553,462.00 "," 5,720,438.00 "," 5,897,481.00 "," 6,090,818.00 "," 6,291,070.00 "," 6,488,072.00 "," 6,686,449.00 "," 6,890,967.00 "," 7,095,185.00 "," 7,294,325.00 "," 7,491,275.00 "," 7,686,401.00 "," 7,880,466.00 "," 8,074,337.00 "," 8,270,917.00 "," 8,474,216.00 "," 8,684,135.00 "," 8,902,019.00 "," 9,133,156.00 "," 9,372,430.00 "," 9,621,238.00 "," 9,891,136.00 "," 10,191,964.00 "," 10,508,294.00 "," 10,837,973.00 "," 11,188,040.00 "," 11,564,870.00 "," 11,971,567.00 "," 12,402,073.00 "," 12,852,966.00 "," 13,318,087.00 "," 13,792,086.00 "," 14,265,814.00 "," 14,744,658.00 "," 15,234,976.00 "," 15,737,793.00 "," 16,248,230.00 "," 16,767,761.00 "," 17,298,054.00 "," 17,835,893.00 "," 18,380,477.00 "," 18,927,715.00 "," 19,473,125.00 "," 20,017,675.00 "," 20,569,737.00 "
Zimbabwe,ZWE,"Population, total",SP.POP.TOTL," 3,806,310.00 "," 3,925,952.00 "," 4,049,778.00 "," 4,177,931.00 "," 4,310,332.00 "," 4,447,149.00 "," 4,588,529.00 "," 4,734,694.00 "," 4,886,347.00 "," 5,044,163.00 "," 5,202,918.00 "," 5,363,423.00 "," 5,532,842.00 "," 5,712,712.00 "," 5,903,530.00 "," 6,097,083.00 "," 6,288,387.00 "," 6,453,044.00 "," 6,549,349.00 "," 6,655,833.00 "," 7,049,926.00 "," 7,506,526.00 "," 7,803,855.00 "," 8,106,356.00 "," 8,398,567.00 "," 8,690,515.00 "," 8,983,044.00 "," 9,277,488.00 "," 9,568,739.00 "," 9,846,346.00 "," 10,113,893.00 "," 10,377,815.00 "," 10,641,501.00 "," 10,794,918.00 "," 10,858,594.00 "," 10,994,041.00 "," 11,178,171.00 "," 11,362,401.00 "," 11,548,364.00 "," 11,716,454.00 "," 11,834,676.00 "," 11,910,978.00 "," 11,984,644.00 "," 12,075,828.00 "," 12,160,881.00 "," 12,224,753.00 "," 12,330,490.00 "," 12,450,568.00 "," 12,550,347.00 "," 12,679,810.00 "," 12,839,771.00 "," 13,025,785.00 "," 13,265,331.00 "," 13,555,422.00 "," 13,855,753.00 "," 14,154,937.00 "," 14,452,704.00 "," 14,751,101.00 "," 15,052,184.00 "," 15,354,608.00 "," 15,669,666.00 "," 15,993,524.00 "," 16,320,537.00 "," 16,665,409.00 "
