CREATE DATABASE  IF NOT EXISTS `da_abenagyasi` /*!40100 DEFAULT CHARACTER SET utf8mb4 COLLATE utf8mb4_0900_ai_ci */ /*!80016 DEFAULT ENCRYPTION='N' */;
USE `da_abenagyasi`;
-- MySQL dump 10.13  Distrib 8.0.36, for Win64 (x86_64)
--
-- Host: 127.0.0.1    Database: da_abenagyasi
-- ------------------------------------------------------
-- Server version	8.0.36

/*!40101 SET @OLD_CHARACTER_SET_CLIENT=@@CHARACTER_SET_CLIENT */;
/*!40101 SET @OLD_CHARACTER_SET_RESULTS=@@CHARACTER_SET_RESULTS */;
/*!40101 SET @OLD_COLLATION_CONNECTION=@@COLLATION_CONNECTION */;
/*!50503 SET NAMES utf8 */;
/*!40103 SET @OLD_TIME_ZONE=@@TIME_ZONE */;
/*!40103 SET TIME_ZONE='+00:00' */;
/*!40014 SET @OLD_UNIQUE_CHECKS=@@UNIQUE_CHECKS, UNIQUE_CHECKS=0 */;
/*!40014 SET @OLD_FOREIGN_KEY_CHECKS=@@FOREIGN_KEY_CHECKS, FOREIGN_KEY_CHECKS=0 */;
/*!40101 SET @OLD_SQL_MODE=@@SQL_MODE, SQL_MODE='NO_AUTO_VALUE_ON_ZERO' */;
/*!40111 SET @OLD_SQL_NOTES=@@SQL_NOTES, SQL_NOTES=0 */;

--
-- Table structure for table `customerdim`
--

DROP TABLE IF EXISTS `customerdim`;
/*!40101 SET @saved_cs_client     = @@character_set_client */;
/*!50503 SET character_set_client = utf8mb4 */;
CREATE TABLE `customerdim` (
  `CustomerID` int NOT NULL,
  `CustomerName` varchar(40) DEFAULT NULL,
  `Street` varchar(20) DEFAULT NULL,
  `City` varchar(10) DEFAULT NULL,
  `State` varchar(5) DEFAULT NULL,
  `Zip` varchar(10) DEFAULT NULL,
  `Phone` varchar(15) DEFAULT NULL,
  PRIMARY KEY (`CustomerID`)
) ENGINE=InnoDB DEFAULT CHARSET=utf8mb4 COLLATE=utf8mb4_0900_ai_ci;
/*!40101 SET character_set_client = @saved_cs_client */;

--
-- Dumping data for table `customerdim`
--

LOCK TABLES `customerdim` WRITE;
/*!40000 ALTER TABLE `customerdim` DISABLE KEYS */;
INSERT INTO `customerdim` VALUES (1,'Jennifer Robinson','126 Nairn Ave','Winnipeg','MB','R3J 3C4','204-771-0784\r'),(2,'Michael Smith','250 Broadway','Winnipeg','MB','R3C 0R5','204-555-1234\r'),(3,'Sarah Johnson','789 Main St','Winnipeg','MB','R2W 3N2','204-666-5678\r'),(4,'Emily Brown','456 Elm St','Winnipeg','MB','R3M 2S5','204-777-9101\r'),(5,'David Wilson','123 Oak St','Winnipeg','MB',' R2J 3C4','204-888-1112\r');
/*!40000 ALTER TABLE `customerdim` ENABLE KEYS */;
UNLOCK TABLES;

--
-- Table structure for table `date`
--

DROP TABLE IF EXISTS `date`;
/*!40101 SET @saved_cs_client     = @@character_set_client */;
/*!50503 SET character_set_client = utf8mb4 */;
CREATE TABLE `date` (
  `DateID` int NOT NULL,
  `Date` date DEFAULT NULL,
  `DayOfWeek` varchar(10) DEFAULT NULL,
  `Month` varchar(20) DEFAULT NULL,
  `Quarter` varchar(2) DEFAULT NULL,
  `Year` int DEFAULT NULL,
  `DayOfYear` int DEFAULT NULL,
  `IsWeekday` tinyint(1) DEFAULT NULL,
  `IsWeekend` tinyint(1) DEFAULT NULL,
  `IsHoliday` tinyint(1) DEFAULT NULL,
  PRIMARY KEY (`DateID`)
) ENGINE=InnoDB DEFAULT CHARSET=utf8mb4 COLLATE=utf8mb4_0900_ai_ci;
/*!40101 SET character_set_client = @saved_cs_client */;

--
-- Dumping data for table `date`
--

LOCK TABLES `date` WRITE;
/*!40000 ALTER TABLE `date` DISABLE KEYS */;
INSERT INTO `date` VALUES (1,'2023-01-01','Sunday','January','1',2023,1,0,1,0),(2,'2023-01-02','Monday','January','1',2023,2,1,0,0),(3,'2023-01-03','Tuesday','January','1',2023,3,1,0,0),(4,'2023-01-04','Wednesday','January','1',2023,4,1,0,0),(5,'2023-01-05','Thursday','January','1',2023,5,1,0,0),(6,'2023-01-06','Friday','January','1',2023,6,1,0,0),(7,'2023-01-07','Saturday','January','1',2023,7,0,1,0),(8,'2023-01-08','Sunday','January','1',2023,8,0,1,0),(9,'2023-01-09','Monday','January','1',2023,9,1,0,0),(10,'2023-01-10','Tuesday','January','1',2023,10,1,0,0),(11,'2023-01-11','Wednesday','January','1',2023,11,1,0,0),(12,'2023-01-12','Thursday','January','1',2023,12,1,0,0),(13,'2023-01-13','Friday','January','1',2023,13,1,0,0),(14,'2023-01-14','Saturday','January','1',2023,14,0,1,0),(15,'2023-01-15','Sunday','January','1',2023,15,0,1,0),(16,'2023-01-16','Monday','January','1',2023,16,1,0,0),(17,'2023-01-17','Tuesday','January','1',2023,17,1,0,0),(18,'2023-01-18','Wednesday','January','1',2023,18,1,0,0),(19,'2023-01-19','Thursday','January','1',2023,19,1,0,0),(20,'2023-01-20','Friday','January','1',2023,20,1,0,0),(21,'2023-01-21','Saturday','January','1',2023,21,0,1,0),(22,'2023-01-22','Sunday','January','1',2023,22,0,1,0),(23,'2023-01-23','Monday','January','1',2023,23,1,0,0),(24,'2023-01-24','Tuesday','January','1',2023,24,1,0,0),(25,'2023-01-25','Wednesday','January','1',2023,25,1,0,0),(26,'2023-01-26','Thursday','January','1',2023,26,1,0,0),(27,'2023-01-27','Friday','January','1',2023,27,1,0,0),(28,'2023-01-28','Saturday','January','1',2023,28,0,1,0),(29,'2023-01-29','Sunday','January','1',2023,29,0,1,0),(30,'2023-01-30','Monday','January','1',2023,30,1,0,0),(31,'2023-01-31','Tuesday','January','1',2023,31,1,0,0),(32,'2023-02-01','Wednesday','February','1',2023,32,1,0,0),(33,'2023-02-02','Thursday','February','1',2023,33,1,0,0),(34,'2023-02-03','Friday','February','1',2023,34,1,0,0),(35,'2023-02-04','Saturday','February','1',2023,35,0,1,0),(36,'2023-02-05','Sunday','February','1',2023,36,0,1,0),(37,'2023-02-06','Monday','February','1',2023,37,1,0,0),(38,'2023-02-07','Tuesday','February','1',2023,38,1,0,0),(39,'2023-02-08','Wednesday','February','1',2023,39,1,0,0),(40,'2023-02-09','Thursday','February','1',2023,40,1,0,0),(41,'2023-02-10','Friday','February','1',2023,41,1,0,0),(42,'2023-02-11','Saturday','February','1',2023,42,0,1,0),(43,'2023-02-12','Sunday','February','1',2023,43,0,1,0),(44,'2023-02-13','Monday','February','1',2023,44,1,0,0),(45,'2023-02-14','Tuesday','February','1',2023,45,1,0,0),(46,'2023-02-15','Wednesday','February','1',2023,46,1,0,0),(47,'2023-02-16','Thursday','February','1',2023,47,1,0,0),(48,'2023-02-17','Friday','February','1',2023,48,1,0,0),(49,'2023-02-18','Saturday','February','1',2023,49,0,1,0),(50,'2023-02-19','Sunday','February','1',2023,50,0,1,0),(51,'2023-02-20','Monday','February','1',2023,51,1,0,0),(52,'2023-02-21','Tuesday','February','1',2023,52,1,0,0),(53,'2023-02-22','Wednesday','February','1',2023,53,1,0,0),(54,'2023-02-23','Thursday','February','1',2023,54,1,0,0),(55,'2023-02-24','Friday','February','1',2023,55,1,0,0),(56,'2023-02-25','Saturday','February','1',2023,56,0,1,0),(57,'2023-02-26','Sunday','February','1',2023,57,0,1,0),(58,'2023-02-27','Monday','February','1',2023,58,1,0,0),(59,'2023-02-28','Tuesday','February','1',2023,59,1,0,0),(60,'2023-03-01','Wednesday','March','1',2023,60,1,0,0),(61,'2023-03-02','Thursday','March','1',2023,61,1,0,0),(62,'2023-03-03','Friday','March','1',2023,62,1,0,0),(63,'2023-03-04','Saturday','March','1',2023,63,0,1,0),(64,'2023-03-05','Sunday','March','1',2023,64,0,1,0),(65,'2023-03-06','Monday','March','1',2023,65,1,0,0),(66,'2023-03-07','Tuesday','March','1',2023,66,1,0,0),(67,'2023-03-08','Wednesday','March','1',2023,67,1,0,0),(68,'2023-03-09','Thursday','March','1',2023,68,1,0,0),(69,'2023-03-10','Friday','March','1',2023,69,1,0,0),(70,'2023-03-11','Saturday','March','1',2023,70,0,1,0),(71,'2023-03-12','Sunday','March','1',2023,71,0,1,0),(72,'2023-03-13','Monday','March','1',2023,72,1,0,0),(73,'2023-03-14','Tuesday','March','1',2023,73,1,0,0),(74,'2023-03-15','Wednesday','March','1',2023,74,1,0,0),(75,'2023-03-16','Thursday','March','1',2023,75,1,0,0),(76,'2023-03-17','Friday','March','1',2023,76,1,0,0),(77,'2023-03-18','Saturday','March','1',2023,77,0,1,0),(78,'2023-03-19','Sunday','March','1',2023,78,0,1,0),(79,'2023-03-20','Monday','March','1',2023,79,1,0,0),(80,'2023-03-21','Tuesday','March','1',2023,80,1,0,0),(81,'2023-03-22','Wednesday','March','1',2023,81,1,0,0),(82,'2023-03-23','Thursday','March','1',2023,82,1,0,0),(83,'2023-03-24','Friday','March','1',2023,83,1,0,0),(84,'2023-03-25','Saturday','March','1',2023,84,0,1,0),(85,'2023-03-26','Sunday','March','1',2023,85,0,1,0),(86,'2023-03-27','Monday','March','1',2023,86,1,0,0),(87,'2023-03-28','Tuesday','March','1',2023,87,1,0,0),(88,'2023-03-29','Wednesday','March','1',2023,88,1,0,0),(89,'2023-03-30','Thursday','March','1',2023,89,1,0,0),(90,'2023-03-31','Friday','March','1',2023,90,1,0,0),(91,'2023-04-01','Saturday','April','2',2023,91,0,1,0),(92,'2023-04-02','Sunday','April','2',2023,92,0,1,0),(93,'2023-04-03','Monday','April','2',2023,93,1,0,0),(94,'2023-04-04','Tuesday','April','2',2023,94,1,0,0),(95,'2023-04-05','Wednesday','April','2',2023,95,1,0,0),(96,'2023-04-06','Thursday','April','2',2023,96,1,0,0),(97,'2023-04-07','Friday','April','2',2023,97,1,0,0),(98,'2023-04-08','Saturday','April','2',2023,98,0,1,0),(99,'2023-04-09','Sunday','April','2',2023,99,0,1,0),(100,'2023-04-10','Monday','April','2',2023,100,1,0,0),(101,'2023-04-11','Tuesday','April','2',2023,101,1,0,0),(102,'2023-04-12','Wednesday','April','2',2023,102,1,0,0),(103,'2023-04-13','Thursday','April','2',2023,103,1,0,0),(104,'2023-04-14','Friday','April','2',2023,104,1,0,0),(105,'2023-04-15','Saturday','April','2',2023,105,0,1,0),(106,'2023-04-16','Sunday','April','2',2023,106,0,1,0),(107,'2023-04-17','Monday','April','2',2023,107,1,0,0),(108,'2023-04-18','Tuesday','April','2',2023,108,1,0,0),(109,'2023-04-19','Wednesday','April','2',2023,109,1,0,0),(110,'2023-04-20','Thursday','April','2',2023,110,1,0,0),(111,'2023-04-21','Friday','April','2',2023,111,1,0,0),(112,'2023-04-22','Saturday','April','2',2023,112,0,1,0),(113,'2023-04-23','Sunday','April','2',2023,113,0,1,0),(114,'2023-04-24','Monday','April','2',2023,114,1,0,0),(115,'2023-04-25','Tuesday','April','2',2023,115,1,0,0),(116,'2023-04-26','Wednesday','April','2',2023,116,1,0,0),(117,'2023-04-27','Thursday','April','2',2023,117,1,0,0),(118,'2023-04-28','Friday','April','2',2023,118,1,0,0),(119,'2023-04-29','Saturday','April','2',2023,119,0,1,0),(120,'2023-04-30','Sunday','April','2',2023,120,0,1,0),(121,'2023-05-01','Monday','May','2',2023,121,1,0,0),(122,'2023-05-02','Tuesday','May','2',2023,122,1,0,0),(123,'2023-05-03','Wednesday','May','2',2023,123,1,0,0),(124,'2023-05-04','Thursday','May','2',2023,124,1,0,0),(125,'2023-05-05','Friday','May','2',2023,125,1,0,0),(126,'2023-05-06','Saturday','May','2',2023,126,0,1,0),(127,'2023-05-07','Sunday','May','2',2023,127,0,1,0),(128,'2023-05-08','Monday','May','2',2023,128,1,0,0),(129,'2023-05-09','Tuesday','May','2',2023,129,1,0,0),(130,'2023-05-10','Wednesday','May','2',2023,130,1,0,0),(131,'2023-05-11','Thursday','May','2',2023,131,1,0,0),(132,'2023-05-12','Friday','May','2',2023,132,1,0,0),(133,'2023-05-13','Saturday','May','2',2023,133,0,1,0),(134,'2023-05-14','Sunday','May','2',2023,134,0,1,0),(135,'2023-05-15','Monday','May','2',2023,135,1,0,0),(136,'2023-05-16','Tuesday','May','2',2023,136,1,0,0),(137,'2023-05-17','Wednesday','May','2',2023,137,1,0,0),(138,'2023-05-18','Thursday','May','2',2023,138,1,0,0),(139,'2023-05-19','Friday','May','2',2023,139,1,0,0),(140,'2023-05-20','Saturday','May','2',2023,140,0,1,0),(141,'2023-05-21','Sunday','May','2',2023,141,0,1,0),(142,'2023-05-22','Monday','May','2',2023,142,1,0,0),(143,'2023-05-23','Tuesday','May','2',2023,143,1,0,0),(144,'2023-05-24','Wednesday','May','2',2023,144,1,0,0),(145,'2023-05-25','Thursday','May','2',2023,145,1,0,0),(146,'2023-05-26','Friday','May','2',2023,146,1,0,0),(147,'2023-05-27','Saturday','May','2',2023,147,0,1,0),(148,'2023-05-28','Sunday','May','2',2023,148,0,1,0),(149,'2023-05-29','Monday','May','2',2023,149,1,0,0),(150,'2023-05-30','Tuesday','May','2',2023,150,1,0,0),(151,'2023-05-31','Wednesday','May','2',2023,151,1,0,0),(152,'2023-06-01','Thursday','June','2',2023,152,1,0,0),(153,'2023-06-02','Friday','June','2',2023,153,1,0,0),(154,'2023-06-03','Saturday','June','2',2023,154,0,1,0),(155,'2023-06-04','Sunday','June','2',2023,155,0,1,0),(156,'2023-06-05','Monday','June','2',2023,156,1,0,0),(157,'2023-06-06','Tuesday','June','2',2023,157,1,0,0),(158,'2023-06-07','Wednesday','June','2',2023,158,1,0,0),(159,'2023-06-08','Thursday','June','2',2023,159,1,0,0),(160,'2023-06-09','Friday','June','2',2023,160,1,0,0),(161,'2023-06-10','Saturday','June','2',2023,161,0,1,0),(162,'2023-06-11','Sunday','June','2',2023,162,0,1,0),(163,'2023-06-12','Monday','June','2',2023,163,1,0,0),(164,'2023-06-13','Tuesday','June','2',2023,164,1,0,0),(165,'2023-06-14','Wednesday','June','2',2023,165,1,0,0),(166,'2023-06-15','Thursday','June','2',2023,166,1,0,0),(167,'2023-06-16','Friday','June','2',2023,167,1,0,0),(168,'2023-06-17','Saturday','June','2',2023,168,0,1,0),(169,'2023-06-18','Sunday','June','2',2023,169,0,1,0),(170,'2023-06-19','Monday','June','2',2023,170,1,0,0),(171,'2023-06-20','Tuesday','June','2',2023,171,1,0,0),(172,'2023-06-21','Wednesday','June','2',2023,172,1,0,0),(173,'2023-06-22','Thursday','June','2',2023,173,1,0,0),(174,'2023-06-23','Friday','June','2',2023,174,1,0,0),(175,'2023-06-24','Saturday','June','2',2023,175,0,1,0),(176,'2023-06-25','Sunday','June','2',2023,176,0,1,0),(177,'2023-06-26','Monday','June','2',2023,177,1,0,0),(178,'2023-06-27','Tuesday','June','2',2023,178,1,0,0),(179,'2023-06-28','Wednesday','June','2',2023,179,1,0,0),(180,'2023-06-29','Thursday','June','2',2023,180,1,0,0),(181,'2023-06-30','Friday','June','2',2023,181,1,0,0),(182,'2023-07-01','Saturday','July','3',2023,182,0,1,0),(183,'2023-07-02','Sunday','July','3',2023,183,0,1,0),(184,'2023-07-03','Monday','July','3',2023,184,1,0,0),(185,'2023-07-04','Tuesday','July','3',2023,185,1,0,0),(186,'2023-07-05','Wednesday','July','3',2023,186,1,0,0),(187,'2023-07-06','Thursday','July','3',2023,187,1,0,0),(188,'2023-07-07','Friday','July','3',2023,188,1,0,0),(189,'2023-07-08','Saturday','July','3',2023,189,0,1,0),(190,'2023-07-09','Sunday','July','3',2023,190,0,1,0),(191,'2023-07-10','Monday','July','3',2023,191,1,0,0),(192,'2023-07-11','Tuesday','July','3',2023,192,1,0,0),(193,'2023-07-12','Wednesday','July','3',2023,193,1,0,0),(194,'2023-07-13','Thursday','July','3',2023,194,1,0,0),(195,'2023-07-14','Friday','July','3',2023,195,1,0,0),(196,'2023-07-15','Saturday','July','3',2023,196,0,1,0),(197,'2023-07-16','Sunday','July','3',2023,197,0,1,0),(198,'2023-07-17','Monday','July','3',2023,198,1,0,0),(199,'2023-07-18','Tuesday','July','3',2023,199,1,0,0),(200,'2023-07-19','Wednesday','July','3',2023,200,1,0,0),(201,'2023-07-20','Thursday','July','3',2023,201,1,0,0),(202,'2023-07-21','Friday','July','3',2023,202,1,0,0),(203,'2023-07-22','Saturday','July','3',2023,203,0,1,0),(204,'2023-07-23','Sunday','July','3',2023,204,0,1,0),(205,'2023-07-24','Monday','July','3',2023,205,1,0,0),(206,'2023-07-25','Tuesday','July','3',2023,206,1,0,0),(207,'2023-07-26','Wednesday','July','3',2023,207,1,0,0),(208,'2023-07-27','Thursday','July','3',2023,208,1,0,0),(209,'2023-07-28','Friday','July','3',2023,209,1,0,0),(210,'2023-07-29','Saturday','July','3',2023,210,0,1,0),(211,'2023-07-30','Sunday','July','3',2023,211,0,1,0),(212,'2023-07-31','Monday','July','3',2023,212,1,0,0),(213,'2023-08-01','Tuesday','August','3',2023,213,1,0,0),(214,'2023-08-02','Wednesday','August','3',2023,214,1,0,0),(215,'2023-08-03','Thursday','August','3',2023,215,1,0,0),(216,'2023-08-04','Friday','August','3',2023,216,1,0,0),(217,'2023-08-05','Saturday','August','3',2023,217,0,1,0),(218,'2023-08-06','Sunday','August','3',2023,218,0,1,0),(219,'2023-08-07','Monday','August','3',2023,219,1,0,0),(220,'2023-08-08','Tuesday','August','3',2023,220,1,0,0),(221,'2023-08-09','Wednesday','August','3',2023,221,1,0,0),(222,'2023-08-10','Thursday','August','3',2023,222,1,0,0),(223,'2023-08-11','Friday','August','3',2023,223,1,0,0),(224,'2023-08-12','Saturday','August','3',2023,224,0,1,0),(225,'2023-08-13','Sunday','August','3',2023,225,0,1,0),(226,'2023-08-14','Monday','August','3',2023,226,1,0,0),(227,'2023-08-15','Tuesday','August','3',2023,227,1,0,0),(228,'2023-08-16','Wednesday','August','3',2023,228,1,0,0),(229,'2023-08-17','Thursday','August','3',2023,229,1,0,0),(230,'2023-08-18','Friday','August','3',2023,230,1,0,0),(231,'2023-08-19','Saturday','August','3',2023,231,0,1,0),(232,'2023-08-20','Sunday','August','3',2023,232,0,1,0),(233,'2023-08-21','Monday','August','3',2023,233,1,0,0),(234,'2023-08-22','Tuesday','August','3',2023,234,1,0,0),(235,'2023-08-23','Wednesday','August','3',2023,235,1,0,0),(236,'2023-08-24','Thursday','August','3',2023,236,1,0,0),(237,'2023-08-25','Friday','August','3',2023,237,1,0,0),(238,'2023-08-26','Saturday','August','3',2023,238,0,1,0),(239,'2023-08-27','Sunday','August','3',2023,239,0,1,0),(240,'2023-08-28','Monday','August','3',2023,240,1,0,0),(241,'2023-08-29','Tuesday','August','3',2023,241,1,0,0),(242,'2023-08-30','Wednesday','August','3',2023,242,1,0,0),(243,'2023-08-31','Thursday','August','3',2023,243,1,0,0),(244,'2023-09-01','Friday','September','3',2023,244,1,0,0),(245,'2023-09-02','Saturday','September','3',2023,245,0,1,0),(246,'2023-09-03','Sunday','September','3',2023,246,0,1,0),(247,'2023-09-04','Monday','September','3',2023,247,1,0,0),(248,'2023-09-05','Tuesday','September','3',2023,248,1,0,0),(249,'2023-09-06','Wednesday','September','3',2023,249,1,0,0),(250,'2023-09-07','Thursday','September','3',2023,250,1,0,0),(251,'2023-09-08','Friday','September','3',2023,251,1,0,0),(252,'2023-09-09','Saturday','September','3',2023,252,0,1,0),(253,'2023-09-10','Sunday','September','3',2023,253,0,1,0),(254,'2023-09-11','Monday','September','3',2023,254,1,0,0),(255,'2023-09-12','Tuesday','September','3',2023,255,1,0,0),(256,'2023-09-13','Wednesday','September','3',2023,256,1,0,0),(257,'2023-09-14','Thursday','September','3',2023,257,1,0,0),(258,'2023-09-15','Friday','September','3',2023,258,1,0,0),(259,'2023-09-16','Saturday','September','3',2023,259,0,1,0),(260,'2023-09-17','Sunday','September','3',2023,260,0,1,0),(261,'2023-09-18','Monday','September','3',2023,261,1,0,0),(262,'2023-09-19','Tuesday','September','3',2023,262,1,0,0),(263,'2023-09-20','Wednesday','September','3',2023,263,1,0,0),(264,'2023-09-21','Thursday','September','3',2023,264,1,0,0),(265,'2023-09-22','Friday','September','3',2023,265,1,0,0),(266,'2023-09-23','Saturday','September','3',2023,266,0,1,0),(267,'2023-09-24','Sunday','September','3',2023,267,0,1,0),(268,'2023-09-25','Monday','September','3',2023,268,1,0,0),(269,'2023-09-26','Tuesday','September','3',2023,269,1,0,0),(270,'2023-09-27','Wednesday','September','3',2023,270,1,0,0),(271,'2023-09-28','Thursday','September','3',2023,271,1,0,0),(272,'2023-09-29','Friday','September','3',2023,272,1,0,0),(273,'2023-09-30','Saturday','September','3',2023,273,0,1,0),(274,'2023-10-01','Sunday','October','4',2023,274,0,1,0),(275,'2023-10-02','Monday','October','4',2023,275,1,0,0),(276,'2023-10-03','Tuesday','October','4',2023,276,1,0,0),(277,'2023-10-04','Wednesday','October','4',2023,277,1,0,0),(278,'2023-10-05','Thursday','October','4',2023,278,1,0,0),(279,'2023-10-06','Friday','October','4',2023,279,1,0,0),(280,'2023-10-07','Saturday','October','4',2023,280,0,1,0),(281,'2023-10-08','Sunday','October','4',2023,281,0,1,0),(282,'2023-10-09','Monday','October','4',2023,282,1,0,0),(283,'2023-10-10','Tuesday','October','4',2023,283,1,0,0),(284,'2023-10-11','Wednesday','October','4',2023,284,1,0,0),(285,'2023-10-12','Thursday','October','4',2023,285,1,0,0),(286,'2023-10-13','Friday','October','4',2023,286,1,0,0),(287,'2023-10-14','Saturday','October','4',2023,287,0,1,0),(288,'2023-10-15','Sunday','October','4',2023,288,0,1,0),(289,'2023-10-16','Monday','October','4',2023,289,1,0,0),(290,'2023-10-17','Tuesday','October','4',2023,290,1,0,0),(291,'2023-10-18','Wednesday','October','4',2023,291,1,0,0),(292,'2023-10-19','Thursday','October','4',2023,292,1,0,0),(293,'2023-10-20','Friday','October','4',2023,293,1,0,0),(294,'2023-10-21','Saturday','October','4',2023,294,0,1,0),(295,'2023-10-22','Sunday','October','4',2023,295,0,1,0),(296,'2023-10-23','Monday','October','4',2023,296,1,0,0),(297,'2023-10-24','Tuesday','October','4',2023,297,1,0,0),(298,'2023-10-25','Wednesday','October','4',2023,298,1,0,0),(299,'2023-10-26','Thursday','October','4',2023,299,1,0,0),(300,'2023-10-27','Friday','October','4',2023,300,1,0,0),(301,'2023-10-28','Saturday','October','4',2023,301,0,1,0),(302,'2023-10-29','Sunday','October','4',2023,302,0,1,0),(303,'2023-10-30','Monday','October','4',2023,303,1,0,0),(304,'2023-10-31','Tuesday','October','4',2023,304,1,0,0),(305,'2023-11-01','Wednesday','November','4',2023,305,1,0,0),(306,'2023-11-02','Thursday','November','4',2023,306,1,0,0),(307,'2023-11-03','Friday','November','4',2023,307,1,0,0),(308,'2023-11-04','Saturday','November','4',2023,308,0,1,0),(309,'2023-11-05','Sunday','November','4',2023,309,0,1,0),(310,'2023-11-06','Monday','November','4',2023,310,1,0,0),(311,'2023-11-07','Tuesday','November','4',2023,311,1,0,0),(312,'2023-11-08','Wednesday','November','4',2023,312,1,0,0),(313,'2023-11-09','Thursday','November','4',2023,313,1,0,0),(314,'2023-11-10','Friday','November','4',2023,314,1,0,0),(315,'2023-11-11','Saturday','November','4',2023,315,0,1,0),(316,'2023-11-12','Sunday','November','4',2023,316,0,1,0),(317,'2023-11-13','Monday','November','4',2023,317,1,0,0),(318,'2023-11-14','Tuesday','November','4',2023,318,1,0,0),(319,'2023-11-15','Wednesday','November','4',2023,319,1,0,0),(320,'2023-11-16','Thursday','November','4',2023,320,1,0,0),(321,'2023-11-17','Friday','November','4',2023,321,1,0,0),(322,'2023-11-18','Saturday','November','4',2023,322,0,1,0),(323,'2023-11-19','Sunday','November','4',2023,323,0,1,0),(324,'2023-11-20','Monday','November','4',2023,324,1,0,0),(325,'2023-11-21','Tuesday','November','4',2023,325,1,0,0),(326,'2023-11-22','Wednesday','November','4',2023,326,1,0,0),(327,'2023-11-23','Thursday','November','4',2023,327,1,0,0),(328,'2023-11-24','Friday','November','4',2023,328,1,0,0),(329,'2023-11-25','Saturday','November','4',2023,329,0,1,0),(330,'2023-11-26','Sunday','November','4',2023,330,0,1,0),(331,'2023-11-27','Monday','November','4',2023,331,1,0,0),(332,'2023-11-28','Tuesday','November','4',2023,332,1,0,0),(333,'2023-11-29','Wednesday','November','4',2023,333,1,0,0),(334,'2023-11-30','Thursday','November','4',2023,334,1,0,0),(335,'2023-12-01','Friday','December','4',2023,335,1,0,0),(336,'2023-12-02','Saturday','December','4',2023,336,0,1,0),(337,'2023-12-03','Sunday','December','4',2023,337,0,1,0),(338,'2023-12-04','Monday','December','4',2023,338,1,0,0),(339,'2023-12-05','Tuesday','December','4',2023,339,1,0,0),(340,'2023-12-06','Wednesday','December','4',2023,340,1,0,0),(341,'2023-12-07','Thursday','December','4',2023,341,1,0,0),(342,'2023-12-08','Friday','December','4',2023,342,1,0,0),(343,'2023-12-09','Saturday','December','4',2023,343,0,1,0),(344,'2023-12-10','Sunday','December','4',2023,344,0,1,0),(345,'2023-12-11','Monday','December','4',2023,345,1,0,0),(346,'2023-12-12','Tuesday','December','4',2023,346,1,0,0),(347,'2023-12-13','Wednesday','December','4',2023,347,1,0,0),(348,'2023-12-14','Thursday','December','4',2023,348,1,0,0),(349,'2023-12-15','Friday','December','4',2023,349,1,0,0),(350,'2023-12-16','Saturday','December','4',2023,350,0,1,0),(351,'2023-12-17','Sunday','December','4',2023,351,0,1,0),(352,'2023-12-18','Monday','December','4',2023,352,1,0,0),(353,'2023-12-19','Tuesday','December','4',2023,353,1,0,0),(354,'2023-12-20','Wednesday','December','4',2023,354,1,0,0),(355,'2023-12-21','Thursday','December','4',2023,355,1,0,0),(356,'2023-12-22','Friday','December','4',2023,356,1,0,0),(357,'2023-12-23','Saturday','December','4',2023,357,0,1,0),(358,'2023-12-24','Sunday','December','4',2023,358,0,1,0),(359,'2023-12-25','Monday','December','4',2023,359,1,0,0),(360,'2023-12-26','Tuesday','December','4',2023,360,1,0,0),(361,'2023-12-27','Wednesday','December','4',2023,361,1,0,0),(362,'2023-12-28','Thursday','December','4',2023,362,1,0,0),(363,'2023-12-29','Friday','December','4',2023,363,1,0,0),(364,'2023-12-30','Saturday','December','4',2023,364,0,1,0),(365,'2023-12-31','Sunday','December','4',2023,365,0,1,0),(366,'2024-01-01','Monday','January','1',2024,1,1,0,0),(367,'2024-01-02','Tuesday','January','1',2024,2,1,0,0),(368,'2024-01-03','Wednesday','January','1',2024,3,1,0,0),(369,'2024-01-04','Thursday','January','1',2024,4,1,0,0),(370,'2024-01-05','Friday','January','1',2024,5,1,0,0),(371,'2024-01-06','Saturday','January','1',2024,6,0,1,0),(372,'2024-01-07','Sunday','January','1',2024,7,0,1,0),(373,'2024-01-08','Monday','January','1',2024,8,1,0,0),(374,'2024-01-09','Tuesday','January','1',2024,9,1,0,0),(375,'2024-01-10','Wednesday','January','1',2024,10,1,0,0),(376,'2024-01-11','Thursday','January','1',2024,11,1,0,0),(377,'2024-01-12','Friday','January','1',2024,12,1,0,0),(378,'2024-01-13','Saturday','January','1',2024,13,0,1,0),(379,'2024-01-14','Sunday','January','1',2024,14,0,1,0),(380,'2024-01-15','Monday','January','1',2024,15,1,0,0),(381,'2024-01-16','Tuesday','January','1',2024,16,1,0,0),(382,'2024-01-17','Wednesday','January','1',2024,17,1,0,0),(383,'2024-01-18','Thursday','January','1',2024,18,1,0,0),(384,'2024-01-19','Friday','January','1',2024,19,1,0,0),(385,'2024-01-20','Saturday','January','1',2024,20,0,1,0),(386,'2024-01-21','Sunday','January','1',2024,21,0,1,0),(387,'2024-01-22','Monday','January','1',2024,22,1,0,0),(388,'2024-01-23','Tuesday','January','1',2024,23,1,0,0),(389,'2024-01-24','Wednesday','January','1',2024,24,1,0,0),(390,'2024-01-25','Thursday','January','1',2024,25,1,0,0),(391,'2024-01-26','Friday','January','1',2024,26,1,0,0),(392,'2024-01-27','Saturday','January','1',2024,27,0,1,0),(393,'2024-01-28','Sunday','January','1',2024,28,0,1,0),(394,'2024-01-29','Monday','January','1',2024,29,1,0,0),(395,'2024-01-30','Tuesday','January','1',2024,30,1,0,0),(396,'2024-01-31','Wednesday','January','1',2024,31,1,0,0),(397,'2024-02-01','Thursday','February','1',2024,32,1,0,0),(398,'2024-02-02','Friday','February','1',2024,33,1,0,0),(399,'2024-02-03','Saturday','February','1',2024,34,0,1,0),(400,'2024-02-04','Sunday','February','1',2024,35,0,1,0),(401,'2024-02-05','Monday','February','1',2024,36,1,0,0),(402,'2024-02-06','Tuesday','February','1',2024,37,1,0,0),(403,'2024-02-07','Wednesday','February','1',2024,38,1,0,0),(404,'2024-02-08','Thursday','February','1',2024,39,1,0,0),(405,'2024-02-09','Friday','February','1',2024,40,1,0,0),(406,'2024-02-10','Saturday','February','1',2024,41,0,1,0),(407,'2024-02-11','Sunday','February','1',2024,42,0,1,0),(408,'2024-02-12','Monday','February','1',2024,43,1,0,0),(409,'2024-02-13','Tuesday','February','1',2024,44,1,0,0),(410,'2024-02-14','Wednesday','February','1',2024,45,1,0,0),(411,'2024-02-15','Thursday','February','1',2024,46,1,0,0),(412,'2024-02-16','Friday','February','1',2024,47,1,0,0),(413,'2024-02-17','Saturday','February','1',2024,48,0,1,0),(414,'2024-02-18','Sunday','February','1',2024,49,0,1,0),(415,'2024-02-19','Monday','February','1',2024,50,1,0,0),(416,'2024-02-20','Tuesday','February','1',2024,51,1,0,0),(417,'2024-02-21','Wednesday','February','1',2024,52,1,0,0),(418,'2024-02-22','Thursday','February','1',2024,53,1,0,0),(419,'2024-02-23','Friday','February','1',2024,54,1,0,0),(420,'2024-02-24','Saturday','February','1',2024,55,0,1,0),(421,'2024-02-25','Sunday','February','1',2024,56,0,1,0),(422,'2024-02-26','Monday','February','1',2024,57,1,0,0),(423,'2024-02-27','Tuesday','February','1',2024,58,1,0,0),(424,'2024-02-28','Wednesday','February','1',2024,59,1,0,0),(425,'2024-02-29','Thursday','February','1',2024,60,1,0,0),(426,'2024-03-01','Friday','March','1',2024,61,1,0,0),(427,'2024-03-02','Saturday','March','1',2024,62,0,1,0),(428,'2024-03-03','Sunday','March','1',2024,63,0,1,0),(429,'2024-03-04','Monday','March','1',2024,64,1,0,0),(430,'2024-03-05','Tuesday','March','1',2024,65,1,0,0),(431,'2024-03-06','Wednesday','March','1',2024,66,1,0,0),(432,'2024-03-07','Thursday','March','1',2024,67,1,0,0),(433,'2024-03-08','Friday','March','1',2024,68,1,0,0),(434,'2024-03-09','Saturday','March','1',2024,69,0,1,0),(435,'2024-03-10','Sunday','March','1',2024,70,0,1,0),(436,'2024-03-11','Monday','March','1',2024,71,1,0,0),(437,'2024-03-12','Tuesday','March','1',2024,72,1,0,0),(438,'2024-03-13','Wednesday','March','1',2024,73,1,0,0),(439,'2024-03-14','Thursday','March','1',2024,74,1,0,0),(440,'2024-03-15','Friday','March','1',2024,75,1,0,0),(441,'2024-03-16','Saturday','March','1',2024,76,0,1,0),(442,'2024-03-17','Sunday','March','1',2024,77,0,1,0),(443,'2024-03-18','Monday','March','1',2024,78,1,0,0),(444,'2024-03-19','Tuesday','March','1',2024,79,1,0,0),(445,'2024-03-20','Wednesday','March','1',2024,80,1,0,0),(446,'2024-03-21','Thursday','March','1',2024,81,1,0,0),(447,'2024-03-22','Friday','March','1',2024,82,1,0,0),(448,'2024-03-23','Saturday','March','1',2024,83,0,1,0),(449,'2024-03-24','Sunday','March','1',2024,84,0,1,0),(450,'2024-03-25','Monday','March','1',2024,85,1,0,0),(451,'2024-03-26','Tuesday','March','1',2024,86,1,0,0),(452,'2024-03-27','Wednesday','March','1',2024,87,1,0,0),(453,'2024-03-28','Thursday','March','1',2024,88,1,0,0),(454,'2024-03-29','Friday','March','1',2024,89,1,0,0),(455,'2024-03-30','Saturday','March','1',2024,90,0,1,0),(456,'2024-03-31','Sunday','March','1',2024,91,0,1,0),(457,'2024-04-01','Monday','April','2',2024,92,1,0,0),(458,'2024-04-02','Tuesday','April','2',2024,93,1,0,0),(459,'2024-04-03','Wednesday','April','2',2024,94,1,0,0),(460,'2024-04-04','Thursday','April','2',2024,95,1,0,0),(461,'2024-04-05','Friday','April','2',2024,96,1,0,0),(462,'2024-04-06','Saturday','April','2',2024,97,0,1,0),(463,'2024-04-07','Sunday','April','2',2024,98,0,1,0),(464,'2024-04-08','Monday','April','2',2024,99,1,0,0),(465,'2024-04-09','Tuesday','April','2',2024,100,1,0,0),(466,'2024-04-10','Wednesday','April','2',2024,101,1,0,0),(467,'2024-04-11','Thursday','April','2',2024,102,1,0,0),(468,'2024-04-12','Friday','April','2',2024,103,1,0,0),(469,'2024-04-13','Saturday','April','2',2024,104,0,1,0),(470,'2024-04-14','Sunday','April','2',2024,105,0,1,0),(471,'2024-04-15','Monday','April','2',2024,106,1,0,0),(472,'2024-04-16','Tuesday','April','2',2024,107,1,0,0),(473,'2024-04-17','Wednesday','April','2',2024,108,1,0,0),(474,'2024-04-18','Thursday','April','2',2024,109,1,0,0),(475,'2024-04-19','Friday','April','2',2024,110,1,0,0),(476,'2024-04-20','Saturday','April','2',2024,111,0,1,0),(477,'2024-04-21','Sunday','April','2',2024,112,0,1,0),(478,'2024-04-22','Monday','April','2',2024,113,1,0,0),(479,'2024-04-23','Tuesday','April','2',2024,114,1,0,0),(480,'2024-04-24','Wednesday','April','2',2024,115,1,0,0),(481,'2024-04-25','Thursday','April','2',2024,116,1,0,0),(482,'2024-04-26','Friday','April','2',2024,117,1,0,0),(483,'2024-04-27','Saturday','April','2',2024,118,0,1,0),(484,'2024-04-28','Sunday','April','2',2024,119,0,1,0),(485,'2024-04-29','Monday','April','2',2024,120,1,0,0),(486,'2024-04-30','Tuesday','April','2',2024,121,1,0,0),(487,'2024-05-01','Wednesday','May','2',2024,122,1,0,0),(488,'2024-05-02','Thursday','May','2',2024,123,1,0,0),(489,'2024-05-03','Friday','May','2',2024,124,1,0,0),(490,'2024-05-04','Saturday','May','2',2024,125,0,1,0),(491,'2024-05-05','Sunday','May','2',2024,126,0,1,0),(492,'2024-05-06','Monday','May','2',2024,127,1,0,0),(493,'2024-05-07','Tuesday','May','2',2024,128,1,0,0),(494,'2024-05-08','Wednesday','May','2',2024,129,1,0,0),(495,'2024-05-09','Thursday','May','2',2024,130,1,0,0),(496,'2024-05-10','Friday','May','2',2024,131,1,0,0),(497,'2024-05-11','Saturday','May','2',2024,132,0,1,0),(498,'2024-05-12','Sunday','May','2',2024,133,0,1,0),(499,'2024-05-13','Monday','May','2',2024,134,1,0,0),(500,'2024-05-14','Tuesday','May','2',2024,135,1,0,0),(501,'2024-05-15','Wednesday','May','2',2024,136,1,0,0),(502,'2024-05-16','Thursday','May','2',2024,137,1,0,0),(503,'2024-05-17','Friday','May','2',2024,138,1,0,0),(504,'2024-05-18','Saturday','May','2',2024,139,0,1,0),(505,'2024-05-19','Sunday','May','2',2024,140,0,1,0),(506,'2024-05-20','Monday','May','2',2024,141,1,0,0),(507,'2024-05-21','Tuesday','May','2',2024,142,1,0,0),(508,'2024-05-22','Wednesday','May','2',2024,143,1,0,0),(509,'2024-05-23','Thursday','May','2',2024,144,1,0,0),(510,'2024-05-24','Friday','May','2',2024,145,1,0,0),(511,'2024-05-25','Saturday','May','2',2024,146,0,1,0),(512,'2024-05-26','Sunday','May','2',2024,147,0,1,0),(513,'2024-05-27','Monday','May','2',2024,148,1,0,0),(514,'2024-05-28','Tuesday','May','2',2024,149,1,0,0),(515,'2024-05-29','Wednesday','May','2',2024,150,1,0,0),(516,'2024-05-30','Thursday','May','2',2024,151,1,0,0),(517,'2024-05-31','Friday','May','2',2024,152,1,0,0),(518,'2024-06-01','Saturday','June','2',2024,153,0,1,0),(519,'2024-06-02','Sunday','June','2',2024,154,0,1,0),(520,'2024-06-03','Monday','June','2',2024,155,1,0,0),(521,'2024-06-04','Tuesday','June','2',2024,156,1,0,0),(522,'2024-06-05','Wednesday','June','2',2024,157,1,0,0),(523,'2024-06-06','Thursday','June','2',2024,158,1,0,0),(524,'2024-06-07','Friday','June','2',2024,159,1,0,0),(525,'2024-06-08','Saturday','June','2',2024,160,0,1,0),(526,'2024-06-09','Sunday','June','2',2024,161,0,1,0),(527,'2024-06-10','Monday','June','2',2024,162,1,0,0),(528,'2024-06-11','Tuesday','June','2',2024,163,1,0,0),(529,'2024-06-12','Wednesday','June','2',2024,164,1,0,0),(530,'2024-06-13','Thursday','June','2',2024,165,1,0,0),(531,'2024-06-14','Friday','June','2',2024,166,1,0,0),(532,'2024-06-15','Saturday','June','2',2024,167,0,1,0),(533,'2024-06-16','Sunday','June','2',2024,168,0,1,0),(534,'2024-06-17','Monday','June','2',2024,169,1,0,0),(535,'2024-06-18','Tuesday','June','2',2024,170,1,0,0),(536,'2024-06-19','Wednesday','June','2',2024,171,1,0,0),(537,'2024-06-20','Thursday','June','2',2024,172,1,0,0),(538,'2024-06-21','Friday','June','2',2024,173,1,0,0),(539,'2024-06-22','Saturday','June','2',2024,174,0,1,0),(540,'2024-06-23','Sunday','June','2',2024,175,0,1,0),(541,'2024-06-24','Monday','June','2',2024,176,1,0,0),(542,'2024-06-25','Tuesday','June','2',2024,177,1,0,0),(543,'2024-06-26','Wednesday','June','2',2024,178,1,0,0),(544,'2024-06-27','Thursday','June','2',2024,179,1,0,0),(545,'2024-06-28','Friday','June','2',2024,180,1,0,0),(546,'2024-06-29','Saturday','June','2',2024,181,0,1,0),(547,'2024-06-30','Sunday','June','2',2024,182,0,1,0),(548,'2024-07-01','Monday','July','3',2024,183,1,0,0),(549,'2024-07-02','Tuesday','July','3',2024,184,1,0,0),(550,'2024-07-03','Wednesday','July','3',2024,185,1,0,0),(551,'2024-07-04','Thursday','July','3',2024,186,1,0,0),(552,'2024-07-05','Friday','July','3',2024,187,1,0,0),(553,'2024-07-06','Saturday','July','3',2024,188,0,1,0),(554,'2024-07-07','Sunday','July','3',2024,189,0,1,0),(555,'2024-07-08','Monday','July','3',2024,190,1,0,0),(556,'2024-07-09','Tuesday','July','3',2024,191,1,0,0),(557,'2024-07-10','Wednesday','July','3',2024,192,1,0,0),(558,'2024-07-11','Thursday','July','3',2024,193,1,0,0),(559,'2024-07-12','Friday','July','3',2024,194,1,0,0),(560,'2024-07-13','Saturday','July','3',2024,195,0,1,0),(561,'2024-07-14','Sunday','July','3',2024,196,0,1,0),(562,'2024-07-15','Monday','July','3',2024,197,1,0,0),(563,'2024-07-16','Tuesday','July','3',2024,198,1,0,0),(564,'2024-07-17','Wednesday','July','3',2024,199,1,0,0),(565,'2024-07-18','Thursday','July','3',2024,200,1,0,0),(566,'2024-07-19','Friday','July','3',2024,201,1,0,0),(567,'2024-07-20','Saturday','July','3',2024,202,0,1,0),(568,'2024-07-21','Sunday','July','3',2024,203,0,1,0),(569,'2024-07-22','Monday','July','3',2024,204,1,0,0),(570,'2024-07-23','Tuesday','July','3',2024,205,1,0,0),(571,'2024-07-24','Wednesday','July','3',2024,206,1,0,0),(572,'2024-07-25','Thursday','July','3',2024,207,1,0,0),(573,'2024-07-26','Friday','July','3',2024,208,1,0,0),(574,'2024-07-27','Saturday','July','3',2024,209,0,1,0),(575,'2024-07-28','Sunday','July','3',2024,210,0,1,0),(576,'2024-07-29','Monday','July','3',2024,211,1,0,0),(577,'2024-07-30','Tuesday','July','3',2024,212,1,0,0),(578,'2024-07-31','Wednesday','July','3',2024,213,1,0,0),(579,'2024-08-01','Thursday','August','3',2024,214,1,0,0),(580,'2024-08-02','Friday','August','3',2024,215,1,0,0),(581,'2024-08-03','Saturday','August','3',2024,216,0,1,0),(582,'2024-08-04','Sunday','August','3',2024,217,0,1,0),(583,'2024-08-05','Monday','August','3',2024,218,1,0,0),(584,'2024-08-06','Tuesday','August','3',2024,219,1,0,0),(585,'2024-08-07','Wednesday','August','3',2024,220,1,0,0),(586,'2024-08-08','Thursday','August','3',2024,221,1,0,0),(587,'2024-08-09','Friday','August','3',2024,222,1,0,0),(588,'2024-08-10','Saturday','August','3',2024,223,0,1,0),(589,'2024-08-11','Sunday','August','3',2024,224,0,1,0),(590,'2024-08-12','Monday','August','3',2024,225,1,0,0),(591,'2024-08-13','Tuesday','August','3',2024,226,1,0,0),(592,'2024-08-14','Wednesday','August','3',2024,227,1,0,0),(593,'2024-08-15','Thursday','August','3',2024,228,1,0,0),(594,'2024-08-16','Friday','August','3',2024,229,1,0,0),(595,'2024-08-17','Saturday','August','3',2024,230,0,1,0),(596,'2024-08-18','Sunday','August','3',2024,231,0,1,0),(597,'2024-08-19','Monday','August','3',2024,232,1,0,0),(598,'2024-08-20','Tuesday','August','3',2024,233,1,0,0),(599,'2024-08-21','Wednesday','August','3',2024,234,1,0,0),(600,'2024-08-22','Thursday','August','3',2024,235,1,0,0),(601,'2024-08-23','Friday','August','3',2024,236,1,0,0),(602,'2024-08-24','Saturday','August','3',2024,237,0,1,0),(603,'2024-08-25','Sunday','August','3',2024,238,0,1,0),(604,'2024-08-26','Monday','August','3',2024,239,1,0,0),(605,'2024-08-27','Tuesday','August','3',2024,240,1,0,0),(606,'2024-08-28','Wednesday','August','3',2024,241,1,0,0),(607,'2024-08-29','Thursday','August','3',2024,242,1,0,0),(608,'2024-08-30','Friday','August','3',2024,243,1,0,0),(609,'2024-08-31','Saturday','August','3',2024,244,0,1,0),(610,'2024-09-01','Sunday','September','3',2024,245,0,1,0),(611,'2024-09-02','Monday','September','3',2024,246,1,0,0),(612,'2024-09-03','Tuesday','September','3',2024,247,1,0,0),(613,'2024-09-04','Wednesday','September','3',2024,248,1,0,0),(614,'2024-09-05','Thursday','September','3',2024,249,1,0,0),(615,'2024-09-06','Friday','September','3',2024,250,1,0,0),(616,'2024-09-07','Saturday','September','3',2024,251,0,1,0),(617,'2024-09-08','Sunday','September','3',2024,252,0,1,0),(618,'2024-09-09','Monday','September','3',2024,253,1,0,0),(619,'2024-09-10','Tuesday','September','3',2024,254,1,0,0),(620,'2024-09-11','Wednesday','September','3',2024,255,1,0,0),(621,'2024-09-12','Thursday','September','3',2024,256,1,0,0),(622,'2024-09-13','Friday','September','3',2024,257,1,0,0),(623,'2024-09-14','Saturday','September','3',2024,258,0,1,0),(624,'2024-09-15','Sunday','September','3',2024,259,0,1,0),(625,'2024-09-16','Monday','September','3',2024,260,1,0,0),(626,'2024-09-17','Tuesday','September','3',2024,261,1,0,0),(627,'2024-09-18','Wednesday','September','3',2024,262,1,0,0),(628,'2024-09-19','Thursday','September','3',2024,263,1,0,0),(629,'2024-09-20','Friday','September','3',2024,264,1,0,0),(630,'2024-09-21','Saturday','September','3',2024,265,0,1,0),(631,'2024-09-22','Sunday','September','3',2024,266,0,1,0),(632,'2024-09-23','Monday','September','3',2024,267,1,0,0),(633,'2024-09-24','Tuesday','September','3',2024,268,1,0,0),(634,'2024-09-25','Wednesday','September','3',2024,269,1,0,0),(635,'2024-09-26','Thursday','September','3',2024,270,1,0,0),(636,'2024-09-27','Friday','September','3',2024,271,1,0,0),(637,'2024-09-28','Saturday','September','3',2024,272,0,1,0),(638,'2024-09-29','Sunday','September','3',2024,273,0,1,0),(639,'2024-09-30','Monday','September','3',2024,274,1,0,0),(640,'2024-10-01','Tuesday','October','4',2024,275,1,0,0),(641,'2024-10-02','Wednesday','October','4',2024,276,1,0,0),(642,'2024-10-03','Thursday','October','4',2024,277,1,0,0),(643,'2024-10-04','Friday','October','4',2024,278,1,0,0),(644,'2024-10-05','Saturday','October','4',2024,279,0,1,0),(645,'2024-10-06','Sunday','October','4',2024,280,0,1,0),(646,'2024-10-07','Monday','October','4',2024,281,1,0,0),(647,'2024-10-08','Tuesday','October','4',2024,282,1,0,0),(648,'2024-10-09','Wednesday','October','4',2024,283,1,0,0),(649,'2024-10-10','Thursday','October','4',2024,284,1,0,0),(650,'2024-10-11','Friday','October','4',2024,285,1,0,0),(651,'2024-10-12','Saturday','October','4',2024,286,0,1,0),(652,'2024-10-13','Sunday','October','4',2024,287,0,1,0),(653,'2024-10-14','Monday','October','4',2024,288,1,0,0),(654,'2024-10-15','Tuesday','October','4',2024,289,1,0,0),(655,'2024-10-16','Wednesday','October','4',2024,290,1,0,0),(656,'2024-10-17','Thursday','October','4',2024,291,1,0,0),(657,'2024-10-18','Friday','October','4',2024,292,1,0,0),(658,'2024-10-19','Saturday','October','4',2024,293,0,1,0),(659,'2024-10-20','Sunday','October','4',2024,294,0,1,0),(660,'2024-10-21','Monday','October','4',2024,295,1,0,0),(661,'2024-10-22','Tuesday','October','4',2024,296,1,0,0),(662,'2024-10-23','Wednesday','October','4',2024,297,1,0,0),(663,'2024-10-24','Thursday','October','4',2024,298,1,0,0),(664,'2024-10-25','Friday','October','4',2024,299,1,0,0),(665,'2024-10-26','Saturday','October','4',2024,300,0,1,0),(666,'2024-10-27','Sunday','October','4',2024,301,0,1,0),(667,'2024-10-28','Monday','October','4',2024,302,1,0,0),(668,'2024-10-29','Tuesday','October','4',2024,303,1,0,0),(669,'2024-10-30','Wednesday','October','4',2024,304,1,0,0),(670,'2024-10-31','Thursday','October','4',2024,305,1,0,0),(671,'2024-11-01','Friday','November','4',2024,306,1,0,0),(672,'2024-11-02','Saturday','November','4',2024,307,0,1,0),(673,'2024-11-03','Sunday','November','4',2024,308,0,1,0),(674,'2024-11-04','Monday','November','4',2024,309,1,0,0),(675,'2024-11-05','Tuesday','November','4',2024,310,1,0,0),(676,'2024-11-06','Wednesday','November','4',2024,311,1,0,0),(677,'2024-11-07','Thursday','November','4',2024,312,1,0,0),(678,'2024-11-08','Friday','November','4',2024,313,1,0,0),(679,'2024-11-09','Saturday','November','4',2024,314,0,1,0),(680,'2024-11-10','Sunday','November','4',2024,315,0,1,0),(681,'2024-11-11','Monday','November','4',2024,316,1,0,0),(682,'2024-11-12','Tuesday','November','4',2024,317,1,0,0),(683,'2024-11-13','Wednesday','November','4',2024,318,1,0,0),(684,'2024-11-14','Thursday','November','4',2024,319,1,0,0),(685,'2024-11-15','Friday','November','4',2024,320,1,0,0),(686,'2024-11-16','Saturday','November','4',2024,321,0,1,0),(687,'2024-11-17','Sunday','November','4',2024,322,0,1,0),(688,'2024-11-18','Monday','November','4',2024,323,1,0,0),(689,'2024-11-19','Tuesday','November','4',2024,324,1,0,0),(690,'2024-11-20','Wednesday','November','4',2024,325,1,0,0),(691,'2024-11-21','Thursday','November','4',2024,326,1,0,0),(692,'2024-11-22','Friday','November','4',2024,327,1,0,0),(693,'2024-11-23','Saturday','November','4',2024,328,0,1,0),(694,'2024-11-24','Sunday','November','4',2024,329,0,1,0),(695,'2024-11-25','Monday','November','4',2024,330,1,0,0),(696,'2024-11-26','Tuesday','November','4',2024,331,1,0,0),(697,'2024-11-27','Wednesday','November','4',2024,332,1,0,0),(698,'2024-11-28','Thursday','November','4',2024,333,1,0,0),(699,'2024-11-29','Friday','November','4',2024,334,1,0,0),(700,'2024-11-30','Saturday','November','4',2024,335,0,1,0),(701,'2024-12-01','Sunday','December','4',2024,336,0,1,0),(702,'2024-12-02','Monday','December','4',2024,337,1,0,0),(703,'2024-12-03','Tuesday','December','4',2024,338,1,0,0),(704,'2024-12-04','Wednesday','December','4',2024,339,1,0,0),(705,'2024-12-05','Thursday','December','4',2024,340,1,0,0),(706,'2024-12-06','Friday','December','4',2024,341,1,0,0),(707,'2024-12-07','Saturday','December','4',2024,342,0,1,0),(708,'2024-12-08','Sunday','December','4',2024,343,0,1,0),(709,'2024-12-09','Monday','December','4',2024,344,1,0,0),(710,'2024-12-10','Tuesday','December','4',2024,345,1,0,0),(711,'2024-12-11','Wednesday','December','4',2024,346,1,0,0),(712,'2024-12-12','Thursday','December','4',2024,347,1,0,0),(713,'2024-12-13','Friday','December','4',2024,348,1,0,0),(714,'2024-12-14','Saturday','December','4',2024,349,0,1,0),(715,'2024-12-15','Sunday','December','4',2024,350,0,1,0),(716,'2024-12-16','Monday','December','4',2024,351,1,0,0),(717,'2024-12-17','Tuesday','December','4',2024,352,1,0,0),(718,'2024-12-18','Wednesday','December','4',2024,353,1,0,0),(719,'2024-12-19','Thursday','December','4',2024,354,1,0,0),(720,'2024-12-20','Friday','December','4',2024,355,1,0,0),(721,'2024-12-21','Saturday','December','4',2024,356,0,1,0),(722,'2024-12-22','Sunday','December','4',2024,357,0,1,0),(723,'2024-12-23','Monday','December','4',2024,358,1,0,0),(724,'2024-12-24','Tuesday','December','4',2024,359,1,0,0),(725,'2024-12-25','Wednesday','December','4',2024,360,1,0,0),(726,'2024-12-26','Thursday','December','4',2024,361,1,0,0),(727,'2024-12-27','Friday','December','4',2024,362,1,0,0),(728,'2024-12-28','Saturday','December','4',2024,363,0,1,0),(729,'2024-12-29','Sunday','December','4',2024,364,0,1,0),(730,'2024-12-30','Monday','December','4',2024,365,1,0,0),(731,'2024-12-31','Tuesday','December','4',2024,366,1,0,0);
/*!40000 ALTER TABLE `date` ENABLE KEYS */;
UNLOCK TABLES;

--
-- Table structure for table `factsales`
--

DROP TABLE IF EXISTS `factsales`;
/*!40101 SET @saved_cs_client     = @@character_set_client */;
/*!50503 SET character_set_client = utf8mb4 */;
CREATE TABLE `factsales` (
  `FactSalesID` int NOT NULL AUTO_INCREMENT,
  `CustomerID` int DEFAULT NULL,
  `VehicleID` int DEFAULT NULL,
  `JobID` int DEFAULT NULL,
  `PartID` int DEFAULT NULL,
  `InvoiceID` int DEFAULT NULL,
  `DateID` int DEFAULT NULL,
  `LocationID` int DEFAULT NULL,
  `TotalSales` decimal(10,2) DEFAULT NULL,
  `LaborCost` decimal(10,2) DEFAULT NULL,
  `PartsCost` decimal(10,2) DEFAULT NULL,
  `Profit` decimal(10,2) DEFAULT NULL,
  PRIMARY KEY (`FactSalesID`),
  KEY `CustomerID` (`CustomerID`),
  KEY `VehicleID` (`VehicleID`),
  KEY `JobID` (`JobID`),
  KEY `PartID` (`PartID`),
  KEY `InvoiceID` (`InvoiceID`),
  KEY `DateID` (`DateID`),
  KEY `LocationID` (`LocationID`),
  CONSTRAINT `factsales_ibfk_1` FOREIGN KEY (`CustomerID`) REFERENCES `customerdim` (`CustomerID`),
  CONSTRAINT `factsales_ibfk_2` FOREIGN KEY (`VehicleID`) REFERENCES `vehicledim` (`VehicleID`),
  CONSTRAINT `factsales_ibfk_3` FOREIGN KEY (`JobID`) REFERENCES `jobdim` (`JobID`),
  CONSTRAINT `factsales_ibfk_4` FOREIGN KEY (`PartID`) REFERENCES `partdim` (`PartID`),
  CONSTRAINT `factsales_ibfk_5` FOREIGN KEY (`InvoiceID`) REFERENCES `invoicedim` (`InvoiceID`),
  CONSTRAINT `factsales_ibfk_6` FOREIGN KEY (`DateID`) REFERENCES `date` (`DateID`),
  CONSTRAINT `factsales_ibfk_7` FOREIGN KEY (`LocationID`) REFERENCES `locationdim` (`LocationID`)
) ENGINE=InnoDB AUTO_INCREMENT=12 DEFAULT CHARSET=utf8mb4 COLLATE=utf8mb4_0900_ai_ci;
/*!40101 SET character_set_client = @saved_cs_client */;

--
-- Dumping data for table `factsales`
--

LOCK TABLES `factsales` WRITE;
/*!40000 ALTER TABLE `factsales` DISABLE KEYS */;
INSERT INTO `factsales` VALUES (1,1,1,3,2,12345,253,1,1802.20,125.00,45.00,1632.20),(2,1,1,2,1,12345,253,1,1802.20,437.50,876.87,487.83),(3,1,1,1,3,12345,253,1,1802.20,62.50,48.00,1691.70),(4,2,2,5,4,12346,258,1,617.25,250.00,200.00,167.25),(5,2,2,4,11,12346,258,1,617.25,75.00,86.00,456.25),(6,3,3,7,6,12347,263,1,376.00,50.00,30.00,296.00),(7,3,3,6,5,12347,263,1,376.00,150.00,120.00,106.00),(8,4,4,9,8,12348,268,1,664.00,25.00,25.00,614.00),(9,4,4,8,7,12348,268,1,664.00,300.00,100.00,264.00),(10,5,5,11,10,12349,273,1,837.20,260.00,80.00,497.20),(11,5,5,10,9,12349,273,1,837.20,180.00,60.00,597.20);
/*!40000 ALTER TABLE `factsales` ENABLE KEYS */;
UNLOCK TABLES;

--
-- Table structure for table `invoicedim`
--

DROP TABLE IF EXISTS `invoicedim`;
/*!40101 SET @saved_cs_client     = @@character_set_client */;
/*!50503 SET character_set_client = utf8mb4 */;
CREATE TABLE `invoicedim` (
  `InvoiceID` int NOT NULL,
  `InvoiceDate` date DEFAULT NULL,
  `Subtotal` decimal(5,2) DEFAULT NULL,
  `SalesTaxRate` decimal(5,2) DEFAULT NULL,
  `SalesTax` decimal(5,2) DEFAULT NULL,
  `TotalLabour` decimal(5,2) DEFAULT NULL,
  `TotalParts` decimal(5,2) DEFAULT NULL,
  `Total` decimal(10,2) DEFAULT NULL,
  `CustomerID` int DEFAULT NULL,
  `VehicleID` int DEFAULT NULL,
  PRIMARY KEY (`InvoiceID`),
  KEY `CustomerID` (`CustomerID`),
  KEY `VehicleID` (`VehicleID`),
  CONSTRAINT `invoicedim_ibfk_1` FOREIGN KEY (`CustomerID`) REFERENCES `customerdim` (`CustomerID`),
  CONSTRAINT `invoicedim_ibfk_2` FOREIGN KEY (`VehicleID`) REFERENCES `vehicledim` (`VehicleID`)
) ENGINE=InnoDB DEFAULT CHARSET=utf8mb4 COLLATE=utf8mb4_0900_ai_ci;
/*!40101 SET character_set_client = @saved_cs_client */;

--
-- Dumping data for table `invoicedim`
--

LOCK TABLES `invoicedim` WRITE;
/*!40000 ALTER TABLE `invoicedim` DISABLE KEYS */;
INSERT INTO `invoicedim` VALUES (12345,'2023-09-10',969.87,13.00,207.33,625.00,969.87,1802.20,1,1),(12346,'2023-09-15',325.00,13.00,42.25,325.00,250.00,617.25,2,2),(12347,'2023-09-20',200.00,13.00,26.00,200.00,150.00,376.00,3,3),(12348,'2023-09-25',300.00,13.00,39.00,300.00,325.00,664.00,4,4),(12349,'2023-09-30',440.00,13.00,57.20,440.00,340.00,837.20,5,5);
/*!40000 ALTER TABLE `invoicedim` ENABLE KEYS */;
UNLOCK TABLES;

--
-- Table structure for table `jobdim`
--

DROP TABLE IF EXISTS `jobdim`;
/*!40101 SET @saved_cs_client     = @@character_set_client */;
/*!50503 SET character_set_client = utf8mb4 */;
CREATE TABLE `jobdim` (
  `JobID` int NOT NULL,
  `VehicleID` int DEFAULT NULL,
  `Description` varchar(40) DEFAULT NULL,
  `Hours` decimal(5,2) DEFAULT NULL,
  `Rate` decimal(5,2) DEFAULT NULL,
  `Amount` decimal(5,2) DEFAULT NULL,
  `InvoiceID` int DEFAULT NULL,
  PRIMARY KEY (`JobID`),
  KEY `VehicleID` (`VehicleID`),
  KEY `InvoiceID` (`InvoiceID`),
  CONSTRAINT `jobdim_ibfk_1` FOREIGN KEY (`VehicleID`) REFERENCES `vehicledim` (`VehicleID`),
  CONSTRAINT `jobdim_ibfk_2` FOREIGN KEY (`InvoiceID`) REFERENCES `invoicedim` (`InvoiceID`)
) ENGINE=InnoDB DEFAULT CHARSET=utf8mb4 COLLATE=utf8mb4_0900_ai_ci;
/*!40101 SET character_set_client = @saved_cs_client */;

--
-- Dumping data for table `jobdim`
--

LOCK TABLES `jobdim` WRITE;
/*!40000 ALTER TABLE `jobdim` DISABLE KEYS */;
INSERT INTO `jobdim` VALUES (1,1,'Diagnose front wheel vibration',0.50,125.00,62.50,12345),(2,1,'Replace front CV Axel',3.50,125.00,437.50,12345),(3,1,'Balance tires',1.00,125.00,125.00,12345),(4,2,'Oil change',1.00,75.00,75.00,12346),(5,2,'Replace brake pads',2.00,125.00,250.00,12346),(6,3,'Replace battery',1.50,100.00,150.00,12347),(7,3,'Tire rotation',1.00,50.00,50.00,12347),(8,4,'Transmission check',2.00,150.00,300.00,12348),(9,4,'Replace air filter',0.50,50.00,25.00,12348),(10,5,'Coolant flush',1.50,120.00,180.00,12349),(11,5,'Replace spark plugs',2.00,130.00,260.00,12349);
/*!40000 ALTER TABLE `jobdim` ENABLE KEYS */;
UNLOCK TABLES;

--
-- Table structure for table `locationdim`
--

DROP TABLE IF EXISTS `locationdim`;
/*!40101 SET @saved_cs_client     = @@character_set_client */;
/*!50503 SET character_set_client = utf8mb4 */;
CREATE TABLE `locationdim` (
  `LocationID` int NOT NULL,
  `ShopName` varchar(40) DEFAULT NULL,
  `Street` varchar(20) DEFAULT NULL,
  `City` varchar(10) DEFAULT NULL,
  `State` varchar(5) DEFAULT NULL,
  `Zip` varchar(10) DEFAULT NULL,
  `Phone` varchar(15) DEFAULT NULL,
  PRIMARY KEY (`LocationID`)
) ENGINE=InnoDB DEFAULT CHARSET=utf8mb4 COLLATE=utf8mb4_0900_ai_ci;
/*!40101 SET character_set_client = @saved_cs_client */;

--
-- Dumping data for table `locationdim`
--

LOCK TABLES `locationdim` WRITE;
/*!40000 ALTER TABLE `locationdim` DISABLE KEYS */;
INSERT INTO `locationdim` VALUES (1,'Latino Garage','111McPhillips','Winnipeg','MB','R3J 1X7','204-984-8458');
/*!40000 ALTER TABLE `locationdim` ENABLE KEYS */;
UNLOCK TABLES;

--
-- Table structure for table `partdim`
--

DROP TABLE IF EXISTS `partdim`;
/*!40101 SET @saved_cs_client     = @@character_set_client */;
/*!50503 SET character_set_client = utf8mb4 */;
CREATE TABLE `partdim` (
  `PartID` int NOT NULL,
  `JobID` int DEFAULT NULL,
  `PartNumber` varchar(6) DEFAULT NULL,
  `PartName` varchar(20) DEFAULT NULL,
  `Quantity` int DEFAULT NULL,
  `UnitPrice` decimal(5,2) DEFAULT NULL,
  `Amount` decimal(5,2) DEFAULT NULL,
  `InvoiceID` int DEFAULT NULL,
  PRIMARY KEY (`PartID`),
  KEY `JobID` (`JobID`),
  KEY `InvoiceID` (`InvoiceID`),
  CONSTRAINT `partdim_ibfk_1` FOREIGN KEY (`JobID`) REFERENCES `jobdim` (`JobID`),
  CONSTRAINT `partdim_ibfk_2` FOREIGN KEY (`InvoiceID`) REFERENCES `invoicedim` (`InvoiceID`)
) ENGINE=InnoDB DEFAULT CHARSET=utf8mb4 COLLATE=utf8mb4_0900_ai_ci;
/*!40101 SET character_set_client = @saved_cs_client */;

--
-- Dumping data for table `partdim`
--

LOCK TABLES `partdim` WRITE;
/*!40000 ALTER TABLE `partdim` DISABLE KEYS */;
INSERT INTO `partdim` VALUES (1,2,'23435','CV Axel',1,876.87,876.87,12345),(2,3,'7777','Shop Materials',1,45.00,45.00,12345),(3,1,'W187','Wheel Weights',4,12.00,48.00,12345),(4,5,'54321','Brake Pads',1,200.00,200.00,12346),(5,6,'67890','Battery',1,120.00,120.00,12347),(6,7,'11223','Tire Rotation Kit',1,30.00,30.00,12347),(7,8,'33445','Transmission Fluid',1,100.00,100.00,12348),(8,9,'99887','Air Filter',1,25.00,25.00,12348),(9,10,'77654','Coolant',1,60.00,60.00,12349),(10,11,'99876','Spark Plugs',4,20.00,80.00,12349),(11,4,'76322','Oil Change Materials',1,86.00,86.00,12346);
/*!40000 ALTER TABLE `partdim` ENABLE KEYS */;
UNLOCK TABLES;

--
-- Table structure for table `vehicledim`
--

DROP TABLE IF EXISTS `vehicledim`;
/*!40101 SET @saved_cs_client     = @@character_set_client */;
/*!50503 SET character_set_client = utf8mb4 */;
CREATE TABLE `vehicledim` (
  `VehicleID` int NOT NULL,
  `VIN` varchar(25) DEFAULT NULL,
  `Make` varchar(10) DEFAULT NULL,
  `Model` varchar(10) DEFAULT NULL,
  `Year` int DEFAULT NULL,
  `Color` varchar(10) DEFAULT NULL,
  `Mileage` int DEFAULT NULL,
  `CustomerID` int DEFAULT NULL,
  PRIMARY KEY (`VehicleID`),
  KEY `CustomerID` (`CustomerID`),
  CONSTRAINT `vehicledim_ibfk_1` FOREIGN KEY (`CustomerID`) REFERENCES `customerdim` (`CustomerID`)
) ENGINE=InnoDB DEFAULT CHARSET=utf8mb4 COLLATE=utf8mb4_0900_ai_ci;
/*!40101 SET character_set_client = @saved_cs_client */;

--
-- Dumping data for table `vehicledim`
--

LOCK TABLES `vehicledim` WRITE;
/*!40000 ALTER TABLE `vehicledim` DISABLE KEYS */;
INSERT INTO `vehicledim` VALUES (1,'CVS123456789123-115Z','BMW','X5',2012,'Black',16495,1),(2,'TYS678901234567-876Z','Toyota','Corolla',2015,'White',45000,2),(3,'HCS345678901234-123X','Honda','Civic',2018,'Blue',30000,3),(4,'FES234567890123-456Y','Ford','Escape',2020,'Red',15000,4),(5,'CMS456789012345-789Z','Chevrolet','Malibu',2016,'Silver',60000,5);
/*!40000 ALTER TABLE `vehicledim` ENABLE KEYS */;
UNLOCK TABLES;
/*!40103 SET TIME_ZONE=@OLD_TIME_ZONE */;

/*!40101 SET SQL_MODE=@OLD_SQL_MODE */;
/*!40014 SET FOREIGN_KEY_CHECKS=@OLD_FOREIGN_KEY_CHECKS */;
/*!40014 SET UNIQUE_CHECKS=@OLD_UNIQUE_CHECKS */;
/*!40101 SET CHARACTER_SET_CLIENT=@OLD_CHARACTER_SET_CLIENT */;
/*!40101 SET CHARACTER_SET_RESULTS=@OLD_CHARACTER_SET_RESULTS */;
/*!40101 SET COLLATION_CONNECTION=@OLD_COLLATION_CONNECTION */;
/*!40111 SET SQL_NOTES=@OLD_SQL_NOTES */;

-- Dump completed on 2024-07-30 11:16:48
